26 0.229687 0.586111 0.227344 0.587500 0.223438 0.586111 0.221875 0.586111 0.220312 0.588889 0.210156 0.587500 0.208594 0.587500 0.204687 0.590278 0.200000 0.588889 0.198437 0.590278 0.196094 0.594444 0.193750 0.594444 0.191406 0.597222 0.189062 0.598611 0.186719 0.598611 0.184375 0.601389 0.177344 0.602778 0.179688 0.602778 0.180469 0.604167 0.185156 0.602778 0.187500 0.605556 0.192969 0.604167 0.195312 0.602778 0.197656 0.601389 0.199219 0.600000 0.200781 0.595833 0.202344 0.598611 0.203906 0.598611 0.207813 0.597222 0.210938 0.594444 0.210938 0.593056 0.212500 0.590278 0.216406 0.591667 0.219531 0.588889 0.221094 0.588889 0.222656 0.591667 0.225000 0.591667 0.226562 0.588889 0.228125 0.588889 0.229687 0.587500 0.231250 0.584722 0.229687 0.586111
26 0.256250 0.575000 0.254688 0.576389 0.251563 0.576389 0.255469 0.576389 0.257812 0.573611 0.256250 0.575000
26 0.271094 0.566667 0.270313 0.568056 0.266406 0.568056 0.264844 0.569444 0.267188 0.572222 0.268750 0.573611 0.271875 0.572222 0.273438 0.566667 0.271094 0.566667
26 0.019531 0.556944 0.018750 0.558333 0.014063 0.559722 0.009375 0.559722 0.000000 0.558333 0.000000 0.569444 0.006250 0.570833 0.000000 0.572222 0.007812 0.570833 0.005469 0.569444 0.007031 0.566667 0.011719 0.568056 0.012500 0.565278 0.014063 0.565278 0.016406 0.561111 0.018750 0.559722 0.021094 0.556944 0.019531 0.556944
26 0.358594 0.526389 0.356250 0.527778 0.353906 0.530556 0.351562 0.531944 0.349219 0.533333 0.342187 0.536111 0.338281 0.537500 0.333594 0.537500 0.329688 0.541667 0.326562 0.543056 0.320312 0.543056 0.313281 0.545833 0.309375 0.547222 0.307031 0.550000 0.303906 0.550000 0.300000 0.552778 0.302344 0.554167 0.306250 0.550000 0.308594 0.550000 0.314844 0.551389 0.317188 0.550000 0.319531 0.548611 0.325781 0.543056 0.328906 0.544444 0.330469 0.544444 0.332813 0.541667 0.334375 0.543056 0.337500 0.541667 0.343750 0.537500 0.346875 0.536111 0.350781 0.536111 0.355469 0.533333 0.357031 0.531944 0.357812 0.529167 0.358594 0.526389
26 0.382031 0.470833 0.378906 0.473611 0.382031 0.472222 0.383594 0.475000 0.382031 0.470833
26 0.346094 0.468056 0.343750 0.472222 0.343750 0.476389 0.340625 0.477778 0.339062 0.473611 0.337500 0.473611 0.335156 0.480556 0.332813 0.480556 0.332031 0.484722 0.334375 0.484722 0.333594 0.487500 0.334375 0.488889 0.332031 0.493056 0.331250 0.495833 0.332813 0.494444 0.333594 0.494444 0.335156 0.491667 0.338281 0.491667 0.339844 0.490278 0.342969 0.486111 0.345313 0.486111 0.349219 0.488889 0.353125 0.487500 0.353906 0.483333 0.355469 0.480556 0.357031 0.479167 0.360156 0.479167 0.362500 0.476389 0.367188 0.476389 0.367969 0.477778 0.369531 0.477778 0.367969 0.476389 0.367188 0.475000 0.364844 0.473611 0.364844 0.470833 0.362500 0.472222 0.358594 0.470833 0.353906 0.475000 0.352344 0.475000 0.350781 0.472222 0.349219 0.472222 0.348438 0.469444 0.346094 0.468056
26 0.000000 0.468056 0.000000 0.487500 0.007031 0.486111 0.008594 0.488889 0.009375 0.488889 0.010156 0.490278 0.010937 0.493056 0.008594 0.495833 0.002344 0.494444 0.001563 0.495833 0.000000 0.495833 0.000000 0.547222 0.001563 0.547222 0.004687 0.545833 0.006250 0.544444 0.007812 0.541667 0.009375 0.540278 0.011719 0.540278 0.013281 0.543056 0.014844 0.544444 0.016406 0.544444 0.018750 0.543056 0.022656 0.540278 0.025000 0.534722 0.027344 0.531944 0.029687 0.531944 0.031250 0.534722 0.032031 0.540278 0.032031 0.544444 0.031250 0.545833 0.031250 0.548611 0.034375 0.547222 0.034375 0.545833 0.035937 0.543056 0.038281 0.543056 0.039062 0.543056 0.039844 0.538889 0.036719 0.536111 0.038281 0.534722 0.039062 0.533333 0.043750 0.531944 0.045312 0.534722 0.045312 0.538889 0.043750 0.544444 0.042969 0.541667 0.041406 0.547222 0.044531 0.552778 0.046094 0.554167 0.046094 0.544444 0.045312 0.543056 0.045312 0.531944 0.043750 0.523611 0.042969 0.516667 0.044531 0.512500 0.045312 0.497222 0.045312 0.483333 0.044531 0.481944 0.044531 0.479167 0.042188 0.480556 0.039062 0.479167 0.036719 0.477778 0.035937 0.472222 0.030469 0.472222 0.028906 0.472222 0.025781 0.477778 0.023438 0.477778 0.022656 0.479167 0.021094 0.479167 0.017969 0.477778 0.014844 0.472222 0.010937 0.469444 0.007031 0.468056 0.003125 0.469444 0.000000 0.468056
26 0.397656 0.465278 0.399219 0.466667 0.400000 0.469444 0.399219 0.476389 0.405469 0.479167 0.406250 0.477778 0.410156 0.477778 0.411719 0.477778 0.415625 0.477778 0.420312 0.479167 0.423438 0.477778 0.424219 0.476389 0.425781 0.475000 0.422656 0.473611 0.417187 0.473611 0.414844 0.475000 0.411719 0.477778 0.410156 0.477778 0.410938 0.475000 0.412500 0.475000 0.415625 0.469444 0.417187 0.469444 0.418750 0.468056 0.419531 0.470833 0.420312 0.465278 0.425781 0.472222 0.428125 0.473611 0.441406 0.473611 0.441406 0.479167 0.442188 0.479167 0.442969 0.480556 0.442969 0.481944 0.443750 0.484722 0.442188 0.486111 0.442188 0.488889 0.440625 0.491667 0.439063 0.493056 0.435937 0.494444 0.431250 0.494444 0.430469 0.494444 0.433594 0.493056 0.434375 0.491667 0.435937 0.490278 0.432812 0.488889 0.426563 0.490278 0.425781 0.491667 0.424219 0.493056 0.430469 0.494444 0.431250 0.494444 0.428906 0.497222 0.425781 0.498611 0.421094 0.498611 0.418750 0.502778 0.417187 0.504167 0.411719 0.506944 0.400000 0.511111 0.394531 0.515278 0.391406 0.516667 0.389062 0.515278 0.386719 0.518056 0.383594 0.518056 0.381250 0.519444 0.380469 0.522222 0.378125 0.523611 0.374219 0.522222 0.372656 0.519444 0.375000 0.518056 0.379688 0.516667 0.383594 0.512500 0.389062 0.512500 0.392188 0.511111 0.394531 0.506944 0.396875 0.505556 0.398438 0.502778 0.396094 0.501389 0.387500 0.502778 0.384375 0.505556 0.380469 0.506944 0.375781 0.506944 0.371875 0.511111 0.364844 0.511111 0.360938 0.518056 0.359375 0.518056 0.358594 0.516667 0.357031 0.516667 0.351562 0.518056 0.347656 0.522222 0.346094 0.522222 0.345313 0.525000 0.343750 0.525000 0.342969 0.522222 0.340625 0.522222 0.337500 0.523611 0.334375 0.526389 0.325000 0.530556 0.319531 0.530556 0.315625 0.531944 0.312500 0.533333 0.310156 0.537500 0.304688 0.537500 0.293750 0.543056 0.292187 0.544444 0.290625 0.545833 0.289844 0.547222 0.287500 0.552778 0.285938 0.552778 0.285938 0.555556 0.284375 0.554167 0.282031 0.554167 0.280469 0.554167 0.278125 0.558333 0.270313 0.556944 0.267969 0.559722 0.262500 0.559722 0.258594 0.562500 0.253906 0.566667 0.250000 0.575000 0.247656 0.572222 0.243750 0.572222 0.239844 0.573611 0.236719 0.576389 0.232813 0.577778 0.231250 0.577778 0.230469 0.576389 0.228125 0.576389 0.225781 0.573611 0.224219 0.573611 0.212500 0.573611 0.209375 0.576389 0.203906 0.576389 0.200781 0.579167 0.196875 0.579167 0.193750 0.580556 0.190625 0.583333 0.186719 0.584722 0.178906 0.587500 0.173437 0.587500 0.170313 0.590278 0.164844 0.590278 0.161719 0.593056 0.157031 0.593056 0.153906 0.595833 0.150781 0.597222 0.145313 0.598611 0.139063 0.598611 0.135937 0.601389 0.138281 0.602778 0.135156 0.602778 0.134375 0.604167 0.129688 0.604167 0.125000 0.606944 0.123438 0.606944 0.122656 0.605556 0.121094 0.605556 0.121094 0.608333 0.119531 0.606944 0.114062 0.608333 0.117188 0.609722 0.115625 0.609722 0.114844 0.611111 0.111719 0.612500 0.107813 0.613889 0.101562 0.613889 0.096875 0.618056 0.089844 0.620833 0.084375 0.622222 0.079687 0.623611 0.074219 0.623611 0.069531 0.627778 0.069531 0.626389 0.066406 0.625000 0.065625 0.626389 0.062500 0.627778 0.067187 0.629167 0.067969 0.627778 0.069531 0.626389 0.069531 0.627778 0.064844 0.630556 0.061719 0.630556 0.063281 0.629167 0.060156 0.627778 0.057813 0.630556 0.053125 0.631944 0.050781 0.634722 0.049219 0.634722 0.043750 0.634722 0.036719 0.638889 0.032031 0.638889 0.028906 0.640278 0.022656 0.644444 0.014844 0.644444 0.012500 0.645833 0.010156 0.648611 0.007812 0.650000 0.000000 0.650000 0.000000 0.577778 0.009375 0.577778 0.012500 0.575000 0.014844 0.575000 0.015625 0.576389 0.017969 0.576389 0.021094 0.573611 0.025000 0.572222 0.030469 0.572222 0.035937 0.569444 0.039062 0.569444 0.039844 0.570833 0.043750 0.569444 0.057813 0.570833 0.060937 0.570833 0.063281 0.569444 0.064844 0.568056 0.067187 0.565278 0.072656 0.556944 0.074219 0.554167 0.075781 0.550000 0.070312 0.547222 0.068750 0.551389 0.067187 0.548611 0.065625 0.548611 0.067969 0.545833 0.066406 0.544444 0.068750 0.541667 0.071875 0.547222 0.074219 0.547222 0.075000 0.545833 0.078125 0.545833 0.078906 0.544444 0.082031 0.544444 0.080469 0.545833 0.078125 0.545833 0.077344 0.547222 0.075781 0.548611 0.078906 0.551389 0.082812 0.551389 0.084375 0.550000 0.086719 0.545833 0.089063 0.544444 0.091406 0.544444 0.093750 0.548611 0.093750 0.550000 0.095312 0.552778 0.099219 0.548611 0.097656 0.545833 0.099219 0.548611 0.101562 0.544444 0.101562 0.540278 0.102344 0.537500 0.107031 0.540278 0.113281 0.540278 0.115625 0.536111 0.122656 0.537500 0.125781 0.533333 0.128125 0.533333 0.129688 0.530556 0.128125 0.529167 0.146094 0.527778 0.153125 0.525000 0.156250 0.522222 0.160156 0.520833 0.168750 0.519444 0.178906 0.519444 0.176563 0.520833 0.180469 0.522222 0.180469 0.519444 0.182812 0.518056 0.185938 0.518056 0.185938 0.520833 0.189062 0.520833 0.192969 0.518056 0.201563 0.518056 0.203906 0.515278 0.200000 0.513889 0.199219 0.515278 0.194531 0.513889 0.209375 0.513889 0.212500 0.512500 0.213281 0.513889 0.207031 0.513889 0.205469 0.516667 0.213281 0.518056 0.215625 0.519444 0.219531 0.518056 0.223438 0.518056 0.225000 0.516667 0.228125 0.512500 0.221094 0.511111 0.213281 0.513889 0.212500 0.512500 0.214844 0.506944 0.216406 0.506944 0.221875 0.508333 0.222656 0.511111 0.237500 0.512500 0.241406 0.511111 0.248438 0.512500 0.253906 0.512500 0.256250 0.511111 0.254688 0.509722 0.253906 0.508333 0.249219 0.508333 0.253906 0.508333 0.255469 0.506944 0.256250 0.505556 0.257031 0.502778 0.257812 0.500000 0.257031 0.495833 0.253906 0.494444 0.256250 0.491667 0.257812 0.491667 0.257812 0.494444 0.259375 0.497222 0.260156 0.493056 0.261719 0.494444 0.262500 0.491667 0.263281 0.493056 0.261719 0.494444 0.260937 0.498611 0.261719 0.502778 0.267188 0.504167 0.261719 0.504167 0.258594 0.506944 0.261719 0.509722 0.264844 0.509722 0.268750 0.506944 0.274219 0.506944 0.278906 0.504167 0.268750 0.502778 0.274219 0.502778 0.275000 0.501389 0.280469 0.501389 0.283594 0.500000 0.285156 0.497222 0.285156 0.494444 0.286719 0.497222 0.286719 0.498611 0.289844 0.500000 0.291406 0.500000 0.294531 0.498611 0.296875 0.495833 0.299219 0.498611 0.296875 0.500000 0.295312 0.502778 0.298438 0.504167 0.302344 0.506944 0.317969 0.505556 0.321875 0.502778 0.329688 0.502778 0.333594 0.500000 0.336719 0.495833 0.339844 0.494444 0.345313 0.493056 0.349219 0.494444 0.353125 0.493056 0.354687 0.491667 0.357031 0.486111 0.362500 0.487500 0.364844 0.486111 0.367969 0.483333 0.366406 0.480556 0.364844 0.481944 0.363281 0.481944 0.364844 0.480556 0.378125 0.480556 0.378125 0.483333 0.380469 0.483333 0.389844 0.481944 0.398438 0.479167 0.391406 0.476389 0.387500 0.477778 0.389844 0.473611 0.389844 0.468056 0.392969 0.469444 0.392969 0.470833 0.394531 0.473611 0.395313 0.470833 0.396094 0.469444 0.396094 0.466667 0.397656 0.465278
19 0.967969 0.725000 0.969531 0.726389 0.971875 0.726389 0.970313 0.725000 0.967969 0.725000
19 0.842187 0.645833 0.844531 0.647222 0.846875 0.650000 0.850781 0.651389 0.854688 0.651389 0.855469 0.652778 0.857031 0.652778 0.855469 0.652778 0.854688 0.651389 0.852344 0.650000 0.849219 0.650000 0.847656 0.648611 0.846094 0.645833 0.842187 0.645833
19 0.855469 0.634722 0.857031 0.636111 0.860156 0.638889 0.864844 0.638889 0.862500 0.638889 0.860156 0.633333 0.855469 0.634722
19 0.818750 0.626389 0.820312 0.627778 0.820312 0.629167 0.822656 0.630556 0.825781 0.634722 0.827344 0.636111 0.834375 0.641667 0.836719 0.641667 0.839063 0.644444 0.840625 0.644444 0.837500 0.643056 0.835156 0.638889 0.834375 0.634722 0.828125 0.634722 0.825781 0.633333 0.821094 0.629167 0.818750 0.626389
19 0.818750 0.569444 0.817969 0.570833 0.814063 0.570833 0.815625 0.572222 0.815625 0.575000 0.817969 0.576389 0.830469 0.575000 0.829688 0.569444 0.818750 0.569444
19 0.193750 0.516667 0.200781 0.515278 0.203125 0.515278 0.200000 0.515278 0.199219 0.516667 0.193750 0.516667
19 0.221875 0.512500 0.221875 0.515278 0.217188 0.516667 0.214062 0.513889 0.206250 0.516667 0.213281 0.516667 0.215625 0.518056 0.217188 0.519444 0.219531 0.516667 0.223438 0.516667 0.225000 0.515278 0.227344 0.512500 0.221875 0.512500
19 0.207813 0.501389 0.205469 0.504167 0.196875 0.504167 0.196875 0.508333 0.196094 0.509722 0.196094 0.512500 0.209375 0.512500 0.212500 0.511111 0.214062 0.508333 0.214062 0.505556 0.212500 0.502778 0.210156 0.502778 0.209375 0.501389 0.207813 0.501389
19 0.251563 0.495833 0.242969 0.498611 0.232813 0.500000 0.229687 0.500000 0.228906 0.498611 0.225000 0.500000 0.221875 0.506944 0.222656 0.509722 0.237500 0.511111 0.241406 0.509722 0.249219 0.511111 0.253125 0.509722 0.253906 0.511111 0.255469 0.511111 0.253906 0.509722 0.248438 0.508333 0.253906 0.506944 0.255469 0.505556 0.256250 0.502778 0.257031 0.500000 0.256250 0.495833 0.251563 0.495833
19 0.432812 0.490278 0.432031 0.491667 0.426563 0.491667 0.425000 0.493056 0.430469 0.493056 0.433594 0.491667 0.435156 0.490278 0.432812 0.490278
19 0.258594 0.490278 0.259375 0.495833 0.260937 0.491667 0.262500 0.494444 0.262500 0.500000 0.262500 0.502778 0.267969 0.504167 0.261719 0.505556 0.260937 0.506944 0.259375 0.506944 0.261719 0.508333 0.262500 0.506944 0.264844 0.508333 0.267969 0.506944 0.268750 0.505556 0.270313 0.504167 0.267969 0.502778 0.271875 0.501389 0.271875 0.498611 0.271094 0.495833 0.268750 0.494444 0.267969 0.495833 0.266406 0.495833 0.261719 0.493056 0.261719 0.491667 0.260156 0.488889 0.258594 0.490278
19 0.610156 0.473611 0.610156 0.476389 0.611719 0.476389 0.611719 0.473611 0.610156 0.473611
19 0.448437 0.454167 0.447656 0.455556 0.443750 0.455556 0.439844 0.459722 0.438281 0.462500 0.435937 0.463889 0.433594 0.465278 0.429688 0.466667 0.425781 0.466667 0.434375 0.465278 0.436719 0.465278 0.438281 0.466667 0.440625 0.470833 0.451562 0.470833 0.453125 0.469444 0.454688 0.466667 0.456250 0.463889 0.457031 0.456944 0.455469 0.455556 0.453125 0.454167 0.448437 0.454167
19 0.480469 0.452778 0.481250 0.455556 0.482031 0.456944 0.482812 0.459722 0.482031 0.456944 0.482031 0.454167 0.480469 0.452778
19 0.492969 0.437500 0.490625 0.438889 0.489063 0.441667 0.488281 0.441667 0.487500 0.451389 0.488281 0.441667 0.491406 0.441667 0.496875 0.441667 0.499219 0.437500 0.494531 0.437500 0.492969 0.437500
19 0.557813 0.409722 0.558594 0.411111 0.560937 0.411111 0.562500 0.412500 0.560937 0.420833 0.562500 0.423611 0.564844 0.423611 0.566406 0.419444 0.567187 0.425000 0.567187 0.427778 0.564844 0.427778 0.563281 0.429167 0.560156 0.434722 0.559375 0.437500 0.559375 0.450000 0.560937 0.459722 0.561719 0.462500 0.564063 0.466667 0.576562 0.466667 0.578125 0.465278 0.578906 0.463889 0.579688 0.461111 0.579688 0.452778 0.578906 0.440278 0.578125 0.438889 0.577344 0.436111 0.578125 0.438889 0.579688 0.441667 0.582812 0.443056 0.585156 0.450000 0.585156 0.440278 0.585938 0.461111 0.586719 0.465278 0.587500 0.468056 0.589844 0.472222 0.591406 0.473611 0.595313 0.473611 0.596875 0.470833 0.596875 0.472222 0.600000 0.473611 0.601562 0.462500 0.599219 0.461111 0.598437 0.463889 0.597656 0.466667 0.596875 0.472222 0.596875 0.470833 0.597656 0.468056 0.597656 0.461111 0.599219 0.455556 0.600000 0.448611 0.603125 0.452778 0.607031 0.454167 0.609375 0.452778 0.609375 0.455556 0.611719 0.456944 0.613281 0.458333 0.613281 0.461111 0.610938 0.465278 0.608594 0.466667 0.607031 0.469444 0.608594 0.473611 0.607031 0.476389 0.605469 0.476389 0.605469 0.470833 0.605469 0.470833 0.603906 0.468056 0.603125 0.470833 0.605469 0.470833 0.605469 0.470833 0.603125 0.473611 0.605469 0.476389 0.607031 0.476389 0.608594 0.479167 0.612500 0.480556 0.612500 0.481944 0.613281 0.483333 0.614844 0.484722 0.617969 0.486111 0.625000 0.486111 0.627344 0.491667 0.628906 0.493056 0.630469 0.494444 0.633594 0.495833 0.635938 0.495833 0.641406 0.493056 0.642969 0.490278 0.642969 0.495833 0.644531 0.500000 0.646875 0.504167 0.648438 0.505556 0.655469 0.506944 0.657031 0.509722 0.658594 0.511111 0.664844 0.511111 0.666406 0.509722 0.668750 0.505556 0.671875 0.504167 0.678125 0.502778 0.678906 0.509722 0.682813 0.516667 0.684375 0.518056 0.693750 0.518056 0.694531 0.520833 0.696875 0.522222 0.699219 0.520833 0.701562 0.525000 0.703906 0.526389 0.709375 0.527778 0.714063 0.527778 0.714063 0.530556 0.715625 0.538889 0.717969 0.540278 0.720313 0.543056 0.724219 0.544444 0.730469 0.543056 0.731250 0.541667 0.732812 0.541667 0.731250 0.544444 0.735938 0.548611 0.738281 0.550000 0.741406 0.551389 0.745313 0.552778 0.746875 0.552778 0.747656 0.548611 0.746875 0.545833 0.746094 0.543056 0.747656 0.547222 0.748437 0.551389 0.750000 0.555556 0.752344 0.559722 0.763281 0.559722 0.765625 0.556944 0.768750 0.555556 0.771875 0.559722 0.773438 0.562500 0.774219 0.568056 0.775000 0.570833 0.778125 0.577778 0.778125 0.579167 0.778906 0.580556 0.779687 0.580556 0.781250 0.583333 0.782813 0.584722 0.785937 0.586111 0.788281 0.586111 0.793750 0.586111 0.795312 0.584722 0.798438 0.587500 0.801562 0.586111 0.804688 0.580556 0.807813 0.572222 0.810937 0.572222 0.809375 0.573611 0.807031 0.580556 0.805469 0.583333 0.803125 0.587500 0.801562 0.588889 0.796875 0.590278 0.798438 0.595833 0.798438 0.602778 0.799219 0.608333 0.800000 0.611111 0.801562 0.615278 0.805469 0.623611 0.807031 0.626389 0.810156 0.627778 0.812500 0.633333 0.814844 0.633333 0.816406 0.634722 0.818750 0.638889 0.823438 0.643056 0.827344 0.644444 0.828906 0.647222 0.832031 0.648611 0.839844 0.652778 0.845313 0.655556 0.849219 0.655556 0.852344 0.659722 0.855469 0.661111 0.858594 0.662500 0.861719 0.662500 0.860938 0.656944 0.862500 0.658333 0.864062 0.659722 0.866406 0.663889 0.867188 0.663889 0.863281 0.661111 0.860938 0.663889 0.863281 0.665278 0.864844 0.668056 0.866406 0.669444 0.867969 0.669444 0.869531 0.672222 0.871875 0.673611 0.873437 0.673611 0.874219 0.672222 0.877344 0.670833 0.867188 0.663889 0.866406 0.663889 0.868750 0.665278 0.871094 0.677778 0.869531 0.679167 0.871875 0.680556 0.874219 0.680556 0.873437 0.677778 0.871094 0.677778 0.868750 0.665278 0.872656 0.663889 0.877344 0.665278 0.881250 0.666667 0.885938 0.669444 0.885938 0.670833 0.887500 0.673611 0.889062 0.675000 0.890625 0.675000 0.892188 0.677778 0.896094 0.680556 0.900000 0.680556 0.901563 0.681944 0.903125 0.684722 0.905469 0.686111 0.909375 0.686111 0.913281 0.688889 0.918750 0.693056 0.920312 0.694444 0.923438 0.700000 0.927344 0.702778 0.931250 0.702778 0.931250 0.705556 0.929688 0.706944 0.931250 0.709722 0.932813 0.708333 0.931250 0.705556 0.931250 0.702778 0.935156 0.706944 0.939063 0.706944 0.941406 0.708333 0.943750 0.709722 0.945312 0.712500 0.942969 0.713889 0.944531 0.716667 0.949219 0.720833 0.951562 0.722222 0.954688 0.723611 0.958594 0.723611 0.960938 0.727778 0.962500 0.729167 0.964844 0.729167 0.966406 0.731944 0.971094 0.731944 0.972656 0.734722 0.975000 0.734722 0.977344 0.737500 0.982812 0.737500 0.985156 0.741667 0.988281 0.743056 0.990625 0.743056 0.993750 0.744444 0.996094 0.747222 0.997656 0.747222 0.999219 0.748611 0.999219 0.986111 0.994531 0.986111 0.988281 0.983333 0.898438 0.962500 0.881250 0.958333 0.875000 0.956944 0.850000 0.955556 0.776563 0.952778 0.751563 0.951389 0.738281 0.948611 0.667188 0.931944 0.641406 0.926389 0.628125 0.923611 0.615625 0.922222 0.539062 0.915278 0.513281 0.912500 0.500781 0.911111 0.484375 0.908333 0.460156 0.904167 0.435937 0.900000 0.411719 0.894444 0.387500 0.890278 0.371094 0.887500 0.358594 0.886111 0.298438 0.879167 0.261719 0.875000 0.250000 0.873611 0.204687 0.875000 0.158594 0.876389 0.113281 0.877778 0.082031 0.881944 0.030469 0.890278 0.020313 0.890278 0.009375 0.893056 0.000000 0.893056 0.000000 0.690278 0.003125 0.688889 0.004687 0.684722 0.009375 0.684722 0.014063 0.680556 0.017188 0.680556 0.020313 0.677778 0.023438 0.677778 0.026562 0.673611 0.028125 0.672222 0.032031 0.672222 0.035156 0.670833 0.039062 0.669444 0.041406 0.666667 0.045312 0.666667 0.046875 0.663889 0.049219 0.662500 0.052344 0.663889 0.054688 0.661111 0.057813 0.661111 0.058594 0.659722 0.060937 0.659722 0.067187 0.661111 0.071875 0.659722 0.075000 0.658333 0.075781 0.655556 0.078125 0.656944 0.078906 0.655556 0.081250 0.655556 0.083594 0.652778 0.085938 0.652778 0.086719 0.650000 0.091406 0.651389 0.093750 0.647222 0.093750 0.645833 0.095312 0.643056 0.098437 0.641667 0.105469 0.641667 0.103906 0.640278 0.101562 0.638889 0.104688 0.637500 0.115625 0.637500 0.118750 0.633333 0.129688 0.633333 0.135156 0.630556 0.138281 0.626389 0.142187 0.627778 0.145313 0.626389 0.148438 0.625000 0.150000 0.619444 0.152344 0.622222 0.154688 0.622222 0.157812 0.616667 0.160156 0.619444 0.162500 0.618056 0.164062 0.615278 0.165625 0.615278 0.168750 0.609722 0.170313 0.608333 0.175781 0.609722 0.177344 0.609722 0.178906 0.608333 0.180469 0.605556 0.178125 0.604167 0.176563 0.605556 0.179688 0.604167 0.180469 0.605556 0.184375 0.604167 0.187500 0.606944 0.192969 0.605556 0.195312 0.604167 0.197656 0.602778 0.199219 0.601389 0.200000 0.600000 0.200000 0.595833 0.202344 0.600000 0.203906 0.600000 0.207813 0.598611 0.210156 0.597222 0.211719 0.594444 0.211719 0.593056 0.215625 0.593056 0.217188 0.591667 0.219531 0.590278 0.221875 0.588889 0.222656 0.593056 0.225000 0.593056 0.226562 0.590278 0.228125 0.590278 0.229687 0.588889 0.232031 0.584722 0.229687 0.584722 0.227344 0.586111 0.223438 0.584722 0.225781 0.580556 0.227344 0.580556 0.228906 0.577778 0.230469 0.577778 0.231250 0.579167 0.232813 0.579167 0.236719 0.577778 0.239844 0.575000 0.243750 0.573611 0.247656 0.573611 0.250000 0.576389 0.250781 0.576389 0.255469 0.577778 0.257031 0.575000 0.250781 0.576389 0.250000 0.576389 0.251563 0.573611 0.251563 0.572222 0.253906 0.568056 0.258594 0.563889 0.262500 0.561111 0.267969 0.561111 0.266406 0.566667 0.265625 0.568056 0.264062 0.569444 0.267188 0.573611 0.268750 0.575000 0.272656 0.572222 0.272656 0.570833 0.274219 0.568056 0.271094 0.565278 0.266406 0.566667 0.267969 0.561111 0.270313 0.558333 0.277344 0.559722 0.280469 0.555556 0.282031 0.555556 0.283594 0.556944 0.285156 0.556944 0.286719 0.555556 0.287500 0.554167 0.290625 0.548611 0.294531 0.548611 0.295312 0.551389 0.298438 0.550000 0.300781 0.548611 0.302344 0.547222 0.302344 0.544444 0.307031 0.544444 0.310937 0.541667 0.315625 0.540278 0.318750 0.541667 0.320312 0.540278 0.320312 0.541667 0.313281 0.544444 0.309375 0.545833 0.307031 0.548611 0.303906 0.548611 0.301563 0.550000 0.300781 0.551389 0.299219 0.552778 0.302344 0.555556 0.306250 0.551389 0.308594 0.551389 0.314844 0.552778 0.317188 0.551389 0.319531 0.550000 0.325781 0.544444 0.327344 0.547222 0.328906 0.545833 0.330469 0.545833 0.332813 0.543056 0.334375 0.544444 0.337500 0.543056 0.343750 0.538889 0.346875 0.537500 0.350781 0.537500 0.353125 0.533333 0.355469 0.534722 0.357031 0.533333 0.357812 0.531944 0.357812 0.530556 0.356250 0.526389 0.353906 0.529167 0.351562 0.530556 0.349219 0.531944 0.342187 0.534722 0.339062 0.534722 0.338281 0.536111 0.335938 0.536111 0.339062 0.533333 0.339062 0.530556 0.335938 0.527778 0.330469 0.529167 0.330469 0.531944 0.328125 0.533333 0.330469 0.534722 0.331250 0.537500 0.332031 0.533333 0.333594 0.533333 0.334375 0.536111 0.329688 0.540278 0.326562 0.541667 0.320312 0.541667 0.320312 0.540278 0.321094 0.540278 0.321875 0.536111 0.321094 0.534722 0.324219 0.536111 0.321875 0.531944 0.321094 0.534722 0.321875 0.536111 0.316406 0.534722 0.315625 0.536111 0.310937 0.537500 0.312500 0.534722 0.315625 0.533333 0.319531 0.531944 0.325000 0.533333 0.326562 0.531944 0.328125 0.529167 0.331250 0.527778 0.334375 0.527778 0.337500 0.525000 0.340625 0.523611 0.342969 0.523611 0.342187 0.526389 0.344531 0.527778 0.350000 0.525000 0.346094 0.523611 0.347656 0.523611 0.351562 0.519444 0.357031 0.518056 0.358594 0.518056 0.359375 0.519444 0.360938 0.519444 0.364844 0.512500 0.371875 0.512500 0.375781 0.508333 0.380469 0.508333 0.384375 0.506944 0.387500 0.504167 0.395313 0.504167 0.396094 0.502778 0.397656 0.502778 0.394531 0.505556 0.392188 0.509722 0.389062 0.511111 0.385937 0.511111 0.385156 0.506944 0.381250 0.508333 0.377344 0.509722 0.375000 0.511111 0.375000 0.516667 0.379688 0.515278 0.377344 0.515278 0.375000 0.516667 0.371875 0.519444 0.374219 0.523611 0.377344 0.525000 0.378906 0.523611 0.380469 0.523611 0.381250 0.520833 0.382812 0.520833 0.383594 0.519444 0.386719 0.519444 0.388281 0.516667 0.391406 0.518056 0.394531 0.516667 0.400000 0.512500 0.411719 0.508333 0.417187 0.505556 0.418750 0.504167 0.421094 0.500000 0.425781 0.500000 0.428906 0.498611 0.431250 0.495833 0.435937 0.495833 0.439063 0.494444 0.440625 0.493056 0.442969 0.488889 0.445312 0.483333 0.445312 0.477778 0.446875 0.477778 0.447656 0.476389 0.450781 0.476389 0.455469 0.472222 0.457813 0.472222 0.464062 0.473611 0.478906 0.472222 0.481250 0.468056 0.482031 0.462500 0.485938 0.463889 0.487500 0.463889 0.490625 0.466667 0.492969 0.466667 0.494531 0.463889 0.496094 0.463889 0.497656 0.461111 0.498437 0.458333 0.498437 0.451389 0.500000 0.447222 0.503125 0.440278 0.504687 0.440278 0.505469 0.438889 0.510938 0.438889 0.513281 0.437500 0.515625 0.436111 0.517188 0.434722 0.517969 0.433333 0.521094 0.427778 0.521094 0.416667 0.521875 0.419444 0.525000 0.418056 0.525000 0.413889 0.526563 0.419444 0.528125 0.422222 0.529687 0.423611 0.532813 0.425000 0.535937 0.425000 0.539062 0.423611 0.540625 0.420833 0.540625 0.411111 0.544531 0.412500 0.546094 0.413889 0.547656 0.413889 0.551562 0.412500 0.553906 0.416667 0.554688 0.422222 0.556250 0.422222 0.557031 0.425000 0.559375 0.425000 0.558594 0.423611 0.559375 0.422222 0.556250 0.422222 0.554688 0.422222 0.555469 0.415278 0.554688 0.413889 0.553906 0.411111 0.556250 0.409722 0.557813 0.409722
20 0.870313 0.679167 0.872656 0.680556 0.874219 0.681944 0.872656 0.677778 0.870313 0.679167
20 0.224219 0.575000 0.225781 0.575000 0.226562 0.576389 0.228125 0.577778 0.225781 0.579167 0.222656 0.584722 0.220312 0.587500 0.210156 0.586111 0.208594 0.586111 0.204687 0.588889 0.200781 0.587500 0.198437 0.588889 0.196094 0.593056 0.193750 0.593056 0.191406 0.595833 0.185156 0.597222 0.184375 0.600000 0.178125 0.600000 0.176563 0.602778 0.175781 0.605556 0.178125 0.605556 0.179688 0.605556 0.178125 0.606944 0.177344 0.608333 0.175781 0.608333 0.170313 0.606944 0.168750 0.608333 0.165625 0.613889 0.164062 0.613889 0.162500 0.616667 0.160156 0.618056 0.157812 0.615278 0.154688 0.620833 0.152344 0.620833 0.150000 0.618056 0.148438 0.620833 0.148438 0.623611 0.146094 0.623611 0.142187 0.626389 0.139063 0.625000 0.135156 0.629167 0.129688 0.631944 0.118750 0.631944 0.115625 0.636111 0.106250 0.634722 0.104688 0.636111 0.103125 0.636111 0.102344 0.637500 0.100781 0.638889 0.104688 0.641667 0.099219 0.640278 0.095312 0.641667 0.092969 0.645833 0.092969 0.647222 0.091406 0.650000 0.089063 0.648611 0.083594 0.651389 0.081250 0.654167 0.078125 0.655556 0.075781 0.654167 0.075000 0.656944 0.072656 0.656944 0.071875 0.658333 0.067187 0.659722 0.060937 0.658333 0.058594 0.658333 0.057813 0.659722 0.054688 0.659722 0.052344 0.662500 0.049219 0.661111 0.046875 0.662500 0.045312 0.665278 0.041406 0.665278 0.039062 0.668056 0.035156 0.669444 0.032031 0.670833 0.028125 0.670833 0.026562 0.672222 0.023438 0.676389 0.020313 0.676389 0.017188 0.679167 0.014063 0.679167 0.009375 0.683333 0.003906 0.684722 0.003906 0.686111 0.003125 0.687500 0.001563 0.688889 0.000000 0.688889 0.000000 0.651389 0.007812 0.651389 0.010156 0.650000 0.012500 0.647222 0.014844 0.645833 0.022656 0.645833 0.028906 0.641667 0.032031 0.640278 0.036719 0.640278 0.043750 0.636111 0.047656 0.637500 0.049219 0.636111 0.050781 0.636111 0.053125 0.633333 0.060156 0.629167 0.060937 0.630556 0.064844 0.631944 0.067969 0.629167 0.063281 0.627778 0.062500 0.629167 0.060937 0.630556 0.060156 0.629167 0.065625 0.627778 0.066406 0.626389 0.068750 0.626389 0.067187 0.627778 0.069531 0.629167 0.071875 0.627778 0.074219 0.625000 0.079687 0.625000 0.084375 0.623611 0.089844 0.622222 0.096875 0.619444 0.101562 0.615278 0.107813 0.615278 0.111719 0.613889 0.114844 0.612500 0.117969 0.609722 0.114844 0.608333 0.120313 0.609722 0.121094 0.606944 0.122656 0.606944 0.123438 0.608333 0.125781 0.606944 0.124219 0.605556 0.126562 0.604167 0.125000 0.605556 0.128906 0.606944 0.129688 0.605556 0.134375 0.605556 0.139063 0.602778 0.136719 0.601389 0.138281 0.601389 0.139063 0.600000 0.145313 0.600000 0.150781 0.598611 0.153906 0.597222 0.157031 0.594444 0.161719 0.594444 0.164844 0.591667 0.170313 0.591667 0.173437 0.588889 0.178906 0.588889 0.186719 0.586111 0.190625 0.584722 0.193750 0.581944 0.196875 0.580556 0.200781 0.580556 0.203906 0.577778 0.209375 0.577778 0.210938 0.579167 0.212500 0.581944 0.214062 0.581944 0.215625 0.579167 0.210938 0.579167 0.209375 0.577778 0.212500 0.575000 0.224219 0.575000
20 0.814844 0.566667 0.821094 0.566667 0.823438 0.566667 0.832812 0.569444 0.831250 0.570833 0.829688 0.568056 0.818750 0.568056 0.813281 0.570833 0.814844 0.572222 0.814844 0.575000 0.817969 0.577778 0.830469 0.576389 0.831250 0.570833 0.832812 0.569444 0.834375 0.569444 0.838281 0.568056 0.839063 0.569444 0.842187 0.569444 0.844531 0.566667 0.850000 0.566667 0.851562 0.570833 0.852344 0.575000 0.852344 0.580556 0.854688 0.586111 0.855469 0.590278 0.856250 0.595833 0.856250 0.604167 0.857031 0.613889 0.859375 0.625000 0.860156 0.629167 0.861719 0.631944 0.860938 0.633333 0.856250 0.631944 0.854688 0.634722 0.860156 0.640278 0.865625 0.638889 0.862500 0.637500 0.860938 0.633333 0.861719 0.631944 0.864062 0.634722 0.865625 0.636111 0.867969 0.637500 0.876563 0.638889 0.880469 0.638889 0.881250 0.634722 0.884375 0.630556 0.885938 0.627778 0.885938 0.625000 0.887500 0.622222 0.888281 0.622222 0.889062 0.615278 0.890625 0.612500 0.892969 0.611111 0.895312 0.606944 0.896875 0.601389 0.897656 0.595833 0.898438 0.593056 0.900000 0.591667 0.907031 0.594444 0.910937 0.594444 0.917969 0.591667 0.929688 0.591667 0.935156 0.595833 0.940625 0.594444 0.942969 0.597222 0.948438 0.598611 0.951562 0.598611 0.954688 0.595833 0.961719 0.598611 0.966406 0.598611 0.969531 0.593056 0.973437 0.593056 0.985938 0.593056 0.988281 0.594444 0.990625 0.595833 0.992188 0.598611 0.993750 0.600000 0.999219 0.600000 0.999219 0.747222 0.997656 0.745833 0.996094 0.745833 0.993750 0.743056 0.990625 0.741667 0.988281 0.741667 0.985156 0.740278 0.982812 0.736111 0.977344 0.736111 0.975000 0.733333 0.972656 0.733333 0.971094 0.730556 0.969531 0.727778 0.972656 0.726389 0.971094 0.725000 0.970313 0.723611 0.967187 0.725000 0.968750 0.726389 0.969531 0.727778 0.971094 0.730556 0.966406 0.730556 0.964844 0.727778 0.962500 0.727778 0.960938 0.726389 0.958594 0.722222 0.954688 0.722222 0.951562 0.720833 0.949219 0.719444 0.946875 0.716667 0.946094 0.716667 0.943750 0.713889 0.946094 0.712500 0.943750 0.708333 0.941406 0.706944 0.939063 0.705556 0.935156 0.705556 0.931250 0.701389 0.927344 0.701389 0.923438 0.698611 0.920312 0.693056 0.918750 0.691667 0.913281 0.687500 0.909375 0.684722 0.905469 0.684722 0.903125 0.683333 0.901563 0.680556 0.900000 0.679167 0.896094 0.679167 0.892188 0.676389 0.890625 0.673611 0.889062 0.673611 0.887500 0.672222 0.886719 0.669444 0.885156 0.666667 0.882031 0.666667 0.877344 0.663889 0.872656 0.662500 0.868750 0.663889 0.866406 0.662500 0.864062 0.658333 0.862500 0.656944 0.860938 0.658333 0.861719 0.661111 0.862500 0.662500 0.864062 0.663889 0.865625 0.665278 0.874219 0.669444 0.875000 0.670833 0.876563 0.670833 0.874219 0.670833 0.873437 0.672222 0.871875 0.672222 0.869531 0.670833 0.867969 0.668056 0.866406 0.668056 0.864844 0.666667 0.863281 0.663889 0.862500 0.662500 0.858594 0.661111 0.855469 0.659722 0.852344 0.658333 0.849219 0.654167 0.850781 0.652778 0.855469 0.651389 0.852344 0.648611 0.849219 0.648611 0.846094 0.644444 0.841406 0.645833 0.841406 0.644444 0.839844 0.643056 0.839063 0.641667 0.836719 0.643056 0.837500 0.641667 0.835156 0.634722 0.828125 0.633333 0.825781 0.631944 0.821875 0.627778 0.820312 0.626389 0.819531 0.629167 0.821094 0.631944 0.822656 0.631944 0.825781 0.636111 0.827344 0.637500 0.834375 0.643056 0.837500 0.641667 0.836719 0.643056 0.838281 0.644444 0.839063 0.645833 0.841406 0.644444 0.841406 0.645833 0.842969 0.648611 0.846875 0.651389 0.850781 0.652778 0.849219 0.654167 0.845313 0.654167 0.832031 0.647222 0.828906 0.645833 0.827344 0.643056 0.823438 0.641667 0.817187 0.636111 0.816406 0.633333 0.814844 0.631944 0.812500 0.631944 0.810156 0.626389 0.809375 0.627778 0.807031 0.625000 0.806250 0.623611 0.802344 0.615278 0.800781 0.611111 0.800000 0.608333 0.799219 0.602778 0.799219 0.595833 0.797656 0.590278 0.801562 0.590278 0.803125 0.588889 0.807031 0.581944 0.807813 0.580556 0.810156 0.573611 0.811719 0.572222 0.809375 0.569444 0.814844 0.566667
20 0.025000 0.554167 0.022656 0.555556 0.020313 0.559722 0.016406 0.562500 0.014063 0.566667 0.011719 0.569444 0.007031 0.568056 0.005469 0.570833 0.000000 0.570833 0.006250 0.569444 0.008594 0.570833 0.007031 0.573611 0.000000 0.573611 0.000000 0.576389 0.009375 0.576389 0.012500 0.573611 0.014844 0.573611 0.015625 0.575000 0.017969 0.575000 0.021094 0.572222 0.025000 0.570833 0.030469 0.570833 0.035156 0.569444 0.035937 0.568056 0.039062 0.568056 0.038281 0.565278 0.036719 0.561111 0.034375 0.556944 0.032813 0.555556 0.027344 0.554167 0.025000 0.554167
20 0.070312 0.548611 0.068750 0.552778 0.066406 0.550000 0.064062 0.554167 0.064062 0.555556 0.061719 0.558333 0.060156 0.562500 0.060156 0.565278 0.057813 0.569444 0.060937 0.569444 0.063281 0.568056 0.064844 0.566667 0.067187 0.563889 0.072656 0.555556 0.073438 0.554167 0.073438 0.552778 0.075000 0.548611 0.070312 0.548611
20 0.845313 0.545833 0.845313 0.562500 0.846094 0.559722 0.846094 0.551389 0.845313 0.550000 0.845313 0.545833
20 0.771094 0.544444 0.770312 0.550000 0.766406 0.555556 0.767969 0.555556 0.768750 0.558333 0.772656 0.559722 0.772656 0.556944 0.771094 0.555556 0.771875 0.551389 0.771094 0.544444
20 0.735938 0.537500 0.734375 0.538889 0.733594 0.540278 0.733594 0.541667 0.732031 0.544444 0.733594 0.544444 0.735938 0.547222 0.738281 0.548611 0.741406 0.550000 0.745313 0.551389 0.746875 0.551389 0.746875 0.548611 0.745313 0.541667 0.743750 0.538889 0.739844 0.537500 0.735938 0.537500
20 0.043750 0.533333 0.039062 0.534722 0.037500 0.536111 0.039062 0.537500 0.040625 0.534722 0.042188 0.534722 0.043750 0.538889 0.042188 0.541667 0.040625 0.540278 0.039062 0.544444 0.041406 0.544444 0.042969 0.540278 0.043750 0.543056 0.043750 0.540278 0.044531 0.538889 0.043750 0.533333
20 0.324219 0.533333 0.321875 0.533333 0.321094 0.536111 0.316406 0.536111 0.306250 0.538889 0.302344 0.540278 0.299219 0.541667 0.293750 0.544444 0.292187 0.545833 0.290625 0.547222 0.294531 0.547222 0.295312 0.550000 0.298438 0.548611 0.302344 0.545833 0.302344 0.543056 0.307031 0.543056 0.310937 0.540278 0.315625 0.538889 0.319531 0.540278 0.321094 0.538889 0.321875 0.534722 0.324219 0.534722 0.325781 0.531944 0.324219 0.533333
20 0.335938 0.529167 0.330469 0.530556 0.330469 0.533333 0.328906 0.533333 0.331250 0.536111 0.332031 0.531944 0.333594 0.531944 0.335156 0.536111 0.336719 0.533333 0.338281 0.533333 0.338281 0.529167 0.335938 0.529167
20 0.694531 0.519444 0.696094 0.519444 0.696875 0.520833 0.698438 0.519444 0.696094 0.519444 0.694531 0.519444
20 0.714063 0.515278 0.714063 0.523611 0.712500 0.526389 0.710938 0.526389 0.710156 0.525000 0.707812 0.525000 0.709375 0.526389 0.714063 0.526389 0.714063 0.515278
20 0.775781 0.513889 0.775781 0.522222 0.775000 0.523611 0.774219 0.527778 0.775781 0.525000 0.776563 0.525000 0.777344 0.523611 0.778906 0.516667 0.777344 0.513889 0.775781 0.513889
20 0.385156 0.508333 0.381250 0.509722 0.377344 0.511111 0.376563 0.512500 0.375000 0.512500 0.375000 0.515278 0.380469 0.513889 0.382812 0.512500 0.385156 0.511111 0.386719 0.508333 0.385156 0.508333
20 0.082031 0.505556 0.082812 0.506944 0.085156 0.506944 0.085938 0.505556 0.088281 0.505556 0.088281 0.508333 0.087500 0.523611 0.088281 0.526389 0.090625 0.531944 0.091406 0.533333 0.092188 0.533333 0.093750 0.536111 0.100000 0.536111 0.103906 0.534722 0.107813 0.531944 0.111719 0.530556 0.118750 0.529167 0.127344 0.529167 0.128906 0.530556 0.125781 0.531944 0.122656 0.536111 0.115625 0.534722 0.113281 0.538889 0.107031 0.538889 0.103125 0.536111 0.101562 0.537500 0.100781 0.540278 0.100781 0.544444 0.098437 0.548611 0.096875 0.550000 0.095312 0.551389 0.091406 0.543056 0.089063 0.543056 0.086719 0.544444 0.084375 0.548611 0.082812 0.550000 0.078906 0.550000 0.078125 0.548611 0.076563 0.548611 0.078125 0.547222 0.080469 0.547222 0.081250 0.545833 0.082812 0.544444 0.078906 0.543056 0.075000 0.544444 0.074219 0.545833 0.071875 0.545833 0.068750 0.540278 0.067187 0.541667 0.065625 0.544444 0.064062 0.544444 0.064062 0.534722 0.065625 0.538889 0.067969 0.540278 0.069531 0.537500 0.068750 0.531944 0.068750 0.530556 0.071875 0.531944 0.071875 0.523611 0.068750 0.530556 0.068750 0.531944 0.067969 0.531944 0.065625 0.529167 0.064062 0.526389 0.069531 0.525000 0.070312 0.520833 0.073438 0.525000 0.075781 0.525000 0.077344 0.515278 0.077344 0.506944 0.078906 0.505556 0.082031 0.505556
20 0.317969 0.498611 0.316406 0.501389 0.314063 0.502778 0.310937 0.504167 0.304688 0.504167 0.300000 0.500000 0.298438 0.500000 0.297656 0.501389 0.296094 0.502778 0.298438 0.502778 0.303125 0.505556 0.317969 0.504167 0.321875 0.501389 0.329688 0.501389 0.331250 0.500000 0.323437 0.498611 0.317969 0.498611
20 0.339062 0.491667 0.335156 0.493056 0.339062 0.494444 0.339844 0.493056 0.342187 0.493056 0.339062 0.491667
20 0.359375 0.480556 0.358594 0.481944 0.355469 0.483333 0.357812 0.483333 0.359375 0.483333 0.360156 0.481944 0.362500 0.481944 0.364063 0.480556 0.359375 0.480556
20 0.292187 0.481944 0.289062 0.486111 0.287500 0.483333 0.287500 0.487500 0.283594 0.494444 0.281250 0.494444 0.274219 0.493056 0.273438 0.494444 0.271094 0.494444 0.272656 0.498611 0.272656 0.501389 0.274219 0.501389 0.280469 0.500000 0.284375 0.497222 0.285156 0.493056 0.287500 0.498611 0.291406 0.498611 0.294531 0.497222 0.296094 0.495833 0.296094 0.491667 0.294531 0.480556 0.292187 0.481944
20 0.036719 0.472222 0.036719 0.476389 0.039062 0.477778 0.043750 0.477778 0.044531 0.477778 0.045312 0.475000 0.044531 0.472222 0.042969 0.470833 0.036719 0.472222
20 0.603906 0.469444 0.605469 0.472222 0.603906 0.473611 0.605469 0.475000 0.605469 0.472222 0.603906 0.469444
20 0.455469 0.466667 0.453906 0.468056 0.453125 0.470833 0.451562 0.472222 0.440625 0.472222 0.438281 0.468056 0.431250 0.468056 0.430469 0.469444 0.425000 0.469444 0.427344 0.470833 0.428125 0.472222 0.442188 0.473611 0.440625 0.475000 0.441406 0.477778 0.442188 0.477778 0.443750 0.480556 0.444531 0.483333 0.445312 0.476389 0.447656 0.475000 0.450781 0.475000 0.453125 0.473611 0.455469 0.470833 0.457031 0.470833 0.455469 0.466667
20 0.598437 0.466667 0.597656 0.472222 0.600000 0.472222 0.600000 0.465278 0.598437 0.466667
20 0.612500 0.463889 0.610938 0.466667 0.608594 0.468056 0.607812 0.470833 0.609375 0.473611 0.607812 0.476389 0.611719 0.477778 0.609375 0.476389 0.610156 0.472222 0.611719 0.472222 0.611719 0.466667 0.612500 0.463889
20 0.496875 0.443056 0.492188 0.444444 0.488281 0.443056 0.487500 0.452778 0.485938 0.450000 0.486719 0.444444 0.486719 0.447222 0.485938 0.448611 0.485156 0.454167 0.483594 0.454167 0.482812 0.456944 0.483594 0.459722 0.482812 0.463889 0.485938 0.462500 0.487500 0.462500 0.490625 0.465278 0.492969 0.465278 0.494531 0.462500 0.496875 0.461111 0.497656 0.458333 0.497656 0.451389 0.499219 0.447222 0.502344 0.440278 0.500000 0.438889 0.496875 0.443056
21 0.873437 0.636111 0.875781 0.636111 0.876563 0.637500 0.880469 0.636111 0.875781 0.636111 0.873437 0.636111
21 0.375000 0.479167 0.378125 0.479167 0.378125 0.481944 0.380469 0.479167 0.375000 0.479167
21 0.777344 0.463889 0.776563 0.472222 0.775781 0.473611 0.775781 0.487500 0.777344 0.481944 0.779687 0.475000 0.778906 0.472222 0.777344 0.469444 0.777344 0.463889
21 0.374219 0.459722 0.371094 0.459722 0.369531 0.461111 0.367969 0.466667 0.368750 0.468056 0.365625 0.469444 0.365625 0.473611 0.367969 0.475000 0.370312 0.477778 0.371875 0.475000 0.371094 0.473611 0.373437 0.473611 0.375000 0.472222 0.375781 0.469444 0.376563 0.469444 0.378125 0.466667 0.379688 0.466667 0.381250 0.469444 0.382031 0.469444 0.382812 0.470833 0.384375 0.476389 0.387500 0.476389 0.389062 0.472222 0.386719 0.470833 0.385937 0.466667 0.385937 0.458333 0.384375 0.459722 0.382812 0.456944 0.378125 0.456944 0.376563 0.456944 0.374219 0.459722
21 0.186719 0.448611 0.184375 0.454167 0.181250 0.452778 0.178125 0.450000 0.176563 0.451389 0.172656 0.456944 0.175000 0.458333 0.177344 0.459722 0.183594 0.468056 0.185156 0.469444 0.187500 0.469444 0.189062 0.465278 0.193750 0.461111 0.200000 0.461111 0.200000 0.456944 0.198437 0.456944 0.196094 0.458333 0.191406 0.448611 0.189844 0.448611 0.189062 0.450000 0.186719 0.448611
21 0.000000 0.445833 0.000000 0.448611 0.003906 0.447222 0.002344 0.445833 0.000000 0.445833
21 0.032813 0.440278 0.033594 0.447222 0.031250 0.451389 0.030469 0.454167 0.029687 0.456944 0.028906 0.461111 0.023438 0.461111 0.022656 0.459722 0.018750 0.461111 0.021094 0.461111 0.022656 0.462500 0.024219 0.465278 0.026562 0.465278 0.027344 0.468056 0.028906 0.469444 0.030469 0.470833 0.032031 0.469444 0.044531 0.470833 0.043750 0.463889 0.042969 0.459722 0.041406 0.452778 0.040625 0.450000 0.039844 0.447222 0.037500 0.441667 0.032813 0.440278
21 0.131250 0.426389 0.130469 0.429167 0.128906 0.427778 0.125000 0.429167 0.123438 0.431944 0.121875 0.431944 0.119531 0.436111 0.117188 0.437500 0.114844 0.438889 0.112500 0.438889 0.109375 0.440278 0.106250 0.444444 0.103125 0.450000 0.100781 0.445833 0.095312 0.444444 0.091406 0.445833 0.089063 0.447222 0.087500 0.450000 0.084375 0.461111 0.083594 0.469444 0.082031 0.469444 0.081250 0.472222 0.082031 0.481944 0.079687 0.486111 0.078906 0.488889 0.078125 0.491667 0.077344 0.495833 0.077344 0.505556 0.082812 0.505556 0.085156 0.505556 0.089063 0.504167 0.089844 0.501389 0.090625 0.497222 0.095312 0.488889 0.100781 0.483333 0.104688 0.480556 0.104688 0.479167 0.105469 0.477778 0.107031 0.476389 0.108594 0.476389 0.112500 0.470833 0.120313 0.465278 0.121875 0.463889 0.123438 0.461111 0.125000 0.459722 0.126562 0.458333 0.132031 0.455556 0.138281 0.454167 0.146875 0.452778 0.157031 0.452778 0.154688 0.448611 0.149219 0.447222 0.151562 0.445833 0.149219 0.440278 0.149219 0.437500 0.146875 0.431944 0.142969 0.433333 0.141406 0.434722 0.139063 0.440278 0.141406 0.444444 0.142187 0.447222 0.139063 0.451389 0.136719 0.451389 0.135937 0.450000 0.133594 0.450000 0.132031 0.452778 0.132031 0.454167 0.128906 0.456944 0.126562 0.454167 0.125781 0.451389 0.124219 0.448611 0.121875 0.450000 0.120313 0.447222 0.120313 0.441667 0.121875 0.441667 0.129688 0.441667 0.132031 0.441667 0.135156 0.444444 0.137500 0.440278 0.137500 0.437500 0.135937 0.433333 0.135937 0.427778 0.133594 0.427778 0.132812 0.426389 0.131250 0.426389
21 0.558594 0.422222 0.557031 0.422222 0.558594 0.425000 0.560156 0.422222 0.558594 0.422222
21 0.246094 0.419444 0.249219 0.425000 0.250781 0.426389 0.256250 0.427778 0.258594 0.433333 0.259375 0.434722 0.263281 0.438889 0.265625 0.436111 0.267969 0.444444 0.269531 0.451389 0.270313 0.454167 0.271875 0.456944 0.271875 0.458333 0.277344 0.458333 0.278906 0.458333 0.280469 0.459722 0.282031 0.461111 0.280469 0.459722 0.278906 0.458333 0.277344 0.458333 0.274219 0.461111 0.271094 0.462500 0.267969 0.459722 0.264844 0.458333 0.260156 0.458333 0.260937 0.455556 0.262500 0.452778 0.262500 0.448611 0.261719 0.445833 0.258594 0.440278 0.256250 0.438889 0.255469 0.445833 0.257812 0.450000 0.258594 0.452778 0.258594 0.466667 0.257812 0.468056 0.257812 0.470833 0.257812 0.466667 0.257031 0.463889 0.255469 0.459722 0.252344 0.454167 0.242969 0.454167 0.238281 0.451389 0.224219 0.451389 0.222656 0.452778 0.219531 0.458333 0.218750 0.462500 0.211719 0.461111 0.210938 0.458333 0.208594 0.458333 0.209375 0.455556 0.211719 0.455556 0.211719 0.459722 0.216406 0.455556 0.216406 0.452778 0.221094 0.443056 0.222656 0.443056 0.223438 0.441667 0.225781 0.441667 0.227344 0.440278 0.228125 0.445833 0.230469 0.447222 0.232031 0.444444 0.232031 0.440278 0.235937 0.440278 0.234375 0.437500 0.232813 0.437500 0.232031 0.440278 0.232031 0.444444 0.229687 0.444444 0.228125 0.445833 0.227344 0.440278 0.228125 0.436111 0.230469 0.431944 0.230469 0.425000 0.232031 0.420833 0.236719 0.420833 0.239844 0.425000 0.241406 0.422222 0.243750 0.419444 0.246094 0.419444
21 0.275000 0.413889 0.273438 0.415278 0.272656 0.419444 0.275000 0.418056 0.278906 0.418056 0.280469 0.420833 0.283594 0.419444 0.282031 0.418056 0.281250 0.416667 0.278125 0.416667 0.275000 0.413889
21 0.590625 0.377778 0.591406 0.380556 0.591406 0.383333 0.592187 0.377778 0.590625 0.377778
21 0.546094 0.365278 0.547656 0.368056 0.547656 0.365278 0.546094 0.365278
21 0.801562 0.343056 0.798438 0.347222 0.797656 0.350000 0.797656 0.354167 0.796875 0.356944 0.798438 0.351389 0.800000 0.348611 0.800781 0.345833 0.801562 0.343056
21 0.388281 0.320833 0.386719 0.323611 0.386719 0.329167 0.385156 0.333333 0.387500 0.334722 0.388281 0.337500 0.388281 0.343056 0.387500 0.345833 0.385937 0.347222 0.383594 0.344444 0.381250 0.344444 0.378125 0.348611 0.377344 0.350000 0.376563 0.352778 0.377344 0.356944 0.381250 0.358333 0.385937 0.358333 0.387500 0.356944 0.390625 0.351389 0.391406 0.347222 0.393750 0.345833 0.395313 0.336111 0.396094 0.336111 0.396875 0.331944 0.398438 0.327778 0.396875 0.327778 0.396094 0.326389 0.393750 0.326389 0.392969 0.323611 0.389844 0.320833 0.388281 0.320833
21 0.778125 0.001389 0.999219 0.000000 0.999219 0.259722 0.991406 0.259722 0.980469 0.256944 0.976562 0.256944 0.945312 0.258333 0.923438 0.259722 0.915625 0.263889 0.910937 0.262500 0.907031 0.265278 0.896094 0.265278 0.892188 0.268056 0.890625 0.269444 0.889062 0.272222 0.887500 0.273611 0.880469 0.275000 0.878125 0.276389 0.876563 0.277778 0.875000 0.280556 0.874219 0.284722 0.873437 0.287500 0.868750 0.290278 0.863281 0.290278 0.860156 0.291667 0.856250 0.293056 0.853906 0.295833 0.850781 0.297222 0.847656 0.297222 0.844531 0.298611 0.840625 0.302778 0.838281 0.304167 0.835938 0.305556 0.832812 0.305556 0.831250 0.306944 0.834375 0.305556 0.838281 0.302778 0.840625 0.300000 0.842969 0.295833 0.843750 0.293056 0.843750 0.266667 0.844531 0.263889 0.846094 0.261111 0.847656 0.262500 0.847656 0.259722 0.850000 0.259722 0.851562 0.254167 0.853125 0.252778 0.861719 0.252778 0.864844 0.251389 0.867188 0.250000 0.868750 0.247222 0.870313 0.247222 0.871875 0.245833 0.875781 0.250000 0.874219 0.252778 0.874219 0.255556 0.878125 0.256944 0.879687 0.254167 0.878906 0.252778 0.879687 0.250000 0.877344 0.250000 0.875781 0.250000 0.871875 0.245833 0.873437 0.237500 0.875781 0.233333 0.886719 0.233333 0.890625 0.230556 0.896875 0.230556 0.898438 0.233333 0.898438 0.234722 0.900000 0.237500 0.903906 0.237500 0.905469 0.240278 0.907813 0.241667 0.910937 0.240278 0.913281 0.238889 0.914844 0.236111 0.916406 0.227778 0.916406 0.225000 0.914062 0.218056 0.913281 0.213889 0.912500 0.211111 0.914062 0.201389 0.914844 0.198611 0.915625 0.195833 0.920312 0.194444 0.922656 0.190278 0.923438 0.183333 0.921875 0.163889 0.921875 0.161111 0.923438 0.155556 0.923438 0.137500 0.923438 0.131944 0.922656 0.127778 0.919531 0.123611 0.918750 0.120833 0.918750 0.113889 0.917969 0.111111 0.916406 0.108333 0.914062 0.106944 0.911719 0.106944 0.910156 0.105556 0.909375 0.104167 0.908594 0.101389 0.908594 0.098611 0.910156 0.097222 0.910937 0.100000 0.912500 0.102778 0.914062 0.100000 0.912500 0.098611 0.911719 0.095833 0.910156 0.097222 0.908594 0.098611 0.906250 0.094444 0.907813 0.093056 0.909375 0.088889 0.907813 0.086111 0.906250 0.088889 0.907813 0.093056 0.906250 0.094444 0.903906 0.093056 0.902344 0.088889 0.901563 0.086111 0.900000 0.077778 0.900781 0.076389 0.898438 0.076389 0.896094 0.066667 0.895312 0.065278 0.894531 0.063889 0.893750 0.063889 0.891406 0.072222 0.890625 0.075000 0.888281 0.080556 0.884375 0.086111 0.882812 0.094444 0.879687 0.104167 0.878125 0.106944 0.873437 0.105556 0.871094 0.105556 0.867969 0.108333 0.867969 0.109722 0.866406 0.113889 0.864844 0.116667 0.863281 0.118056 0.860938 0.119444 0.858594 0.115278 0.857812 0.111111 0.854688 0.108333 0.852344 0.108333 0.850781 0.109722 0.849219 0.111111 0.846875 0.115278 0.841406 0.127778 0.841406 0.145833 0.840625 0.148611 0.835938 0.156944 0.834375 0.154167 0.836719 0.150000 0.836719 0.148611 0.838281 0.145833 0.836719 0.140278 0.834375 0.147222 0.834375 0.150000 0.834375 0.154167 0.835938 0.156944 0.835156 0.161111 0.832031 0.163889 0.829688 0.165278 0.826562 0.166667 0.821875 0.166667 0.818750 0.170833 0.817187 0.176389 0.814844 0.177778 0.813281 0.180556 0.811719 0.179167 0.809375 0.180556 0.808594 0.183333 0.808594 0.186111 0.810156 0.186111 0.809375 0.188889 0.809375 0.190278 0.808594 0.191667 0.806250 0.193056 0.804688 0.195833 0.803906 0.195833 0.803125 0.197222 0.802344 0.201389 0.799219 0.204167 0.797656 0.206944 0.795312 0.213889 0.796094 0.215278 0.795312 0.218056 0.793750 0.219444 0.796094 0.215278 0.792188 0.216667 0.788281 0.223611 0.786719 0.223611 0.785156 0.231944 0.782031 0.237500 0.781250 0.240278 0.780469 0.247222 0.778906 0.262500 0.780469 0.276389 0.780469 0.281944 0.779687 0.304167 0.780469 0.331944 0.776563 0.333333 0.775781 0.338889 0.776563 0.341667 0.777344 0.344444 0.778906 0.347222 0.778906 0.348611 0.780469 0.352778 0.782031 0.355556 0.789062 0.368056 0.795312 0.368056 0.796094 0.362500 0.796875 0.359722 0.798438 0.361111 0.796875 0.363889 0.796094 0.368056 0.795312 0.376389 0.794531 0.381944 0.793750 0.384722 0.790625 0.391667 0.790625 0.398611 0.789062 0.401389 0.787500 0.404167 0.786719 0.409722 0.785937 0.412500 0.783594 0.416667 0.782813 0.419444 0.782813 0.425000 0.782813 0.433333 0.782031 0.437500 0.779687 0.445833 0.778906 0.448611 0.778906 0.443056 0.778125 0.440278 0.777344 0.438889 0.775781 0.437500 0.774219 0.436111 0.771875 0.434722 0.767188 0.433333 0.760156 0.431944 0.755469 0.434722 0.751563 0.434722 0.750781 0.436111 0.749219 0.437500 0.750000 0.431944 0.749219 0.429167 0.747656 0.426389 0.739844 0.427778 0.727344 0.426389 0.721875 0.430556 0.718750 0.431944 0.708594 0.433333 0.705469 0.436111 0.703125 0.436111 0.702344 0.437500 0.700781 0.437500 0.703906 0.436111 0.705469 0.433333 0.703906 0.427778 0.702344 0.425000 0.698438 0.423611 0.692969 0.422222 0.672656 0.423611 0.664844 0.425000 0.663281 0.426389 0.661719 0.427778 0.660937 0.429167 0.660156 0.431944 0.657813 0.427778 0.653125 0.427778 0.645312 0.429167 0.642188 0.430556 0.640625 0.431944 0.639062 0.433333 0.638281 0.434722 0.633594 0.444444 0.633594 0.440278 0.625000 0.438889 0.625781 0.433333 0.625000 0.430556 0.624219 0.427778 0.622656 0.425000 0.621094 0.423611 0.619531 0.423611 0.614062 0.430556 0.612500 0.433333 0.611719 0.436111 0.609375 0.431944 0.608594 0.437500 0.607812 0.438889 0.608594 0.443056 0.607812 0.447222 0.605469 0.451389 0.603125 0.451389 0.601562 0.450000 0.600000 0.447222 0.600000 0.438889 0.597656 0.434722 0.596094 0.433333 0.592969 0.433333 0.591406 0.430556 0.590625 0.426389 0.591406 0.419444 0.590625 0.415278 0.589844 0.412500 0.589063 0.411111 0.588281 0.411111 0.583594 0.413889 0.582812 0.415278 0.582031 0.419444 0.579688 0.422222 0.578906 0.422222 0.577344 0.427778 0.577344 0.430556 0.578125 0.433333 0.578125 0.436111 0.574219 0.429167 0.567187 0.426389 0.567969 0.420833 0.566406 0.418056 0.564844 0.422222 0.561719 0.420833 0.563281 0.419444 0.563281 0.416667 0.562500 0.411111 0.560937 0.409722 0.558594 0.409722 0.557813 0.408333 0.556250 0.408333 0.553906 0.412500 0.554688 0.420833 0.554688 0.416667 0.551562 0.411111 0.547656 0.412500 0.546094 0.412500 0.541406 0.412500 0.539844 0.404167 0.536719 0.398611 0.532031 0.398611 0.533594 0.395833 0.536719 0.394444 0.535156 0.391667 0.533594 0.395833 0.532031 0.398611 0.531250 0.398611 0.528125 0.395833 0.527344 0.398611 0.525781 0.400000 0.525781 0.394444 0.522656 0.390278 0.517188 0.390278 0.516406 0.393056 0.518750 0.394444 0.522656 0.400000 0.525781 0.400000 0.527344 0.398611 0.531250 0.398611 0.532031 0.398611 0.530469 0.401389 0.528906 0.401389 0.526563 0.405556 0.524219 0.412500 0.524219 0.418056 0.522656 0.419444 0.520312 0.415278 0.519531 0.412500 0.517969 0.409722 0.516406 0.409722 0.515625 0.411111 0.513281 0.411111 0.511719 0.412500 0.510156 0.413889 0.507031 0.419444 0.504687 0.425000 0.504687 0.427778 0.503906 0.429167 0.502344 0.431944 0.503906 0.433333 0.504687 0.436111 0.506250 0.437500 0.508594 0.437500 0.505469 0.437500 0.504687 0.438889 0.500781 0.438889 0.499219 0.436111 0.496094 0.437500 0.491406 0.437500 0.492969 0.426389 0.492188 0.418056 0.491406 0.415278 0.489844 0.412500 0.486719 0.409722 0.484375 0.412500 0.483594 0.415278 0.482812 0.423611 0.482812 0.433333 0.483594 0.436111 0.484375 0.438889 0.485938 0.441667 0.487500 0.441667 0.489063 0.440278 0.485938 0.444444 0.485156 0.448611 0.485156 0.452778 0.483594 0.452778 0.482812 0.455556 0.481250 0.452778 0.479687 0.450000 0.479687 0.448611 0.477344 0.444444 0.475781 0.443056 0.471094 0.441667 0.464062 0.443056 0.461719 0.444444 0.457813 0.451389 0.457031 0.455556 0.455469 0.454167 0.453125 0.452778 0.448437 0.452778 0.442969 0.455556 0.442969 0.456944 0.441406 0.459722 0.439844 0.458333 0.438281 0.461111 0.435937 0.462500 0.433594 0.463889 0.430469 0.463889 0.429688 0.455556 0.428125 0.456944 0.427344 0.458333 0.427344 0.459722 0.425781 0.462500 0.425781 0.463889 0.421094 0.465278 0.423438 0.461111 0.421875 0.458333 0.422656 0.452778 0.425000 0.450000 0.428906 0.452778 0.430469 0.444444 0.430469 0.440278 0.432031 0.437500 0.432031 0.434722 0.436719 0.431944 0.438281 0.434722 0.440625 0.431944 0.436719 0.431944 0.432031 0.434722 0.431250 0.430556 0.428906 0.429167 0.425781 0.419444 0.425000 0.411111 0.425781 0.405556 0.428906 0.402778 0.429688 0.408333 0.431250 0.408333 0.430469 0.411111 0.431250 0.413889 0.432812 0.416667 0.433594 0.406944 0.433594 0.404167 0.431250 0.401389 0.432812 0.395833 0.433594 0.393056 0.430469 0.388889 0.428906 0.402778 0.425781 0.405556 0.423438 0.409722 0.422656 0.398611 0.425000 0.397222 0.426563 0.394444 0.426563 0.391667 0.423438 0.386111 0.422656 0.381944 0.422656 0.379167 0.425781 0.377778 0.426563 0.375000 0.429688 0.379167 0.433594 0.376389 0.434375 0.372222 0.435156 0.375000 0.436719 0.375000 0.438281 0.372222 0.436719 0.370833 0.435937 0.369444 0.432812 0.369444 0.430469 0.370833 0.429688 0.379167 0.426563 0.375000 0.426563 0.365278 0.427344 0.362500 0.428906 0.362500 0.430469 0.359722 0.432031 0.361111 0.435937 0.359722 0.439844 0.361111 0.442969 0.372222 0.443750 0.369444 0.445312 0.366667 0.442188 0.366667 0.443750 0.369444 0.442969 0.372222 0.442188 0.376389 0.445312 0.377778 0.446094 0.373611 0.442969 0.372222 0.439844 0.361111 0.437500 0.358333 0.436719 0.354167 0.437500 0.350000 0.441406 0.345833 0.442188 0.351389 0.443750 0.352778 0.446875 0.351389 0.445312 0.350000 0.443750 0.345833 0.445312 0.344444 0.444531 0.341667 0.442969 0.340278 0.441406 0.345833 0.437500 0.350000 0.435937 0.347222 0.435937 0.344444 0.433594 0.347222 0.432812 0.334722 0.433594 0.325000 0.436719 0.323611 0.437500 0.319444 0.439063 0.319444 0.439844 0.322222 0.442188 0.322222 0.442969 0.320833 0.446094 0.322222 0.446875 0.325000 0.444531 0.325000 0.441406 0.326389 0.439844 0.329167 0.439844 0.333333 0.441406 0.336111 0.443750 0.333333 0.445312 0.337500 0.446875 0.333333 0.447656 0.334722 0.448437 0.327778 0.446875 0.325000 0.446094 0.322222 0.447656 0.320833 0.449219 0.318056 0.450000 0.316667 0.452344 0.309722 0.452344 0.306944 0.453125 0.304167 0.455469 0.304167 0.457031 0.302778 0.459375 0.302778 0.461719 0.301389 0.462500 0.298611 0.463281 0.301389 0.464844 0.298611 0.465625 0.300000 0.467969 0.294444 0.476562 0.295833 0.481250 0.291667 0.485938 0.291667 0.486719 0.295833 0.489063 0.293056 0.491406 0.293056 0.492969 0.295833 0.493750 0.302778 0.494531 0.302778 0.495312 0.304167 0.496094 0.306944 0.495312 0.312500 0.495312 0.315278 0.495312 0.315278 0.494531 0.311111 0.492969 0.313889 0.492188 0.316667 0.492188 0.338889 0.493750 0.341667 0.494531 0.337500 0.493750 0.336111 0.493750 0.333333 0.495312 0.315278 0.495312 0.315278 0.496875 0.316667 0.496875 0.319444 0.496094 0.322222 0.497656 0.327778 0.497656 0.331944 0.496875 0.333333 0.497656 0.337500 0.501563 0.341667 0.505469 0.341667 0.507812 0.343056 0.503125 0.344444 0.501563 0.347222 0.500781 0.350000 0.501563 0.355556 0.504687 0.350000 0.507031 0.347222 0.510156 0.347222 0.510938 0.350000 0.512500 0.350000 0.510938 0.351389 0.508594 0.354167 0.505469 0.359722 0.504687 0.362500 0.504687 0.368056 0.506250 0.373611 0.507812 0.375000 0.510156 0.375000 0.509375 0.380556 0.505469 0.381944 0.507812 0.383333 0.510938 0.387500 0.509375 0.380556 0.510156 0.375000 0.514844 0.381944 0.517188 0.377778 0.519531 0.380556 0.521875 0.380556 0.528906 0.368056 0.530469 0.366667 0.532031 0.369444 0.534375 0.369444 0.535937 0.376389 0.537500 0.379167 0.542188 0.379167 0.546875 0.377778 0.548438 0.375000 0.548438 0.373611 0.550781 0.372222 0.552344 0.370833 0.554688 0.369444 0.558594 0.370833 0.565625 0.368056 0.562500 0.365278 0.558594 0.365278 0.556250 0.366667 0.554688 0.369444 0.552344 0.370833 0.551562 0.365278 0.549219 0.361111 0.551562 0.361111 0.552344 0.362500 0.559375 0.361111 0.560937 0.361111 0.567969 0.363889 0.576562 0.365278 0.578906 0.372222 0.576562 0.370833 0.574219 0.369444 0.572656 0.370833 0.574219 0.373611 0.576562 0.370833 0.578906 0.372222 0.580469 0.375000 0.582812 0.377778 0.584375 0.377778 0.584375 0.386111 0.585938 0.387500 0.587500 0.388889 0.591406 0.386111 0.592969 0.390278 0.595313 0.391667 0.589844 0.391667 0.592969 0.397222 0.595313 0.397222 0.596094 0.395833 0.597656 0.395833 0.597656 0.398611 0.602344 0.400000 0.607031 0.402778 0.610938 0.397222 0.612500 0.397222 0.614062 0.400000 0.614062 0.401389 0.613281 0.406944 0.610938 0.408333 0.609375 0.411111 0.610156 0.423611 0.611719 0.418056 0.611719 0.413889 0.612500 0.411111 0.614062 0.409722 0.621094 0.408333 0.617188 0.405556 0.620313 0.404167 0.618750 0.401389 0.614062 0.401389 0.614062 0.400000 0.615625 0.400000 0.618750 0.398611 0.626563 0.398611 0.628125 0.401389 0.632031 0.402778 0.634375 0.400000 0.635156 0.397222 0.637500 0.401389 0.639844 0.402778 0.641406 0.405556 0.642188 0.420833 0.642969 0.409722 0.646094 0.393056 0.646875 0.390278 0.650000 0.384722 0.654687 0.383333 0.655469 0.381944 0.657031 0.372222 0.657031 0.368056 0.658594 0.362500 0.660156 0.361111 0.661719 0.361111 0.664062 0.358333 0.665625 0.355556 0.665625 0.352778 0.666406 0.350000 0.669531 0.345833 0.669531 0.336111 0.670312 0.330556 0.668750 0.322222 0.670312 0.319444 0.671094 0.316667 0.672656 0.313889 0.672656 0.311111 0.671094 0.316667 0.670312 0.319444 0.671094 0.300000 0.670312 0.291667 0.669531 0.288889 0.667188 0.286111 0.666406 0.280556 0.659375 0.279167 0.657813 0.277778 0.653906 0.273611 0.656250 0.265278 0.656250 0.243056 0.658594 0.238889 0.657813 0.234722 0.657031 0.225000 0.655469 0.219444 0.655469 0.211111 0.657031 0.206944 0.657813 0.176389 0.660156 0.177778 0.658594 0.170833 0.657813 0.186111 0.659375 0.193056 0.659375 0.209722 0.660937 0.219444 0.661719 0.216667 0.662500 0.215278 0.662500 0.212500 0.662500 0.208333 0.662500 0.205556 0.661719 0.191667 0.660156 0.184722 0.660156 0.177778 0.657813 0.176389 0.657031 0.163889 0.659375 0.162500 0.660156 0.152778 0.663281 0.151389 0.664062 0.150000 0.666406 0.150000 0.667969 0.150000 0.668750 0.138889 0.669531 0.133333 0.673438 0.130556 0.702344 0.130556 0.710938 0.129167 0.712500 0.122222 0.710938 0.118056 0.710938 0.115278 0.711719 0.112500 0.713281 0.109722 0.712500 0.104167 0.713281 0.093056 0.711719 0.090278 0.709375 0.088889 0.710156 0.086111 0.711719 0.087500 0.713281 0.084722 0.713281 0.076389 0.714063 0.075000 0.714063 0.070833 0.714844 0.080556 0.715625 0.066667 0.716406 0.058333 0.717187 0.050000 0.717969 0.043056 0.719531 0.040278 0.721875 0.038889 0.735938 0.038889 0.747656 0.037500 0.753906 0.034722 0.757812 0.036111 0.760156 0.033333 0.764062 0.025000 0.765625 0.022222 0.767969 0.019444 0.767969 0.018056 0.769531 0.015278 0.768750 0.013889 0.771875 0.009722 0.774219 0.002778 0.774219 0.000000 0.778125 0.001389
24 0.621875 0.429167 0.621094 0.431944 0.617969 0.430556 0.616406 0.433333 0.615625 0.437500 0.614062 0.438889 0.612500 0.438889 0.610938 0.434722 0.609375 0.433333 0.609375 0.437500 0.608594 0.438889 0.609375 0.443056 0.610156 0.443056 0.610156 0.452778 0.610156 0.455556 0.611719 0.455556 0.613281 0.456944 0.614062 0.452778 0.615625 0.450000 0.617188 0.448611 0.618750 0.448611 0.622656 0.443056 0.623437 0.440278 0.623437 0.436111 0.622656 0.434722 0.621875 0.429167
24 0.612500 0.408333 0.611719 0.409722 0.610156 0.411111 0.611719 0.412500 0.612500 0.408333 0.613281 0.409722 0.620313 0.408333 0.612500 0.408333
24 0.658594 0.059722 0.657813 0.063889 0.650000 0.063889 0.648438 0.066667 0.648438 0.072222 0.650000 0.075000 0.657031 0.076389 0.658594 0.075000 0.659375 0.070833 0.662500 0.069444 0.665625 0.069444 0.666406 0.068056 0.667969 0.066667 0.680469 0.065278 0.684375 0.068056 0.700000 0.081944 0.707031 0.087500 0.709375 0.086111 0.707812 0.086111 0.707031 0.083333 0.706250 0.083333 0.703906 0.083333 0.700781 0.080556 0.698438 0.076389 0.695312 0.076389 0.694531 0.073611 0.690625 0.069444 0.687500 0.069444 0.684375 0.068056 0.682031 0.063889 0.680469 0.063889 0.675000 0.063889 0.669531 0.065278 0.659375 0.062500 0.660156 0.061111 0.658594 0.059722
29 0.583594 0.415278 0.582812 0.418056 0.582812 0.423611 0.582031 0.425000 0.582031 0.429167 0.582812 0.430556 0.582812 0.436111 0.583594 0.437500 0.583594 0.440278 0.585156 0.438889 0.587500 0.438889 0.588281 0.436111 0.589063 0.433333 0.589844 0.426389 0.590625 0.419444 0.589844 0.415278 0.589063 0.412500 0.587500 0.411111 0.583594 0.415278
29 0.485156 0.412500 0.484375 0.415278 0.483594 0.423611 0.483594 0.433333 0.484375 0.436111 0.485156 0.438889 0.487500 0.440278 0.490625 0.437500 0.491406 0.434722 0.492188 0.425000 0.491406 0.418056 0.490625 0.415278 0.489844 0.413889 0.486719 0.411111 0.485156 0.412500
25 0.071875 0.525000 0.069531 0.530556 0.071875 0.530556 0.071875 0.525000
25 0.214844 0.513889 0.216406 0.513889 0.217969 0.515278 0.221875 0.513889 0.214844 0.513889
25 0.334375 0.494444 0.332031 0.497222 0.328125 0.498611 0.324219 0.498611 0.333594 0.498611 0.334375 0.497222 0.335938 0.495833 0.334375 0.494444
25 0.775781 0.488889 0.775781 0.500000 0.776563 0.501389 0.777344 0.512500 0.778125 0.502778 0.778125 0.491667 0.778125 0.488889 0.775781 0.488889
25 0.000000 0.488889 0.000000 0.494444 0.001563 0.494444 0.010156 0.493056 0.009375 0.490278 0.007031 0.487500 0.000000 0.488889
25 0.355469 0.481944 0.353906 0.487500 0.352344 0.490278 0.349219 0.490278 0.345313 0.487500 0.342969 0.487500 0.340625 0.490278 0.342969 0.493056 0.344531 0.493056 0.346094 0.493056 0.349219 0.493056 0.353125 0.491667 0.354687 0.490278 0.356250 0.487500 0.355469 0.486111 0.357031 0.484722 0.362500 0.486111 0.364844 0.484722 0.367188 0.483333 0.364844 0.483333 0.359375 0.484722 0.357812 0.484722 0.355469 0.481944
25 0.417187 0.475000 0.414844 0.476389 0.414062 0.477778 0.412500 0.477778 0.414844 0.477778 0.416406 0.476389 0.420312 0.477778 0.421094 0.476389 0.422656 0.475000 0.417187 0.475000
25 0.378125 0.468056 0.375000 0.473611 0.372656 0.475000 0.370312 0.479167 0.367969 0.479167 0.362500 0.477778 0.360938 0.479167 0.375000 0.477778 0.381250 0.479167 0.378906 0.481944 0.380469 0.481944 0.381250 0.480556 0.389844 0.480556 0.390625 0.479167 0.397656 0.479167 0.390625 0.477778 0.387500 0.479167 0.384375 0.477778 0.382031 0.473611 0.378125 0.473611 0.379688 0.470833 0.381250 0.470833 0.379688 0.468056 0.378125 0.468056
25 0.429688 0.456944 0.428125 0.458333 0.426563 0.462500 0.425000 0.462500 0.426563 0.463889 0.425000 0.466667 0.426563 0.465278 0.429688 0.465278 0.429688 0.456944
25 0.608594 0.445833 0.608594 0.451389 0.610156 0.451389 0.610156 0.444444 0.608594 0.445833
25 0.256250 0.440278 0.256250 0.445833 0.258594 0.450000 0.259375 0.452778 0.258594 0.468056 0.258594 0.483333 0.260156 0.484722 0.257812 0.486111 0.257031 0.490278 0.259375 0.487500 0.261719 0.487500 0.261719 0.484722 0.260937 0.473611 0.264062 0.466667 0.264844 0.465278 0.269531 0.462500 0.267969 0.461111 0.264844 0.459722 0.259375 0.458333 0.260156 0.455556 0.261719 0.452778 0.261719 0.448611 0.260937 0.445833 0.258594 0.441667 0.256250 0.440278
25 0.232813 0.438889 0.232031 0.443056 0.231250 0.444444 0.230469 0.444444 0.228906 0.445833 0.230469 0.445833 0.232031 0.443056 0.232031 0.441667 0.235156 0.440278 0.232813 0.438889
25 0.589844 0.433333 0.589063 0.434722 0.588281 0.437500 0.591406 0.431944 0.590625 0.427778 0.589844 0.433333
25 0.619531 0.425000 0.614844 0.431944 0.614062 0.431944 0.613281 0.433333 0.613281 0.434722 0.612500 0.437500 0.614062 0.437500 0.615625 0.436111 0.615625 0.433333 0.617969 0.429167 0.620313 0.429167 0.621875 0.427778 0.623437 0.430556 0.624219 0.436111 0.623437 0.441667 0.624219 0.438889 0.625000 0.437500 0.625000 0.433333 0.624219 0.430556 0.623437 0.427778 0.622656 0.426389 0.621094 0.425000 0.619531 0.425000
25 0.578906 0.423611 0.578125 0.427778 0.578125 0.430556 0.579688 0.440278 0.581250 0.441667 0.583594 0.443056 0.583594 0.444444 0.585156 0.448611 0.585156 0.441667 0.581250 0.440278 0.582812 0.438889 0.581250 0.429167 0.582031 0.423611 0.582031 0.420833 0.578906 0.423611
25 0.614062 0.402778 0.614062 0.406944 0.617969 0.406944 0.616406 0.405556 0.619531 0.404167 0.614062 0.402778
25 0.534375 0.393056 0.532813 0.397222 0.534375 0.395833 0.535937 0.394444 0.534375 0.393056
25 0.517188 0.393056 0.518750 0.393056 0.522656 0.398611 0.525781 0.398611 0.525781 0.395833 0.522656 0.391667 0.517188 0.393056
25 0.430469 0.390278 0.430469 0.401389 0.429688 0.402778 0.429688 0.406944 0.432031 0.408333 0.431250 0.411111 0.432812 0.415278 0.432031 0.405556 0.432812 0.404167 0.431250 0.402778 0.430469 0.400000 0.431250 0.397222 0.432812 0.391667 0.430469 0.390278
25 0.506250 0.381944 0.509375 0.383333 0.510938 0.386111 0.509375 0.381944 0.506250 0.381944
25 0.537500 0.376389 0.539844 0.376389 0.539062 0.373611 0.537500 0.376389
25 0.442969 0.373611 0.442969 0.376389 0.445312 0.376389 0.445312 0.373611 0.442969 0.373611
25 0.432812 0.370833 0.432031 0.372222 0.430469 0.372222 0.430469 0.379167 0.432812 0.376389 0.432812 0.373611 0.434375 0.370833 0.435156 0.373611 0.437500 0.372222 0.435937 0.370833 0.432812 0.370833
25 0.558594 0.366667 0.557813 0.368056 0.555469 0.369444 0.558594 0.369444 0.559375 0.368056 0.565625 0.369444 0.563281 0.368056 0.562500 0.366667 0.558594 0.366667
25 0.546875 0.370833 0.548438 0.370833 0.549219 0.366667 0.546875 0.370833
25 0.540625 0.363889 0.540625 0.369444 0.540625 0.366667 0.542188 0.363889 0.540625 0.363889
25 0.522656 0.348611 0.521875 0.351389 0.520312 0.348611 0.517969 0.348611 0.513281 0.350000 0.510938 0.352778 0.508594 0.355556 0.506250 0.359722 0.505469 0.362500 0.505469 0.368056 0.506250 0.372222 0.507812 0.373611 0.510156 0.373611 0.516406 0.379167 0.516406 0.377778 0.517969 0.376389 0.519531 0.379167 0.521875 0.379167 0.529687 0.365278 0.531250 0.365278 0.529687 0.362500 0.529687 0.361111 0.528906 0.356944 0.527344 0.356944 0.528125 0.359722 0.530469 0.363889 0.528906 0.365278 0.524219 0.356944 0.524219 0.347222 0.522656 0.348611
25 0.442969 0.341667 0.442188 0.345833 0.442188 0.350000 0.443750 0.351389 0.446094 0.351389 0.442969 0.345833 0.444531 0.343056 0.442969 0.341667
25 0.444531 0.326389 0.440625 0.329167 0.441406 0.334722 0.443750 0.331944 0.445312 0.336111 0.447656 0.333333 0.446875 0.326389 0.444531 0.326389
25 0.451562 0.300000 0.453125 0.301389 0.454688 0.304167 0.457031 0.301389 0.459375 0.301389 0.451562 0.300000
25 0.396875 0.284722 0.397656 0.290278 0.398438 0.293056 0.398438 0.288889 0.397656 0.287500 0.397656 0.283333 0.396875 0.284722
25 0.877344 0.251389 0.875000 0.252778 0.875000 0.255556 0.878906 0.254167 0.878125 0.252778 0.878906 0.250000 0.877344 0.251389
25 0.503125 0.252778 0.505469 0.251389 0.507031 0.252778 0.507812 0.250000 0.503125 0.252778
25 0.458594 0.181944 0.459375 0.184722 0.460938 0.184722 0.460156 0.181944 0.458594 0.181944
25 0.658594 0.172222 0.658594 0.186111 0.660156 0.193056 0.660156 0.209722 0.660937 0.211111 0.660937 0.218056 0.661719 0.215278 0.661719 0.212500 0.661719 0.208333 0.661719 0.205556 0.660937 0.191667 0.659375 0.184722 0.659375 0.177778 0.658594 0.176389 0.658594 0.172222
25 0.662500 0.147222 0.657813 0.148611 0.658594 0.156944 0.659375 0.158333 0.659375 0.161111 0.659375 0.152778 0.660937 0.150000 0.664062 0.147222 0.662500 0.147222
25 0.836719 0.141667 0.835938 0.144444 0.835156 0.147222 0.835156 0.150000 0.834375 0.152778 0.835938 0.150000 0.835938 0.148611 0.837500 0.145833 0.836719 0.141667
25 0.396094 0.141667 0.398438 0.143056 0.398438 0.140278 0.396094 0.141667
25 0.421094 0.133333 0.422656 0.134722 0.424219 0.136111 0.425781 0.136111 0.426563 0.137500 0.428125 0.137500 0.426563 0.137500 0.424219 0.134722 0.421094 0.133333
25 0.594531 0.095833 0.595313 0.097222 0.599219 0.097222 0.598437 0.098611 0.601562 0.098611 0.603125 0.095833 0.607031 0.101389 0.609375 0.101389 0.610156 0.106944 0.611719 0.109722 0.614844 0.112500 0.617188 0.111111 0.614844 0.108333 0.617188 0.109722 0.617969 0.111111 0.621094 0.111111 0.621875 0.109722 0.623437 0.109722 0.624219 0.113889 0.632031 0.113889 0.635156 0.118056 0.637500 0.119444 0.639844 0.119444 0.642188 0.120833 0.643750 0.122222 0.645312 0.125000 0.646875 0.123611 0.643750 0.118056 0.642188 0.116667 0.644531 0.119444 0.646875 0.122222 0.648438 0.122222 0.646875 0.125000 0.653125 0.126389 0.653906 0.138889 0.655469 0.145833 0.656250 0.154167 0.657031 0.162500 0.657031 0.176389 0.656250 0.206944 0.654687 0.211111 0.654687 0.219444 0.656250 0.225000 0.656250 0.236111 0.657813 0.236111 0.657813 0.238889 0.657031 0.241667 0.655469 0.243056 0.655469 0.265278 0.653906 0.269444 0.653125 0.272222 0.653906 0.275000 0.656250 0.276389 0.657813 0.279167 0.659375 0.280556 0.665625 0.280556 0.665625 0.284722 0.667188 0.287500 0.667969 0.287500 0.668750 0.291667 0.670312 0.293056 0.670312 0.300000 0.669531 0.319444 0.667969 0.322222 0.669531 0.329167 0.668750 0.336111 0.669531 0.344444 0.665625 0.350000 0.664062 0.356944 0.663281 0.356944 0.661719 0.359722 0.660156 0.359722 0.658594 0.361111 0.657031 0.363889 0.656250 0.368056 0.656250 0.372222 0.654687 0.376389 0.655469 0.380556 0.653906 0.383333 0.650000 0.383333 0.646094 0.390278 0.645312 0.393056 0.642188 0.409722 0.642188 0.419444 0.642188 0.405556 0.639844 0.401389 0.637500 0.400000 0.635156 0.395833 0.633594 0.398611 0.633594 0.400000 0.628125 0.400000 0.626563 0.397222 0.618750 0.397222 0.615625 0.398611 0.614062 0.398611 0.612500 0.395833 0.610156 0.397222 0.609375 0.398611 0.608594 0.400000 0.607031 0.401389 0.602344 0.398611 0.598437 0.398611 0.598437 0.395833 0.596094 0.394444 0.595313 0.395833 0.592969 0.395833 0.592187 0.394444 0.589844 0.394444 0.596094 0.391667 0.592969 0.388889 0.592187 0.387500 0.591406 0.384722 0.591406 0.384722 0.592969 0.377778 0.590625 0.376389 0.590625 0.380556 0.591406 0.384722 0.591406 0.384722 0.588281 0.387500 0.585938 0.386111 0.584375 0.384722 0.585156 0.379167 0.582812 0.376389 0.581250 0.373611 0.580469 0.373611 0.579688 0.372222 0.577344 0.366667 0.577344 0.365278 0.575781 0.362500 0.567969 0.362500 0.560937 0.359722 0.559375 0.359722 0.552344 0.361111 0.547656 0.358333 0.542969 0.358333 0.541406 0.356944 0.539844 0.355556 0.536719 0.350000 0.534375 0.350000 0.533594 0.351389 0.530469 0.351389 0.529687 0.354167 0.526563 0.351389 0.528906 0.348611 0.525781 0.343056 0.524219 0.341667 0.522656 0.343056 0.521875 0.338889 0.521094 0.338889 0.518750 0.336111 0.518750 0.329167 0.517188 0.326389 0.518750 0.322222 0.514844 0.322222 0.514062 0.319444 0.512500 0.326389 0.510938 0.329167 0.511719 0.331944 0.511719 0.334722 0.514062 0.338889 0.516406 0.338889 0.517969 0.341667 0.520312 0.343056 0.520312 0.345833 0.516406 0.344444 0.515625 0.347222 0.513281 0.347222 0.514844 0.345833 0.512500 0.344444 0.507031 0.345833 0.504687 0.348611 0.501563 0.354167 0.501563 0.350000 0.502344 0.347222 0.507031 0.345833 0.510156 0.344444 0.507812 0.340278 0.511719 0.338889 0.508594 0.334722 0.507812 0.334722 0.507031 0.329167 0.510156 0.326389 0.512500 0.322222 0.513281 0.318056 0.517188 0.311111 0.517969 0.308333 0.518750 0.305556 0.518750 0.313889 0.515625 0.316667 0.518750 0.318056 0.520312 0.316667 0.520312 0.308333 0.518750 0.305556 0.517969 0.308333 0.517188 0.300000 0.518750 0.294444 0.517188 0.291667 0.516406 0.287500 0.516406 0.284722 0.517969 0.283333 0.516406 0.277778 0.515625 0.280556 0.514844 0.277778 0.516406 0.277778 0.516406 0.275000 0.515625 0.272222 0.511719 0.263889 0.510156 0.261111 0.509375 0.261111 0.507031 0.256944 0.505469 0.258333 0.504687 0.255556 0.507031 0.256944 0.510938 0.250000 0.511719 0.247222 0.512500 0.244444 0.510156 0.244444 0.507812 0.244444 0.512500 0.237500 0.514062 0.230556 0.514062 0.223611 0.514844 0.233333 0.516406 0.223611 0.516406 0.201389 0.519531 0.195833 0.520312 0.195833 0.522656 0.191667 0.519531 0.190278 0.524219 0.183333 0.525000 0.176389 0.525000 0.172222 0.525781 0.180556 0.527344 0.175000 0.527344 0.169444 0.529687 0.163889 0.530469 0.161111 0.531250 0.154167 0.532813 0.152778 0.532031 0.151389 0.535937 0.143056 0.536719 0.144444 0.539062 0.140278 0.538281 0.137500 0.539062 0.136111 0.539062 0.134722 0.541406 0.129167 0.547656 0.116667 0.548438 0.120833 0.546875 0.123611 0.543750 0.125000 0.544531 0.127778 0.546875 0.123611 0.548438 0.120833 0.550781 0.116667 0.551562 0.112500 0.553906 0.112500 0.556250 0.106944 0.564844 0.105556 0.565625 0.105556 0.567969 0.102778 0.571094 0.101389 0.566406 0.100000 0.564844 0.102778 0.565625 0.105556 0.564844 0.105556 0.559375 0.104167 0.558594 0.102778 0.556250 0.102778 0.563281 0.102778 0.565625 0.100000 0.567969 0.098611 0.578906 0.097222 0.581250 0.097222 0.586719 0.098611 0.589844 0.095833 0.594531 0.095833
25 0.907031 0.088889 0.907813 0.091667 0.908594 0.088889 0.907031 0.088889
25 0.228906 0.083333 0.229687 0.087500 0.231250 0.088889 0.235937 0.088889 0.236719 0.087500 0.238281 0.087500 0.234375 0.087500 0.232031 0.084722 0.230469 0.084722 0.228906 0.083333
25 0.022656 0.075000 0.024219 0.076389 0.025000 0.079167 0.025781 0.087500 0.028125 0.086111 0.027344 0.079167 0.026562 0.079167 0.025000 0.076389 0.022656 0.075000
25 0.894531 0.065278 0.896094 0.068056 0.896875 0.073611 0.898438 0.077778 0.900000 0.076389 0.900781 0.086111 0.901563 0.088889 0.903125 0.091667 0.903125 0.093056 0.903906 0.094444 0.906250 0.095833 0.907813 0.098611 0.907813 0.101389 0.908594 0.104167 0.910156 0.106944 0.911719 0.108333 0.914062 0.108333 0.917188 0.111111 0.917969 0.113889 0.917969 0.120833 0.918750 0.123611 0.919531 0.125000 0.920312 0.125000 0.921875 0.127778 0.922656 0.131944 0.922656 0.137500 0.922656 0.154167 0.921094 0.161111 0.921094 0.163889 0.922656 0.183333 0.921875 0.190278 0.920312 0.193056 0.917969 0.194444 0.914844 0.195833 0.914062 0.198611 0.913281 0.201389 0.912500 0.206944 0.911719 0.211111 0.913281 0.218056 0.915625 0.225000 0.915625 0.227778 0.914062 0.236111 0.910937 0.238889 0.907813 0.240278 0.905469 0.238889 0.903906 0.236111 0.899219 0.234722 0.896875 0.229167 0.890625 0.229167 0.886719 0.231944 0.875781 0.231944 0.872656 0.237500 0.871875 0.244444 0.870313 0.245833 0.868750 0.245833 0.867188 0.248611 0.864844 0.250000 0.861719 0.251389 0.853125 0.251389 0.851562 0.252778 0.849219 0.259722 0.847656 0.261111 0.846094 0.259722 0.843750 0.263889 0.842969 0.266667 0.842969 0.293056 0.842187 0.295833 0.840625 0.298611 0.838281 0.301389 0.835156 0.302778 0.832812 0.304167 0.832812 0.306944 0.830469 0.306944 0.828125 0.311111 0.824219 0.312500 0.821875 0.315278 0.820312 0.316667 0.818750 0.315278 0.817187 0.316667 0.815625 0.318056 0.814844 0.320833 0.814063 0.319444 0.812500 0.322222 0.810937 0.329167 0.808594 0.333333 0.806250 0.334722 0.804688 0.337500 0.803125 0.341667 0.801562 0.345833 0.801562 0.345833 0.800781 0.343056 0.798438 0.345833 0.797656 0.347222 0.796875 0.350000 0.796875 0.354167 0.796875 0.358333 0.798438 0.355556 0.799219 0.351389 0.800781 0.348611 0.801562 0.345833 0.801562 0.345833 0.800781 0.348611 0.800000 0.355556 0.799219 0.358333 0.796875 0.358333 0.796094 0.361111 0.795312 0.362500 0.795312 0.366667 0.789062 0.366667 0.783594 0.356944 0.782031 0.354167 0.781250 0.350000 0.779687 0.348611 0.778125 0.344444 0.777344 0.341667 0.776563 0.338889 0.776563 0.334722 0.779687 0.334722 0.781250 0.331944 0.780469 0.304167 0.781250 0.281944 0.781250 0.276389 0.779687 0.263889 0.781250 0.247222 0.782031 0.240278 0.783594 0.233333 0.785937 0.231944 0.786719 0.227778 0.786719 0.225000 0.788281 0.225000 0.792188 0.218056 0.795312 0.215278 0.795312 0.215278 0.792969 0.219444 0.796094 0.218056 0.795312 0.215278 0.795312 0.215278 0.797656 0.211111 0.798438 0.206944 0.799219 0.205556 0.800000 0.205556 0.801562 0.202778 0.802344 0.202778 0.803125 0.201389 0.803906 0.197222 0.806250 0.194444 0.808594 0.193056 0.810156 0.190278 0.810937 0.187500 0.809375 0.186111 0.809375 0.183333 0.810156 0.180556 0.812500 0.181944 0.814844 0.179167 0.817187 0.177778 0.818750 0.175000 0.818750 0.172222 0.821875 0.168056 0.826562 0.168056 0.829688 0.166667 0.832031 0.165278 0.834375 0.163889 0.835938 0.161111 0.836719 0.156944 0.841406 0.148611 0.842187 0.145833 0.842187 0.127778 0.845313 0.122222 0.847656 0.116667 0.847656 0.115278 0.849219 0.112500 0.852344 0.109722 0.854688 0.109722 0.855469 0.111111 0.857031 0.111111 0.857812 0.115278 0.860938 0.120833 0.863281 0.119444 0.864844 0.118056 0.867188 0.113889 0.868750 0.108333 0.870313 0.108333 0.871094 0.106944 0.873437 0.106944 0.878125 0.108333 0.880469 0.104167 0.883594 0.094444 0.884375 0.087500 0.889062 0.080556 0.891406 0.075000 0.892188 0.072222 0.892188 0.063889 0.894531 0.065278
25 0.178125 0.009722 0.178906 0.012500 0.179688 0.009722 0.178125 0.009722
25 0.182812 0.009722 0.184375 0.009722 0.186719 0.012500 0.185938 0.009722 0.185938 0.006944 0.182812 0.009722
25 0.184375 0.000000 0.183594 0.004167 0.181250 0.004167 0.180469 0.001389 0.176563 0.002778 0.173437 0.008333 0.173437 0.011111 0.174219 0.013889 0.175781 0.016667 0.177344 0.018056 0.185156 0.018056 0.186719 0.020833 0.189062 0.022222 0.192969 0.020833 0.192969 0.029167 0.195312 0.030556 0.193750 0.033333 0.193750 0.036111 0.196094 0.037500 0.198437 0.041667 0.200000 0.043056 0.201563 0.044444 0.203125 0.044444 0.206250 0.048611 0.207813 0.047222 0.207813 0.054167 0.210156 0.058333 0.212500 0.059722 0.213281 0.062500 0.214844 0.061111 0.217188 0.066667 0.217969 0.063889 0.217969 0.068056 0.221094 0.077778 0.224219 0.083333 0.225781 0.088889 0.228125 0.093056 0.238281 0.093056 0.242969 0.094444 0.244531 0.097222 0.246875 0.097222 0.249219 0.100000 0.250000 0.105556 0.251563 0.108333 0.251563 0.109722 0.253125 0.112500 0.252344 0.106944 0.251563 0.109722 0.251563 0.108333 0.252344 0.102778 0.250781 0.100000 0.253125 0.104167 0.253125 0.105556 0.255469 0.109722 0.256250 0.112500 0.257031 0.116667 0.257812 0.116667 0.258594 0.120833 0.257031 0.116667 0.255469 0.118056 0.257031 0.125000 0.259375 0.127778 0.257031 0.130556 0.258594 0.134722 0.258594 0.144444 0.259375 0.148611 0.261719 0.152778 0.263281 0.154167 0.265625 0.155556 0.267188 0.156944 0.271094 0.155556 0.272656 0.152778 0.271875 0.150000 0.274219 0.150000 0.275000 0.147222 0.276562 0.150000 0.278125 0.147222 0.279687 0.145833 0.278906 0.143056 0.280469 0.138889 0.279687 0.130556 0.278906 0.127778 0.276562 0.123611 0.276562 0.120833 0.277344 0.120833 0.277344 0.125000 0.278906 0.118056 0.277344 0.120833 0.276562 0.120833 0.278125 0.119444 0.278125 0.115278 0.280469 0.115278 0.282031 0.112500 0.282813 0.109722 0.282813 0.105556 0.282813 0.102778 0.281250 0.101389 0.281250 0.097222 0.282813 0.097222 0.281250 0.091667 0.282031 0.083333 0.282813 0.081944 0.282813 0.079167 0.285938 0.077778 0.288281 0.072222 0.289844 0.068056 0.290625 0.065278 0.291406 0.062500 0.291406 0.054167 0.292969 0.051389 0.293750 0.045833 0.294531 0.052778 0.296094 0.044444 0.298438 0.040278 0.296875 0.037500 0.299219 0.037500 0.300000 0.040278 0.303125 0.040278 0.304688 0.038889 0.306250 0.034722 0.307812 0.038889 0.310156 0.040278 0.311719 0.044444 0.311719 0.040278 0.317188 0.050000 0.314844 0.045833 0.313281 0.047222 0.315625 0.052778 0.317188 0.055556 0.319531 0.054167 0.320312 0.058333 0.320312 0.065278 0.321094 0.068056 0.322656 0.070833 0.326562 0.075000 0.325781 0.086111 0.325781 0.091667 0.328125 0.098611 0.328125 0.104167 0.328906 0.106944 0.327344 0.102778 0.326562 0.106944 0.327344 0.109722 0.329688 0.113889 0.329688 0.120833 0.330469 0.122222 0.331250 0.125000 0.331250 0.116667 0.332031 0.119444 0.334375 0.126389 0.332813 0.126389 0.332031 0.133333 0.332813 0.134722 0.333594 0.137500 0.334375 0.130556 0.333594 0.129167 0.332813 0.126389 0.334375 0.126389 0.334375 0.134722 0.336719 0.144444 0.335938 0.150000 0.337500 0.152778 0.340625 0.155556 0.340625 0.159722 0.341406 0.161111 0.342187 0.169444 0.342187 0.173611 0.341406 0.184722 0.342969 0.186111 0.342187 0.190278 0.341406 0.184722 0.339844 0.188889 0.338281 0.191667 0.341406 0.193056 0.340625 0.200000 0.338281 0.204167 0.337500 0.208333 0.339062 0.211111 0.341406 0.211111 0.342187 0.213889 0.342187 0.216667 0.344531 0.220833 0.345313 0.223611 0.346094 0.226389 0.346094 0.230556 0.346875 0.234722 0.349219 0.238889 0.350781 0.238889 0.353906 0.243056 0.355469 0.244444 0.357812 0.245833 0.357812 0.247222 0.360156 0.251389 0.356250 0.244444 0.353906 0.245833 0.355469 0.248611 0.356250 0.248611 0.358594 0.252778 0.359375 0.255556 0.360156 0.259722 0.360938 0.277778 0.361719 0.275000 0.362500 0.273611 0.362500 0.266667 0.362500 0.273611 0.364063 0.281944 0.364844 0.284722 0.365625 0.287500 0.367188 0.290278 0.367969 0.294444 0.368750 0.295833 0.372656 0.302778 0.375000 0.306944 0.379688 0.311111 0.382031 0.312500 0.384375 0.313889 0.389062 0.312500 0.394531 0.308333 0.396875 0.304167 0.396875 0.301389 0.397656 0.298611 0.399219 0.295833 0.399219 0.298611 0.397656 0.301389 0.396875 0.306944 0.395313 0.308333 0.394531 0.308333 0.391406 0.312500 0.387500 0.313889 0.384375 0.315278 0.382812 0.313889 0.381250 0.313889 0.375000 0.308333 0.368750 0.298611 0.367188 0.295833 0.365625 0.288889 0.362500 0.281944 0.361719 0.286111 0.362500 0.290278 0.363281 0.293056 0.364844 0.295833 0.365625 0.300000 0.369531 0.302778 0.371094 0.306944 0.371094 0.308333 0.373437 0.309722 0.371875 0.319444 0.372656 0.322222 0.378906 0.323611 0.381250 0.319444 0.380469 0.316667 0.378906 0.318056 0.378906 0.315278 0.382812 0.319444 0.386719 0.319444 0.388281 0.316667 0.390625 0.316667 0.392188 0.320833 0.391406 0.320833 0.389844 0.319444 0.388281 0.319444 0.385937 0.323611 0.385937 0.329167 0.384375 0.331944 0.385156 0.334722 0.387500 0.336111 0.387500 0.343056 0.386719 0.345833 0.383594 0.343056 0.381250 0.343056 0.380469 0.345833 0.378125 0.347222 0.376563 0.350000 0.375781 0.352778 0.375781 0.355556 0.377344 0.358333 0.381250 0.359722 0.385937 0.359722 0.387500 0.358333 0.391406 0.351389 0.392188 0.348611 0.393750 0.347222 0.394531 0.341667 0.395313 0.340278 0.395313 0.337500 0.397656 0.334722 0.397656 0.331944 0.399219 0.329167 0.396094 0.325000 0.393750 0.325000 0.391406 0.320833 0.392188 0.320833 0.393750 0.320833 0.395313 0.318056 0.394531 0.313889 0.395313 0.311111 0.399219 0.315278 0.401562 0.318056 0.403125 0.316667 0.403906 0.315278 0.404687 0.312500 0.403906 0.306944 0.402344 0.308333 0.402344 0.305556 0.403125 0.302778 0.404687 0.302778 0.405469 0.308333 0.407813 0.300000 0.407813 0.297222 0.406250 0.290278 0.405469 0.287500 0.406250 0.284722 0.405469 0.281944 0.403906 0.279167 0.401562 0.280556 0.401562 0.276389 0.398438 0.270833 0.393750 0.279167 0.392969 0.276389 0.391406 0.276389 0.389844 0.273611 0.390625 0.269444 0.392188 0.272222 0.393750 0.270833 0.396094 0.269444 0.395313 0.263889 0.393750 0.261111 0.393750 0.259722 0.391406 0.254167 0.388281 0.254167 0.388281 0.250000 0.390625 0.247222 0.389062 0.244444 0.387500 0.245833 0.386719 0.243056 0.386719 0.248611 0.385937 0.251389 0.385156 0.247222 0.385156 0.244444 0.383594 0.243056 0.385156 0.240278 0.389844 0.237500 0.386719 0.236111 0.386719 0.233333 0.388281 0.234722 0.389844 0.233333 0.391406 0.230556 0.392969 0.230556 0.392969 0.225000 0.394531 0.226389 0.394531 0.222222 0.396094 0.222222 0.396875 0.211111 0.396875 0.208333 0.393750 0.201389 0.392969 0.202778 0.392188 0.200000 0.390625 0.198611 0.391406 0.194444 0.390625 0.188889 0.392969 0.190278 0.393750 0.183333 0.395313 0.177778 0.397656 0.175000 0.398438 0.172222 0.398438 0.163889 0.399219 0.161111 0.400781 0.159722 0.400000 0.154167 0.401562 0.150000 0.400000 0.145833 0.400000 0.138889 0.400781 0.136111 0.400781 0.133333 0.401562 0.130556 0.403125 0.133333 0.405469 0.131944 0.403906 0.133333 0.404687 0.138889 0.407813 0.140278 0.408594 0.136111 0.411719 0.138889 0.412500 0.137500 0.412500 0.141667 0.414062 0.143056 0.416406 0.141667 0.414844 0.140278 0.414062 0.137500 0.412500 0.137500 0.411719 0.138889 0.412500 0.131944 0.414062 0.133333 0.415625 0.133333 0.415625 0.136111 0.417969 0.137500 0.417187 0.143056 0.421094 0.140278 0.423438 0.143056 0.427344 0.143056 0.426563 0.147222 0.428125 0.151389 0.430469 0.151389 0.432812 0.148611 0.433594 0.154167 0.435156 0.151389 0.436719 0.147222 0.436719 0.144444 0.438281 0.151389 0.440625 0.154167 0.439844 0.156944 0.441406 0.159722 0.444531 0.158333 0.445312 0.169444 0.446094 0.170833 0.446875 0.172222 0.446875 0.175000 0.449219 0.179167 0.450781 0.180556 0.455469 0.180556 0.456250 0.177778 0.455469 0.181944 0.457031 0.183333 0.457813 0.184722 0.458594 0.187500 0.458594 0.194444 0.460156 0.200000 0.459375 0.204167 0.460938 0.205556 0.461719 0.208333 0.461719 0.211111 0.463281 0.215278 0.464844 0.218056 0.466406 0.215278 0.466406 0.218056 0.464844 0.220833 0.466406 0.225000 0.465625 0.237500 0.467969 0.237500 0.466406 0.240278 0.467969 0.243056 0.469531 0.244444 0.467969 0.247222 0.467969 0.250000 0.470313 0.252778 0.471094 0.255556 0.469531 0.256944 0.468750 0.251389 0.466406 0.250000 0.467969 0.245833 0.467187 0.243056 0.464062 0.243056 0.461719 0.250000 0.460938 0.245833 0.457813 0.247222 0.453906 0.247222 0.453125 0.251389 0.451562 0.254167 0.447656 0.254167 0.442969 0.258333 0.441406 0.261111 0.440625 0.263889 0.439844 0.269444 0.439844 0.273611 0.441406 0.277778 0.440625 0.281944 0.442969 0.283333 0.442188 0.294444 0.442188 0.297222 0.444531 0.302778 0.446875 0.304167 0.447656 0.311111 0.449219 0.313889 0.447656 0.319444 0.446094 0.320833 0.442969 0.319444 0.442188 0.320833 0.439844 0.320833 0.439063 0.318056 0.437500 0.318056 0.436719 0.322222 0.434375 0.322222 0.432812 0.325000 0.432031 0.334722 0.433594 0.348611 0.434375 0.344444 0.435156 0.347222 0.436719 0.350000 0.435937 0.354167 0.436719 0.358333 0.439844 0.358333 0.435937 0.358333 0.434375 0.359722 0.430469 0.358333 0.428906 0.361111 0.426563 0.362500 0.425781 0.365278 0.425781 0.375000 0.425000 0.377778 0.422656 0.377778 0.421875 0.381944 0.422656 0.386111 0.425781 0.391667 0.425781 0.394444 0.423438 0.395833 0.421875 0.398611 0.421875 0.409722 0.424219 0.405556 0.424219 0.411111 0.425000 0.419444 0.427344 0.425000 0.427344 0.426389 0.428125 0.429167 0.430469 0.430556 0.430469 0.433333 0.431250 0.434722 0.431250 0.437500 0.429688 0.440278 0.429688 0.444444 0.428125 0.447222 0.428906 0.451389 0.425000 0.448611 0.423438 0.451389 0.422656 0.451389 0.421094 0.454167 0.421094 0.458333 0.422656 0.461111 0.421094 0.462500 0.419531 0.465278 0.419531 0.469444 0.417187 0.468056 0.415625 0.468056 0.412500 0.473611 0.410938 0.473611 0.410156 0.476389 0.406250 0.476389 0.405469 0.477778 0.400000 0.477778 0.400781 0.469444 0.400000 0.466667 0.399219 0.465278 0.398438 0.465278 0.395313 0.466667 0.395313 0.469444 0.394531 0.472222 0.391406 0.465278 0.389062 0.468056 0.388281 0.472222 0.386719 0.466667 0.386719 0.458333 0.384375 0.458333 0.382812 0.455556 0.378125 0.455556 0.376563 0.455556 0.374219 0.458333 0.371094 0.458333 0.369531 0.459722 0.367969 0.462500 0.367969 0.465278 0.367969 0.468056 0.365625 0.468056 0.362500 0.470833 0.358594 0.469444 0.353906 0.473611 0.352344 0.473611 0.350781 0.470833 0.347656 0.466667 0.345313 0.468056 0.344531 0.470833 0.342969 0.472222 0.343750 0.475000 0.341406 0.475000 0.341406 0.477778 0.339844 0.475000 0.339844 0.473611 0.336719 0.473611 0.334375 0.480556 0.332813 0.479167 0.332031 0.483333 0.333594 0.484722 0.332813 0.487500 0.332813 0.484722 0.331250 0.483333 0.331250 0.480556 0.329688 0.477778 0.328906 0.475000 0.328906 0.469444 0.327344 0.466667 0.325781 0.465278 0.321875 0.465278 0.320312 0.466667 0.319531 0.469444 0.317969 0.470833 0.315625 0.470833 0.311719 0.468056 0.306250 0.468056 0.300781 0.472222 0.297656 0.477778 0.296094 0.480556 0.292187 0.480556 0.289844 0.484722 0.288281 0.475000 0.287500 0.470833 0.286719 0.468056 0.282813 0.462500 0.280469 0.458333 0.278906 0.456944 0.277344 0.456944 0.272656 0.458333 0.271094 0.454167 0.270313 0.451389 0.267188 0.437500 0.265625 0.434722 0.271875 0.419444 0.274219 0.420833 0.275000 0.419444 0.277344 0.420833 0.280469 0.422222 0.282813 0.422222 0.284375 0.419444 0.282813 0.416667 0.281250 0.415278 0.278125 0.415278 0.275000 0.412500 0.273438 0.413889 0.271875 0.419444 0.265625 0.434722 0.261719 0.434722 0.259375 0.433333 0.256250 0.426389 0.250781 0.425000 0.249219 0.423611 0.246094 0.418056 0.243750 0.418056 0.240625 0.423611 0.236719 0.419444 0.231250 0.420833 0.231250 0.422222 0.229687 0.425000 0.229687 0.431944 0.227344 0.436111 0.227344 0.438889 0.225781 0.440278 0.223438 0.440278 0.220312 0.443056 0.215625 0.452778 0.215625 0.455556 0.212500 0.459722 0.212500 0.455556 0.208594 0.455556 0.207813 0.458333 0.210938 0.459722 0.209375 0.461111 0.208594 0.462500 0.203906 0.462500 0.203125 0.461111 0.200781 0.461111 0.200781 0.456944 0.198437 0.455556 0.197656 0.458333 0.191406 0.447222 0.189844 0.447222 0.189062 0.448611 0.186719 0.447222 0.185156 0.450000 0.185156 0.452778 0.181250 0.451389 0.178906 0.448611 0.176563 0.450000 0.173437 0.455556 0.171875 0.456944 0.168750 0.454167 0.163281 0.454167 0.157812 0.452778 0.156250 0.451389 0.155469 0.450000 0.155469 0.448611 0.150000 0.447222 0.152344 0.445833 0.150000 0.440278 0.150000 0.437500 0.147656 0.431944 0.142969 0.431944 0.141406 0.433333 0.138281 0.438889 0.140625 0.444444 0.141406 0.447222 0.139063 0.450000 0.136719 0.450000 0.135937 0.448611 0.133594 0.448611 0.131250 0.454167 0.128906 0.455556 0.126562 0.452778 0.124219 0.447222 0.121094 0.447222 0.121094 0.445833 0.120313 0.443056 0.121875 0.443056 0.129688 0.443056 0.132031 0.443056 0.134375 0.445833 0.138281 0.440278 0.138281 0.437500 0.136719 0.433333 0.136719 0.427778 0.133594 0.426389 0.132812 0.425000 0.131250 0.425000 0.128906 0.426389 0.125000 0.427778 0.123438 0.430556 0.121875 0.430556 0.119531 0.434722 0.117188 0.436111 0.114844 0.437500 0.112500 0.437500 0.109375 0.438889 0.106250 0.443056 0.104688 0.448611 0.103125 0.448611 0.100781 0.444444 0.095312 0.443056 0.091406 0.444444 0.089063 0.445833 0.086719 0.450000 0.083594 0.461111 0.083594 0.468056 0.081250 0.469444 0.080469 0.472222 0.081250 0.481944 0.078906 0.486111 0.078125 0.488889 0.077344 0.491667 0.076563 0.495833 0.064844 0.497222 0.064062 0.491667 0.064062 0.500000 0.064844 0.497222 0.076563 0.495833 0.076563 0.515278 0.075781 0.516667 0.075781 0.523611 0.073438 0.523611 0.070312 0.519444 0.069531 0.523611 0.065625 0.523611 0.064844 0.525000 0.063281 0.526389 0.065625 0.530556 0.068750 0.533333 0.067969 0.538889 0.065625 0.537500 0.064062 0.533333 0.063281 0.544444 0.067187 0.545833 0.065625 0.550000 0.063281 0.555556 0.062500 0.556944 0.061719 0.556944 0.060937 0.558333 0.060937 0.559722 0.059375 0.562500 0.059375 0.565278 0.057813 0.568056 0.055469 0.569444 0.044531 0.568056 0.039844 0.569444 0.037500 0.561111 0.034375 0.555556 0.032813 0.554167 0.027344 0.552778 0.025000 0.552778 0.018750 0.556944 0.014063 0.558333 0.009375 0.558333 0.000000 0.556944 0.000000 0.548611 0.001563 0.548611 0.003125 0.545833 0.004687 0.547222 0.006250 0.545833 0.007812 0.543056 0.009375 0.541667 0.011719 0.541667 0.013281 0.544444 0.014844 0.545833 0.016406 0.545833 0.018750 0.544444 0.021094 0.541667 0.023438 0.540278 0.023438 0.538889 0.025000 0.536111 0.027344 0.533333 0.029687 0.533333 0.031250 0.540278 0.031250 0.544444 0.030469 0.545833 0.030469 0.548611 0.033594 0.550000 0.035156 0.547222 0.035937 0.544444 0.038281 0.544444 0.040625 0.545833 0.044531 0.554167 0.046094 0.555556 0.046875 0.544444 0.046094 0.543056 0.046094 0.531944 0.044531 0.523611 0.043750 0.516667 0.045312 0.512500 0.046094 0.497222 0.045312 0.481944 0.046094 0.476389 0.044531 0.469444 0.044531 0.463889 0.043750 0.459722 0.042188 0.452778 0.041406 0.450000 0.040625 0.447222 0.038281 0.443056 0.038281 0.441667 0.036719 0.438889 0.032031 0.440278 0.032813 0.447222 0.030469 0.451389 0.029687 0.454167 0.028906 0.459722 0.022656 0.458333 0.019531 0.458333 0.017969 0.461111 0.021094 0.462500 0.022656 0.463889 0.024219 0.466667 0.026562 0.466667 0.027344 0.469444 0.028125 0.469444 0.029687 0.470833 0.025781 0.476389 0.023438 0.476389 0.022656 0.477778 0.021094 0.477778 0.017969 0.476389 0.014844 0.470833 0.010937 0.468056 0.007031 0.466667 0.003125 0.468056 0.001563 0.468056 0.000000 0.466667 0.000000 0.450000 0.003906 0.450000 0.003906 0.445833 0.002344 0.444444 0.000000 0.444444 0.000000 0.080556 0.002344 0.080556 0.008594 0.084722 0.010937 0.086111 0.012500 0.088889 0.014844 0.088889 0.017188 0.086111 0.019531 0.087500 0.021875 0.088889 0.023438 0.090278 0.026562 0.094444 0.028125 0.095833 0.029687 0.094444 0.030469 0.094444 0.031250 0.093056 0.032031 0.090278 0.032813 0.086111 0.032813 0.076389 0.032031 0.073611 0.029687 0.069444 0.028125 0.069444 0.026562 0.070833 0.025000 0.070833 0.022656 0.069444 0.019531 0.066667 0.017188 0.062500 0.014844 0.061111 0.000000 0.061111 0.000000 0.000000 0.184375 0.000000
27 0.494531 0.312500 0.493750 0.315278 0.492969 0.316667 0.493750 0.340278 0.493750 0.337500 0.492969 0.336111 0.492969 0.333333 0.493750 0.316667 0.494531 0.315278 0.494531 0.312500
27 0.519531 0.305556 0.518750 0.315278 0.517969 0.315278 0.516406 0.316667 0.518750 0.316667 0.520312 0.315278 0.519531 0.308333 0.519531 0.305556
27 0.565625 0.104167 0.567969 0.101389 0.570312 0.101389 0.565625 0.104167
27 0.014844 0.062500 0.017188 0.063889 0.019531 0.068056 0.021094 0.069444 0.022656 0.070833 0.025000 0.072222 0.025000 0.075000 0.023438 0.079167 0.025000 0.080556 0.025000 0.087500 0.027344 0.088889 0.028906 0.086111 0.028906 0.080556 0.027344 0.077778 0.025000 0.075000 0.025000 0.072222 0.026562 0.072222 0.028125 0.070833 0.029687 0.070833 0.031250 0.073611 0.032031 0.076389 0.032031 0.086111 0.031250 0.090278 0.030469 0.093056 0.028906 0.094444 0.026562 0.093056 0.023438 0.088889 0.021875 0.087500 0.019531 0.086111 0.017188 0.084722 0.014844 0.087500 0.012500 0.087500 0.010937 0.084722 0.008594 0.083333 0.002344 0.079167 0.000000 0.079167 0.000000 0.062500 0.014844 0.062500
27 0.773438 0.000000 0.773438 0.002778 0.771875 0.005556 0.771094 0.009722 0.769531 0.011111 0.767969 0.013889 0.768750 0.015278 0.767188 0.019444 0.766406 0.020833 0.764844 0.022222 0.764062 0.023611 0.763281 0.025000 0.760156 0.031944 0.758594 0.031944 0.757812 0.034722 0.753906 0.033333 0.747656 0.036111 0.735938 0.037500 0.721875 0.037500 0.719531 0.038889 0.717187 0.043056 0.716406 0.050000 0.715625 0.058333 0.714844 0.066667 0.714844 0.079167 0.714063 0.069444 0.712500 0.076389 0.712500 0.084722 0.708594 0.086111 0.707031 0.081944 0.705469 0.083333 0.705469 0.080556 0.703906 0.081944 0.700781 0.079167 0.698438 0.075000 0.695312 0.075000 0.693750 0.073611 0.690625 0.068056 0.687500 0.068056 0.685156 0.065278 0.682813 0.063889 0.682813 0.063889 0.680469 0.062500 0.675781 0.062500 0.669531 0.063889 0.660937 0.061111 0.659375 0.058333 0.657813 0.062500 0.649219 0.063889 0.648438 0.065278 0.648438 0.073611 0.649219 0.075000 0.650781 0.077778 0.657031 0.077778 0.658594 0.076389 0.659375 0.072222 0.661719 0.072222 0.662500 0.070833 0.665625 0.070833 0.667969 0.069444 0.668750 0.066667 0.680469 0.066667 0.681250 0.065278 0.682813 0.063889 0.682813 0.063889 0.680469 0.066667 0.682031 0.068056 0.682813 0.069444 0.700000 0.083333 0.707031 0.088889 0.708594 0.088889 0.710156 0.090278 0.711719 0.091667 0.711719 0.102778 0.712500 0.109722 0.710938 0.112500 0.710156 0.115278 0.710156 0.118056 0.712500 0.119444 0.711719 0.122222 0.710938 0.123611 0.710938 0.127778 0.703125 0.127778 0.702344 0.129167 0.673438 0.129167 0.670312 0.130556 0.668750 0.133333 0.667969 0.138889 0.667969 0.148611 0.667188 0.145833 0.666406 0.148611 0.664844 0.148611 0.664062 0.145833 0.662500 0.145833 0.657813 0.147222 0.658594 0.158333 0.657813 0.162500 0.657813 0.158333 0.656250 0.152778 0.656250 0.145833 0.654687 0.138889 0.654687 0.127778 0.653125 0.125000 0.647656 0.125000 0.646875 0.120833 0.645312 0.118056 0.644531 0.118056 0.642969 0.115278 0.641406 0.116667 0.642969 0.119444 0.644531 0.118056 0.645312 0.118056 0.643750 0.119444 0.646094 0.123611 0.643750 0.120833 0.642188 0.119444 0.639844 0.118056 0.637500 0.118056 0.635156 0.116667 0.632031 0.112500 0.623437 0.111111 0.621094 0.112500 0.622656 0.112500 0.624219 0.109722 0.621875 0.108333 0.617188 0.108333 0.614844 0.109722 0.616406 0.111111 0.614844 0.111111 0.613281 0.109722 0.611719 0.108333 0.610938 0.106944 0.607812 0.100000 0.603906 0.094444 0.601562 0.097222 0.600781 0.097222 0.599219 0.098611 0.599219 0.095833 0.594531 0.094444 0.589844 0.094444 0.587500 0.095833 0.587500 0.098611 0.582031 0.097222 0.580469 0.098611 0.582031 0.097222 0.578906 0.095833 0.567969 0.097222 0.565625 0.098611 0.563281 0.101389 0.555469 0.102778 0.559375 0.105556 0.564063 0.105556 0.555469 0.106944 0.553906 0.111111 0.553125 0.111111 0.551562 0.111111 0.550000 0.113889 0.550000 0.116667 0.543750 0.129167 0.543750 0.123611 0.544531 0.122222 0.548438 0.119444 0.547656 0.115278 0.544531 0.122222 0.543750 0.123611 0.540625 0.129167 0.538281 0.134722 0.538281 0.136111 0.538281 0.138889 0.536719 0.143056 0.535937 0.141667 0.534375 0.144444 0.535937 0.145833 0.534375 0.148611 0.533594 0.147222 0.532031 0.150000 0.532031 0.152778 0.529687 0.155556 0.529687 0.161111 0.528906 0.163889 0.526563 0.169444 0.526563 0.175000 0.525781 0.176389 0.525781 0.179167 0.525000 0.170833 0.523438 0.177778 0.523438 0.183333 0.518750 0.190278 0.522656 0.190278 0.520312 0.194444 0.519531 0.194444 0.515625 0.201389 0.515625 0.223611 0.514844 0.225000 0.514844 0.231944 0.514062 0.222222 0.513281 0.230556 0.511719 0.237500 0.507031 0.244444 0.510156 0.245833 0.511719 0.244444 0.510156 0.250000 0.507031 0.255556 0.504687 0.254167 0.504687 0.254167 0.507031 0.254167 0.508594 0.251389 0.503906 0.248611 0.502344 0.251389 0.504687 0.254167 0.504687 0.254167 0.505469 0.259722 0.507031 0.258333 0.510938 0.263889 0.510156 0.265278 0.514844 0.272222 0.515625 0.275000 0.516406 0.281944 0.517969 0.284722 0.515625 0.287500 0.516406 0.291667 0.517969 0.294444 0.516406 0.300000 0.517188 0.308333 0.516406 0.311111 0.513281 0.316667 0.513281 0.320833 0.514062 0.322222 0.516406 0.323611 0.517969 0.322222 0.516406 0.325000 0.517969 0.327778 0.518750 0.337500 0.519531 0.337500 0.521875 0.340278 0.521875 0.343056 0.524219 0.343056 0.525781 0.344444 0.528125 0.348611 0.525781 0.351389 0.528906 0.355556 0.530469 0.352778 0.534375 0.351389 0.536719 0.351389 0.539844 0.356944 0.539844 0.358333 0.537500 0.359722 0.535156 0.362500 0.537500 0.363889 0.538281 0.362500 0.541406 0.361111 0.539844 0.358333 0.539844 0.356944 0.541406 0.358333 0.542969 0.359722 0.547656 0.359722 0.550781 0.365278 0.550000 0.369444 0.549219 0.369444 0.549219 0.365278 0.547656 0.363889 0.545312 0.365278 0.542969 0.365278 0.540625 0.362500 0.540625 0.370833 0.541406 0.366667 0.542969 0.365278 0.545312 0.365278 0.546875 0.368056 0.546094 0.370833 0.549219 0.370833 0.549219 0.369444 0.550000 0.369444 0.547656 0.375000 0.542188 0.377778 0.536719 0.376389 0.535937 0.373611 0.535156 0.370833 0.534375 0.368056 0.532031 0.368056 0.528906 0.363889 0.529687 0.363889 0.529687 0.356944 0.526563 0.356944 0.527344 0.359722 0.529687 0.363889 0.528906 0.363889 0.525000 0.356944 0.524219 0.351389 0.521875 0.348611 0.520312 0.347222 0.517969 0.347222 0.510938 0.348611 0.512500 0.345833 0.514062 0.345833 0.512500 0.347222 0.515625 0.348611 0.515625 0.345833 0.517188 0.347222 0.520312 0.347222 0.520312 0.341667 0.516406 0.337500 0.514062 0.337500 0.512500 0.334722 0.512500 0.331944 0.513281 0.326389 0.512500 0.319444 0.511719 0.322222 0.510156 0.325000 0.507812 0.327778 0.507031 0.327778 0.506250 0.333333 0.507812 0.336111 0.508594 0.336111 0.510938 0.338889 0.507031 0.340278 0.510156 0.341667 0.508594 0.343056 0.505469 0.340278 0.501563 0.340278 0.500000 0.337500 0.497656 0.336111 0.497656 0.333333 0.498437 0.331944 0.498437 0.327778 0.496875 0.322222 0.497656 0.319444 0.497656 0.316667 0.496094 0.315278 0.496094 0.312500 0.496875 0.306944 0.496094 0.304167 0.494531 0.301389 0.493750 0.301389 0.493750 0.295833 0.491406 0.291667 0.489063 0.291667 0.486719 0.294444 0.486719 0.294444 0.486719 0.291667 0.481250 0.290278 0.476562 0.294444 0.467969 0.293056 0.466406 0.295833 0.465625 0.298611 0.464844 0.297222 0.463281 0.300000 0.462500 0.297222 0.461719 0.300000 0.459375 0.300000 0.450781 0.300000 0.453125 0.302778 0.451562 0.309722 0.450781 0.312500 0.450000 0.315278 0.448437 0.311111 0.448437 0.305556 0.446875 0.302778 0.444531 0.301389 0.442969 0.297222 0.442969 0.294444 0.443750 0.283333 0.441406 0.281944 0.442188 0.277778 0.440625 0.273611 0.440625 0.269444 0.441406 0.263889 0.442188 0.261111 0.442969 0.259722 0.444531 0.258333 0.448437 0.254167 0.450781 0.255556 0.452344 0.254167 0.453125 0.252778 0.453906 0.248611 0.457813 0.248611 0.460156 0.245833 0.460156 0.248611 0.461719 0.251389 0.464844 0.243056 0.466406 0.243056 0.467187 0.245833 0.465625 0.248611 0.467969 0.251389 0.469531 0.248611 0.469531 0.250000 0.468750 0.254167 0.468750 0.256944 0.471875 0.255556 0.471094 0.252778 0.469531 0.250000 0.469531 0.248611 0.468750 0.245833 0.470313 0.244444 0.472656 0.244444 0.474219 0.245833 0.474219 0.241667 0.472656 0.240278 0.472656 0.244444 0.470313 0.244444 0.468750 0.241667 0.467187 0.240278 0.466406 0.237500 0.467187 0.225000 0.467187 0.218056 0.466406 0.213889 0.464844 0.216667 0.462500 0.211111 0.462500 0.208333 0.460156 0.204167 0.460938 0.200000 0.459375 0.194444 0.459375 0.187500 0.458594 0.184722 0.458594 0.184722 0.460938 0.186111 0.460156 0.180556 0.457813 0.181944 0.458594 0.184722 0.458594 0.184722 0.456250 0.181944 0.457813 0.179167 0.455469 0.177778 0.450781 0.179167 0.449219 0.177778 0.447656 0.175000 0.447656 0.172222 0.445312 0.168056 0.446094 0.161111 0.444531 0.156944 0.441406 0.158333 0.441406 0.154167 0.439063 0.151389 0.439063 0.145833 0.437500 0.143056 0.435937 0.147222 0.434375 0.150000 0.433594 0.152778 0.433594 0.148611 0.430469 0.150000 0.428125 0.150000 0.428125 0.145833 0.428125 0.143056 0.423438 0.141667 0.424219 0.137500 0.426563 0.136111 0.425000 0.134722 0.424219 0.133333 0.421875 0.134722 0.423438 0.136111 0.424219 0.137500 0.423438 0.141667 0.421094 0.138889 0.417969 0.143056 0.418750 0.138889 0.416406 0.136111 0.416406 0.133333 0.414062 0.131944 0.411719 0.137500 0.414062 0.138889 0.415625 0.141667 0.414062 0.141667 0.412500 0.140278 0.410938 0.136111 0.409375 0.134722 0.407813 0.138889 0.404687 0.137500 0.403906 0.134722 0.405469 0.134722 0.403125 0.131944 0.402344 0.129167 0.400781 0.130556 0.400000 0.133333 0.400000 0.136111 0.399219 0.144444 0.398438 0.144444 0.399219 0.140278 0.396875 0.138889 0.395313 0.141667 0.396875 0.144444 0.398438 0.144444 0.399219 0.144444 0.400781 0.150000 0.399219 0.152778 0.400000 0.159722 0.397656 0.163889 0.397656 0.172222 0.396875 0.175000 0.396094 0.176389 0.395313 0.176389 0.393750 0.179167 0.392969 0.183333 0.392188 0.187500 0.390625 0.187500 0.389844 0.191667 0.389844 0.195833 0.390625 0.200000 0.391406 0.201389 0.391406 0.202778 0.391406 0.208333 0.392969 0.205556 0.391406 0.202778 0.391406 0.201389 0.393750 0.202778 0.396094 0.208333 0.396094 0.211111 0.396094 0.220833 0.393750 0.222222 0.394531 0.225000 0.392969 0.223611 0.392969 0.229167 0.391406 0.229167 0.389844 0.231944 0.388281 0.233333 0.386719 0.231944 0.385937 0.236111 0.389062 0.237500 0.387500 0.237500 0.385156 0.238889 0.382812 0.243056 0.383594 0.248611 0.385156 0.252778 0.386719 0.251389 0.387500 0.248611 0.386719 0.244444 0.389062 0.245833 0.388281 0.248611 0.387500 0.254167 0.391406 0.255556 0.392969 0.258333 0.392188 0.261111 0.394531 0.263889 0.395313 0.269444 0.393750 0.269444 0.392188 0.270833 0.391406 0.268056 0.389844 0.269444 0.389844 0.270833 0.391406 0.277778 0.393750 0.280556 0.395313 0.277778 0.395313 0.276389 0.397656 0.272222 0.400781 0.276389 0.400781 0.280556 0.404687 0.281944 0.404687 0.283333 0.405469 0.286111 0.405469 0.290278 0.407031 0.297222 0.407031 0.300000 0.406250 0.304167 0.405469 0.306944 0.405469 0.302778 0.402344 0.302778 0.401562 0.305556 0.401562 0.308333 0.403906 0.308333 0.403906 0.312500 0.403125 0.315278 0.401562 0.316667 0.395313 0.309722 0.393750 0.312500 0.394531 0.315278 0.394531 0.318056 0.391406 0.318056 0.391406 0.316667 0.388281 0.315278 0.386719 0.318056 0.382031 0.316667 0.381250 0.316667 0.379688 0.313889 0.378125 0.318056 0.381250 0.316667 0.382031 0.316667 0.380469 0.318056 0.378906 0.322222 0.375781 0.320833 0.373437 0.322222 0.372656 0.319444 0.372656 0.311111 0.374219 0.309722 0.371875 0.308333 0.370312 0.302778 0.369531 0.301389 0.367188 0.300000 0.365625 0.298611 0.365625 0.295833 0.364063 0.293056 0.363281 0.290278 0.363281 0.287500 0.362500 0.286111 0.362500 0.283333 0.364844 0.288889 0.366406 0.295833 0.368750 0.300000 0.375000 0.309722 0.381250 0.315278 0.382812 0.315278 0.387500 0.315278 0.391406 0.313889 0.393750 0.311111 0.396875 0.308333 0.398438 0.305556 0.398438 0.301389 0.400000 0.298611 0.399219 0.294444 0.398438 0.294444 0.399219 0.288889 0.398438 0.283333 0.396094 0.284722 0.396875 0.290278 0.397656 0.291667 0.398438 0.294444 0.399219 0.294444 0.396875 0.298611 0.396094 0.301389 0.396094 0.304167 0.394531 0.306944 0.392188 0.308333 0.389062 0.311111 0.384375 0.312500 0.382031 0.311111 0.379688 0.309722 0.375000 0.305556 0.373437 0.302778 0.368750 0.294444 0.366406 0.287500 0.365625 0.284722 0.365625 0.281944 0.364063 0.280556 0.364063 0.275000 0.363281 0.273611 0.362500 0.265278 0.361719 0.273611 0.360938 0.276389 0.360938 0.259722 0.360156 0.255556 0.359375 0.252778 0.356250 0.247222 0.353125 0.244444 0.353125 0.244444 0.354687 0.245833 0.356250 0.245833 0.357812 0.248611 0.357031 0.243056 0.353125 0.240278 0.351562 0.241667 0.353125 0.244444 0.353125 0.244444 0.351562 0.241667 0.350781 0.237500 0.349219 0.237500 0.347656 0.234722 0.346875 0.230556 0.346875 0.226389 0.346094 0.223611 0.345313 0.220833 0.342969 0.216667 0.342969 0.213889 0.342187 0.211111 0.339062 0.209722 0.338281 0.205556 0.339844 0.202778 0.342969 0.195833 0.341406 0.191667 0.342187 0.191667 0.343750 0.188889 0.343750 0.186111 0.342187 0.191667 0.341406 0.191667 0.339062 0.191667 0.342187 0.184722 0.342969 0.173611 0.342969 0.169444 0.342187 0.161111 0.340625 0.154167 0.339844 0.154167 0.338281 0.151389 0.337500 0.151389 0.335938 0.148611 0.337500 0.148611 0.337500 0.144444 0.335156 0.134722 0.335156 0.126389 0.333594 0.122222 0.332031 0.116667 0.331250 0.123611 0.333594 0.130556 0.333594 0.136111 0.332813 0.133333 0.332813 0.127778 0.330469 0.120833 0.330469 0.113889 0.328125 0.109722 0.327344 0.106944 0.327344 0.104167 0.328906 0.108333 0.328906 0.098611 0.326562 0.091667 0.327344 0.076389 0.326562 0.073611 0.322656 0.069444 0.321875 0.068056 0.321094 0.065278 0.320312 0.056944 0.319531 0.055556 0.316406 0.052778 0.310937 0.040278 0.312500 0.040278 0.311719 0.043056 0.314063 0.047222 0.315625 0.045833 0.312500 0.040278 0.310937 0.040278 0.310156 0.038889 0.307812 0.037500 0.307031 0.036111 0.306250 0.033333 0.307031 0.033333 0.307031 0.027778 0.305469 0.030556 0.307031 0.033333 0.306250 0.033333 0.305469 0.036111 0.304688 0.037500 0.303125 0.038889 0.300000 0.038889 0.299219 0.036111 0.297656 0.034722 0.296094 0.037500 0.297656 0.038889 0.295312 0.044444 0.294531 0.048611 0.294531 0.051389 0.293750 0.044444 0.292969 0.047222 0.292187 0.048611 0.292187 0.051389 0.290625 0.054167 0.290625 0.062500 0.289844 0.065278 0.289062 0.068056 0.287500 0.072222 0.285156 0.076389 0.282813 0.077778 0.281250 0.083333 0.280469 0.090278 0.282031 0.095833 0.280469 0.101389 0.281250 0.106944 0.282031 0.109722 0.281250 0.112500 0.278125 0.113889 0.278125 0.120833 0.278125 0.120833 0.275781 0.123611 0.277344 0.126389 0.278125 0.120833 0.278125 0.120833 0.279687 0.118056 0.278906 0.125000 0.277344 0.126389 0.278906 0.130556 0.279687 0.138889 0.278125 0.143056 0.278906 0.145833 0.277344 0.148611 0.275781 0.145833 0.274219 0.148611 0.271875 0.148611 0.271875 0.152778 0.267188 0.155556 0.263281 0.152778 0.261719 0.151389 0.260156 0.148611 0.259375 0.144444 0.259375 0.134722 0.257812 0.130556 0.260156 0.127778 0.257812 0.125000 0.257031 0.120833 0.256250 0.118056 0.257812 0.119444 0.258594 0.122222 0.259375 0.118056 0.257031 0.115278 0.256250 0.109722 0.253906 0.104167 0.252344 0.101389 0.251563 0.106944 0.253125 0.111111 0.252344 0.108333 0.250781 0.105556 0.249219 0.098611 0.248438 0.098611 0.246875 0.095833 0.244531 0.095833 0.242969 0.093056 0.238281 0.091667 0.228125 0.091667 0.229687 0.088889 0.231250 0.090278 0.235937 0.090278 0.239063 0.087500 0.234375 0.086111 0.232031 0.083333 0.230469 0.083333 0.228906 0.086111 0.228906 0.087500 0.229687 0.088889 0.228125 0.091667 0.226562 0.088889 0.225000 0.083333 0.221875 0.077778 0.218750 0.069444 0.219531 0.066667 0.219531 0.063889 0.217188 0.065278 0.214844 0.059722 0.213281 0.061111 0.210156 0.056944 0.208594 0.054167 0.207813 0.045833 0.206250 0.047222 0.203125 0.043056 0.201563 0.043056 0.200000 0.041667 0.198437 0.040278 0.196094 0.036111 0.194531 0.036111 0.194531 0.033333 0.196094 0.031944 0.193750 0.029167 0.193750 0.020833 0.189062 0.020833 0.186719 0.019444 0.185156 0.016667 0.177344 0.016667 0.175781 0.015278 0.177344 0.012500 0.179688 0.012500 0.180469 0.009722 0.182031 0.009722 0.184375 0.011111 0.186719 0.013889 0.186719 0.009722 0.186719 0.006944 0.182031 0.009722 0.180469 0.009722 0.178125 0.008333 0.177344 0.012500 0.175781 0.015278 0.175000 0.013889 0.174219 0.011111 0.174219 0.008333 0.176563 0.004167 0.180469 0.002778 0.181250 0.005556 0.184375 0.004167 0.185156 0.000000 0.773438 0.000000
2 0.321875 0.466667 0.320312 0.468056 0.319531 0.470833 0.317969 0.472222 0.315625 0.472222 0.311719 0.469444 0.306250 0.469444 0.303125 0.472222 0.300781 0.473611 0.296875 0.479167 0.296094 0.481944 0.296094 0.490278 0.297656 0.495833 0.300781 0.500000 0.302344 0.501389 0.304688 0.502778 0.310937 0.502778 0.314063 0.501389 0.316406 0.500000 0.317969 0.497222 0.328125 0.497222 0.331250 0.494444 0.331250 0.493056 0.333594 0.488889 0.332031 0.487500 0.332031 0.486111 0.330469 0.483333 0.330469 0.480556 0.328906 0.477778 0.328125 0.475000 0.327344 0.468056 0.325781 0.466667 0.321875 0.466667
2 0.277344 0.459722 0.271875 0.462500 0.267969 0.463889 0.264844 0.466667 0.261719 0.473611 0.261719 0.483333 0.262500 0.488889 0.263281 0.491667 0.266406 0.494444 0.267969 0.494444 0.274219 0.491667 0.281250 0.493056 0.283594 0.493056 0.286719 0.487500 0.287500 0.481944 0.287500 0.475000 0.286719 0.470833 0.285938 0.468056 0.284375 0.465278 0.282031 0.462500 0.278906 0.459722 0.277344 0.459722
2 0.224219 0.452778 0.222656 0.454167 0.221094 0.456944 0.219531 0.461111 0.219531 0.462500 0.217969 0.463889 0.209375 0.462500 0.204687 0.465278 0.200781 0.462500 0.193750 0.462500 0.190625 0.465278 0.189062 0.466667 0.189062 0.472222 0.187500 0.473611 0.185938 0.472222 0.184375 0.470833 0.182031 0.466667 0.179688 0.465278 0.177344 0.461111 0.175781 0.459722 0.168750 0.455556 0.162500 0.454167 0.146875 0.454167 0.138281 0.455556 0.133594 0.456944 0.129688 0.458333 0.126562 0.459722 0.125000 0.461111 0.123438 0.462500 0.121875 0.465278 0.120313 0.466667 0.112500 0.472222 0.106250 0.480556 0.103906 0.483333 0.100781 0.484722 0.095312 0.490278 0.091406 0.497222 0.089063 0.505556 0.088281 0.509722 0.088281 0.523611 0.089063 0.526389 0.091406 0.531944 0.093750 0.534722 0.100000 0.534722 0.103906 0.533333 0.107813 0.530556 0.111719 0.529167 0.118750 0.527778 0.128906 0.526389 0.146094 0.526389 0.153125 0.523611 0.156250 0.520833 0.160156 0.519444 0.168750 0.518056 0.182031 0.518056 0.193750 0.515278 0.193750 0.513889 0.195312 0.511111 0.196094 0.508333 0.196875 0.502778 0.205469 0.502778 0.207813 0.500000 0.209375 0.500000 0.210156 0.501389 0.212500 0.501389 0.214844 0.505556 0.217188 0.506944 0.221094 0.506944 0.224219 0.500000 0.225781 0.497222 0.228906 0.497222 0.229687 0.498611 0.232813 0.498611 0.242969 0.497222 0.250781 0.495833 0.253125 0.494444 0.254688 0.493056 0.256250 0.490278 0.257031 0.487500 0.257812 0.481944 0.257812 0.472222 0.257031 0.466667 0.256250 0.463889 0.254688 0.459722 0.252344 0.455556 0.242969 0.455556 0.238281 0.452778 0.224219 0.452778
2 0.464062 0.444444 0.461719 0.445833 0.458594 0.451389 0.457813 0.454167 0.457031 0.458333 0.456250 0.465278 0.456250 0.468056 0.458594 0.472222 0.464062 0.472222 0.478906 0.470833 0.480469 0.468056 0.481250 0.465278 0.482031 0.461111 0.481250 0.456944 0.478906 0.448611 0.477344 0.445833 0.475781 0.444444 0.471094 0.443056 0.464062 0.444444
2 0.587500 0.440278 0.586719 0.444444 0.586719 0.461111 0.587500 0.465278 0.588281 0.468056 0.589844 0.470833 0.591406 0.472222 0.596094 0.470833 0.596875 0.468056 0.596875 0.461111 0.598437 0.455556 0.599219 0.448611 0.599219 0.438889 0.597656 0.436111 0.596094 0.434722 0.592187 0.433333 0.587500 0.440278
2 0.564844 0.429167 0.563281 0.430556 0.560937 0.434722 0.560156 0.437500 0.560156 0.450000 0.561719 0.459722 0.562500 0.462500 0.564063 0.465278 0.576562 0.465278 0.578125 0.463889 0.578906 0.461111 0.578906 0.452778 0.578125 0.440278 0.576562 0.434722 0.575000 0.431944 0.572656 0.430556 0.570312 0.429167 0.564844 0.429167
2 0.516406 0.411111 0.515625 0.412500 0.513281 0.412500 0.511719 0.413889 0.510156 0.415278 0.507812 0.419444 0.505469 0.425000 0.504687 0.429167 0.504687 0.434722 0.506250 0.436111 0.509375 0.437500 0.513281 0.436111 0.515625 0.434722 0.517188 0.433333 0.521094 0.426389 0.521094 0.418056 0.518750 0.412500 0.516406 0.411111
2 0.532031 0.400000 0.530469 0.402778 0.528906 0.402778 0.527344 0.405556 0.525000 0.412500 0.527344 0.419444 0.528125 0.420833 0.529687 0.422222 0.532813 0.423611 0.535937 0.423611 0.539844 0.420833 0.539844 0.408333 0.539062 0.404167 0.536719 0.400000 0.532031 0.400000
2 0.980469 0.258333 0.990625 0.259722 0.991406 0.261111 0.999219 0.261111 0.999219 0.598611 0.993750 0.598611 0.992188 0.597222 0.990625 0.594444 0.988281 0.593056 0.985938 0.591667 0.973437 0.591667 0.969531 0.591667 0.966406 0.597222 0.961719 0.597222 0.955469 0.594444 0.951562 0.597222 0.948438 0.597222 0.942969 0.595833 0.940625 0.593056 0.935156 0.594444 0.929688 0.590278 0.917969 0.590278 0.910937 0.593056 0.907031 0.593056 0.900000 0.590278 0.898438 0.591667 0.897656 0.593056 0.896875 0.595833 0.896875 0.598611 0.894531 0.606944 0.892969 0.609722 0.890625 0.611111 0.888281 0.615278 0.888281 0.620833 0.885156 0.625000 0.884375 0.629167 0.880469 0.634722 0.872656 0.636111 0.868750 0.636111 0.865625 0.634722 0.864062 0.633333 0.862500 0.630556 0.861719 0.630556 0.860156 0.625000 0.860156 0.622222 0.857812 0.613889 0.857031 0.604167 0.857031 0.595833 0.856250 0.590278 0.855469 0.586111 0.853125 0.580556 0.853125 0.575000 0.852344 0.570833 0.850781 0.568056 0.850781 0.566667 0.844531 0.565278 0.845313 0.563889 0.846094 0.561111 0.846875 0.559722 0.846875 0.551389 0.845313 0.544444 0.845313 0.563889 0.844531 0.565278 0.842187 0.568056 0.839063 0.568056 0.838281 0.566667 0.834375 0.568056 0.832812 0.568056 0.823438 0.565278 0.821094 0.565278 0.814844 0.565278 0.810156 0.566667 0.807031 0.572222 0.803906 0.579167 0.803906 0.580556 0.801562 0.584722 0.798438 0.586111 0.795312 0.583333 0.788281 0.584722 0.785937 0.584722 0.782813 0.583333 0.781250 0.581944 0.778906 0.579167 0.777344 0.575000 0.775781 0.570833 0.775000 0.568056 0.774219 0.565278 0.773438 0.561111 0.772656 0.555556 0.771875 0.540278 0.769531 0.550000 0.767969 0.552778 0.767188 0.552778 0.764844 0.556944 0.763281 0.558333 0.752344 0.558333 0.750781 0.555556 0.749219 0.551389 0.747656 0.544444 0.743750 0.537500 0.739844 0.536111 0.735938 0.536111 0.734375 0.537500 0.732812 0.540278 0.730469 0.541667 0.725000 0.543056 0.720313 0.541667 0.716406 0.538889 0.716406 0.536111 0.714844 0.530556 0.715625 0.518056 0.715625 0.515278 0.713281 0.523611 0.710938 0.525000 0.710156 0.523611 0.707812 0.523611 0.707031 0.525000 0.703906 0.525000 0.701562 0.523611 0.698438 0.518056 0.695312 0.516667 0.684375 0.516667 0.682813 0.515278 0.679688 0.509722 0.679688 0.505556 0.678906 0.504167 0.678125 0.501389 0.671875 0.502778 0.668750 0.504167 0.666406 0.508333 0.664844 0.509722 0.658594 0.509722 0.657031 0.508333 0.655469 0.505556 0.648438 0.504167 0.646875 0.502778 0.645312 0.500000 0.643750 0.495833 0.642969 0.488889 0.641406 0.491667 0.638281 0.493056 0.635938 0.494444 0.633594 0.494444 0.630469 0.493056 0.628906 0.491667 0.627344 0.490278 0.625781 0.487500 0.625781 0.486111 0.617969 0.484722 0.614844 0.483333 0.613281 0.481944 0.612500 0.479167 0.612500 0.469444 0.613281 0.462500 0.614062 0.455556 0.614844 0.452778 0.615625 0.451389 0.617188 0.450000 0.618750 0.450000 0.621875 0.444444 0.625000 0.440278 0.632812 0.440278 0.633594 0.445833 0.640625 0.433333 0.642188 0.431944 0.645312 0.430556 0.653125 0.429167 0.657813 0.429167 0.660156 0.433333 0.661719 0.429167 0.664844 0.426389 0.672656 0.425000 0.692969 0.423611 0.698438 0.425000 0.703125 0.427778 0.703906 0.430556 0.704688 0.433333 0.702344 0.436111 0.705469 0.437500 0.708594 0.434722 0.718750 0.433333 0.721875 0.431944 0.727344 0.427778 0.739062 0.429167 0.748437 0.429167 0.749219 0.431944 0.749219 0.436111 0.755469 0.436111 0.759375 0.433333 0.767188 0.434722 0.771875 0.436111 0.774219 0.437500 0.775781 0.438889 0.777344 0.440278 0.778125 0.443056 0.778906 0.450000 0.777344 0.462500 0.775781 0.465278 0.775000 0.473611 0.775781 0.501389 0.775781 0.512500 0.774219 0.523611 0.775000 0.527778 0.776563 0.526389 0.778125 0.523611 0.779687 0.518056 0.778125 0.513889 0.778125 0.504167 0.778906 0.491667 0.778125 0.483333 0.780469 0.475000 0.779687 0.472222 0.778125 0.469444 0.777344 0.462500 0.778906 0.450000 0.782813 0.437500 0.783594 0.433333 0.783594 0.425000 0.783594 0.419444 0.784375 0.416667 0.786719 0.412500 0.787500 0.409722 0.788281 0.404167 0.790625 0.400000 0.791406 0.391667 0.794531 0.384722 0.795312 0.381944 0.796094 0.376389 0.796875 0.368056 0.797656 0.363889 0.800000 0.358333 0.800781 0.355556 0.801562 0.348611 0.802344 0.345833 0.805469 0.338889 0.805469 0.337500 0.806250 0.336111 0.808594 0.334722 0.811719 0.329167 0.813281 0.325000 0.813281 0.323611 0.814063 0.322222 0.815625 0.320833 0.818750 0.318056 0.824219 0.313889 0.828125 0.312500 0.833594 0.306944 0.838281 0.305556 0.840625 0.304167 0.844531 0.300000 0.847656 0.298611 0.850781 0.298611 0.853906 0.297222 0.856250 0.294444 0.860156 0.293056 0.863281 0.291667 0.868750 0.291667 0.872656 0.290278 0.874219 0.287500 0.875000 0.283333 0.875781 0.280556 0.876563 0.279167 0.878125 0.277778 0.880469 0.276389 0.887500 0.275000 0.889062 0.273611 0.890625 0.270833 0.892188 0.269444 0.896094 0.266667 0.907031 0.266667 0.910937 0.263889 0.914844 0.265278 0.923438 0.261111 0.945312 0.259722 0.976562 0.258333 0.980469 0.258333
