20 0.804688 0.806944 0.807813 0.808333 0.808594 0.809722 0.810937 0.811111 0.813281 0.811111 0.817969 0.813889 0.822656 0.818056 0.825000 0.819444 0.830469 0.820833 0.832812 0.823611 0.836719 0.823611 0.832812 0.820833 0.827344 0.819444 0.825000 0.816667 0.819531 0.813889 0.814063 0.812500 0.808594 0.809722 0.804688 0.806944
20 0.075781 0.688889 0.073438 0.688889 0.071875 0.690278 0.073438 0.690278 0.074219 0.688889 0.077344 0.687500 0.075781 0.688889
20 0.187500 0.658333 0.185938 0.659722 0.184375 0.661111 0.185938 0.662500 0.190625 0.666667 0.206250 0.666667 0.209375 0.665278 0.210938 0.663889 0.212500 0.661111 0.214844 0.659722 0.212500 0.661111 0.208594 0.658333 0.201563 0.658333 0.200000 0.662500 0.196094 0.658333 0.193750 0.661111 0.192188 0.658333 0.187500 0.658333
20 0.522656 0.647222 0.525000 0.645833 0.523438 0.644444 0.523438 0.641667 0.528906 0.644444 0.530469 0.644444 0.534375 0.643056 0.542188 0.645833 0.555469 0.645833 0.557813 0.656944 0.559375 0.659722 0.559375 0.661111 0.560156 0.662500 0.561719 0.663889 0.562500 0.666667 0.563281 0.669444 0.564063 0.670833 0.565625 0.672222 0.576562 0.672222 0.578125 0.670833 0.579688 0.668056 0.580469 0.665278 0.580469 0.659722 0.579688 0.658333 0.579688 0.654167 0.585938 0.651389 0.587500 0.651389 0.596094 0.652778 0.598437 0.655556 0.598437 0.662500 0.600000 0.665278 0.598437 0.668056 0.598437 0.675000 0.599219 0.677778 0.600000 0.680556 0.601562 0.683333 0.603125 0.684722 0.604688 0.675000 0.604688 0.672222 0.603125 0.670833 0.603125 0.668056 0.604688 0.668056 0.604688 0.655556 0.606250 0.651389 0.607031 0.645833 0.614844 0.647222 0.615625 0.644444 0.617188 0.647222 0.618750 0.647222 0.620313 0.644444 0.622656 0.647222 0.630469 0.648611 0.633594 0.647222 0.634375 0.650000 0.634375 0.659722 0.632031 0.656944 0.624219 0.656944 0.628906 0.661111 0.631250 0.661111 0.632031 0.656944 0.634375 0.659722 0.637500 0.661111 0.637500 0.663889 0.639062 0.666667 0.638281 0.669444 0.639844 0.672222 0.641406 0.669444 0.640625 0.668056 0.641406 0.665278 0.648438 0.677778 0.650000 0.679167 0.653906 0.679167 0.657031 0.681944 0.660156 0.681944 0.657031 0.681944 0.656250 0.680556 0.651563 0.679167 0.650000 0.680556 0.651563 0.683333 0.654687 0.683333 0.657813 0.686111 0.667188 0.684722 0.663281 0.683333 0.671094 0.683333 0.675000 0.686111 0.680469 0.684722 0.682031 0.684722 0.690625 0.686111 0.695312 0.687500 0.696875 0.690278 0.701562 0.690278 0.703906 0.693056 0.705469 0.690278 0.709375 0.690278 0.713281 0.691667 0.717969 0.693056 0.718750 0.695833 0.724219 0.697222 0.725000 0.694444 0.724219 0.697222 0.725781 0.700000 0.726562 0.701389 0.727344 0.702778 0.728906 0.704167 0.730469 0.704167 0.733594 0.702778 0.737500 0.704167 0.740625 0.708333 0.743750 0.709722 0.746094 0.708333 0.746875 0.711111 0.748437 0.711111 0.751563 0.715278 0.756250 0.715278 0.759375 0.718056 0.763281 0.718056 0.764844 0.720833 0.766406 0.722222 0.771875 0.722222 0.774219 0.723611 0.775781 0.726389 0.784375 0.725000 0.786719 0.726389 0.789062 0.731944 0.786719 0.736111 0.785937 0.743056 0.785156 0.745833 0.780469 0.752778 0.780469 0.755556 0.780469 0.759722 0.782031 0.762500 0.782031 0.763889 0.784375 0.768056 0.786719 0.769444 0.787500 0.770833 0.787500 0.772222 0.788281 0.773611 0.789062 0.773611 0.792188 0.773611 0.793750 0.770833 0.794531 0.768056 0.794531 0.763889 0.795312 0.762500 0.795312 0.759722 0.793750 0.758333 0.795312 0.754167 0.795312 0.738889 0.793750 0.737500 0.795312 0.734722 0.795312 0.729167 0.799219 0.730556 0.800000 0.725000 0.802344 0.727778 0.803125 0.730556 0.803906 0.727778 0.804688 0.725000 0.805469 0.727778 0.806250 0.725000 0.808594 0.729167 0.810937 0.729167 0.814063 0.733333 0.817969 0.733333 0.821875 0.737500 0.826562 0.737500 0.827344 0.738889 0.830469 0.741667 0.837500 0.740278 0.839063 0.743056 0.842969 0.745833 0.849219 0.745833 0.851562 0.747222 0.853125 0.750000 0.857812 0.748611 0.858594 0.745833 0.860156 0.747222 0.861719 0.745833 0.860938 0.751389 0.860938 0.754167 0.863281 0.755556 0.864062 0.758333 0.868750 0.755556 0.872656 0.755556 0.872656 0.758333 0.878906 0.759722 0.881250 0.756944 0.885938 0.758333 0.890625 0.761111 0.890625 0.763889 0.892188 0.762500 0.892969 0.758333 0.894531 0.759722 0.896094 0.759722 0.898438 0.763889 0.901563 0.763889 0.903906 0.766667 0.906250 0.766667 0.903906 0.768056 0.910156 0.770833 0.914844 0.770833 0.919531 0.773611 0.927344 0.773611 0.930469 0.777778 0.933594 0.777778 0.934375 0.776389 0.937500 0.776389 0.938281 0.777778 0.939844 0.780556 0.941406 0.777778 0.942969 0.776389 0.945312 0.776389 0.945312 0.779167 0.949219 0.779167 0.949219 0.776389 0.949219 0.779167 0.952344 0.780556 0.953906 0.784722 0.952344 0.786111 0.953125 0.813889 0.952344 0.830556 0.950781 0.836111 0.950781 0.848611 0.953125 0.852778 0.954688 0.854167 0.957031 0.855556 0.963281 0.855556 0.966406 0.850000 0.965625 0.831944 0.965625 0.820833 0.966406 0.801389 0.967187 0.794444 0.967969 0.790278 0.968750 0.787500 0.970313 0.788889 0.971875 0.791667 0.973437 0.793056 0.975781 0.794444 0.980469 0.797222 0.984375 0.795833 0.986719 0.793056 0.986719 0.795833 0.989062 0.797222 0.989062 0.800000 0.990625 0.795833 0.992188 0.795833 0.996094 0.787500 0.996094 0.790278 0.994531 0.791667 0.995313 0.794444 0.997656 0.797222 0.997656 0.798611 0.999219 0.800000 0.997656 0.802778 0.997656 0.908333 0.999219 0.909722 0.997656 0.909722 0.996094 0.908333 0.994531 0.905556 0.992188 0.904167 0.989062 0.902778 0.986719 0.901389 0.985156 0.902778 0.983594 0.900000 0.982031 0.901389 0.978125 0.897222 0.974219 0.898611 0.972656 0.897222 0.971875 0.894444 0.970313 0.893056 0.969531 0.894444 0.966406 0.890278 0.962500 0.890278 0.960938 0.887500 0.957031 0.887500 0.955469 0.884722 0.953125 0.886111 0.952344 0.883333 0.950781 0.884722 0.950781 0.881944 0.948438 0.881944 0.946094 0.880556 0.941406 0.880556 0.939063 0.877778 0.933594 0.875000 0.931250 0.875000 0.925781 0.872222 0.923438 0.869444 0.921094 0.869444 0.918750 0.868056 0.916406 0.863889 0.914062 0.863889 0.912500 0.861111 0.910937 0.862500 0.909375 0.862500 0.908594 0.861111 0.908594 0.859722 0.906250 0.858333 0.904687 0.859722 0.906250 0.858333 0.903906 0.856944 0.903125 0.858333 0.900781 0.858333 0.896094 0.856944 0.892188 0.852778 0.888281 0.852778 0.883594 0.848611 0.881250 0.847222 0.875000 0.845833 0.869531 0.843056 0.854688 0.834722 0.852344 0.833333 0.850000 0.830556 0.847656 0.829167 0.845313 0.827778 0.841406 0.827778 0.839844 0.826389 0.838281 0.825000 0.840625 0.823611 0.839063 0.822222 0.837500 0.819444 0.836719 0.820833 0.833594 0.816667 0.832031 0.815278 0.825781 0.811111 0.823438 0.811111 0.822656 0.812500 0.821094 0.812500 0.819531 0.808333 0.817187 0.806944 0.814063 0.806944 0.808594 0.802778 0.805469 0.802778 0.803125 0.801389 0.800781 0.798611 0.798438 0.798611 0.796094 0.795833 0.790625 0.793056 0.787500 0.793056 0.784375 0.791667 0.780469 0.787500 0.775000 0.787500 0.772656 0.784722 0.770312 0.783333 0.767969 0.784722 0.769531 0.786111 0.767188 0.787500 0.771875 0.788889 0.776563 0.793056 0.779687 0.794444 0.781250 0.793056 0.782031 0.795833 0.785156 0.797222 0.787500 0.798611 0.790625 0.798611 0.793750 0.800000 0.799219 0.804167 0.801562 0.804167 0.803125 0.805556 0.801562 0.804167 0.798438 0.804167 0.794531 0.802778 0.791406 0.800000 0.786719 0.800000 0.782813 0.795833 0.778906 0.797222 0.775781 0.793056 0.773438 0.791667 0.771094 0.790278 0.767969 0.788889 0.763281 0.788889 0.763281 0.787500 0.760156 0.781944 0.757031 0.783333 0.760156 0.786111 0.763281 0.787500 0.763281 0.788889 0.760938 0.787500 0.758594 0.784722 0.753906 0.783333 0.751563 0.781944 0.749219 0.777778 0.747656 0.776389 0.744531 0.775000 0.746875 0.775000 0.743750 0.770833 0.742969 0.775000 0.741406 0.773611 0.736719 0.770833 0.733594 0.770833 0.732812 0.769444 0.730469 0.769444 0.732031 0.768056 0.733594 0.766667 0.732031 0.763889 0.727344 0.761111 0.719531 0.761111 0.718750 0.756944 0.716406 0.756944 0.714844 0.756944 0.714844 0.756944 0.713281 0.754167 0.710938 0.752778 0.707812 0.754167 0.710938 0.758333 0.714844 0.756944 0.714844 0.756944 0.713281 0.759722 0.714844 0.762500 0.718750 0.763889 0.717187 0.762500 0.714844 0.762500 0.704688 0.755556 0.700781 0.755556 0.698438 0.754167 0.696094 0.751389 0.693750 0.750000 0.690625 0.748611 0.687500 0.748611 0.684375 0.747222 0.679688 0.743056 0.678906 0.741667 0.681250 0.743056 0.685156 0.743056 0.685937 0.744444 0.688281 0.744444 0.686719 0.745833 0.692969 0.747222 0.698438 0.751389 0.702344 0.750000 0.700781 0.747222 0.696094 0.744444 0.692969 0.743056 0.689844 0.743056 0.686719 0.741667 0.682031 0.737500 0.678906 0.736111 0.675000 0.736111 0.675000 0.740278 0.677344 0.738889 0.678906 0.741667 0.679688 0.743056 0.677344 0.743056 0.675781 0.741667 0.673438 0.737500 0.669531 0.738889 0.661719 0.733333 0.656250 0.731944 0.653125 0.730556 0.650781 0.727778 0.648438 0.726389 0.645312 0.726389 0.642188 0.725000 0.638281 0.720833 0.635938 0.719444 0.632812 0.719444 0.630469 0.718056 0.628125 0.713889 0.625000 0.715278 0.621875 0.715278 0.616406 0.709722 0.614062 0.708333 0.614844 0.708333 0.614844 0.708333 0.616406 0.705556 0.611719 0.701389 0.608594 0.701389 0.600000 0.695833 0.596875 0.694444 0.592187 0.694444 0.591406 0.693056 0.586719 0.694444 0.589844 0.695833 0.592187 0.698611 0.598437 0.700000 0.607031 0.705556 0.609375 0.705556 0.610156 0.706944 0.613281 0.708333 0.614844 0.708333 0.614844 0.708333 0.617969 0.709722 0.620313 0.709722 0.617969 0.705556 0.616406 0.706944 0.614844 0.708333 0.614062 0.708333 0.607031 0.708333 0.597656 0.702778 0.591406 0.697222 0.589063 0.695833 0.585938 0.694444 0.587500 0.693056 0.583594 0.691667 0.579688 0.690278 0.577344 0.684722 0.575781 0.681944 0.568750 0.680556 0.564063 0.680556 0.560937 0.683333 0.557031 0.683333 0.551562 0.679167 0.548438 0.679167 0.545312 0.673611 0.547656 0.675000 0.549219 0.677778 0.552344 0.676389 0.549219 0.673611 0.548438 0.669444 0.547656 0.668056 0.546094 0.666667 0.543750 0.665278 0.541406 0.665278 0.540625 0.663889 0.539062 0.663889 0.537500 0.659722 0.535156 0.658333 0.529687 0.650000 0.525781 0.650000 0.524219 0.647222 0.521875 0.645833 0.516406 0.645833 0.500781 0.647222 0.496875 0.645833 0.493750 0.643056 0.490625 0.643056 0.493750 0.643056 0.494531 0.644444 0.500781 0.645833 0.504687 0.645833 0.510938 0.645833 0.520312 0.644444 0.521875 0.641667 0.522656 0.647222
20 0.477344 0.636111 0.478906 0.637500 0.479687 0.641667 0.482031 0.640278 0.488281 0.641667 0.485156 0.640278 0.484375 0.636111 0.477344 0.636111
20 0.485938 0.618056 0.488281 0.622222 0.489844 0.623611 0.489063 0.623611 0.487500 0.626389 0.491406 0.629167 0.492969 0.626389 0.491406 0.623611 0.489063 0.623611 0.489844 0.623611 0.493750 0.623611 0.494531 0.626389 0.495312 0.630556 0.497656 0.633333 0.497656 0.636111 0.496875 0.633333 0.495312 0.630556 0.489063 0.630556 0.487500 0.629167 0.485938 0.627778 0.484375 0.625000 0.483594 0.622222 0.483594 0.619444 0.485938 0.618056
20 0.033594 0.605556 0.035156 0.608333 0.035937 0.608333 0.036719 0.619444 0.039062 0.623611 0.048438 0.623611 0.051562 0.619444 0.054688 0.619444 0.055469 0.620833 0.057813 0.620833 0.058594 0.619444 0.061719 0.620833 0.066406 0.615278 0.067969 0.615278 0.071094 0.620833 0.072656 0.622222 0.074219 0.622222 0.077344 0.616667 0.077344 0.612500 0.078906 0.612500 0.080469 0.613889 0.080469 0.620833 0.083594 0.627778 0.085156 0.625000 0.085938 0.623611 0.089063 0.622222 0.094531 0.619444 0.117188 0.619444 0.115625 0.620833 0.114844 0.622222 0.112500 0.623611 0.109375 0.623611 0.107813 0.625000 0.106250 0.627778 0.109375 0.631944 0.112500 0.631944 0.114844 0.627778 0.118750 0.627778 0.117969 0.633333 0.116406 0.634722 0.118750 0.637500 0.122656 0.634722 0.120313 0.633333 0.117969 0.633333 0.118750 0.627778 0.121875 0.620833 0.127344 0.620833 0.128906 0.620833 0.129688 0.622222 0.131250 0.622222 0.131250 0.623611 0.132812 0.626389 0.134375 0.629167 0.135937 0.631944 0.141406 0.633333 0.137500 0.627778 0.137500 0.626389 0.136719 0.625000 0.135937 0.625000 0.134375 0.622222 0.132812 0.620833 0.131250 0.623611 0.131250 0.622222 0.133594 0.619444 0.139844 0.620833 0.142969 0.620833 0.150000 0.615278 0.153906 0.616667 0.156250 0.615278 0.157031 0.612500 0.157031 0.609722 0.160156 0.606944 0.160156 0.615278 0.161719 0.618056 0.163281 0.618056 0.163281 0.620833 0.162500 0.622222 0.161719 0.627778 0.161719 0.636111 0.160938 0.636111 0.159375 0.638889 0.162500 0.648611 0.162500 0.651389 0.164062 0.656944 0.162500 0.658333 0.160156 0.658333 0.158594 0.655556 0.159375 0.648611 0.158594 0.647222 0.157812 0.640278 0.156250 0.645833 0.156250 0.651389 0.155469 0.654167 0.153906 0.655556 0.150000 0.655556 0.148438 0.656944 0.146094 0.661111 0.142969 0.659722 0.140625 0.662500 0.132812 0.661111 0.129688 0.659722 0.129688 0.650000 0.128125 0.647222 0.126562 0.647222 0.124219 0.643056 0.117188 0.643056 0.114844 0.644444 0.111719 0.650000 0.110937 0.652778 0.110156 0.656944 0.110156 0.663889 0.111719 0.668056 0.108594 0.675000 0.107031 0.680556 0.104688 0.683333 0.096094 0.683333 0.086719 0.684722 0.083594 0.687500 0.080469 0.686111 0.078906 0.683333 0.074219 0.684722 0.072656 0.683333 0.071094 0.683333 0.069531 0.681944 0.069531 0.679167 0.067969 0.676389 0.066406 0.676389 0.060937 0.666667 0.062500 0.666667 0.064062 0.668056 0.067187 0.665278 0.068750 0.665278 0.071094 0.668056 0.075781 0.668056 0.079687 0.666667 0.082812 0.663889 0.085938 0.663889 0.090625 0.666667 0.092188 0.666667 0.093750 0.665278 0.095312 0.662500 0.094531 0.658333 0.098437 0.656944 0.096875 0.654167 0.096875 0.650000 0.095312 0.645833 0.093750 0.643056 0.092188 0.643056 0.090625 0.645833 0.091406 0.650000 0.089063 0.650000 0.088281 0.651389 0.085156 0.650000 0.086719 0.648611 0.088281 0.650000 0.089063 0.647222 0.090625 0.645833 0.089063 0.644444 0.088281 0.643056 0.085938 0.641667 0.084375 0.643056 0.083594 0.648611 0.081250 0.648611 0.080469 0.654167 0.082031 0.656944 0.086719 0.655556 0.091406 0.656944 0.088281 0.658333 0.087500 0.661111 0.079687 0.661111 0.078125 0.659722 0.075781 0.655556 0.074219 0.655556 0.067969 0.656944 0.065625 0.652778 0.065625 0.648611 0.064844 0.644444 0.067187 0.643056 0.068750 0.651389 0.071094 0.650000 0.072656 0.648611 0.075781 0.644444 0.072656 0.643056 0.071875 0.644444 0.070312 0.644444 0.068750 0.641667 0.067187 0.643056 0.064844 0.644444 0.060937 0.643056 0.060156 0.650000 0.061719 0.651389 0.061719 0.654167 0.060156 0.658333 0.060156 0.662500 0.062500 0.666667 0.060937 0.666667 0.059375 0.665278 0.057813 0.663889 0.056250 0.663889 0.057813 0.663889 0.046094 0.658333 0.042969 0.659722 0.042188 0.656944 0.040625 0.656944 0.039844 0.654167 0.042188 0.654167 0.044531 0.650000 0.042969 0.647222 0.046875 0.644444 0.046094 0.645833 0.048438 0.647222 0.055469 0.650000 0.057031 0.648611 0.058594 0.648611 0.055469 0.643056 0.046094 0.645833 0.046875 0.644444 0.043750 0.643056 0.041406 0.641667 0.039844 0.640278 0.038281 0.637500 0.036719 0.637500 0.034375 0.637500 0.035937 0.643056 0.037500 0.644444 0.041406 0.645833 0.039062 0.645833 0.037500 0.650000 0.035937 0.651389 0.032813 0.652778 0.030469 0.650000 0.025000 0.648611 0.020313 0.647222 0.018750 0.647222 0.031250 0.645833 0.022656 0.643056 0.023438 0.637500 0.025000 0.638889 0.027344 0.634722 0.021094 0.634722 0.023438 0.637500 0.022656 0.643056 0.011719 0.644444 0.018750 0.647222 0.020313 0.647222 0.012500 0.647222 0.005469 0.644444 0.000000 0.644444 0.000000 0.636111 0.004687 0.636111 0.008594 0.633333 0.000000 0.631944 0.000000 0.616667 0.002344 0.616667 0.005469 0.619444 0.007812 0.615278 0.007812 0.612500 0.009375 0.609722 0.010937 0.609722 0.011719 0.611111 0.014063 0.611111 0.017969 0.615278 0.020313 0.615278 0.021875 0.618056 0.023438 0.615278 0.025000 0.613889 0.027344 0.612500 0.030469 0.609722 0.031250 0.605556 0.033594 0.605556
21 0.873437 0.755556 0.873437 0.758333 0.875781 0.758333 0.873437 0.755556
21 0.625000 0.656944 0.626563 0.656944 0.628906 0.659722 0.631250 0.659722 0.631250 0.656944 0.625000 0.656944
21 0.525000 0.641667 0.528125 0.641667 0.528906 0.643056 0.530469 0.641667 0.525000 0.641667
21 0.610156 0.638889 0.607812 0.640278 0.607812 0.645833 0.614844 0.645833 0.614844 0.641667 0.611719 0.637500 0.610156 0.638889
21 0.548438 0.627778 0.547656 0.630556 0.547656 0.631944 0.545312 0.633333 0.546094 0.636111 0.546094 0.637500 0.546875 0.638889 0.547656 0.638889 0.549219 0.640278 0.548438 0.634722 0.547656 0.633333 0.547656 0.630556 0.548438 0.627778
21 0.542969 0.611111 0.542969 0.619444 0.543750 0.622222 0.546094 0.623611 0.546094 0.611111 0.545312 0.618056 0.544531 0.615278 0.543750 0.618056 0.542969 0.611111
21 0.607812 0.606944 0.608594 0.611111 0.607812 0.619444 0.608594 0.622222 0.610938 0.620833 0.610156 0.615278 0.609375 0.611111 0.607812 0.606944
21 0.514062 0.604167 0.513281 0.606944 0.511719 0.606944 0.512500 0.611111 0.510938 0.620833 0.511719 0.629167 0.512500 0.625000 0.513281 0.623611 0.514062 0.615278 0.512500 0.612500 0.513281 0.608333 0.514062 0.608333 0.514062 0.604167
21 0.507812 0.597222 0.508594 0.600000 0.508594 0.605556 0.508594 0.600000 0.509375 0.597222 0.507812 0.597222
21 0.621094 0.593056 0.617188 0.595833 0.617188 0.598611 0.621875 0.598611 0.623437 0.595833 0.625000 0.595833 0.623437 0.594444 0.622656 0.593056 0.621094 0.593056
21 0.554688 0.593056 0.553125 0.594444 0.551562 0.595833 0.549219 0.598611 0.548438 0.601389 0.547656 0.611111 0.548438 0.625000 0.548438 0.616667 0.550000 0.608333 0.551562 0.615278 0.550781 0.622222 0.552344 0.620833 0.553906 0.618056 0.559375 0.618056 0.560156 0.616667 0.561719 0.616667 0.561719 0.594444 0.560156 0.593056 0.554688 0.593056
21 0.330469 0.591667 0.330469 0.595833 0.332031 0.591667 0.330469 0.591667
21 0.430469 0.588889 0.430469 0.595833 0.431250 0.598611 0.433594 0.600000 0.433594 0.597222 0.433594 0.588889 0.430469 0.588889
21 0.528906 0.584722 0.527344 0.588889 0.525000 0.588889 0.521094 0.587500 0.520312 0.591667 0.521875 0.595833 0.525781 0.604167 0.524219 0.606944 0.525781 0.609722 0.525000 0.613889 0.528125 0.615278 0.528125 0.616667 0.529687 0.619444 0.531250 0.619444 0.532813 0.615278 0.531250 0.613889 0.530469 0.615278 0.526563 0.606944 0.528125 0.604167 0.529687 0.604167 0.530469 0.600000 0.529687 0.597222 0.527344 0.595833 0.530469 0.590278 0.532813 0.588889 0.534375 0.587500 0.532813 0.586111 0.530469 0.587500 0.528906 0.584722
21 0.474219 0.584722 0.471875 0.588889 0.475781 0.588889 0.474219 0.587500 0.474219 0.584722
21 0.600781 0.573611 0.600000 0.579167 0.597656 0.579167 0.594531 0.576389 0.594531 0.581944 0.592187 0.584722 0.590625 0.583333 0.589063 0.580556 0.589063 0.579167 0.587500 0.577778 0.591406 0.586111 0.589063 0.588889 0.587500 0.593056 0.585938 0.591667 0.584375 0.591667 0.579688 0.595833 0.577344 0.600000 0.576562 0.604167 0.578906 0.605556 0.583594 0.613889 0.584375 0.616667 0.585156 0.629167 0.585938 0.629167 0.587500 0.631944 0.585156 0.636111 0.583594 0.634722 0.582031 0.637500 0.581250 0.640278 0.580469 0.648611 0.580469 0.651389 0.585938 0.650000 0.587500 0.650000 0.596094 0.651389 0.597656 0.648611 0.597656 0.634722 0.599219 0.619444 0.598437 0.601389 0.598437 0.598611 0.600000 0.594444 0.599219 0.586111 0.600781 0.579167 0.600781 0.573611
21 0.547656 0.570833 0.546094 0.572222 0.544531 0.575000 0.544531 0.576389 0.537500 0.577778 0.535937 0.579167 0.535156 0.581944 0.534375 0.584722 0.535937 0.581944 0.537500 0.584722 0.539062 0.581944 0.540625 0.583333 0.542188 0.580556 0.543750 0.581944 0.543750 0.579167 0.545312 0.576389 0.546094 0.579167 0.548438 0.576389 0.550000 0.579167 0.550000 0.575000 0.551562 0.572222 0.553125 0.576389 0.555469 0.577778 0.554688 0.579167 0.557031 0.580556 0.557813 0.575000 0.554688 0.572222 0.552344 0.570833 0.547656 0.570833
21 0.617188 0.569444 0.617188 0.570833 0.616406 0.573611 0.619531 0.570833 0.620313 0.573611 0.620313 0.576389 0.618750 0.579167 0.617188 0.579167 0.618750 0.579167 0.621094 0.583333 0.623437 0.584722 0.625000 0.583333 0.627344 0.581944 0.628125 0.580556 0.629687 0.579167 0.628906 0.576389 0.627344 0.573611 0.623437 0.570833 0.621094 0.570833 0.619531 0.568056 0.617188 0.569444
21 0.510156 0.568056 0.509375 0.581944 0.510156 0.579167 0.510938 0.577778 0.511719 0.572222 0.512500 0.587500 0.513281 0.572222 0.512500 0.568056 0.510156 0.568056
21 0.478125 0.565278 0.477344 0.568056 0.478906 0.569444 0.477344 0.572222 0.477344 0.576389 0.475781 0.577778 0.475000 0.580556 0.476562 0.579167 0.477344 0.577778 0.478906 0.572222 0.478125 0.566667 0.479687 0.563889 0.478125 0.565278
21 0.584375 0.561111 0.585938 0.566667 0.589844 0.566667 0.590625 0.569444 0.591406 0.572222 0.592969 0.573611 0.592969 0.569444 0.593750 0.566667 0.589844 0.566667 0.587500 0.562500 0.585938 0.562500 0.584375 0.561111
21 0.426563 0.559722 0.426563 0.562500 0.425781 0.563889 0.425000 0.570833 0.426563 0.562500 0.426563 0.559722
21 0.567969 0.558333 0.567969 0.566667 0.568750 0.562500 0.569531 0.561111 0.569531 0.558333 0.567969 0.558333
21 0.392969 0.556944 0.391406 0.559722 0.390625 0.562500 0.390625 0.566667 0.389062 0.569444 0.389062 0.572222 0.389844 0.575000 0.392188 0.576389 0.393750 0.577778 0.394531 0.581944 0.393750 0.583333 0.393750 0.586111 0.394531 0.587500 0.393750 0.591667 0.392188 0.588889 0.390625 0.588889 0.389062 0.587500 0.387500 0.584722 0.386719 0.580556 0.386719 0.583333 0.387500 0.584722 0.387500 0.594444 0.385937 0.598611 0.389062 0.597222 0.391406 0.597222 0.391406 0.594444 0.392969 0.591667 0.395313 0.593056 0.396875 0.588889 0.396094 0.586111 0.394531 0.583333 0.395313 0.579167 0.392969 0.576389 0.393750 0.570833 0.393750 0.565278 0.395313 0.566667 0.392969 0.563889 0.392969 0.556944
21 0.572656 0.554167 0.571875 0.555556 0.570312 0.555556 0.575000 0.555556 0.572656 0.554167
21 0.431250 0.554167 0.430469 0.556944 0.430469 0.559722 0.431250 0.562500 0.432031 0.559722 0.433594 0.559722 0.432812 0.555556 0.431250 0.554167
21 0.441406 0.552778 0.438281 0.555556 0.440625 0.558333 0.442188 0.555556 0.441406 0.552778
21 0.567187 0.548611 0.568750 0.554167 0.570312 0.548611 0.567187 0.548611
21 0.425781 0.541667 0.420312 0.543056 0.418750 0.544444 0.417187 0.545833 0.414844 0.548611 0.417969 0.548611 0.419531 0.550000 0.417969 0.547222 0.419531 0.545833 0.421875 0.545833 0.423438 0.545833 0.425000 0.548611 0.424219 0.551389 0.426563 0.554167 0.426563 0.545833 0.425781 0.541667
21 0.428906 0.537500 0.430469 0.538889 0.432812 0.537500 0.428906 0.537500
21 0.480469 0.533333 0.480469 0.537500 0.482031 0.540278 0.481250 0.537500 0.481250 0.536111 0.480469 0.533333
21 0.568750 0.526389 0.568750 0.529167 0.567969 0.530556 0.567969 0.534722 0.570312 0.534722 0.569531 0.530556 0.570312 0.529167 0.570312 0.526389 0.568750 0.526389
21 0.281250 0.527778 0.283594 0.526389 0.283594 0.523611 0.281250 0.527778
21 0.233594 0.511111 0.233594 0.513889 0.232813 0.515278 0.232813 0.520833 0.231250 0.522222 0.232813 0.523611 0.232813 0.519444 0.233594 0.518056 0.233594 0.511111
21 0.446875 0.508333 0.446094 0.511111 0.444531 0.513889 0.444531 0.516667 0.442969 0.519444 0.444531 0.519444 0.444531 0.513889 0.446875 0.508333
21 0.019531 0.504167 0.023438 0.505556 0.026562 0.508333 0.028125 0.505556 0.029687 0.505556 0.031250 0.508333 0.032813 0.505556 0.036719 0.505556 0.040625 0.506944 0.042969 0.508333 0.044531 0.509722 0.044531 0.512500 0.045312 0.513889 0.045312 0.518056 0.043750 0.527778 0.042188 0.530556 0.044531 0.534722 0.044531 0.537500 0.046094 0.541667 0.049219 0.548611 0.050781 0.555556 0.052344 0.559722 0.057031 0.569444 0.059375 0.570833 0.067187 0.568056 0.068750 0.568056 0.069531 0.569444 0.071875 0.569444 0.074219 0.572222 0.075781 0.572222 0.077344 0.569444 0.079687 0.572222 0.084375 0.572222 0.089063 0.569444 0.094531 0.569444 0.099219 0.568056 0.100000 0.565278 0.104688 0.565278 0.106250 0.565278 0.108594 0.561111 0.110937 0.562500 0.111719 0.558333 0.113281 0.559722 0.114062 0.555556 0.114844 0.552778 0.117188 0.548611 0.121094 0.548611 0.123438 0.551389 0.122656 0.552778 0.121094 0.556944 0.125000 0.558333 0.125781 0.556944 0.130469 0.558333 0.132812 0.555556 0.128906 0.550000 0.125000 0.550000 0.123438 0.551389 0.121094 0.548611 0.122656 0.545833 0.122656 0.544444 0.124219 0.541667 0.131250 0.541667 0.133594 0.543056 0.133594 0.545833 0.135156 0.545833 0.135156 0.543056 0.136719 0.544444 0.139844 0.544444 0.140625 0.545833 0.143750 0.545833 0.146094 0.547222 0.147656 0.548611 0.149219 0.550000 0.153125 0.555556 0.153906 0.555556 0.154688 0.559722 0.160156 0.562500 0.162500 0.563889 0.164062 0.566667 0.164844 0.570833 0.164844 0.575000 0.165625 0.577778 0.166406 0.580556 0.168750 0.584722 0.171094 0.584722 0.171875 0.587500 0.171875 0.590278 0.169531 0.590278 0.167187 0.587500 0.164844 0.586111 0.163281 0.586111 0.161719 0.588889 0.162500 0.594444 0.163281 0.591667 0.164062 0.597222 0.165625 0.601389 0.164062 0.605556 0.163281 0.611111 0.163281 0.616667 0.161719 0.616667 0.161719 0.602778 0.160938 0.600000 0.159375 0.602778 0.159375 0.605556 0.157031 0.608333 0.157031 0.611111 0.156250 0.613889 0.153906 0.615278 0.150781 0.613889 0.145313 0.618056 0.142969 0.619444 0.139844 0.619444 0.133594 0.618056 0.126562 0.620833 0.117188 0.618056 0.094531 0.618056 0.089063 0.620833 0.085938 0.622222 0.083594 0.626389 0.081250 0.620833 0.080469 0.612500 0.079687 0.606944 0.082031 0.606944 0.080469 0.604167 0.079687 0.606944 0.080469 0.612500 0.077344 0.611111 0.077344 0.600000 0.078906 0.597222 0.079687 0.597222 0.081250 0.594444 0.081250 0.587500 0.085938 0.579167 0.083594 0.576389 0.084375 0.576389 0.086719 0.577778 0.085156 0.573611 0.084375 0.576389 0.083594 0.576389 0.082031 0.577778 0.079687 0.583333 0.078125 0.584722 0.077344 0.577778 0.076563 0.576389 0.075781 0.573611 0.073438 0.577778 0.073438 0.580556 0.072656 0.583333 0.070312 0.586111 0.071094 0.588889 0.071875 0.590278 0.072656 0.590278 0.074219 0.593056 0.072656 0.595833 0.071094 0.597222 0.071094 0.598611 0.071094 0.602778 0.071094 0.604167 0.073438 0.606944 0.071094 0.608333 0.067187 0.609722 0.064844 0.616667 0.062500 0.619444 0.058594 0.618056 0.057813 0.619444 0.055469 0.619444 0.054688 0.618056 0.051562 0.618056 0.048438 0.622222 0.039062 0.622222 0.037500 0.619444 0.037500 0.609722 0.035937 0.606944 0.037500 0.604167 0.038281 0.600000 0.036719 0.597222 0.035156 0.597222 0.032813 0.604167 0.030469 0.605556 0.026562 0.591667 0.023438 0.590278 0.022656 0.591667 0.019531 0.593056 0.021875 0.597222 0.023438 0.595833 0.026562 0.591667 0.030469 0.605556 0.029687 0.609722 0.025000 0.612500 0.021094 0.613889 0.021875 0.616667 0.020313 0.613889 0.017969 0.613889 0.014063 0.609722 0.011719 0.609722 0.010937 0.608333 0.009375 0.608333 0.007031 0.612500 0.007031 0.615278 0.005469 0.618056 0.002344 0.615278 0.000000 0.615278 0.000000 0.508333 0.001563 0.508333 0.002344 0.505556 0.007031 0.504167 0.019531 0.504167
21 0.298438 0.497222 0.293750 0.500000 0.292969 0.501389 0.291406 0.501389 0.302344 0.497222 0.298438 0.497222
21 0.277344 0.488889 0.277344 0.501389 0.271875 0.502778 0.273438 0.504167 0.279687 0.508333 0.278906 0.522222 0.279687 0.527778 0.277344 0.531944 0.278125 0.536111 0.276562 0.540278 0.274219 0.543056 0.275000 0.545833 0.272656 0.545833 0.271875 0.548611 0.270313 0.550000 0.271094 0.551389 0.270313 0.554167 0.269531 0.555556 0.267969 0.556944 0.267188 0.558333 0.266406 0.559722 0.266406 0.561111 0.264844 0.563889 0.264844 0.566667 0.264062 0.569444 0.259375 0.563889 0.257031 0.562500 0.252344 0.562500 0.240625 0.563889 0.242188 0.558333 0.245312 0.558333 0.243750 0.555556 0.243750 0.555556 0.245312 0.555556 0.247656 0.559722 0.250781 0.556944 0.252344 0.554167 0.252344 0.551389 0.250781 0.543056 0.250000 0.548611 0.248438 0.551389 0.243750 0.547222 0.240625 0.547222 0.237500 0.550000 0.234375 0.547222 0.232031 0.547222 0.230469 0.548611 0.228906 0.551389 0.226562 0.551389 0.225000 0.554167 0.224219 0.556944 0.225000 0.561111 0.228125 0.566667 0.230469 0.568056 0.232813 0.568056 0.234375 0.566667 0.235156 0.565278 0.235937 0.562500 0.236719 0.559722 0.235937 0.556944 0.240625 0.554167 0.242188 0.554167 0.243750 0.555556 0.243750 0.555556 0.242188 0.558333 0.240625 0.563889 0.232031 0.569444 0.227344 0.569444 0.225781 0.572222 0.227344 0.577778 0.225781 0.576389 0.223438 0.576389 0.220312 0.573611 0.207031 0.575000 0.205469 0.573611 0.206250 0.570833 0.203906 0.569444 0.206250 0.566667 0.203906 0.565278 0.204687 0.562500 0.206250 0.566667 0.221875 0.565278 0.221875 0.563889 0.223438 0.561111 0.224219 0.558333 0.221875 0.550000 0.223438 0.545833 0.222656 0.544444 0.223438 0.541667 0.225000 0.547222 0.226562 0.550000 0.229687 0.550000 0.232031 0.545833 0.232813 0.543056 0.233594 0.540278 0.232813 0.530556 0.237500 0.530556 0.240625 0.531944 0.241406 0.533333 0.242969 0.533333 0.246094 0.538889 0.247656 0.540278 0.249219 0.531944 0.250000 0.527778 0.253125 0.522222 0.253125 0.519444 0.254688 0.519444 0.255469 0.527778 0.259375 0.525000 0.260937 0.529167 0.258594 0.533333 0.260156 0.536111 0.260156 0.540278 0.259375 0.541667 0.259375 0.544444 0.257031 0.543056 0.255469 0.554167 0.260156 0.554167 0.261719 0.547222 0.262500 0.544444 0.265625 0.544444 0.268750 0.538889 0.269531 0.536111 0.269531 0.533333 0.266406 0.527778 0.262500 0.527778 0.260937 0.529167 0.259375 0.525000 0.260156 0.519444 0.261719 0.516667 0.262500 0.513889 0.263281 0.509722 0.264062 0.505556 0.264062 0.501389 0.265625 0.502778 0.265625 0.498611 0.266406 0.493056 0.267969 0.497222 0.268750 0.494444 0.270313 0.491667 0.272656 0.491667 0.273438 0.493056 0.275000 0.493056 0.277344 0.488889
21 0.324219 0.483333 0.325000 0.491667 0.325781 0.484722 0.328125 0.488889 0.327344 0.494444 0.332031 0.495833 0.334375 0.498611 0.334375 0.501389 0.335156 0.504167 0.338281 0.505556 0.340625 0.509722 0.345313 0.512500 0.346094 0.512500 0.348438 0.511111 0.348438 0.519444 0.347656 0.520833 0.347656 0.533333 0.346094 0.536111 0.345313 0.550000 0.346094 0.554167 0.345313 0.566667 0.342969 0.572222 0.339844 0.572222 0.338281 0.573611 0.339844 0.569444 0.340625 0.558333 0.339844 0.551389 0.338281 0.550000 0.339062 0.544444 0.337500 0.543056 0.334375 0.541667 0.332031 0.541667 0.330469 0.544444 0.328906 0.543056 0.327344 0.545833 0.327344 0.551389 0.327344 0.548611 0.324219 0.550000 0.323437 0.554167 0.321875 0.558333 0.320312 0.559722 0.317969 0.561111 0.321094 0.562500 0.319531 0.565278 0.319531 0.568056 0.321875 0.565278 0.322656 0.572222 0.321094 0.570833 0.320312 0.573611 0.319531 0.575000 0.319531 0.577778 0.321094 0.570833 0.322656 0.572222 0.323437 0.577778 0.325000 0.579167 0.320312 0.580556 0.320312 0.581944 0.318750 0.583333 0.317188 0.579167 0.315625 0.580556 0.314844 0.583333 0.314844 0.587500 0.317188 0.588889 0.316406 0.597222 0.314844 0.595833 0.312500 0.594444 0.307812 0.594444 0.307812 0.591667 0.310156 0.593056 0.308594 0.588889 0.307812 0.591667 0.307812 0.594444 0.304688 0.600000 0.303906 0.602778 0.305469 0.605556 0.306250 0.608333 0.303906 0.606944 0.301563 0.609722 0.303906 0.611111 0.300000 0.612500 0.298438 0.608333 0.296875 0.609722 0.294531 0.611111 0.293750 0.612500 0.290625 0.612500 0.289844 0.609722 0.289844 0.609722 0.291406 0.612500 0.292969 0.609722 0.289844 0.609722 0.289844 0.609722 0.292187 0.604167 0.296094 0.600000 0.298438 0.597222 0.300781 0.597222 0.301563 0.594444 0.304688 0.594444 0.306250 0.591667 0.307031 0.587500 0.307031 0.583333 0.309375 0.580556 0.310937 0.581944 0.310937 0.584722 0.312500 0.587500 0.313281 0.581944 0.315625 0.577778 0.313281 0.573611 0.312500 0.568056 0.310937 0.566667 0.309375 0.565278 0.307812 0.566667 0.306250 0.569444 0.303906 0.568056 0.307031 0.566667 0.308594 0.566667 0.309375 0.563889 0.311719 0.565278 0.311719 0.562500 0.312500 0.561111 0.311719 0.559722 0.312500 0.551389 0.310937 0.543056 0.314844 0.537500 0.316406 0.540278 0.317188 0.543056 0.317969 0.536111 0.316406 0.533333 0.314844 0.537500 0.310937 0.543056 0.309375 0.544444 0.308594 0.550000 0.310156 0.556944 0.311719 0.559722 0.312500 0.561111 0.316406 0.558333 0.313281 0.555556 0.312500 0.561111 0.311719 0.562500 0.310156 0.559722 0.308594 0.558333 0.303906 0.556944 0.300781 0.561111 0.297656 0.558333 0.296094 0.558333 0.293750 0.559722 0.292969 0.562500 0.287500 0.559722 0.287500 0.556944 0.286719 0.555556 0.287500 0.550000 0.289844 0.545833 0.291406 0.548611 0.290625 0.543056 0.289844 0.540278 0.292969 0.541667 0.293750 0.540278 0.295312 0.538889 0.300000 0.537500 0.300000 0.540278 0.301563 0.543056 0.303125 0.540278 0.302344 0.537500 0.301563 0.533333 0.301563 0.527778 0.303906 0.523611 0.306250 0.522222 0.307812 0.522222 0.311719 0.525000 0.312500 0.519444 0.311719 0.518056 0.310156 0.515278 0.308594 0.513889 0.301563 0.513889 0.300000 0.515278 0.298438 0.518056 0.298438 0.520833 0.301563 0.527778 0.301563 0.533333 0.300781 0.536111 0.300000 0.537500 0.295312 0.538889 0.292187 0.537500 0.291406 0.538889 0.289844 0.540278 0.290625 0.543056 0.289844 0.545833 0.287500 0.550000 0.285156 0.537500 0.285156 0.526389 0.286719 0.523611 0.286719 0.518056 0.287500 0.512500 0.289062 0.509722 0.291406 0.509722 0.293750 0.506944 0.296875 0.505556 0.302344 0.504167 0.307812 0.504167 0.304688 0.501389 0.306250 0.498611 0.307031 0.501389 0.312500 0.500000 0.310156 0.502778 0.311719 0.504167 0.314844 0.502778 0.316406 0.501389 0.317969 0.502778 0.317969 0.498611 0.316406 0.497222 0.314844 0.497222 0.314063 0.490278 0.314844 0.487500 0.316406 0.488889 0.317188 0.486111 0.319531 0.488889 0.321094 0.488889 0.322656 0.486111 0.321875 0.483333 0.324219 0.483333
21 0.209375 0.459722 0.210156 0.461111 0.211719 0.461111 0.213281 0.468056 0.214062 0.469444 0.215625 0.470833 0.218750 0.472222 0.224219 0.483333 0.219531 0.487500 0.217188 0.484722 0.216406 0.487500 0.216406 0.486111 0.216406 0.480556 0.214844 0.477778 0.213281 0.475000 0.210938 0.470833 0.208594 0.470833 0.202344 0.473611 0.203906 0.476389 0.203125 0.479167 0.206250 0.480556 0.211719 0.479167 0.213281 0.480556 0.216406 0.486111 0.216406 0.487500 0.219531 0.487500 0.224219 0.483333 0.225000 0.487500 0.225000 0.494444 0.226562 0.500000 0.226562 0.505556 0.228125 0.508333 0.229687 0.508333 0.228906 0.512500 0.226562 0.513889 0.225781 0.516667 0.226562 0.519444 0.225781 0.522222 0.224219 0.525000 0.222656 0.526389 0.217969 0.523611 0.215625 0.523611 0.213281 0.525000 0.209375 0.529167 0.207031 0.533333 0.207031 0.537500 0.205469 0.540278 0.204687 0.547222 0.204687 0.550000 0.205469 0.555556 0.203125 0.554167 0.202344 0.551389 0.202344 0.548611 0.200000 0.544444 0.198437 0.543056 0.192969 0.543056 0.191406 0.538889 0.190625 0.536111 0.191406 0.531944 0.194531 0.527778 0.198437 0.529167 0.199219 0.527778 0.200781 0.526389 0.199219 0.523611 0.195312 0.523611 0.194531 0.527778 0.191406 0.531944 0.190625 0.526389 0.189062 0.523611 0.187500 0.525000 0.187500 0.522222 0.188281 0.505556 0.189062 0.502778 0.190625 0.500000 0.192969 0.502778 0.192188 0.505556 0.192188 0.512500 0.192969 0.516667 0.195312 0.518056 0.195312 0.506944 0.195312 0.504167 0.196875 0.501389 0.196094 0.497222 0.196094 0.495833 0.198437 0.495833 0.198437 0.494444 0.198437 0.490278 0.196094 0.487500 0.196094 0.491667 0.196094 0.495833 0.196094 0.497222 0.192969 0.502778 0.190625 0.500000 0.190625 0.490278 0.195312 0.481944 0.199219 0.477778 0.196875 0.475000 0.197656 0.470833 0.200781 0.468056 0.202344 0.463889 0.204687 0.461111 0.207031 0.459722 0.209375 0.459722
21 0.139063 0.452778 0.140625 0.455556 0.141406 0.455556 0.143750 0.454167 0.146094 0.455556 0.148438 0.458333 0.153906 0.468056 0.151562 0.470833 0.153125 0.473611 0.154688 0.473611 0.153125 0.476389 0.155469 0.479167 0.155469 0.487500 0.154688 0.490278 0.152344 0.493056 0.150000 0.488889 0.148438 0.493056 0.145313 0.494444 0.142969 0.493056 0.141406 0.490278 0.143750 0.483333 0.146094 0.483333 0.145313 0.477778 0.143750 0.477778 0.142187 0.480556 0.143750 0.483333 0.141406 0.490278 0.137500 0.491667 0.137500 0.481944 0.139063 0.476389 0.140625 0.473611 0.139063 0.470833 0.137500 0.473611 0.139063 0.476389 0.137500 0.481944 0.135937 0.479167 0.133594 0.477778 0.132031 0.470833 0.133594 0.469444 0.130469 0.468056 0.131250 0.465278 0.134375 0.466667 0.135937 0.463889 0.134375 0.462500 0.134375 0.459722 0.137500 0.455556 0.137500 0.452778 0.139063 0.452778
21 0.384375 0.416667 0.382812 0.419444 0.381250 0.418056 0.377344 0.419444 0.375000 0.420833 0.372656 0.422222 0.368750 0.426389 0.366406 0.426389 0.364844 0.429167 0.363281 0.431944 0.363281 0.434722 0.361719 0.438889 0.359375 0.443056 0.357812 0.443056 0.360156 0.448611 0.359375 0.452778 0.357812 0.458333 0.356250 0.454167 0.354687 0.455556 0.354687 0.462500 0.351562 0.466667 0.349219 0.468056 0.349219 0.475000 0.351562 0.475000 0.353125 0.476389 0.354687 0.477778 0.359375 0.484722 0.360938 0.484722 0.362500 0.487500 0.362500 0.490278 0.364063 0.491667 0.364844 0.494444 0.364844 0.501389 0.370312 0.502778 0.368750 0.505556 0.364844 0.508333 0.360156 0.506944 0.357031 0.509722 0.353906 0.509722 0.351562 0.511111 0.350000 0.512500 0.350000 0.530556 0.350000 0.534722 0.350781 0.529167 0.353906 0.523611 0.357031 0.525000 0.360156 0.523611 0.362500 0.519444 0.366406 0.519444 0.368750 0.516667 0.374219 0.509722 0.375000 0.506944 0.375781 0.497222 0.375000 0.491667 0.374219 0.488889 0.372656 0.486111 0.371094 0.484722 0.368750 0.484722 0.366406 0.480556 0.365625 0.480556 0.364063 0.477778 0.363281 0.473611 0.364063 0.466667 0.365625 0.462500 0.365625 0.456944 0.364844 0.450000 0.364063 0.448611 0.364063 0.444444 0.364844 0.441667 0.367188 0.437500 0.369531 0.437500 0.371875 0.434722 0.374219 0.434722 0.378125 0.430556 0.381250 0.430556 0.382031 0.429167 0.384375 0.429167 0.384375 0.422222 0.385937 0.419444 0.384375 0.418056 0.386719 0.416667 0.384375 0.416667
21 0.346875 0.258333 0.348438 0.256944 0.350781 0.256944 0.346875 0.258333
21 0.999219 0.000000 0.999219 0.798611 0.995313 0.793056 0.994531 0.790278 0.992188 0.794444 0.989844 0.795833 0.990625 0.797222 0.989062 0.798611 0.989062 0.795833 0.987500 0.795833 0.986719 0.797222 0.984375 0.797222 0.986719 0.797222 0.987500 0.793056 0.984375 0.794444 0.980469 0.795833 0.979688 0.793056 0.975781 0.793056 0.973437 0.791667 0.971875 0.790278 0.970313 0.787500 0.968750 0.786111 0.967969 0.788889 0.968750 0.775000 0.967969 0.768056 0.968750 0.765278 0.968750 0.762500 0.967187 0.762500 0.967969 0.759722 0.968750 0.756944 0.967187 0.754167 0.967187 0.752778 0.963281 0.747222 0.962500 0.736111 0.961719 0.730556 0.960156 0.727778 0.959375 0.731944 0.957031 0.737500 0.954688 0.736111 0.957031 0.733333 0.957031 0.726389 0.959375 0.726389 0.961719 0.726389 0.959375 0.720833 0.959375 0.718056 0.957031 0.718056 0.957031 0.719444 0.955469 0.722222 0.955469 0.726389 0.954688 0.729167 0.951562 0.730556 0.951562 0.734722 0.951562 0.737500 0.953906 0.743056 0.955469 0.745833 0.956250 0.744444 0.957031 0.747222 0.954688 0.745833 0.954688 0.750000 0.953125 0.751389 0.951562 0.752778 0.950781 0.754167 0.949219 0.759722 0.949219 0.772222 0.950781 0.775000 0.951562 0.777778 0.949219 0.777778 0.945312 0.777778 0.942969 0.775000 0.941406 0.776389 0.939844 0.779167 0.937500 0.775000 0.934375 0.775000 0.933594 0.776389 0.930469 0.776389 0.927344 0.772222 0.919531 0.772222 0.914844 0.769444 0.910156 0.769444 0.909375 0.768056 0.904687 0.768056 0.907031 0.766667 0.903906 0.765278 0.901563 0.762500 0.898438 0.762500 0.896875 0.761111 0.896094 0.758333 0.894531 0.758333 0.892188 0.758333 0.890625 0.762500 0.889844 0.758333 0.885938 0.756944 0.882031 0.756944 0.882031 0.754167 0.884375 0.750000 0.885156 0.747222 0.885156 0.740278 0.883594 0.734722 0.882812 0.727778 0.882812 0.719444 0.885156 0.712500 0.885938 0.705556 0.885938 0.683333 0.887500 0.672222 0.887500 0.663889 0.886719 0.659722 0.885938 0.656944 0.885156 0.654167 0.884375 0.652778 0.883594 0.652778 0.882812 0.651389 0.882031 0.648611 0.882031 0.640278 0.880469 0.631944 0.879687 0.631944 0.878125 0.629167 0.876563 0.627778 0.871875 0.634722 0.869531 0.638889 0.868750 0.641667 0.867969 0.647222 0.866406 0.652778 0.864062 0.656944 0.863281 0.659722 0.863281 0.662500 0.862500 0.665278 0.860938 0.668056 0.858594 0.668056 0.857031 0.669444 0.856250 0.679167 0.859375 0.684722 0.860156 0.688889 0.860156 0.691667 0.859375 0.700000 0.860156 0.705556 0.861719 0.708333 0.862500 0.713889 0.861719 0.744444 0.860938 0.744444 0.858594 0.744444 0.857812 0.747222 0.854688 0.745833 0.853906 0.748611 0.851562 0.745833 0.849219 0.744444 0.842969 0.744444 0.839063 0.741667 0.837500 0.738889 0.830469 0.740278 0.829688 0.737500 0.826562 0.736111 0.821875 0.736111 0.817969 0.731944 0.814063 0.731944 0.810937 0.727778 0.808594 0.727778 0.807813 0.725000 0.806250 0.727778 0.804688 0.723611 0.803906 0.726389 0.803125 0.729167 0.802344 0.726389 0.802344 0.725000 0.799219 0.723611 0.795312 0.725000 0.796094 0.681944 0.796875 0.673611 0.797656 0.665278 0.798438 0.661111 0.800000 0.658333 0.800000 0.654167 0.800781 0.652778 0.802344 0.648611 0.801562 0.640278 0.800781 0.637500 0.799219 0.634722 0.796875 0.634722 0.796875 0.627778 0.796875 0.631944 0.798438 0.634722 0.799219 0.631944 0.800000 0.630556 0.800781 0.620833 0.799219 0.618056 0.798438 0.612500 0.797656 0.612500 0.796094 0.609722 0.796875 0.579167 0.797656 0.556944 0.797656 0.545833 0.799219 0.544444 0.799219 0.518056 0.798438 0.512500 0.799219 0.466667 0.800781 0.450000 0.800000 0.443056 0.800000 0.438889 0.801562 0.436111 0.800781 0.433333 0.802344 0.430556 0.821094 0.431944 0.822656 0.430556 0.824219 0.427778 0.825000 0.422222 0.825000 0.418056 0.821875 0.412500 0.807031 0.412500 0.805469 0.412500 0.807031 0.409722 0.807813 0.409722 0.810156 0.406944 0.811719 0.404167 0.812500 0.401389 0.813281 0.395833 0.814063 0.384722 0.813281 0.377778 0.812500 0.373611 0.811719 0.370833 0.810937 0.368056 0.810156 0.366667 0.809375 0.366667 0.807813 0.363889 0.806250 0.362500 0.804688 0.361111 0.796875 0.361111 0.794531 0.362500 0.792969 0.363889 0.791406 0.365278 0.788281 0.370833 0.785937 0.379167 0.785156 0.384722 0.785156 0.391667 0.785937 0.402778 0.791406 0.411111 0.792969 0.413889 0.785937 0.413889 0.782031 0.415278 0.780469 0.416667 0.778906 0.419444 0.778125 0.425000 0.778906 0.427778 0.778906 0.429167 0.779687 0.430556 0.781250 0.431944 0.782813 0.433333 0.788281 0.433333 0.789062 0.431944 0.794531 0.431944 0.796094 0.438889 0.796094 0.441667 0.794531 0.445833 0.793750 0.451389 0.794531 0.456944 0.795312 0.456944 0.796094 0.465278 0.794531 0.465278 0.793750 0.473611 0.793750 0.479167 0.795312 0.487500 0.794531 0.498611 0.792969 0.506944 0.792969 0.509722 0.794531 0.515278 0.794531 0.518056 0.792969 0.522222 0.793750 0.529167 0.793750 0.531944 0.793750 0.541667 0.792188 0.556944 0.792969 0.569444 0.792188 0.577778 0.792969 0.587500 0.792188 0.609722 0.789844 0.613889 0.790625 0.616667 0.792969 0.613889 0.796094 0.613889 0.795312 0.616667 0.794531 0.616667 0.793750 0.619444 0.792188 0.622222 0.789844 0.623611 0.789062 0.625000 0.789062 0.626389 0.788281 0.627778 0.789062 0.631944 0.788281 0.638889 0.785156 0.644444 0.784375 0.647222 0.784375 0.650000 0.785937 0.655556 0.785156 0.662500 0.786719 0.665278 0.788281 0.665278 0.788281 0.670833 0.789844 0.676389 0.789844 0.704167 0.789062 0.705556 0.789062 0.705556 0.789062 0.698611 0.789062 0.690278 0.788281 0.693056 0.787500 0.694444 0.787500 0.702778 0.789062 0.705556 0.789062 0.705556 0.789062 0.715278 0.788281 0.704167 0.787500 0.709722 0.786719 0.715278 0.785937 0.719444 0.785156 0.722222 0.783594 0.725000 0.775781 0.725000 0.774219 0.722222 0.771875 0.720833 0.766406 0.720833 0.764844 0.719444 0.763281 0.716667 0.759375 0.716667 0.756250 0.713889 0.751563 0.713889 0.750000 0.711111 0.748437 0.709722 0.746094 0.706944 0.744531 0.709722 0.740625 0.706944 0.737500 0.702778 0.734375 0.701389 0.732031 0.704167 0.730469 0.702778 0.728906 0.702778 0.727344 0.701389 0.723437 0.694444 0.717969 0.691667 0.714063 0.691667 0.709375 0.688889 0.705469 0.688889 0.703906 0.691667 0.701562 0.688889 0.696875 0.688889 0.695312 0.686111 0.690625 0.684722 0.682031 0.683333 0.680469 0.683333 0.675000 0.684722 0.671094 0.681944 0.662500 0.683333 0.666406 0.684722 0.657813 0.684722 0.654687 0.681944 0.650781 0.680556 0.652344 0.681944 0.657031 0.680556 0.653906 0.677778 0.650000 0.677778 0.648438 0.676389 0.642969 0.665278 0.640625 0.665278 0.639844 0.668056 0.639844 0.666667 0.638281 0.663889 0.638281 0.661111 0.635156 0.659722 0.635156 0.650000 0.634375 0.647222 0.632031 0.645833 0.622656 0.645833 0.621094 0.643056 0.618750 0.645833 0.617188 0.645833 0.622656 0.640278 0.623437 0.638889 0.623437 0.634722 0.630469 0.631944 0.632812 0.631944 0.632812 0.630556 0.635156 0.629167 0.639844 0.622222 0.639844 0.618056 0.641406 0.613889 0.642188 0.608333 0.642969 0.591667 0.641406 0.591667 0.640625 0.587500 0.639844 0.580556 0.639062 0.577778 0.637500 0.573611 0.635938 0.569444 0.632812 0.563889 0.631250 0.563889 0.629687 0.561111 0.625781 0.559722 0.621094 0.559722 0.618750 0.561111 0.617188 0.562500 0.614844 0.566667 0.610156 0.572222 0.608594 0.572222 0.607031 0.569444 0.607031 0.566667 0.608594 0.565278 0.607031 0.562500 0.607031 0.558333 0.605469 0.555556 0.603125 0.554167 0.601562 0.555556 0.599219 0.556944 0.595313 0.552778 0.592187 0.554167 0.587500 0.552778 0.585156 0.550000 0.580469 0.548611 0.575781 0.548611 0.575000 0.544444 0.575781 0.536111 0.573438 0.534722 0.575000 0.533333 0.573438 0.527778 0.573438 0.522222 0.573438 0.520833 0.576562 0.519444 0.579688 0.516667 0.592969 0.515278 0.595313 0.519444 0.596875 0.520833 0.600781 0.522222 0.614844 0.522222 0.617969 0.516667 0.618750 0.505556 0.618750 0.501389 0.617969 0.498611 0.614844 0.493056 0.611719 0.493056 0.614062 0.488889 0.614062 0.480556 0.613281 0.475000 0.610156 0.469444 0.607812 0.468056 0.606250 0.468056 0.603906 0.469444 0.602344 0.470833 0.599219 0.476389 0.599219 0.490278 0.600781 0.494444 0.595313 0.494444 0.593750 0.497222 0.592969 0.504167 0.592969 0.515278 0.579688 0.516667 0.578906 0.509722 0.577344 0.502778 0.575781 0.500000 0.572656 0.505556 0.571094 0.505556 0.567969 0.501389 0.569531 0.498611 0.569531 0.497222 0.570312 0.491667 0.568750 0.488889 0.567969 0.487500 0.572656 0.486111 0.575000 0.481944 0.575000 0.477778 0.575781 0.476389 0.575781 0.473611 0.575000 0.456944 0.574219 0.452778 0.571875 0.448611 0.567969 0.447222 0.566406 0.452778 0.565625 0.466667 0.565625 0.476389 0.566406 0.483333 0.567187 0.484722 0.567969 0.487500 0.568750 0.488889 0.567187 0.488889 0.565625 0.491667 0.565625 0.497222 0.568750 0.497222 0.567969 0.494444 0.569531 0.497222 0.569531 0.498611 0.571094 0.501389 0.572656 0.498611 0.571094 0.495833 0.569531 0.498611 0.567969 0.501389 0.565625 0.504167 0.563281 0.504167 0.561719 0.505556 0.560156 0.506944 0.558594 0.509722 0.558594 0.516667 0.560156 0.519444 0.561719 0.519444 0.570312 0.520833 0.573438 0.520833 0.573438 0.522222 0.569531 0.522222 0.567187 0.519444 0.565625 0.522222 0.565625 0.533333 0.564063 0.538889 0.564063 0.559722 0.563281 0.569444 0.562500 0.572222 0.562500 0.568056 0.563281 0.566667 0.563281 0.544444 0.564844 0.537500 0.565625 0.525000 0.565625 0.522222 0.564063 0.519444 0.563281 0.522222 0.562500 0.523611 0.562500 0.526389 0.563281 0.527778 0.563281 0.530556 0.561719 0.530556 0.563281 0.533333 0.560937 0.536111 0.560937 0.547222 0.559375 0.550000 0.560156 0.552778 0.557813 0.552778 0.554688 0.554167 0.552344 0.555556 0.550000 0.556944 0.544531 0.561111 0.542969 0.563889 0.539062 0.563889 0.535156 0.566667 0.534375 0.569444 0.532031 0.570833 0.529687 0.572222 0.526563 0.572222 0.525000 0.573611 0.523438 0.577778 0.519531 0.577778 0.517188 0.575000 0.515625 0.577778 0.515625 0.570833 0.517969 0.570833 0.517188 0.568056 0.521094 0.566667 0.518750 0.563889 0.514062 0.563889 0.513281 0.561111 0.511719 0.559722 0.510156 0.561111 0.510156 0.561111 0.506250 0.561111 0.505469 0.559722 0.503906 0.555556 0.506250 0.552778 0.500781 0.550000 0.500000 0.552778 0.503906 0.555556 0.505469 0.559722 0.502344 0.561111 0.503125 0.568056 0.503906 0.562500 0.505469 0.559722 0.506250 0.561111 0.507031 0.563889 0.509375 0.563889 0.510156 0.561111 0.510156 0.561111 0.510156 0.565278 0.508594 0.566667 0.508594 0.568056 0.507031 0.570833 0.505469 0.579167 0.506250 0.581944 0.504687 0.587500 0.504687 0.590278 0.506250 0.593056 0.506250 0.597222 0.503906 0.593056 0.503906 0.583333 0.502344 0.586111 0.502344 0.600000 0.500000 0.615278 0.500000 0.623611 0.499219 0.627778 0.496875 0.631944 0.496875 0.626389 0.496094 0.616667 0.497656 0.612500 0.498437 0.605556 0.499219 0.605556 0.500781 0.602778 0.500000 0.595833 0.500000 0.586111 0.500000 0.581944 0.501563 0.576389 0.500000 0.572222 0.501563 0.572222 0.504687 0.572222 0.500000 0.569444 0.501563 0.572222 0.500000 0.572222 0.496875 0.573611 0.496094 0.576389 0.495312 0.580556 0.495312 0.587500 0.492969 0.590278 0.491406 0.590278 0.489844 0.591667 0.489063 0.598611 0.488281 0.600000 0.488281 0.602778 0.486719 0.600000 0.485938 0.605556 0.485156 0.601389 0.483594 0.598611 0.482812 0.601389 0.482031 0.598611 0.481250 0.594444 0.478906 0.590278 0.477344 0.590278 0.477344 0.584722 0.479687 0.581944 0.482031 0.581944 0.480469 0.583333 0.483594 0.583333 0.485156 0.579167 0.485938 0.577778 0.486719 0.575000 0.487500 0.570833 0.488281 0.561111 0.488281 0.543056 0.487500 0.537500 0.486719 0.533333 0.485938 0.529167 0.485156 0.526389 0.484375 0.523611 0.482031 0.518056 0.480469 0.519444 0.478125 0.523611 0.475781 0.520833 0.475781 0.519444 0.473438 0.515278 0.471094 0.515278 0.469531 0.513889 0.467187 0.509722 0.465625 0.505556 0.464844 0.502778 0.464844 0.500000 0.463281 0.497222 0.460938 0.495833 0.458594 0.497222 0.460156 0.501389 0.461719 0.502778 0.462500 0.509722 0.461719 0.505556 0.460938 0.502778 0.458594 0.501389 0.458594 0.500000 0.457031 0.497222 0.455469 0.498611 0.453125 0.500000 0.457031 0.502778 0.458594 0.500000 0.458594 0.501389 0.457813 0.504167 0.456250 0.502778 0.454688 0.505556 0.454688 0.502778 0.452344 0.502778 0.451562 0.506944 0.450000 0.506944 0.450781 0.504167 0.449219 0.501389 0.445312 0.501389 0.442188 0.506944 0.442188 0.509722 0.440625 0.512500 0.435937 0.512500 0.433594 0.518056 0.432031 0.520833 0.426563 0.525000 0.426563 0.530556 0.425000 0.533333 0.425000 0.534722 0.423438 0.537500 0.423438 0.534722 0.421875 0.531944 0.420312 0.530556 0.417969 0.529167 0.415625 0.530556 0.414062 0.533333 0.415625 0.534722 0.414062 0.533333 0.412500 0.536111 0.414062 0.537500 0.409375 0.540278 0.407813 0.541667 0.406250 0.541667 0.404687 0.544444 0.406250 0.547222 0.404687 0.547222 0.404687 0.540278 0.402344 0.547222 0.400000 0.545833 0.397656 0.551389 0.396094 0.550000 0.393750 0.551389 0.391406 0.544444 0.389844 0.547222 0.387500 0.548611 0.384375 0.548611 0.383594 0.547222 0.379688 0.547222 0.378125 0.548611 0.377344 0.554167 0.375781 0.555556 0.375781 0.558333 0.376563 0.559722 0.378125 0.572222 0.378125 0.579167 0.376563 0.579167 0.375000 0.581944 0.374219 0.586111 0.373437 0.580556 0.371875 0.577778 0.369531 0.576389 0.361719 0.575000 0.357812 0.577778 0.357031 0.579167 0.356250 0.581944 0.356250 0.588889 0.356250 0.586111 0.354687 0.581944 0.354687 0.579167 0.351562 0.576389 0.349219 0.576389 0.347656 0.573611 0.348438 0.555556 0.349219 0.561111 0.348438 0.562500 0.348438 0.573611 0.350000 0.576389 0.351562 0.576389 0.353125 0.573611 0.354687 0.565278 0.356250 0.562500 0.356250 0.559722 0.357031 0.556944 0.360156 0.551389 0.365625 0.547222 0.368750 0.541667 0.375781 0.527778 0.378125 0.522222 0.379688 0.518056 0.381250 0.513889 0.381250 0.511111 0.382812 0.508333 0.382812 0.488889 0.382031 0.486111 0.380469 0.483333 0.380469 0.480556 0.378125 0.476389 0.378125 0.469444 0.377344 0.468056 0.377344 0.461111 0.378125 0.455556 0.381250 0.450000 0.382812 0.448611 0.384375 0.447222 0.384375 0.472222 0.386719 0.470833 0.387500 0.476389 0.386719 0.490278 0.388281 0.497222 0.387500 0.500000 0.389844 0.504167 0.390625 0.495833 0.390625 0.519444 0.392188 0.520833 0.392969 0.527778 0.392188 0.533333 0.390625 0.537500 0.392188 0.541667 0.392969 0.548611 0.393750 0.548611 0.396094 0.548611 0.397656 0.548611 0.401562 0.541667 0.402344 0.538889 0.402344 0.530556 0.401562 0.526389 0.400781 0.526389 0.400000 0.520833 0.401562 0.516667 0.403906 0.513889 0.403125 0.501389 0.403125 0.498611 0.404687 0.498611 0.406250 0.493056 0.407031 0.480556 0.407031 0.461111 0.407813 0.455556 0.409375 0.450000 0.409375 0.445833 0.410156 0.444444 0.410156 0.440278 0.410156 0.444444 0.410938 0.445833 0.410938 0.448611 0.410156 0.455556 0.410938 0.456944 0.411719 0.459722 0.413281 0.454167 0.412500 0.440278 0.412500 0.431944 0.414062 0.426389 0.413281 0.416667 0.414062 0.402778 0.415625 0.398611 0.415625 0.394444 0.417969 0.390278 0.417969 0.384722 0.419531 0.386111 0.420312 0.381944 0.421875 0.379167 0.422656 0.379167 0.422656 0.369444 0.422656 0.354167 0.423438 0.350000 0.424219 0.347222 0.427344 0.347222 0.428906 0.333333 0.428125 0.330556 0.428125 0.327778 0.425000 0.326389 0.425781 0.318056 0.428125 0.315278 0.428125 0.300000 0.429688 0.295833 0.430469 0.287500 0.431250 0.280556 0.431250 0.277778 0.429688 0.273611 0.429688 0.266667 0.430469 0.263889 0.435156 0.262500 0.435937 0.266667 0.438281 0.270833 0.441406 0.266667 0.444531 0.266667 0.446094 0.270833 0.447656 0.270833 0.449219 0.268056 0.449219 0.265278 0.448437 0.259722 0.439063 0.259722 0.436719 0.256944 0.434375 0.255556 0.432812 0.255556 0.431250 0.256944 0.433594 0.254167 0.435156 0.252778 0.439063 0.256944 0.442188 0.258333 0.456250 0.258333 0.459375 0.261111 0.468750 0.262500 0.472656 0.262500 0.472656 0.263889 0.471094 0.265278 0.470313 0.269444 0.475781 0.269444 0.476562 0.266667 0.475781 0.262500 0.472656 0.263889 0.472656 0.262500 0.474219 0.261111 0.475000 0.259722 0.475781 0.256944 0.475781 0.244444 0.478125 0.231944 0.478125 0.225000 0.481250 0.206944 0.482812 0.202778 0.482812 0.197222 0.484375 0.191667 0.486719 0.186111 0.487500 0.183333 0.489063 0.173611 0.489844 0.170833 0.489844 0.172222 0.488281 0.177778 0.490625 0.180556 0.495312 0.176389 0.492969 0.173611 0.492969 0.170833 0.489844 0.172222 0.489844 0.170833 0.491406 0.168056 0.492969 0.166667 0.496875 0.165278 0.498437 0.163889 0.500000 0.158333 0.500000 0.152778 0.501563 0.150000 0.502344 0.145833 0.501563 0.143056 0.502344 0.143056 0.502344 0.148611 0.505469 0.154167 0.506250 0.148611 0.503906 0.144444 0.506250 0.143056 0.506250 0.136111 0.507031 0.130556 0.505469 0.127778 0.503125 0.137500 0.502344 0.143056 0.501563 0.143056 0.503125 0.138889 0.503125 0.134722 0.506250 0.125000 0.507031 0.120833 0.507812 0.115278 0.507031 0.106944 0.509375 0.105556 0.510938 0.102778 0.510938 0.101389 0.513281 0.100000 0.513281 0.093056 0.514844 0.091667 0.514844 0.088889 0.514062 0.081944 0.516406 0.073611 0.516406 0.069444 0.515625 0.054167 0.516406 0.044444 0.517188 0.037500 0.517969 0.034722 0.521094 0.030556 0.521875 0.033333 0.527344 0.026389 0.527344 0.037500 0.528906 0.040278 0.530469 0.037500 0.530469 0.022222 0.532031 0.018056 0.534375 0.013889 0.534375 0.009722 0.536719 0.012500 0.538281 0.009722 0.538281 0.000000 0.999219 0.000000
21 0.283594 0.000000 0.283594 0.031944 0.285156 0.029167 0.285156 0.022222 0.285938 0.020833 0.285938 0.015278 0.284375 0.009722 0.285938 0.004167 0.285938 0.000000 0.283594 0.000000
21 0.251563 0.000000 0.251563 0.004167 0.250781 0.005556 0.250781 0.016667 0.251563 0.020833 0.252344 0.023611 0.254688 0.027778 0.258594 0.038889 0.258594 0.040278 0.259375 0.041667 0.260156 0.041667 0.261719 0.044444 0.261719 0.051389 0.262500 0.054167 0.265625 0.059722 0.267188 0.065278 0.265625 0.072222 0.265625 0.083333 0.266406 0.088889 0.267188 0.090278 0.267188 0.093056 0.268750 0.094444 0.270313 0.094444 0.274219 0.101389 0.275781 0.106944 0.272656 0.113889 0.271875 0.118056 0.272656 0.122222 0.271094 0.125000 0.269531 0.125000 0.264844 0.123611 0.260156 0.126389 0.257031 0.129167 0.256250 0.131944 0.254688 0.138889 0.253125 0.136111 0.253125 0.134722 0.251563 0.133333 0.251563 0.137500 0.253906 0.138889 0.253906 0.145833 0.254688 0.148611 0.257812 0.155556 0.258594 0.158333 0.259375 0.166667 0.260937 0.169444 0.261719 0.168056 0.262500 0.173611 0.263281 0.175000 0.263281 0.177778 0.267188 0.180556 0.268750 0.177778 0.271094 0.177778 0.272656 0.179167 0.274219 0.181944 0.278125 0.181944 0.279687 0.183333 0.281250 0.184722 0.284375 0.190278 0.285938 0.190278 0.288281 0.194444 0.289062 0.197222 0.289062 0.208333 0.289844 0.209722 0.289844 0.213889 0.292187 0.216667 0.292969 0.218056 0.293750 0.220833 0.294531 0.227778 0.294531 0.234722 0.297656 0.236111 0.300000 0.237500 0.310156 0.237500 0.311719 0.245833 0.312500 0.244444 0.315625 0.247222 0.318750 0.248611 0.321875 0.250000 0.328906 0.251389 0.341406 0.251389 0.350000 0.248611 0.353906 0.250000 0.354687 0.251389 0.356250 0.252778 0.355469 0.256944 0.354687 0.259722 0.357031 0.261111 0.357812 0.265278 0.359375 0.269444 0.358594 0.272222 0.358594 0.275000 0.360938 0.281944 0.360938 0.287500 0.363281 0.287500 0.365625 0.288889 0.367188 0.291667 0.369531 0.293056 0.373437 0.294444 0.373437 0.302778 0.374219 0.305556 0.375781 0.308333 0.375781 0.313889 0.378125 0.313889 0.379688 0.318056 0.381250 0.318056 0.382812 0.319444 0.384375 0.316667 0.385937 0.318056 0.387500 0.320833 0.389844 0.319444 0.388281 0.318056 0.387500 0.312500 0.388281 0.300000 0.387500 0.298611 0.388281 0.286111 0.388281 0.279167 0.387500 0.265278 0.385156 0.258333 0.384375 0.250000 0.382031 0.244444 0.382031 0.243056 0.381250 0.240278 0.378125 0.238889 0.372656 0.234722 0.367188 0.234722 0.365625 0.233333 0.363281 0.229167 0.362500 0.226389 0.361719 0.216667 0.361719 0.205556 0.359375 0.201389 0.359375 0.197222 0.360938 0.197222 0.360156 0.191667 0.359375 0.190278 0.359375 0.180556 0.358594 0.176389 0.356250 0.170833 0.356250 0.159722 0.355469 0.154167 0.353906 0.147222 0.353125 0.144444 0.350781 0.140278 0.346875 0.137500 0.344531 0.133333 0.342969 0.127778 0.341406 0.125000 0.337500 0.126389 0.335938 0.126389 0.332813 0.123611 0.331250 0.120833 0.330469 0.118056 0.329688 0.115278 0.329688 0.108333 0.330469 0.087500 0.332031 0.072222 0.332813 0.079167 0.332813 0.068056 0.332031 0.066667 0.332031 0.058333 0.333594 0.056944 0.333594 0.050000 0.334375 0.048611 0.333594 0.029167 0.333594 0.026389 0.335156 0.020833 0.335156 0.013889 0.334375 0.022222 0.333594 0.004167 0.332813 0.002778 0.332813 0.000000 0.289844 0.000000 0.289844 0.006944 0.289062 0.008333 0.289062 0.038889 0.288281 0.043056 0.286719 0.045833 0.286719 0.047222 0.285938 0.048611 0.284375 0.050000 0.279687 0.048611 0.279687 0.045833 0.278906 0.043056 0.280469 0.011111 0.280469 0.005556 0.279687 0.004167 0.279687 0.000000 0.251563 0.000000
22 0.430469 0.587500 0.432031 0.587500 0.432812 0.583333 0.430469 0.587500
23 0.584375 0.629167 0.583594 0.633333 0.585156 0.634722 0.586719 0.631944 0.584375 0.629167
23 0.494531 0.588889 0.492969 0.591667 0.491406 0.591667 0.489844 0.593056 0.489844 0.598611 0.486719 0.598611 0.484375 0.605556 0.483594 0.600000 0.483594 0.604167 0.484375 0.605556 0.484375 0.613889 0.483594 0.615278 0.483594 0.618056 0.486719 0.618056 0.488281 0.620833 0.489844 0.622222 0.492188 0.622222 0.494531 0.625000 0.495312 0.616667 0.496875 0.608333 0.496094 0.595833 0.494531 0.593056 0.494531 0.588889
23 0.625781 0.561111 0.629687 0.562500 0.631250 0.565278 0.632812 0.565278 0.635156 0.569444 0.636719 0.573611 0.638281 0.577778 0.639062 0.580556 0.639844 0.587500 0.640625 0.591667 0.642188 0.591667 0.642188 0.606944 0.640625 0.608333 0.640625 0.613889 0.639062 0.619444 0.639062 0.622222 0.636719 0.623611 0.636719 0.625000 0.635156 0.627778 0.633594 0.627778 0.632031 0.631944 0.630469 0.630556 0.625781 0.631944 0.624219 0.631944 0.623437 0.637500 0.621875 0.640278 0.617188 0.640278 0.615625 0.643056 0.614844 0.640278 0.614062 0.640278 0.612500 0.637500 0.612500 0.630556 0.611719 0.625000 0.610156 0.623611 0.610938 0.615278 0.610156 0.611111 0.608594 0.608333 0.610156 0.604167 0.608594 0.595833 0.610156 0.595833 0.616406 0.598611 0.621875 0.600000 0.623437 0.597222 0.625781 0.595833 0.624219 0.593056 0.622656 0.591667 0.621094 0.591667 0.618750 0.594444 0.617188 0.594444 0.616406 0.598611 0.610156 0.595833 0.607812 0.591667 0.609375 0.587500 0.609375 0.583333 0.608594 0.577778 0.607031 0.573611 0.607031 0.570833 0.608594 0.573611 0.610156 0.573611 0.614062 0.566667 0.614844 0.568056 0.616406 0.569444 0.617188 0.572222 0.618750 0.570833 0.619531 0.573611 0.619531 0.576389 0.616406 0.579167 0.618750 0.580556 0.621094 0.584722 0.623437 0.586111 0.627344 0.583333 0.628906 0.581944 0.630469 0.579167 0.629687 0.576389 0.627344 0.572222 0.623437 0.569444 0.621094 0.569444 0.619531 0.566667 0.617969 0.566667 0.616406 0.569444 0.614844 0.568056 0.615625 0.565278 0.618750 0.562500 0.621094 0.561111 0.625781 0.561111
23 0.562500 0.552778 0.561719 0.568056 0.560156 0.569444 0.558594 0.572222 0.560156 0.575000 0.560156 0.569444 0.561719 0.568056 0.561719 0.572222 0.563281 0.575000 0.562500 0.593056 0.560937 0.593056 0.554688 0.591667 0.553906 0.586111 0.552344 0.583333 0.550781 0.586111 0.553906 0.586111 0.554688 0.591667 0.553125 0.593056 0.551562 0.594444 0.550000 0.597222 0.549219 0.597222 0.548438 0.598611 0.547656 0.601389 0.546875 0.611111 0.546094 0.609722 0.545312 0.616667 0.544531 0.613889 0.543750 0.616667 0.542969 0.609722 0.542188 0.606944 0.539844 0.604167 0.538281 0.606944 0.539844 0.609722 0.542188 0.606944 0.542969 0.609722 0.542188 0.619444 0.542969 0.622222 0.544531 0.625000 0.546094 0.625000 0.546094 0.609722 0.546875 0.611111 0.546875 0.623611 0.548438 0.626389 0.547656 0.629167 0.546875 0.631944 0.545312 0.631944 0.541406 0.630556 0.539844 0.627778 0.539062 0.630556 0.541406 0.630556 0.545312 0.631944 0.545312 0.637500 0.546875 0.640278 0.548438 0.641667 0.550000 0.640278 0.549219 0.634722 0.547656 0.629167 0.548438 0.626389 0.549219 0.616667 0.550000 0.615278 0.550000 0.609722 0.550000 0.613889 0.550781 0.615278 0.550781 0.620833 0.553906 0.619444 0.559375 0.619444 0.560937 0.618056 0.559375 0.626389 0.559375 0.638889 0.558594 0.640278 0.558594 0.643056 0.557031 0.644444 0.550000 0.644444 0.539844 0.643056 0.536719 0.641667 0.534375 0.637500 0.532031 0.640278 0.530469 0.638889 0.530469 0.637500 0.528906 0.634722 0.527344 0.638889 0.524219 0.636111 0.522656 0.636111 0.521094 0.634722 0.519531 0.631944 0.517969 0.633333 0.517188 0.634722 0.516406 0.636111 0.515625 0.638889 0.512500 0.631944 0.512500 0.629167 0.513281 0.625000 0.514062 0.623611 0.515625 0.620833 0.514062 0.612500 0.514062 0.609722 0.516406 0.605556 0.516406 0.598611 0.514062 0.602778 0.514062 0.598611 0.512500 0.597222 0.512500 0.593056 0.513281 0.591667 0.513281 0.587500 0.517188 0.586111 0.520312 0.587500 0.520312 0.588889 0.521094 0.595833 0.525000 0.602778 0.523438 0.606944 0.525000 0.608333 0.524219 0.613889 0.527344 0.615278 0.529687 0.620833 0.532031 0.619444 0.533594 0.615278 0.531250 0.612500 0.530469 0.613889 0.527344 0.608333 0.530469 0.604167 0.530469 0.602778 0.530469 0.598611 0.530469 0.597222 0.527344 0.597222 0.530469 0.591667 0.534375 0.590278 0.534375 0.586111 0.532813 0.584722 0.533594 0.584722 0.535937 0.583333 0.537500 0.586111 0.539844 0.584722 0.542188 0.581944 0.543750 0.583333 0.545312 0.577778 0.546094 0.580556 0.548438 0.577778 0.549219 0.580556 0.551562 0.573611 0.552344 0.576389 0.554688 0.577778 0.555469 0.581944 0.557031 0.581944 0.558594 0.575000 0.557031 0.572222 0.552344 0.569444 0.547656 0.569444 0.546094 0.570833 0.543750 0.575000 0.537500 0.576389 0.535937 0.577778 0.535156 0.579167 0.534375 0.581944 0.533594 0.584722 0.532813 0.584722 0.530469 0.586111 0.528906 0.583333 0.527344 0.587500 0.525000 0.587500 0.524219 0.586111 0.520312 0.587500 0.517188 0.586111 0.513281 0.584722 0.513281 0.581944 0.515625 0.580556 0.517969 0.579167 0.524219 0.577778 0.525000 0.575000 0.526563 0.573611 0.529687 0.573611 0.532031 0.572222 0.533594 0.569444 0.534375 0.570833 0.535937 0.566667 0.538281 0.566667 0.539062 0.565278 0.542969 0.565278 0.544531 0.562500 0.550000 0.558333 0.552344 0.556944 0.554688 0.555556 0.557813 0.554167 0.560937 0.552778 0.562500 0.552778
23 0.580469 0.550000 0.585156 0.551389 0.587500 0.554167 0.592187 0.555556 0.595313 0.554167 0.600000 0.558333 0.601562 0.559722 0.600781 0.563889 0.600781 0.568056 0.600000 0.576389 0.597656 0.577778 0.594531 0.575000 0.592969 0.575000 0.594531 0.568056 0.589844 0.565278 0.588281 0.563889 0.587500 0.561111 0.585938 0.561111 0.583594 0.561111 0.584375 0.565278 0.585938 0.568056 0.589844 0.568056 0.591406 0.570833 0.591406 0.573611 0.592969 0.575000 0.594531 0.575000 0.593750 0.581944 0.591406 0.581944 0.590625 0.581944 0.589844 0.580556 0.589844 0.579167 0.588281 0.576389 0.590625 0.586111 0.588281 0.588889 0.588281 0.591667 0.586719 0.588889 0.584375 0.590278 0.579688 0.594444 0.575781 0.602778 0.572656 0.600000 0.569531 0.600000 0.567969 0.602778 0.566406 0.600000 0.566406 0.580556 0.567969 0.577778 0.569531 0.576389 0.567187 0.573611 0.567187 0.565278 0.567969 0.568056 0.569531 0.565278 0.570312 0.556944 0.575781 0.555556 0.574219 0.551389 0.580469 0.550000
24 0.958594 0.718056 0.959375 0.723611 0.960938 0.726389 0.959375 0.725000 0.957031 0.725000 0.956250 0.733333 0.953906 0.736111 0.955469 0.737500 0.957812 0.737500 0.960156 0.731944 0.960156 0.729167 0.960938 0.734722 0.961719 0.736111 0.961719 0.745833 0.963281 0.748611 0.964063 0.748611 0.966406 0.752778 0.966406 0.754167 0.967969 0.756944 0.966406 0.761111 0.967969 0.765278 0.967969 0.775000 0.967187 0.793056 0.965625 0.801389 0.964844 0.820833 0.964844 0.831944 0.965625 0.850000 0.963281 0.854167 0.957031 0.854167 0.954688 0.852778 0.953125 0.851389 0.951562 0.848611 0.951562 0.836111 0.953125 0.830556 0.953906 0.813889 0.954688 0.786111 0.954688 0.783333 0.951562 0.779167 0.950781 0.776389 0.950000 0.772222 0.950000 0.759722 0.950781 0.758333 0.950781 0.755556 0.952344 0.752778 0.955469 0.750000 0.956250 0.756944 0.956250 0.762500 0.957812 0.759722 0.956250 0.756944 0.955469 0.750000 0.954688 0.747222 0.957031 0.748611 0.956250 0.743056 0.955469 0.744444 0.952344 0.737500 0.952344 0.734722 0.951562 0.731944 0.953906 0.731944 0.955469 0.729167 0.956250 0.726389 0.956250 0.722222 0.958594 0.718056
24 0.508594 0.643056 0.507812 0.644444 0.506250 0.644444 0.510938 0.643056 0.508594 0.643056
24 0.497656 0.573611 0.496875 0.576389 0.496094 0.580556 0.495312 0.586111 0.496875 0.587500 0.495312 0.588889 0.495312 0.593056 0.496875 0.595833 0.496875 0.606944 0.498437 0.604167 0.499219 0.604167 0.499219 0.594444 0.499219 0.586111 0.499219 0.581944 0.500781 0.576389 0.499219 0.572222 0.497656 0.573611
24 0.509375 0.561111 0.510938 0.562500 0.512500 0.562500 0.514062 0.561111 0.517969 0.566667 0.518750 0.565278 0.520312 0.566667 0.517969 0.568056 0.517188 0.566667 0.517188 0.570833 0.515625 0.569444 0.515625 0.579167 0.517188 0.576389 0.516406 0.580556 0.515625 0.579167 0.513281 0.580556 0.514062 0.572222 0.513281 0.568056 0.510156 0.566667 0.508594 0.581944 0.511719 0.577778 0.511719 0.573611 0.512500 0.588889 0.512500 0.591667 0.511719 0.598611 0.513281 0.598611 0.513281 0.605556 0.511719 0.605556 0.511719 0.611111 0.510156 0.620833 0.511719 0.630556 0.511719 0.633333 0.510938 0.636111 0.508594 0.637500 0.507031 0.634722 0.505469 0.636111 0.504687 0.633333 0.502344 0.633333 0.499219 0.629167 0.500781 0.623611 0.500781 0.615278 0.503125 0.600000 0.503906 0.584722 0.503125 0.593056 0.506250 0.598611 0.507031 0.598611 0.508594 0.606944 0.510156 0.598611 0.509375 0.595833 0.508594 0.597222 0.507812 0.595833 0.507031 0.598611 0.506250 0.598611 0.507031 0.593056 0.505469 0.590278 0.505469 0.587500 0.507031 0.581944 0.506250 0.579167 0.507031 0.575000 0.507812 0.570833 0.509375 0.566667 0.510938 0.565278 0.509375 0.561111 0.508594 0.563889 0.507031 0.561111 0.509375 0.561111
24 0.601562 0.556944 0.600000 0.556944 0.603125 0.561111 0.601562 0.562500 0.600781 0.565278 0.600781 0.569444 0.600781 0.572222 0.601562 0.579167 0.600000 0.586111 0.600781 0.594444 0.599219 0.598611 0.599219 0.601389 0.600000 0.619444 0.599219 0.633333 0.598437 0.648611 0.597656 0.654167 0.599219 0.655556 0.599219 0.662500 0.600781 0.665278 0.599219 0.668056 0.599219 0.675000 0.600000 0.677778 0.600781 0.680556 0.601562 0.681944 0.603125 0.683333 0.602344 0.679167 0.603906 0.675000 0.603906 0.672222 0.602344 0.670833 0.603125 0.666667 0.603906 0.655556 0.605469 0.651389 0.605469 0.647222 0.607031 0.644444 0.607031 0.640278 0.608594 0.637500 0.610156 0.637500 0.611719 0.636111 0.611719 0.630556 0.610938 0.629167 0.610938 0.625000 0.608594 0.623611 0.607812 0.622222 0.607031 0.619444 0.607812 0.611111 0.607812 0.602778 0.608594 0.606944 0.609375 0.604167 0.608594 0.594444 0.610156 0.593056 0.607031 0.591667 0.608594 0.587500 0.608594 0.583333 0.607812 0.577778 0.606250 0.573611 0.606250 0.566667 0.607812 0.565278 0.607812 0.561111 0.607031 0.563889 0.605469 0.556944 0.603125 0.558333 0.603125 0.555556 0.601562 0.556944
24 0.500781 0.552778 0.503125 0.552778 0.503125 0.555556 0.504687 0.554167 0.505469 0.551389 0.500781 0.552778
24 0.345313 0.552778 0.347656 0.555556 0.346094 0.556944 0.346094 0.568056 0.346094 0.570833 0.346094 0.575000 0.347656 0.575000 0.346875 0.572222 0.346875 0.551389 0.345313 0.552778
24 0.564844 0.522222 0.564844 0.525000 0.564844 0.538889 0.566406 0.533333 0.567187 0.520833 0.568750 0.523611 0.568750 0.525000 0.567187 0.530556 0.567187 0.534722 0.571094 0.534722 0.570312 0.530556 0.571094 0.529167 0.571094 0.526389 0.568750 0.525000 0.568750 0.523611 0.572656 0.522222 0.572656 0.527778 0.573438 0.531944 0.572656 0.534722 0.575000 0.536111 0.575000 0.545833 0.575000 0.548611 0.574219 0.552778 0.569531 0.555556 0.568750 0.555556 0.571094 0.550000 0.570312 0.547222 0.568750 0.548611 0.566406 0.548611 0.567187 0.552778 0.568750 0.555556 0.569531 0.555556 0.567969 0.556944 0.566406 0.565278 0.566406 0.573611 0.567969 0.576389 0.567969 0.576389 0.565625 0.580556 0.565625 0.609722 0.564063 0.612500 0.563281 0.616667 0.562500 0.622222 0.561719 0.633333 0.563281 0.641667 0.562500 0.662500 0.560156 0.661111 0.558594 0.656944 0.556250 0.648611 0.556250 0.645833 0.558594 0.644444 0.560156 0.638889 0.560156 0.626389 0.560937 0.619444 0.562500 0.616667 0.562500 0.594444 0.564063 0.576389 0.564844 0.559722 0.564063 0.537500 0.562500 0.544444 0.561719 0.552778 0.560156 0.551389 0.561719 0.547222 0.561719 0.536111 0.564063 0.533333 0.562500 0.530556 0.564063 0.530556 0.564063 0.527778 0.563281 0.526389 0.564063 0.522222 0.562500 0.519444 0.564844 0.522222
24 0.349219 0.511111 0.349219 0.519444 0.348438 0.520833 0.348438 0.531944 0.348438 0.527778 0.349219 0.526389 0.349219 0.511111
24 0.567187 0.490278 0.567187 0.494444 0.566406 0.497222 0.567969 0.497222 0.569531 0.494444 0.571875 0.498611 0.570312 0.497222 0.568750 0.490278 0.567969 0.491667 0.567187 0.490278
24 0.278125 0.463889 0.278906 0.469444 0.277344 0.472222 0.275781 0.472222 0.274219 0.475000 0.275781 0.473611 0.276562 0.472222 0.278125 0.472222 0.280469 0.469444 0.282813 0.466667 0.281250 0.468056 0.278125 0.466667 0.279687 0.463889 0.278125 0.463889
24 0.289062 0.459722 0.288281 0.461111 0.286719 0.461111 0.289062 0.463889 0.289062 0.468056 0.291406 0.469444 0.293750 0.466667 0.293750 0.463889 0.294531 0.461111 0.291406 0.462500 0.290625 0.459722 0.289062 0.459722
24 0.317969 0.448611 0.315625 0.452778 0.313281 0.455556 0.315625 0.455556 0.317969 0.454167 0.320312 0.451389 0.321875 0.450000 0.317969 0.448611
24 0.260937 0.448611 0.260937 0.455556 0.262500 0.454167 0.262500 0.448611 0.260937 0.448611
24 0.292969 0.440278 0.294531 0.445833 0.294531 0.448611 0.294531 0.440278 0.292969 0.440278
24 0.795312 0.431944 0.795312 0.434722 0.796875 0.438889 0.796875 0.441667 0.795312 0.445833 0.794531 0.451389 0.794531 0.455556 0.796875 0.458333 0.796094 0.466667 0.794531 0.466667 0.795312 0.475000 0.793750 0.481944 0.794531 0.479167 0.796094 0.487500 0.794531 0.500000 0.793750 0.495833 0.793750 0.498611 0.794531 0.500000 0.793750 0.506944 0.793750 0.509722 0.795312 0.515278 0.795312 0.518056 0.793750 0.522222 0.794531 0.529167 0.794531 0.531944 0.794531 0.543056 0.792969 0.556944 0.793750 0.569444 0.792969 0.579167 0.793750 0.587500 0.792969 0.609722 0.790625 0.615278 0.792969 0.612500 0.796875 0.615278 0.794531 0.618056 0.792188 0.623611 0.789844 0.625000 0.789062 0.627778 0.789844 0.631944 0.789062 0.638889 0.785937 0.644444 0.785156 0.647222 0.785156 0.650000 0.786719 0.655556 0.786719 0.663889 0.789062 0.665278 0.789062 0.670833 0.790625 0.676389 0.789844 0.705556 0.789062 0.695833 0.789062 0.691667 0.788281 0.694444 0.789062 0.704167 0.788281 0.709722 0.787500 0.715278 0.785156 0.725000 0.787500 0.726389 0.789844 0.731944 0.787500 0.736111 0.786719 0.743056 0.785937 0.745833 0.785156 0.747222 0.781250 0.752778 0.781250 0.755556 0.781250 0.759722 0.782813 0.762500 0.782813 0.763889 0.784375 0.766667 0.786719 0.768056 0.788281 0.772222 0.791406 0.772222 0.792188 0.772222 0.792969 0.770833 0.793750 0.768056 0.793750 0.763889 0.794531 0.762500 0.794531 0.759722 0.792969 0.756944 0.794531 0.754167 0.792969 0.737500 0.794531 0.734722 0.795312 0.727778 0.799219 0.729167 0.799219 0.725000 0.794531 0.725000 0.794531 0.719444 0.795312 0.681944 0.796094 0.673611 0.796875 0.665278 0.797656 0.661111 0.799219 0.658333 0.799219 0.654167 0.800000 0.650000 0.801562 0.648611 0.800781 0.640278 0.800000 0.637500 0.796094 0.634722 0.796875 0.626389 0.798438 0.633333 0.799219 0.630556 0.800000 0.620833 0.798438 0.618056 0.798438 0.613889 0.795312 0.609722 0.796094 0.579167 0.796875 0.556944 0.796875 0.545833 0.798438 0.544444 0.798438 0.518056 0.797656 0.511111 0.798438 0.466667 0.800000 0.450000 0.799219 0.443056 0.799219 0.438889 0.800781 0.434722 0.800781 0.431944 0.795312 0.431944
24 0.320312 0.431944 0.319531 0.433333 0.321875 0.436111 0.332031 0.436111 0.334375 0.436111 0.335938 0.433333 0.339062 0.437500 0.339062 0.433333 0.326562 0.431944 0.324219 0.434722 0.321094 0.434722 0.320312 0.431944
24 0.273438 0.430556 0.273438 0.433333 0.274219 0.436111 0.272656 0.437500 0.272656 0.443056 0.271875 0.445833 0.272656 0.441667 0.274219 0.438889 0.275000 0.434722 0.275781 0.437500 0.278906 0.438889 0.284375 0.437500 0.281250 0.437500 0.281250 0.434722 0.278125 0.434722 0.279687 0.433333 0.275000 0.433333 0.273438 0.430556
24 0.253906 0.398611 0.255469 0.400000 0.260937 0.400000 0.258594 0.400000 0.253906 0.398611
24 0.274219 0.370833 0.273438 0.373611 0.275781 0.373611 0.272656 0.380556 0.271875 0.398611 0.271094 0.418056 0.271875 0.425000 0.271094 0.426389 0.271875 0.433333 0.270313 0.437500 0.270313 0.448611 0.268750 0.459722 0.269531 0.463889 0.269531 0.463889 0.267969 0.461111 0.267188 0.470833 0.269531 0.463889 0.269531 0.463889 0.270313 0.461111 0.270313 0.470833 0.268750 0.475000 0.269531 0.479167 0.268750 0.481944 0.267188 0.484722 0.267969 0.487500 0.267188 0.491667 0.266406 0.488889 0.267188 0.487500 0.267188 0.484722 0.265625 0.481944 0.264062 0.487500 0.263281 0.480556 0.264844 0.475000 0.264062 0.469444 0.264844 0.465278 0.266406 0.466667 0.266406 0.462500 0.265625 0.462500 0.265625 0.458333 0.265625 0.458333 0.267188 0.461111 0.267188 0.454167 0.265625 0.458333 0.265625 0.458333 0.264062 0.454167 0.267969 0.455556 0.269531 0.437500 0.267188 0.433333 0.265625 0.433333 0.262500 0.433333 0.264062 0.430556 0.267188 0.433333 0.269531 0.430556 0.269531 0.427778 0.267969 0.427778 0.267969 0.422222 0.266406 0.422222 0.267969 0.420833 0.269531 0.416667 0.270313 0.413889 0.271094 0.406944 0.271094 0.391667 0.271875 0.383333 0.272656 0.381944 0.272656 0.375000 0.273438 0.373611 0.274219 0.370833
24 0.287500 0.318056 0.283594 0.320833 0.285156 0.322222 0.287500 0.318056
29 0.567969 0.448611 0.567187 0.452778 0.566406 0.466667 0.566406 0.476389 0.567969 0.486111 0.572656 0.484722 0.574219 0.481944 0.574219 0.477778 0.575000 0.476389 0.575000 0.473611 0.574219 0.456944 0.573438 0.452778 0.571875 0.450000 0.567969 0.448611
29 0.337500 0.438889 0.334375 0.444444 0.333594 0.444444 0.331250 0.448611 0.330469 0.451389 0.329688 0.454167 0.328906 0.468056 0.328906 0.476389 0.329688 0.479167 0.338281 0.479167 0.341406 0.477778 0.342969 0.476389 0.343750 0.473611 0.344531 0.468056 0.345313 0.461111 0.345313 0.450000 0.341406 0.441667 0.340625 0.440278 0.339062 0.438889 0.337500 0.438889
30 0.575781 0.501389 0.572656 0.506944 0.571094 0.506944 0.567969 0.502778 0.565625 0.505556 0.563281 0.505556 0.561719 0.506944 0.560156 0.508333 0.560156 0.518056 0.570312 0.519444 0.573438 0.519444 0.576562 0.518056 0.578906 0.516667 0.578125 0.509722 0.575781 0.501389
30 0.606250 0.469444 0.603906 0.470833 0.602344 0.472222 0.600000 0.476389 0.600000 0.490278 0.600781 0.495833 0.594531 0.497222 0.593750 0.504167 0.593750 0.515278 0.595313 0.518056 0.596875 0.519444 0.600781 0.520833 0.614844 0.520833 0.617188 0.516667 0.617969 0.505556 0.617969 0.501389 0.617188 0.498611 0.614844 0.494444 0.610938 0.493056 0.613281 0.488889 0.613281 0.480556 0.612500 0.475000 0.610156 0.470833 0.607812 0.469444 0.606250 0.469444
30 0.796875 0.362500 0.794531 0.363889 0.792969 0.365278 0.791406 0.366667 0.789062 0.370833 0.786719 0.379167 0.785937 0.384722 0.785937 0.391667 0.786719 0.402778 0.791406 0.409722 0.793750 0.413889 0.785937 0.415278 0.782031 0.416667 0.780469 0.418056 0.778906 0.426389 0.779687 0.429167 0.781250 0.430556 0.782813 0.431944 0.788281 0.431944 0.802344 0.429167 0.821094 0.430556 0.822656 0.429167 0.824219 0.422222 0.824219 0.418056 0.821875 0.413889 0.807031 0.413889 0.805469 0.411111 0.807031 0.408333 0.809375 0.405556 0.810156 0.405556 0.810937 0.404167 0.811719 0.401389 0.812500 0.395833 0.813281 0.384722 0.812500 0.377778 0.811719 0.373611 0.810156 0.368056 0.807813 0.365278 0.806250 0.363889 0.804688 0.362500 0.796875 0.362500
25 0.110937 0.656944 0.110937 0.663889 0.112500 0.666667 0.111719 0.663889 0.112500 0.661111 0.110937 0.656944
25 0.302344 0.620833 0.301563 0.623611 0.299219 0.625000 0.287500 0.625000 0.286719 0.626389 0.284375 0.626389 0.285156 0.633333 0.283594 0.636111 0.282031 0.636111 0.281250 0.638889 0.280469 0.643056 0.279687 0.643056 0.278125 0.645833 0.276562 0.645833 0.271094 0.644444 0.267188 0.648611 0.264844 0.648611 0.257812 0.647222 0.257031 0.645833 0.253906 0.645833 0.254688 0.650000 0.261719 0.651389 0.271875 0.650000 0.274219 0.647222 0.278906 0.648611 0.281250 0.647222 0.282031 0.644444 0.284375 0.644444 0.284375 0.640278 0.285938 0.640278 0.287500 0.638889 0.288281 0.634722 0.289062 0.633333 0.290625 0.631944 0.293750 0.633333 0.297656 0.630556 0.295312 0.627778 0.298438 0.625000 0.304688 0.625000 0.312500 0.623611 0.314063 0.620833 0.316406 0.620833 0.310156 0.620833 0.309375 0.619444 0.302344 0.620833
25 0.328906 0.613889 0.330469 0.612500 0.332813 0.612500 0.328906 0.613889
25 0.033594 0.597222 0.034375 0.605556 0.035156 0.601389 0.035937 0.605556 0.037500 0.600000 0.035156 0.598611 0.033594 0.597222
25 0.307812 0.595833 0.305469 0.600000 0.304688 0.602778 0.307031 0.609722 0.307812 0.611111 0.310937 0.613889 0.310156 0.616667 0.311719 0.615278 0.311719 0.613889 0.313281 0.611111 0.316406 0.609722 0.316406 0.598611 0.314844 0.597222 0.312500 0.595833 0.307812 0.595833
25 0.023438 0.591667 0.022656 0.593056 0.020313 0.593056 0.021875 0.595833 0.023438 0.594444 0.025781 0.591667 0.023438 0.591667
25 0.316406 0.580556 0.315625 0.583333 0.316406 0.588889 0.317188 0.586111 0.317969 0.584722 0.316406 0.580556
25 0.075781 0.575000 0.074219 0.577778 0.074219 0.580556 0.073438 0.583333 0.072656 0.584722 0.071094 0.586111 0.071875 0.588889 0.075000 0.593056 0.071875 0.597222 0.071094 0.601389 0.071875 0.604167 0.074219 0.606944 0.069531 0.609722 0.067187 0.613889 0.071094 0.619444 0.072656 0.620833 0.074219 0.620833 0.076563 0.616667 0.076563 0.600000 0.079687 0.595833 0.080469 0.587500 0.085156 0.579167 0.083594 0.577778 0.082031 0.579167 0.080469 0.581944 0.080469 0.583333 0.079687 0.584722 0.078125 0.586111 0.077344 0.583333 0.076563 0.581944 0.075781 0.575000
25 0.321094 0.572222 0.320312 0.575000 0.321094 0.577778 0.321094 0.572222
25 0.346094 0.559722 0.346094 0.566667 0.343750 0.572222 0.339844 0.573611 0.345313 0.573611 0.345313 0.568056 0.346094 0.566667 0.346094 0.559722
25 0.316406 0.555556 0.313281 0.556944 0.313281 0.561111 0.315625 0.558333 0.316406 0.555556
25 0.125000 0.551389 0.123438 0.552778 0.121875 0.556944 0.125000 0.556944 0.125781 0.555556 0.130469 0.556944 0.132031 0.555556 0.128906 0.551389 0.125000 0.551389
25 0.310937 0.544444 0.309375 0.545833 0.309375 0.550000 0.310937 0.554167 0.311719 0.558333 0.311719 0.551389 0.310937 0.550000 0.310937 0.544444
25 0.330469 0.543056 0.330469 0.545833 0.328906 0.544444 0.327344 0.552778 0.325781 0.548611 0.325781 0.551389 0.324219 0.551389 0.324219 0.554167 0.322656 0.556944 0.322656 0.558333 0.321875 0.559722 0.320312 0.561111 0.318750 0.561111 0.321875 0.562500 0.320312 0.565278 0.321094 0.568056 0.321875 0.563889 0.323437 0.566667 0.323437 0.572222 0.324219 0.573611 0.324219 0.577778 0.325781 0.579167 0.330469 0.579167 0.330469 0.583333 0.331250 0.584722 0.330469 0.590278 0.332813 0.591667 0.331250 0.595833 0.331250 0.604167 0.332813 0.604167 0.333594 0.602778 0.335938 0.602778 0.339062 0.598611 0.336719 0.591667 0.335156 0.583333 0.335156 0.577778 0.338281 0.572222 0.339062 0.569444 0.339844 0.558333 0.339062 0.551389 0.336719 0.547222 0.338281 0.544444 0.335938 0.544444 0.334375 0.543056 0.332031 0.543056 0.330469 0.543056
25 0.295312 0.537500 0.294531 0.538889 0.292187 0.538889 0.290625 0.540278 0.292969 0.540278 0.295312 0.537500 0.297656 0.537500 0.295312 0.537500
25 0.316406 0.534722 0.315625 0.537500 0.317188 0.541667 0.316406 0.534722
25 0.301563 0.534722 0.300781 0.537500 0.301563 0.541667 0.301563 0.537500 0.301563 0.534722
25 0.266406 0.529167 0.268750 0.533333 0.268750 0.536111 0.267969 0.538889 0.265625 0.543056 0.263281 0.544444 0.262500 0.543056 0.264062 0.540278 0.263281 0.531944 0.261719 0.534722 0.262500 0.543056 0.263281 0.544444 0.261719 0.545833 0.260937 0.547222 0.260156 0.551389 0.259375 0.554167 0.256250 0.554167 0.256250 0.544444 0.259375 0.545833 0.260937 0.540278 0.260937 0.536111 0.259375 0.534722 0.260937 0.530556 0.262500 0.529167 0.266406 0.529167
25 0.301563 0.515278 0.300000 0.516667 0.299219 0.520833 0.301563 0.526389 0.303906 0.522222 0.306250 0.520833 0.307812 0.520833 0.312500 0.523611 0.312500 0.520833 0.310937 0.518056 0.310156 0.516667 0.308594 0.515278 0.301563 0.515278
25 0.458594 0.498611 0.460938 0.497222 0.463281 0.498611 0.464844 0.505556 0.466406 0.509722 0.465625 0.509722 0.464844 0.513889 0.466406 0.516667 0.467969 0.515278 0.466406 0.512500 0.465625 0.509722 0.466406 0.509722 0.469531 0.515278 0.471094 0.516667 0.473438 0.516667 0.475000 0.519444 0.475000 0.520833 0.475000 0.523611 0.473438 0.525000 0.475781 0.529167 0.477344 0.527778 0.475000 0.523611 0.475000 0.520833 0.477344 0.525000 0.480469 0.520833 0.482031 0.519444 0.483594 0.523611 0.485156 0.529167 0.480469 0.531944 0.479687 0.537500 0.482031 0.541667 0.480469 0.531944 0.485156 0.529167 0.485938 0.533333 0.486719 0.537500 0.487500 0.543056 0.487500 0.561111 0.486719 0.570833 0.485938 0.575000 0.485156 0.577778 0.482812 0.583333 0.481250 0.583333 0.479687 0.580556 0.477344 0.583333 0.476562 0.588889 0.475000 0.587500 0.475000 0.584722 0.474219 0.581944 0.476562 0.580556 0.478125 0.577778 0.479687 0.572222 0.478906 0.568056 0.478906 0.568056 0.480469 0.563889 0.477344 0.565278 0.476562 0.568056 0.478906 0.568056 0.478906 0.568056 0.476562 0.572222 0.476562 0.576389 0.475000 0.577778 0.475000 0.570833 0.474219 0.565278 0.470313 0.558333 0.467187 0.556944 0.462500 0.555556 0.452344 0.554167 0.446094 0.554167 0.445312 0.555556 0.442188 0.556944 0.441406 0.551389 0.437500 0.555556 0.439844 0.559722 0.435937 0.565278 0.434375 0.559722 0.433594 0.555556 0.432031 0.555556 0.431250 0.552778 0.430469 0.555556 0.429688 0.556944 0.429688 0.559722 0.430469 0.561111 0.431250 0.563889 0.432031 0.561111 0.434375 0.559722 0.435937 0.565278 0.435156 0.568056 0.435156 0.576389 0.434375 0.581944 0.433594 0.587500 0.433594 0.583333 0.431250 0.583333 0.430469 0.586111 0.428906 0.577778 0.427344 0.576389 0.425000 0.575000 0.424219 0.570833 0.426563 0.570833 0.426563 0.569444 0.426563 0.565278 0.425781 0.562500 0.424219 0.570833 0.425000 0.575000 0.416406 0.576389 0.414844 0.575000 0.413281 0.570833 0.411719 0.569444 0.408594 0.568056 0.400000 0.568056 0.398438 0.569444 0.396875 0.572222 0.396875 0.587500 0.395313 0.583333 0.396094 0.579167 0.394531 0.577778 0.393750 0.569444 0.396094 0.566667 0.393750 0.563889 0.394531 0.558333 0.392969 0.555556 0.390625 0.559722 0.389844 0.562500 0.389844 0.566667 0.388281 0.569444 0.388281 0.572222 0.389062 0.575000 0.390625 0.577778 0.392188 0.577778 0.394531 0.577778 0.396094 0.579167 0.392969 0.583333 0.393750 0.587500 0.390625 0.587500 0.389062 0.586111 0.388281 0.584722 0.387500 0.580556 0.384375 0.575000 0.381250 0.577778 0.378906 0.577778 0.378906 0.572222 0.377344 0.559722 0.376563 0.558333 0.376563 0.555556 0.378125 0.554167 0.378125 0.550000 0.379688 0.548611 0.383594 0.548611 0.384375 0.550000 0.387500 0.550000 0.389844 0.548611 0.391406 0.545833 0.392969 0.551389 0.395313 0.552778 0.397656 0.552778 0.400000 0.547222 0.402344 0.548611 0.403125 0.540278 0.404687 0.548611 0.405469 0.547222 0.406250 0.548611 0.405469 0.544444 0.409375 0.541667 0.415625 0.531944 0.417969 0.530556 0.420312 0.531944 0.421875 0.533333 0.423438 0.538889 0.425781 0.540278 0.428125 0.537500 0.429688 0.538889 0.430469 0.540278 0.432031 0.540278 0.433594 0.537500 0.435156 0.533333 0.437500 0.530556 0.435156 0.529167 0.435156 0.533333 0.433594 0.537500 0.432031 0.534722 0.429688 0.534722 0.428125 0.537500 0.425781 0.540278 0.420312 0.541667 0.418750 0.543056 0.417187 0.544444 0.414062 0.548611 0.418750 0.551389 0.420312 0.550000 0.418750 0.547222 0.420312 0.545833 0.421875 0.547222 0.423438 0.547222 0.423438 0.551389 0.425781 0.555556 0.428125 0.548611 0.427344 0.545833 0.427344 0.543056 0.425781 0.540278 0.423438 0.538889 0.425781 0.534722 0.427344 0.530556 0.427344 0.525000 0.428906 0.522222 0.432812 0.520833 0.433594 0.519444 0.434375 0.516667 0.435937 0.513889 0.440625 0.513889 0.442969 0.509722 0.444531 0.512500 0.443750 0.516667 0.442188 0.519444 0.444531 0.520833 0.444531 0.512500 0.442969 0.509722 0.442969 0.506944 0.445312 0.502778 0.450000 0.504167 0.447656 0.505556 0.446875 0.506944 0.445312 0.509722 0.446094 0.512500 0.447656 0.509722 0.446875 0.506944 0.447656 0.505556 0.449219 0.506944 0.450000 0.508333 0.452344 0.506944 0.453125 0.502778 0.454688 0.506944 0.456250 0.504167 0.457813 0.505556 0.458594 0.502778 0.460156 0.502778 0.460156 0.504167 0.460938 0.509722 0.463281 0.504167 0.461719 0.501389 0.460156 0.504167 0.460156 0.502778 0.459375 0.497222 0.457031 0.501389 0.453906 0.500000 0.455469 0.500000 0.457813 0.497222 0.458594 0.498611
25 0.382031 0.430556 0.381250 0.431944 0.378125 0.431944 0.374219 0.436111 0.371875 0.436111 0.369531 0.438889 0.367188 0.438889 0.365625 0.441667 0.364844 0.444444 0.364844 0.448611 0.365625 0.450000 0.366406 0.456944 0.366406 0.462500 0.364844 0.466667 0.364063 0.473611 0.365625 0.479167 0.368750 0.483333 0.371094 0.483333 0.372656 0.484722 0.375000 0.488889 0.375781 0.491667 0.376563 0.498611 0.375781 0.506944 0.375000 0.509722 0.374219 0.511111 0.373437 0.511111 0.368750 0.518056 0.366406 0.520833 0.362500 0.520833 0.360156 0.525000 0.357031 0.526389 0.353906 0.525000 0.351562 0.529167 0.351562 0.531944 0.350781 0.533333 0.350000 0.536111 0.349219 0.530556 0.346875 0.536111 0.346875 0.540278 0.348438 0.541667 0.348438 0.544444 0.346875 0.544444 0.346875 0.550000 0.350000 0.556944 0.350000 0.561111 0.350000 0.575000 0.352344 0.573611 0.353125 0.570833 0.353906 0.565278 0.355469 0.562500 0.355469 0.559722 0.356250 0.556944 0.360156 0.550000 0.365625 0.545833 0.367969 0.541667 0.375000 0.527778 0.377344 0.522222 0.378906 0.518056 0.380469 0.513889 0.380469 0.511111 0.382031 0.508333 0.382031 0.488889 0.381250 0.486111 0.379688 0.483333 0.379688 0.480556 0.378906 0.479167 0.378125 0.477778 0.376563 0.468056 0.376563 0.461111 0.377344 0.455556 0.381250 0.448611 0.383594 0.447222 0.385156 0.441667 0.384375 0.430556 0.382031 0.430556
25 0.394531 0.330556 0.395313 0.336111 0.396094 0.340278 0.396875 0.343056 0.397656 0.344444 0.398438 0.344444 0.399219 0.348611 0.401562 0.350000 0.402344 0.356944 0.403125 0.359722 0.403906 0.362500 0.403125 0.359722 0.402344 0.356944 0.401562 0.350000 0.398438 0.344444 0.397656 0.340278 0.397656 0.336111 0.394531 0.330556
25 0.250781 0.000000 0.250781 0.004167 0.250000 0.016667 0.250781 0.020833 0.251563 0.023611 0.253906 0.027778 0.256250 0.036111 0.257812 0.040278 0.259375 0.043056 0.260156 0.043056 0.260937 0.051389 0.261719 0.054167 0.264844 0.059722 0.265625 0.062500 0.266406 0.065278 0.264844 0.072222 0.264844 0.083333 0.265625 0.088889 0.267188 0.094444 0.268750 0.095833 0.270313 0.095833 0.273438 0.101389 0.274219 0.104167 0.275000 0.106944 0.271875 0.113889 0.271094 0.118056 0.271875 0.122222 0.269531 0.123611 0.264844 0.122222 0.260156 0.125000 0.257812 0.126389 0.256250 0.129167 0.255469 0.131944 0.255469 0.137500 0.253906 0.136111 0.253906 0.134722 0.252344 0.131944 0.250781 0.137500 0.253125 0.138889 0.253125 0.145833 0.253906 0.148611 0.257031 0.155556 0.257812 0.158333 0.258594 0.166667 0.261719 0.173611 0.260937 0.170833 0.259375 0.173611 0.259375 0.176389 0.260937 0.170833 0.261719 0.173611 0.262500 0.177778 0.267188 0.181944 0.268750 0.179167 0.271094 0.179167 0.272656 0.180556 0.274219 0.183333 0.278125 0.183333 0.279687 0.184722 0.281250 0.186111 0.284375 0.191667 0.285938 0.191667 0.287500 0.194444 0.288281 0.197222 0.288281 0.208333 0.289844 0.215278 0.292187 0.218056 0.292969 0.220833 0.293750 0.227778 0.293750 0.234722 0.296875 0.236111 0.300000 0.238889 0.310156 0.238889 0.311719 0.247222 0.318750 0.250000 0.321875 0.251389 0.328906 0.252778 0.341406 0.252778 0.349219 0.250000 0.353906 0.251389 0.355469 0.252778 0.354687 0.256944 0.351562 0.256944 0.346875 0.255556 0.346094 0.258333 0.351562 0.256944 0.354687 0.256944 0.354687 0.261111 0.357031 0.262500 0.358594 0.269444 0.357812 0.272222 0.357812 0.275000 0.360156 0.281944 0.360156 0.287500 0.365625 0.290278 0.367188 0.293056 0.369531 0.294444 0.372656 0.294444 0.372656 0.302778 0.373437 0.305556 0.375000 0.308333 0.375000 0.313889 0.378906 0.316667 0.379688 0.319444 0.381250 0.319444 0.382812 0.320833 0.384375 0.318056 0.385937 0.319444 0.387500 0.322222 0.389062 0.319444 0.388281 0.320833 0.386719 0.323611 0.388281 0.326389 0.389844 0.323611 0.392188 0.326389 0.392188 0.329167 0.390625 0.331944 0.392188 0.336111 0.392969 0.337500 0.392969 0.341667 0.393750 0.344444 0.395313 0.347222 0.396094 0.347222 0.397656 0.350000 0.397656 0.352778 0.399219 0.354167 0.398438 0.358333 0.400781 0.362500 0.401562 0.366667 0.401562 0.372222 0.403125 0.372222 0.403906 0.376389 0.402344 0.377778 0.402344 0.383333 0.404687 0.387500 0.405469 0.390278 0.403906 0.394444 0.401562 0.395833 0.403125 0.398611 0.404687 0.400000 0.401562 0.398611 0.400781 0.402778 0.401562 0.398611 0.397656 0.397222 0.396094 0.398611 0.393750 0.402778 0.395313 0.405556 0.391406 0.405556 0.389062 0.411111 0.389844 0.413889 0.391406 0.416667 0.389062 0.416667 0.388281 0.413889 0.388281 0.411111 0.385937 0.413889 0.384375 0.415278 0.382812 0.418056 0.381250 0.416667 0.377344 0.418056 0.375000 0.419444 0.372656 0.420833 0.368750 0.425000 0.366406 0.425000 0.365625 0.427778 0.362500 0.431944 0.362500 0.434722 0.360938 0.438889 0.359375 0.441667 0.357812 0.441667 0.359375 0.448611 0.358594 0.452778 0.357812 0.456944 0.357031 0.454167 0.353906 0.455556 0.354687 0.461111 0.351562 0.465278 0.349219 0.466667 0.348438 0.475000 0.351562 0.476389 0.353125 0.477778 0.354687 0.479167 0.359375 0.486111 0.361719 0.487500 0.363281 0.491667 0.364063 0.494444 0.364063 0.501389 0.369531 0.502778 0.367188 0.504167 0.364844 0.506944 0.360156 0.505556 0.357031 0.508333 0.353906 0.508333 0.350781 0.511111 0.346875 0.512500 0.345313 0.511111 0.343750 0.508333 0.341406 0.509722 0.338281 0.504167 0.335938 0.504167 0.335156 0.501389 0.334375 0.497222 0.333594 0.497222 0.332031 0.494444 0.328125 0.494444 0.328125 0.487500 0.326562 0.486111 0.325781 0.483333 0.325000 0.490278 0.325000 0.483333 0.321094 0.483333 0.321875 0.486111 0.319531 0.487500 0.317969 0.484722 0.315625 0.456944 0.317969 0.455556 0.320312 0.452778 0.321875 0.452778 0.325000 0.443056 0.327344 0.444444 0.331250 0.444444 0.332031 0.444444 0.331250 0.445833 0.330469 0.448611 0.328906 0.454167 0.328125 0.468056 0.328125 0.476389 0.328906 0.479167 0.338281 0.480556 0.341406 0.479167 0.342969 0.477778 0.343750 0.476389 0.344531 0.473611 0.345313 0.468056 0.346094 0.461111 0.346094 0.450000 0.342187 0.441667 0.340625 0.438889 0.339844 0.433333 0.327344 0.430556 0.324219 0.433333 0.320312 0.434722 0.321875 0.437500 0.331250 0.436111 0.332813 0.434722 0.331250 0.436111 0.334375 0.437500 0.335938 0.434722 0.338281 0.436111 0.334375 0.443056 0.332031 0.444444 0.331250 0.444444 0.335156 0.441667 0.331250 0.440278 0.331250 0.444444 0.327344 0.444444 0.326562 0.441667 0.325000 0.443056 0.321875 0.452778 0.317969 0.447222 0.316406 0.450000 0.315625 0.451389 0.314063 0.451389 0.312500 0.454167 0.314063 0.456944 0.315625 0.456944 0.317969 0.484722 0.316406 0.487500 0.314844 0.486111 0.313281 0.490278 0.314063 0.493056 0.314844 0.498611 0.316406 0.498611 0.317969 0.500000 0.314844 0.501389 0.313281 0.504167 0.309375 0.504167 0.313281 0.500000 0.307031 0.500000 0.306250 0.497222 0.303906 0.501389 0.305469 0.504167 0.307031 0.504167 0.302344 0.502778 0.302344 0.502778 0.303906 0.500000 0.302344 0.495833 0.298438 0.495833 0.295312 0.498611 0.290625 0.501389 0.302344 0.502778 0.302344 0.502778 0.296875 0.504167 0.293750 0.505556 0.291406 0.508333 0.289062 0.508333 0.286719 0.512500 0.285938 0.518056 0.285938 0.523611 0.284375 0.526389 0.283594 0.534722 0.284375 0.537500 0.286719 0.548611 0.285938 0.555556 0.286719 0.559722 0.292969 0.563889 0.295312 0.561111 0.296094 0.559722 0.297656 0.559722 0.300000 0.562500 0.303125 0.558333 0.308594 0.559722 0.310937 0.562500 0.310937 0.565278 0.309375 0.566667 0.309375 0.566667 0.307031 0.565278 0.304688 0.565278 0.303125 0.568056 0.304688 0.570833 0.306250 0.570833 0.309375 0.566667 0.309375 0.566667 0.312500 0.569444 0.312500 0.573611 0.314844 0.577778 0.312500 0.581944 0.312500 0.586111 0.310937 0.580556 0.309375 0.579167 0.307031 0.581944 0.306250 0.587500 0.305469 0.591667 0.301563 0.593056 0.300781 0.595833 0.298438 0.595833 0.296094 0.598611 0.292187 0.602778 0.289062 0.608333 0.285156 0.615278 0.283594 0.615278 0.282031 0.608333 0.282031 0.602778 0.281250 0.600000 0.280469 0.597222 0.279687 0.595833 0.278906 0.595833 0.276562 0.593056 0.273438 0.587500 0.270313 0.580556 0.267969 0.572222 0.267188 0.570833 0.264844 0.569444 0.265625 0.566667 0.265625 0.563889 0.267188 0.559722 0.268750 0.556944 0.271094 0.554167 0.271094 0.552778 0.271094 0.550000 0.272656 0.547222 0.275781 0.545833 0.275781 0.541667 0.277344 0.540278 0.277344 0.538889 0.278906 0.536111 0.278906 0.531944 0.280469 0.529167 0.281250 0.529167 0.283594 0.527778 0.284375 0.523611 0.280469 0.526389 0.281250 0.529167 0.280469 0.529167 0.278906 0.520833 0.280469 0.520833 0.279687 0.506944 0.276562 0.502778 0.272656 0.502778 0.277344 0.502778 0.278125 0.488889 0.275781 0.488889 0.275000 0.491667 0.273438 0.491667 0.272656 0.490278 0.270313 0.490278 0.267969 0.495833 0.267969 0.486111 0.269531 0.481944 0.270313 0.479167 0.269531 0.475000 0.271094 0.470833 0.274219 0.473611 0.276562 0.473611 0.278125 0.473611 0.280469 0.470833 0.282031 0.468056 0.285938 0.461111 0.288281 0.463889 0.289062 0.469444 0.289844 0.469444 0.292969 0.468056 0.293750 0.468056 0.294531 0.463889 0.294531 0.459722 0.294531 0.450000 0.295312 0.440278 0.292187 0.440278 0.292969 0.447222 0.294531 0.450000 0.294531 0.459722 0.291406 0.461111 0.290625 0.458333 0.289062 0.458333 0.288281 0.459722 0.285938 0.461111 0.282031 0.468056 0.278906 0.468056 0.278906 0.466667 0.280469 0.465278 0.278125 0.462500 0.278125 0.469444 0.278906 0.466667 0.278906 0.468056 0.277344 0.470833 0.275781 0.470833 0.274219 0.473611 0.271094 0.470833 0.270313 0.459722 0.269531 0.462500 0.268750 0.463889 0.268750 0.470833 0.267969 0.462500 0.269531 0.462500 0.270313 0.458333 0.271094 0.448611 0.271094 0.437500 0.272656 0.433333 0.272656 0.433333 0.273438 0.436111 0.271875 0.437500 0.272656 0.444444 0.275000 0.438889 0.275000 0.436111 0.278906 0.440278 0.285156 0.437500 0.281250 0.436111 0.280469 0.434722 0.280469 0.433333 0.275000 0.431944 0.273438 0.429167 0.272656 0.433333 0.272656 0.433333 0.271875 0.426389 0.272656 0.425000 0.271875 0.418056 0.272656 0.398611 0.273438 0.380556 0.276562 0.375000 0.275781 0.372222 0.274219 0.373611 0.275000 0.370833 0.282031 0.340278 0.283594 0.337500 0.282813 0.334722 0.285156 0.323611 0.287500 0.319444 0.285156 0.318056 0.284375 0.319444 0.282813 0.320833 0.285156 0.323611 0.282813 0.334722 0.281250 0.337500 0.282031 0.340278 0.275000 0.370833 0.271875 0.375000 0.271094 0.383333 0.270313 0.391667 0.270313 0.406944 0.261719 0.400000 0.260156 0.397222 0.258594 0.398611 0.253125 0.398611 0.254688 0.400000 0.255469 0.401389 0.261719 0.400000 0.270313 0.406944 0.269531 0.413889 0.268750 0.416667 0.267188 0.420833 0.265625 0.422222 0.265625 0.423611 0.264844 0.427778 0.266406 0.430556 0.266406 0.426389 0.265625 0.423611 0.265625 0.422222 0.267969 0.423611 0.268750 0.427778 0.268750 0.430556 0.264844 0.429167 0.263281 0.430556 0.262500 0.430556 0.264844 0.433333 0.267188 0.434722 0.268750 0.437500 0.267969 0.454167 0.267188 0.455556 0.267188 0.459722 0.267969 0.454167 0.265625 0.454167 0.264844 0.454167 0.263281 0.454167 0.263281 0.448611 0.263281 0.448611 0.264844 0.451389 0.266406 0.448611 0.264844 0.445833 0.263281 0.448611 0.263281 0.448611 0.260937 0.447222 0.260156 0.455556 0.263281 0.454167 0.264844 0.454167 0.264062 0.456944 0.264062 0.459722 0.266406 0.465278 0.264062 0.465278 0.264062 0.466667 0.264062 0.475000 0.262500 0.479167 0.264062 0.488889 0.265625 0.486111 0.265625 0.483333 0.266406 0.487500 0.265625 0.488889 0.265625 0.501389 0.264062 0.500000 0.263281 0.505556 0.262500 0.509722 0.261719 0.513889 0.260937 0.516667 0.259375 0.519444 0.258594 0.522222 0.258594 0.525000 0.256250 0.527778 0.255469 0.519444 0.253125 0.518056 0.252344 0.522222 0.249219 0.527778 0.248438 0.534722 0.247656 0.538889 0.246094 0.537500 0.243750 0.534722 0.242969 0.531944 0.240625 0.530556 0.237500 0.529167 0.232031 0.530556 0.232031 0.525000 0.234375 0.518056 0.233594 0.509722 0.232031 0.515278 0.228906 0.513889 0.229687 0.511111 0.228125 0.506944 0.227344 0.500000 0.225781 0.494444 0.225781 0.487500 0.225000 0.483333 0.219531 0.472222 0.215625 0.469444 0.214062 0.468056 0.212500 0.461111 0.209375 0.458333 0.207031 0.458333 0.204687 0.459722 0.203125 0.462500 0.202344 0.462500 0.201563 0.463889 0.201563 0.465278 0.198437 0.469444 0.197656 0.469444 0.196875 0.470833 0.196875 0.472222 0.198437 0.477778 0.195312 0.480556 0.189844 0.490278 0.189844 0.500000 0.188281 0.502778 0.187500 0.505556 0.186719 0.522222 0.188281 0.525000 0.189062 0.525000 0.190625 0.531944 0.189844 0.536111 0.190625 0.538889 0.192188 0.541667 0.192188 0.543056 0.198437 0.544444 0.200000 0.545833 0.201563 0.548611 0.201563 0.551389 0.202344 0.554167 0.203125 0.555556 0.203906 0.555556 0.206250 0.551389 0.205469 0.550000 0.205469 0.547222 0.206250 0.540278 0.207813 0.537500 0.207813 0.533333 0.209375 0.530556 0.213281 0.526389 0.215625 0.525000 0.217969 0.525000 0.221875 0.527778 0.224219 0.526389 0.226562 0.522222 0.227344 0.519444 0.227344 0.515278 0.228125 0.512500 0.228906 0.513889 0.232031 0.515278 0.230469 0.522222 0.232031 0.525000 0.232031 0.530556 0.232813 0.540278 0.232031 0.543056 0.229687 0.548611 0.234375 0.548611 0.237500 0.551389 0.240625 0.548611 0.243750 0.548611 0.246094 0.551389 0.247656 0.552778 0.250781 0.548611 0.250781 0.544444 0.250781 0.550000 0.251563 0.551389 0.250781 0.555556 0.250000 0.555556 0.248438 0.558333 0.245312 0.554167 0.243750 0.554167 0.242188 0.552778 0.240625 0.552778 0.237500 0.554167 0.236719 0.555556 0.235156 0.556944 0.235937 0.559722 0.235156 0.562500 0.234375 0.565278 0.232813 0.566667 0.230469 0.566667 0.228125 0.565278 0.225781 0.561111 0.225000 0.558333 0.225781 0.555556 0.225781 0.554167 0.228906 0.552778 0.230469 0.550000 0.225781 0.547222 0.225000 0.543056 0.223438 0.540278 0.221875 0.544444 0.222656 0.545833 0.221094 0.550000 0.222656 0.555556 0.223438 0.558333 0.222656 0.561111 0.221094 0.565278 0.206250 0.565278 0.204687 0.566667 0.205469 0.566667 0.204687 0.561111 0.203125 0.563889 0.205469 0.566667 0.204687 0.566667 0.203125 0.569444 0.205469 0.570833 0.204687 0.573611 0.206250 0.575000 0.200781 0.575000 0.195312 0.577778 0.186719 0.577778 0.177344 0.581944 0.175781 0.583333 0.173437 0.587500 0.172656 0.591667 0.167969 0.600000 0.166406 0.601389 0.165625 0.598611 0.164844 0.597222 0.164844 0.594444 0.164062 0.593056 0.163281 0.590278 0.162500 0.593056 0.162500 0.588889 0.164844 0.587500 0.167187 0.588889 0.169531 0.591667 0.171875 0.591667 0.172656 0.587500 0.171875 0.584722 0.168750 0.583333 0.167187 0.580556 0.165625 0.575000 0.165625 0.570833 0.164844 0.566667 0.162500 0.562500 0.160156 0.561111 0.157812 0.558333 0.155469 0.559722 0.155469 0.556944 0.153906 0.554167 0.151562 0.551389 0.149219 0.548611 0.147656 0.547222 0.146094 0.545833 0.143750 0.544444 0.139844 0.543056 0.144531 0.495833 0.146094 0.493056 0.150000 0.490278 0.151562 0.491667 0.152344 0.494444 0.154688 0.491667 0.155469 0.490278 0.156250 0.487500 0.156250 0.479167 0.154688 0.476389 0.152344 0.470833 0.154688 0.468056 0.153125 0.466667 0.148438 0.456944 0.146094 0.454167 0.143750 0.452778 0.141406 0.454167 0.140625 0.454167 0.139063 0.451389 0.137500 0.451389 0.136719 0.455556 0.133594 0.459722 0.132812 0.462500 0.135156 0.463889 0.131250 0.463889 0.132812 0.468056 0.131250 0.470833 0.132812 0.477778 0.135937 0.480556 0.136719 0.491667 0.140625 0.491667 0.142969 0.494444 0.144531 0.495833 0.139844 0.543056 0.135937 0.541667 0.135156 0.544444 0.133594 0.544444 0.133594 0.541667 0.131250 0.540278 0.124219 0.540278 0.121875 0.545833 0.117188 0.547222 0.114062 0.552778 0.113281 0.555556 0.113281 0.558333 0.111719 0.556944 0.110937 0.561111 0.108594 0.559722 0.106250 0.563889 0.104688 0.563889 0.100000 0.563889 0.099219 0.566667 0.095312 0.566667 0.094531 0.568056 0.089063 0.568056 0.084375 0.570833 0.079687 0.570833 0.078125 0.568056 0.075781 0.570833 0.074219 0.570833 0.071875 0.568056 0.069531 0.568056 0.068750 0.566667 0.067187 0.566667 0.059375 0.569444 0.057813 0.569444 0.053125 0.559722 0.051562 0.555556 0.050000 0.548611 0.046875 0.541667 0.045312 0.537500 0.045312 0.534722 0.042969 0.530556 0.044531 0.527778 0.045312 0.522222 0.046094 0.518056 0.046094 0.513889 0.044531 0.508333 0.042969 0.506944 0.040625 0.505556 0.036719 0.504167 0.032813 0.504167 0.031250 0.506944 0.029687 0.504167 0.028125 0.504167 0.026562 0.506944 0.023438 0.504167 0.019531 0.502778 0.007031 0.502778 0.004687 0.505556 0.001563 0.506944 0.000000 0.506944 0.000000 0.000000 0.250781 0.000000
25 0.195312 0.525000 0.195312 0.527778 0.200000 0.526389 0.195312 0.525000
25 0.196094 0.498611 0.193750 0.502778 0.192969 0.505556 0.192969 0.512500 0.193750 0.513889 0.193750 0.516667 0.195312 0.516667 0.194531 0.506944 0.194531 0.504167 0.196094 0.501389 0.196094 0.498611
25 0.199219 0.484722 0.197656 0.486111 0.196094 0.490278 0.197656 0.495833 0.198437 0.491667 0.196094 0.488889 0.197656 0.487500 0.199219 0.484722
25 0.208594 0.472222 0.203125 0.473611 0.204687 0.476389 0.203906 0.479167 0.206250 0.479167 0.207031 0.477778 0.211719 0.477778 0.213281 0.479167 0.217188 0.487500 0.218750 0.487500 0.216406 0.484722 0.215625 0.480556 0.214844 0.479167 0.214062 0.479167 0.212500 0.476389 0.212500 0.475000 0.210938 0.472222 0.208594 0.472222
25 0.142969 0.480556 0.146094 0.481944 0.145313 0.479167 0.142969 0.480556
27 0.387500 0.515278 0.387500 0.509722 0.388281 0.506944 0.387500 0.515278
27 0.475781 0.263889 0.472656 0.265278 0.471094 0.266667 0.471094 0.269444 0.475000 0.269444 0.475781 0.266667 0.475781 0.263889
27 0.537500 0.000000 0.536719 0.011111 0.534375 0.008333 0.533594 0.013889 0.531250 0.018056 0.529687 0.022222 0.528906 0.038889 0.527344 0.025000 0.525000 0.029167 0.521875 0.031944 0.521094 0.029167 0.517188 0.034722 0.516406 0.037500 0.515625 0.044444 0.514844 0.054167 0.515625 0.069444 0.515625 0.073611 0.513281 0.081944 0.514062 0.088889 0.514062 0.091667 0.512500 0.093056 0.513281 0.098611 0.512500 0.095833 0.510156 0.102778 0.509375 0.104167 0.506250 0.106944 0.507031 0.115278 0.505469 0.125000 0.506250 0.130556 0.505469 0.136111 0.506250 0.141667 0.504687 0.141667 0.503125 0.144444 0.505469 0.148611 0.505469 0.152778 0.503125 0.148611 0.503125 0.143056 0.503906 0.137500 0.505469 0.131944 0.504687 0.127778 0.502344 0.134722 0.502344 0.138889 0.500781 0.143056 0.501563 0.145833 0.500781 0.150000 0.499219 0.152778 0.499219 0.158333 0.498437 0.159722 0.498437 0.162500 0.496875 0.163889 0.492969 0.165278 0.491406 0.166667 0.489063 0.170833 0.488281 0.173611 0.489063 0.177778 0.490625 0.172222 0.492188 0.170833 0.492188 0.173611 0.494531 0.176389 0.490625 0.179167 0.488281 0.176389 0.487500 0.179167 0.486719 0.180556 0.486719 0.183333 0.485938 0.186111 0.483594 0.191667 0.482031 0.197222 0.482031 0.202778 0.480469 0.206944 0.477344 0.225000 0.477344 0.231944 0.475000 0.244444 0.475000 0.256944 0.474219 0.259722 0.472656 0.261111 0.468750 0.261111 0.459375 0.259722 0.456250 0.256944 0.442188 0.256944 0.439063 0.255556 0.435156 0.251389 0.433594 0.252778 0.432031 0.255556 0.439063 0.261111 0.448437 0.261111 0.448437 0.265278 0.448437 0.268056 0.445312 0.268056 0.444531 0.265278 0.441406 0.265278 0.438281 0.269444 0.436719 0.266667 0.435937 0.262500 0.431250 0.261111 0.429688 0.263889 0.428906 0.266667 0.428906 0.273611 0.430469 0.277778 0.430469 0.280556 0.429688 0.287500 0.428906 0.295833 0.427344 0.300000 0.426563 0.316667 0.425781 0.316667 0.424219 0.325000 0.427344 0.327778 0.428125 0.331944 0.427344 0.345833 0.423438 0.347222 0.422656 0.350000 0.421875 0.352778 0.421875 0.369444 0.422656 0.377778 0.419531 0.381944 0.419531 0.384722 0.417969 0.383333 0.417187 0.390278 0.414844 0.394444 0.414844 0.398611 0.413281 0.402778 0.412500 0.416667 0.413281 0.425000 0.411719 0.431944 0.411719 0.440278 0.412500 0.454167 0.411719 0.455556 0.411719 0.458333 0.410938 0.455556 0.411719 0.448611 0.411719 0.445833 0.410938 0.444444 0.410156 0.438889 0.409375 0.444444 0.408594 0.450000 0.407031 0.455556 0.406250 0.461111 0.406250 0.480556 0.405469 0.493056 0.404687 0.494444 0.404687 0.497222 0.403125 0.497222 0.402344 0.501389 0.403906 0.512500 0.400781 0.516667 0.399219 0.520833 0.399219 0.525000 0.401562 0.527778 0.401562 0.530556 0.401562 0.538889 0.400781 0.541667 0.397656 0.547222 0.396094 0.547222 0.392969 0.547222 0.392969 0.541667 0.391406 0.537500 0.392969 0.533333 0.393750 0.527778 0.393750 0.522222 0.392188 0.519444 0.390625 0.494444 0.389844 0.502778 0.388281 0.500000 0.389062 0.497222 0.387500 0.490278 0.388281 0.476389 0.386719 0.469444 0.385937 0.472222 0.385937 0.441667 0.385156 0.430556 0.385937 0.422222 0.385156 0.418056 0.386719 0.418056 0.386719 0.411111 0.388281 0.409722 0.387500 0.413889 0.388281 0.416667 0.391406 0.419444 0.390625 0.413889 0.389844 0.411111 0.390625 0.406944 0.395313 0.408333 0.394531 0.404167 0.396094 0.400000 0.397656 0.398611 0.400781 0.398611 0.402344 0.401389 0.405469 0.400000 0.403906 0.397222 0.402344 0.395833 0.403906 0.395833 0.406250 0.391667 0.405469 0.387500 0.403125 0.383333 0.403125 0.377778 0.404687 0.376389 0.404687 0.373611 0.402344 0.372222 0.402344 0.366667 0.401562 0.362500 0.399219 0.358333 0.399219 0.352778 0.398438 0.350000 0.395313 0.345833 0.394531 0.344444 0.393750 0.341667 0.393750 0.337500 0.394531 0.336111 0.395313 0.340278 0.396094 0.343056 0.397656 0.345833 0.399219 0.341667 0.398438 0.340278 0.398438 0.336111 0.395313 0.330556 0.394531 0.336111 0.393750 0.337500 0.392969 0.333333 0.391406 0.331944 0.392969 0.329167 0.392188 0.325000 0.391406 0.323611 0.389062 0.325000 0.386719 0.322222 0.389844 0.322222 0.389062 0.316667 0.387500 0.319444 0.388281 0.316667 0.389062 0.311111 0.389062 0.312500 0.390625 0.315278 0.390625 0.311111 0.389844 0.305556 0.389062 0.312500 0.389062 0.311111 0.389062 0.300000 0.388281 0.298611 0.389062 0.286111 0.389062 0.279167 0.388281 0.265278 0.385937 0.258333 0.385156 0.250000 0.383594 0.245833 0.382031 0.240278 0.380469 0.237500 0.372656 0.233333 0.367188 0.233333 0.365625 0.231944 0.364063 0.229167 0.363281 0.226389 0.362500 0.216667 0.362500 0.205556 0.360156 0.201389 0.360156 0.197222 0.360938 0.195833 0.360938 0.191667 0.360156 0.180556 0.359375 0.176389 0.357031 0.170833 0.357031 0.159722 0.356250 0.154167 0.354687 0.147222 0.353906 0.144444 0.350781 0.138889 0.346875 0.136111 0.345313 0.133333 0.343750 0.127778 0.341406 0.123611 0.338281 0.123611 0.338281 0.126389 0.335938 0.125000 0.334375 0.123611 0.332813 0.122222 0.332031 0.120833 0.331250 0.118056 0.330469 0.115278 0.330469 0.108333 0.331250 0.087500 0.332031 0.086111 0.332031 0.073611 0.332813 0.080556 0.332813 0.066667 0.332813 0.058333 0.334375 0.056944 0.335156 0.048611 0.334375 0.029167 0.334375 0.026389 0.335156 0.025000 0.335156 0.022222 0.333594 0.002778 0.333594 0.000000 0.537500 0.000000
27 0.280469 0.000000 0.280469 0.004167 0.281250 0.005556 0.281250 0.011111 0.279687 0.044444 0.280469 0.048611 0.284375 0.048611 0.285938 0.047222 0.287500 0.043056 0.288281 0.038889 0.289062 0.006944 0.289062 0.000000 0.286719 0.000000 0.286719 0.004167 0.285156 0.009722 0.286719 0.015278 0.286719 0.020833 0.285938 0.022222 0.285938 0.029167 0.283594 0.033333 0.282813 0.000000 0.280469 0.000000
28 0.876563 0.629167 0.871875 0.636111 0.870313 0.638889 0.869531 0.641667 0.868750 0.647222 0.867188 0.652778 0.864844 0.656944 0.864062 0.659722 0.864062 0.662500 0.863281 0.665278 0.860938 0.669444 0.858594 0.669444 0.857031 0.670833 0.857031 0.679167 0.860156 0.684722 0.860938 0.688889 0.860938 0.691667 0.860156 0.700000 0.860938 0.705556 0.862500 0.708333 0.863281 0.713889 0.863281 0.743056 0.862500 0.754167 0.864062 0.755556 0.867969 0.755556 0.873437 0.754167 0.876563 0.758333 0.878906 0.758333 0.880469 0.756944 0.881250 0.755556 0.882812 0.752778 0.883594 0.750000 0.884375 0.747222 0.884375 0.740278 0.882812 0.734722 0.882031 0.727778 0.882031 0.719444 0.884375 0.712500 0.885156 0.705556 0.885156 0.683333 0.886719 0.672222 0.886719 0.663889 0.885938 0.659722 0.884375 0.654167 0.882031 0.651389 0.881250 0.648611 0.881250 0.640278 0.880469 0.638889 0.880469 0.633333 0.878125 0.630556 0.876563 0.629167
28 0.570312 0.601389 0.568750 0.602778 0.567969 0.604167 0.567969 0.605556 0.564844 0.612500 0.564063 0.616667 0.563281 0.622222 0.562500 0.634722 0.564063 0.641667 0.563281 0.665278 0.564063 0.666667 0.564063 0.669444 0.565625 0.670833 0.576562 0.670833 0.578125 0.669444 0.578906 0.668056 0.579688 0.665278 0.579688 0.659722 0.578906 0.658333 0.578906 0.654167 0.580469 0.647222 0.580469 0.640278 0.581250 0.637500 0.582812 0.634722 0.583594 0.630556 0.583594 0.616667 0.582812 0.613889 0.578906 0.606944 0.575000 0.602778 0.572656 0.601389 0.570312 0.601389
28 0.326562 0.579167 0.325781 0.580556 0.321875 0.580556 0.318750 0.584722 0.317188 0.590278 0.316406 0.611111 0.316406 0.616667 0.317969 0.634722 0.319531 0.633333 0.321875 0.630556 0.324219 0.633333 0.328906 0.631944 0.329688 0.627778 0.329688 0.623611 0.328125 0.613889 0.329688 0.611111 0.330469 0.606944 0.329688 0.595833 0.330469 0.587500 0.330469 0.584722 0.329688 0.579167 0.326562 0.579167
2 0.464844 0.588889 0.462500 0.590278 0.460938 0.591667 0.460938 0.595833 0.453125 0.598611 0.444531 0.598611 0.442969 0.600000 0.442188 0.601389 0.439844 0.606944 0.439063 0.612500 0.439063 0.629167 0.440625 0.631944 0.442188 0.633333 0.444531 0.634722 0.455469 0.634722 0.462500 0.637500 0.466406 0.637500 0.467969 0.633333 0.470313 0.631944 0.471094 0.633333 0.474219 0.634722 0.482031 0.634722 0.482031 0.625000 0.483594 0.613889 0.483594 0.605556 0.480469 0.594444 0.478906 0.591667 0.476562 0.590278 0.471094 0.588889 0.464844 0.588889
2 0.337500 0.575000 0.335938 0.577778 0.335938 0.583333 0.336719 0.587500 0.337500 0.591667 0.338281 0.594444 0.341406 0.600000 0.343750 0.601389 0.345313 0.604167 0.345313 0.606944 0.346875 0.604167 0.353125 0.604167 0.355469 0.600000 0.356250 0.594444 0.359375 0.598611 0.363281 0.600000 0.372656 0.600000 0.374219 0.595833 0.375781 0.598611 0.385937 0.597222 0.386719 0.594444 0.386719 0.584722 0.385937 0.579167 0.384375 0.576389 0.382031 0.577778 0.378906 0.579167 0.375781 0.581944 0.374219 0.587500 0.372656 0.580556 0.369531 0.577778 0.360938 0.576389 0.357812 0.579167 0.357031 0.581944 0.356250 0.593056 0.355469 0.586111 0.353906 0.579167 0.352344 0.579167 0.351562 0.577778 0.348438 0.576389 0.345313 0.575000 0.337500 0.575000
2 0.400000 0.569444 0.398438 0.570833 0.396875 0.590278 0.396875 0.595833 0.397656 0.597222 0.397656 0.600000 0.405469 0.601389 0.412500 0.600000 0.414844 0.604167 0.422656 0.605556 0.426563 0.605556 0.428125 0.602778 0.428906 0.600000 0.429688 0.595833 0.429688 0.586111 0.428906 0.584722 0.428906 0.579167 0.427344 0.577778 0.425000 0.576389 0.415625 0.577778 0.414062 0.575000 0.413281 0.572222 0.411719 0.570833 0.408594 0.569444 0.400000 0.569444
2 0.252344 0.563889 0.240625 0.565278 0.232031 0.570833 0.226562 0.573611 0.228125 0.577778 0.225781 0.577778 0.220312 0.575000 0.200781 0.576389 0.195312 0.579167 0.186719 0.579167 0.177344 0.583333 0.175781 0.584722 0.174219 0.587500 0.173437 0.591667 0.167187 0.601389 0.164844 0.605556 0.164062 0.611111 0.164062 0.620833 0.162500 0.629167 0.163281 0.643056 0.164062 0.647222 0.164844 0.651389 0.165625 0.654167 0.166406 0.656944 0.168750 0.662500 0.175000 0.662500 0.179688 0.658333 0.183594 0.656944 0.208594 0.656944 0.212500 0.659722 0.218750 0.658333 0.228125 0.661111 0.232031 0.659722 0.234375 0.656944 0.235937 0.654167 0.235937 0.652778 0.238281 0.648611 0.238281 0.647222 0.239844 0.644444 0.244531 0.644444 0.245312 0.643056 0.247656 0.643056 0.248438 0.640278 0.249219 0.634722 0.250000 0.641667 0.251563 0.644444 0.257812 0.645833 0.264844 0.647222 0.267188 0.647222 0.268750 0.644444 0.271094 0.643056 0.278906 0.643056 0.280469 0.641667 0.281250 0.636111 0.282813 0.631944 0.282813 0.612500 0.281250 0.608333 0.281250 0.602778 0.279687 0.597222 0.276562 0.594444 0.272656 0.587500 0.269531 0.580556 0.267188 0.572222 0.265625 0.570833 0.262500 0.569444 0.259375 0.565278 0.257031 0.563889 0.252344 0.563889
3 0.446094 0.555556 0.442969 0.556944 0.441406 0.558333 0.439063 0.562500 0.438281 0.562500 0.436719 0.565278 0.435937 0.568056 0.435937 0.576389 0.434375 0.583333 0.433594 0.590278 0.433594 0.595833 0.434375 0.608333 0.435156 0.611111 0.436719 0.609722 0.439063 0.608333 0.441406 0.602778 0.441406 0.601389 0.442969 0.598611 0.444531 0.597222 0.453125 0.597222 0.459375 0.594444 0.459375 0.593056 0.460938 0.590278 0.462500 0.588889 0.464844 0.587500 0.471875 0.587500 0.473438 0.584722 0.474219 0.580556 0.474219 0.570833 0.473438 0.565278 0.470313 0.559722 0.467187 0.558333 0.462500 0.556944 0.452344 0.555556 0.446094 0.555556
19 0.757812 0.783333 0.759375 0.783333 0.760156 0.784722 0.763281 0.786111 0.760938 0.784722 0.760156 0.783333 0.757812 0.783333
19 0.675781 0.737500 0.677344 0.737500 0.678906 0.740278 0.681250 0.741667 0.685156 0.741667 0.689063 0.744444 0.687500 0.745833 0.692969 0.745833 0.698438 0.750000 0.701562 0.750000 0.698438 0.747222 0.696094 0.745833 0.692969 0.744444 0.689844 0.744444 0.686719 0.743056 0.682031 0.738889 0.678906 0.737500 0.675781 0.737500
19 0.196875 0.658333 0.198437 0.659722 0.200000 0.661111 0.200781 0.658333 0.196875 0.658333
19 0.012500 0.644444 0.017969 0.644444 0.018750 0.645833 0.030469 0.645833 0.023438 0.645833 0.022656 0.644444 0.012500 0.644444
19 0.085938 0.643056 0.084375 0.644444 0.083594 0.650000 0.081250 0.650000 0.082812 0.655556 0.086719 0.654167 0.087500 0.655556 0.091406 0.659722 0.088281 0.661111 0.079687 0.662500 0.078125 0.661111 0.075781 0.656944 0.074219 0.656944 0.067969 0.658333 0.064844 0.652778 0.064844 0.648611 0.064062 0.647222 0.064062 0.644444 0.060937 0.644444 0.060937 0.650000 0.062500 0.651389 0.062500 0.654167 0.060937 0.658333 0.060937 0.662500 0.062500 0.665278 0.064062 0.666667 0.067187 0.663889 0.068750 0.663889 0.071094 0.666667 0.075781 0.666667 0.079687 0.665278 0.082812 0.662500 0.085938 0.662500 0.090625 0.665278 0.092188 0.665278 0.093750 0.663889 0.093750 0.658333 0.097656 0.656944 0.096094 0.654167 0.096094 0.650000 0.094531 0.647222 0.094531 0.645833 0.091406 0.651389 0.088281 0.652778 0.085938 0.652778 0.084375 0.650000 0.086719 0.647222 0.088281 0.648611 0.089844 0.645833 0.085938 0.643056
19 0.068750 0.643056 0.067187 0.644444 0.068750 0.650000 0.071094 0.648611 0.072656 0.647222 0.074219 0.644444 0.075781 0.643056 0.072656 0.644444 0.071875 0.645833 0.070312 0.645833 0.068750 0.643056
19 0.021875 0.634722 0.023438 0.636111 0.025000 0.637500 0.026562 0.634722 0.021875 0.634722
19 0.117188 0.634722 0.118750 0.636111 0.121875 0.634722 0.120313 0.634722 0.117188 0.634722
19 0.100000 0.633333 0.098437 0.634722 0.099219 0.636111 0.100000 0.633333
19 0.000000 0.634722 0.004687 0.634722 0.005469 0.633333 0.007812 0.633333 0.000000 0.634722
19 0.129688 0.620833 0.132031 0.622222 0.132031 0.623611 0.133594 0.625000 0.135156 0.627778 0.135156 0.629167 0.141406 0.631944 0.138281 0.630556 0.136719 0.627778 0.134375 0.623611 0.132812 0.622222 0.131250 0.620833 0.129688 0.620833
19 0.117188 0.620833 0.114844 0.623611 0.112500 0.625000 0.109375 0.625000 0.107813 0.626389 0.107031 0.629167 0.108594 0.629167 0.109375 0.630556 0.112500 0.630556 0.114844 0.626389 0.118750 0.626389 0.117969 0.623611 0.118750 0.620833 0.117188 0.620833
19 0.303906 0.608333 0.302344 0.609722 0.303906 0.613889 0.300000 0.613889 0.299219 0.611111 0.297656 0.609722 0.296875 0.612500 0.293750 0.613889 0.289844 0.613889 0.285938 0.615278 0.285156 0.616667 0.283594 0.616667 0.282813 0.634722 0.284375 0.633333 0.284375 0.625000 0.287500 0.623611 0.299219 0.623611 0.300000 0.622222 0.301563 0.622222 0.303125 0.618056 0.309375 0.618056 0.310156 0.619444 0.316406 0.619444 0.315625 0.611111 0.314063 0.612500 0.313281 0.612500 0.312500 0.613889 0.312500 0.615278 0.309375 0.616667 0.310156 0.613889 0.308594 0.612500 0.306250 0.609722 0.303906 0.608333
19 0.394531 0.593056 0.396094 0.593056 0.396875 0.600000 0.396875 0.598611 0.395313 0.595833 0.394531 0.598611 0.396875 0.598611 0.396875 0.600000 0.404687 0.601389 0.405469 0.602778 0.412500 0.601389 0.414844 0.605556 0.422656 0.606944 0.426563 0.606944 0.428906 0.602778 0.429688 0.597222 0.432031 0.601389 0.433594 0.601389 0.433594 0.608333 0.434375 0.611111 0.436719 0.611111 0.439063 0.609722 0.438281 0.612500 0.438281 0.629167 0.440625 0.633333 0.442188 0.634722 0.444531 0.636111 0.455469 0.636111 0.462500 0.638889 0.466406 0.638889 0.468750 0.633333 0.470313 0.633333 0.471094 0.634722 0.476562 0.636111 0.478125 0.637500 0.478906 0.641667 0.489063 0.641667 0.485938 0.640278 0.485156 0.636111 0.482812 0.634722 0.482812 0.631944 0.483594 0.623611 0.485938 0.629167 0.487500 0.630556 0.489063 0.631944 0.495312 0.631944 0.496094 0.636111 0.497656 0.631944 0.500781 0.631944 0.502344 0.634722 0.504687 0.634722 0.505469 0.637500 0.507031 0.636111 0.508594 0.638889 0.510938 0.637500 0.512500 0.633333 0.515625 0.640278 0.517188 0.637500 0.518750 0.633333 0.520312 0.634722 0.524219 0.637500 0.526563 0.640278 0.528906 0.636111 0.529687 0.638889 0.531250 0.641667 0.533594 0.638889 0.535937 0.641667 0.531250 0.641667 0.530469 0.640278 0.521875 0.640278 0.508594 0.641667 0.504687 0.644444 0.493750 0.644444 0.496875 0.647222 0.500781 0.648611 0.515625 0.648611 0.522656 0.645833 0.522656 0.643056 0.524219 0.645833 0.521875 0.647222 0.524219 0.648611 0.525781 0.651389 0.529687 0.651389 0.535156 0.659722 0.537500 0.661111 0.538281 0.662500 0.538281 0.663889 0.541406 0.666667 0.543750 0.666667 0.546094 0.668056 0.547656 0.669444 0.548438 0.673611 0.550000 0.676389 0.551562 0.676389 0.549219 0.676389 0.547656 0.673611 0.545312 0.675000 0.548438 0.680556 0.551562 0.680556 0.557031 0.684722 0.560937 0.684722 0.564063 0.681944 0.568750 0.681944 0.576562 0.684722 0.579688 0.691667 0.583594 0.693056 0.587500 0.694444 0.586719 0.695833 0.589063 0.697222 0.589844 0.698611 0.592187 0.697222 0.590625 0.695833 0.589844 0.694444 0.586719 0.695833 0.587500 0.694444 0.596875 0.695833 0.600000 0.697222 0.608594 0.702778 0.611719 0.702778 0.614062 0.705556 0.614844 0.706944 0.619531 0.709722 0.617969 0.708333 0.615625 0.708333 0.614844 0.706944 0.613281 0.706944 0.612500 0.704167 0.610156 0.705556 0.607031 0.704167 0.598437 0.698611 0.595313 0.697222 0.591406 0.698611 0.592969 0.700000 0.593750 0.701389 0.597656 0.704167 0.607031 0.709722 0.614062 0.709722 0.616406 0.711111 0.621875 0.716667 0.625000 0.716667 0.627344 0.713889 0.627344 0.716667 0.628906 0.715278 0.630469 0.715278 0.628125 0.716667 0.629687 0.718056 0.630469 0.719444 0.632812 0.720833 0.635938 0.720833 0.637500 0.719444 0.635938 0.720833 0.638281 0.722222 0.640625 0.722222 0.640625 0.725000 0.642188 0.726389 0.645312 0.727778 0.648438 0.727778 0.650781 0.729167 0.653125 0.731944 0.656250 0.733333 0.661719 0.734722 0.669531 0.740278 0.673438 0.738889 0.671875 0.737500 0.673438 0.738889 0.673438 0.740278 0.674219 0.741667 0.675781 0.743056 0.677344 0.744444 0.684375 0.748611 0.687500 0.750000 0.690625 0.750000 0.693750 0.751389 0.696094 0.752778 0.698438 0.755556 0.700781 0.756944 0.704688 0.756944 0.710156 0.761111 0.712500 0.762500 0.714844 0.761111 0.714063 0.759722 0.714844 0.758333 0.710938 0.756944 0.708594 0.754167 0.710938 0.754167 0.713281 0.755556 0.714844 0.758333 0.717187 0.759722 0.718750 0.758333 0.718750 0.761111 0.717969 0.761111 0.714063 0.762500 0.717187 0.763889 0.719531 0.763889 0.717969 0.761111 0.718750 0.761111 0.727344 0.762500 0.729688 0.763889 0.732812 0.766667 0.729688 0.769444 0.733594 0.772222 0.736719 0.772222 0.741406 0.775000 0.743750 0.772222 0.746875 0.772222 0.743750 0.775000 0.745313 0.777778 0.747656 0.777778 0.749219 0.779167 0.750781 0.780556 0.751563 0.783333 0.753906 0.784722 0.758594 0.786111 0.760938 0.788889 0.763281 0.790278 0.767969 0.790278 0.771094 0.791667 0.773438 0.793056 0.775781 0.794444 0.778906 0.798611 0.782813 0.797222 0.786719 0.801389 0.791406 0.801389 0.794531 0.804167 0.798438 0.805556 0.802344 0.804167 0.799219 0.802778 0.793750 0.798611 0.790625 0.797222 0.787500 0.797222 0.785156 0.795833 0.782031 0.794444 0.781250 0.791667 0.779687 0.793056 0.776563 0.791667 0.771875 0.787500 0.767969 0.787500 0.770312 0.786111 0.768750 0.784722 0.770312 0.784722 0.771094 0.786111 0.772656 0.786111 0.775000 0.788889 0.780469 0.788889 0.784375 0.793056 0.787500 0.794444 0.790625 0.794444 0.796094 0.797222 0.798438 0.800000 0.800781 0.800000 0.803125 0.802778 0.805469 0.804167 0.808594 0.804167 0.814063 0.808333 0.817187 0.808333 0.819531 0.809722 0.820312 0.812500 0.819531 0.812500 0.816406 0.811111 0.813281 0.812500 0.814063 0.811111 0.810937 0.808333 0.807813 0.809722 0.810937 0.812500 0.814063 0.811111 0.813281 0.812500 0.822656 0.819444 0.825000 0.820833 0.830469 0.822222 0.832812 0.825000 0.837500 0.823611 0.835938 0.822222 0.835156 0.820833 0.832812 0.819444 0.827344 0.818056 0.825000 0.815278 0.819531 0.812500 0.820312 0.812500 0.822656 0.813889 0.823438 0.812500 0.825781 0.812500 0.832031 0.816667 0.833594 0.818056 0.836719 0.822222 0.837500 0.820833 0.839063 0.823611 0.837500 0.825000 0.841406 0.829167 0.846094 0.827778 0.846094 0.830556 0.848437 0.829167 0.848437 0.831944 0.850781 0.830556 0.850781 0.833333 0.852344 0.834722 0.854688 0.836111 0.861719 0.838889 0.869531 0.844444 0.875000 0.847222 0.881250 0.848611 0.883594 0.850000 0.888281 0.854167 0.892188 0.854167 0.896094 0.858333 0.900000 0.858333 0.900781 0.859722 0.903906 0.858333 0.901563 0.856944 0.903125 0.856944 0.903906 0.858333 0.905469 0.858333 0.906250 0.859722 0.906250 0.861111 0.908594 0.862500 0.909375 0.861111 0.910937 0.861111 0.912500 0.862500 0.912500 0.865278 0.914062 0.865278 0.915625 0.863889 0.915625 0.866667 0.917969 0.865278 0.916406 0.866667 0.917969 0.868056 0.918750 0.869444 0.921094 0.870833 0.923438 0.870833 0.925781 0.873611 0.931250 0.876389 0.934375 0.875000 0.932031 0.873611 0.933594 0.873611 0.934375 0.875000 0.935937 0.875000 0.933594 0.876389 0.936719 0.879167 0.939063 0.879167 0.940625 0.877778 0.939063 0.879167 0.940625 0.880556 0.941406 0.881944 0.944531 0.880556 0.946094 0.881944 0.950781 0.883333 0.952344 0.884722 0.953125 0.887500 0.957031 0.888889 0.960938 0.888889 0.962500 0.891667 0.966406 0.891667 0.970313 0.894444 0.971875 0.895833 0.972656 0.898611 0.975000 0.897222 0.973437 0.898611 0.977344 0.898611 0.982031 0.902778 0.983594 0.901389 0.985156 0.904167 0.986719 0.902778 0.989062 0.904167 0.992969 0.905556 0.993750 0.908333 0.995313 0.906944 0.996875 0.909722 0.999219 0.911111 0.999219 0.998611 0.000000 0.998611 0.000000 0.645833 0.005469 0.645833 0.012500 0.648611 0.020313 0.648611 0.025000 0.650000 0.030469 0.651389 0.032813 0.654167 0.035937 0.652778 0.037500 0.651389 0.038281 0.650000 0.038281 0.648611 0.042188 0.645833 0.040625 0.643056 0.037500 0.643056 0.035937 0.641667 0.035156 0.637500 0.036719 0.638889 0.038281 0.638889 0.039844 0.641667 0.041406 0.643056 0.043750 0.644444 0.046875 0.645833 0.055469 0.644444 0.056250 0.647222 0.058594 0.645833 0.056250 0.648611 0.051562 0.645833 0.046094 0.644444 0.044531 0.644444 0.043750 0.645833 0.042188 0.647222 0.043750 0.648611 0.042188 0.652778 0.039844 0.652778 0.040625 0.658333 0.042969 0.661111 0.046094 0.659722 0.057813 0.661111 0.055469 0.663889 0.059375 0.666667 0.060937 0.668056 0.066406 0.677778 0.067969 0.677778 0.069531 0.683333 0.071094 0.684722 0.072656 0.684722 0.073438 0.687500 0.072656 0.688889 0.071094 0.690278 0.073438 0.691667 0.074219 0.690278 0.076563 0.688889 0.073438 0.687500 0.072656 0.684722 0.078906 0.684722 0.080469 0.687500 0.083594 0.688889 0.086719 0.686111 0.095312 0.686111 0.104688 0.684722 0.106250 0.681944 0.107031 0.681944 0.107813 0.680556 0.107813 0.679167 0.109375 0.675000 0.112500 0.669444 0.113281 0.666667 0.113281 0.661111 0.111719 0.656944 0.111719 0.652778 0.112500 0.650000 0.114844 0.645833 0.117188 0.644444 0.124219 0.644444 0.126562 0.648611 0.128125 0.648611 0.128125 0.656944 0.129688 0.661111 0.132812 0.662500 0.140625 0.663889 0.142187 0.661111 0.146094 0.662500 0.148438 0.658333 0.150000 0.656944 0.153906 0.656944 0.155469 0.655556 0.156250 0.654167 0.157031 0.651389 0.157031 0.645833 0.157812 0.644444 0.157812 0.641667 0.157812 0.647222 0.158594 0.648611 0.157812 0.655556 0.160156 0.659722 0.162500 0.659722 0.164062 0.658333 0.163281 0.651389 0.163281 0.648611 0.160938 0.641667 0.160156 0.638889 0.162500 0.636111 0.162500 0.643056 0.163281 0.647222 0.164062 0.651389 0.164844 0.654167 0.165625 0.656944 0.167969 0.662500 0.175000 0.663889 0.179688 0.659722 0.182812 0.659722 0.183594 0.658333 0.186719 0.658333 0.185156 0.659722 0.183594 0.661111 0.190625 0.668056 0.206250 0.668056 0.209375 0.666667 0.210938 0.665278 0.212500 0.662500 0.214062 0.661111 0.215625 0.659722 0.218750 0.659722 0.227344 0.662500 0.232031 0.661111 0.234375 0.658333 0.236719 0.654167 0.239063 0.647222 0.244531 0.645833 0.248438 0.643056 0.249219 0.640278 0.249219 0.636111 0.249219 0.641667 0.251563 0.645833 0.253125 0.645833 0.253906 0.650000 0.261719 0.652778 0.271875 0.651389 0.274219 0.648611 0.278906 0.650000 0.281250 0.648611 0.285156 0.644444 0.284375 0.641667 0.287500 0.640278 0.288281 0.638889 0.289062 0.634722 0.290625 0.633333 0.293750 0.634722 0.296094 0.633333 0.296875 0.631944 0.298438 0.630556 0.296094 0.627778 0.298438 0.626389 0.304688 0.626389 0.312500 0.625000 0.314063 0.622222 0.316406 0.622222 0.316406 0.631944 0.317188 0.633333 0.317969 0.636111 0.321875 0.631944 0.324219 0.634722 0.328125 0.634722 0.329688 0.631944 0.330469 0.627778 0.330469 0.623611 0.329688 0.615278 0.333594 0.612500 0.330469 0.611111 0.330469 0.608333 0.331250 0.605556 0.332813 0.605556 0.333594 0.604167 0.335938 0.604167 0.336719 0.600000 0.339844 0.598611 0.343750 0.602778 0.345313 0.608333 0.346875 0.605556 0.353125 0.605556 0.356250 0.600000 0.356250 0.597222 0.359375 0.600000 0.363281 0.601389 0.372656 0.601389 0.374219 0.597222 0.375781 0.600000 0.389844 0.600000 0.392188 0.597222 0.392188 0.594444 0.394531 0.593056
