20 0.660156 0.981944 0.656250 0.983333 0.653906 0.988889 0.649219 0.994444 0.649219 0.998611 0.730469 0.998611 0.731250 0.994444 0.732031 0.998611 0.800781 0.998611 0.799219 0.995833 0.796875 0.995833 0.794531 0.994444 0.793750 0.991667 0.783594 0.990278 0.781250 0.990278 0.780469 0.991667 0.778125 0.991667 0.777344 0.990278 0.775000 0.990278 0.773438 0.993056 0.771094 0.993056 0.761719 0.991667 0.757812 0.988889 0.756250 0.988889 0.754687 0.990278 0.749219 0.987500 0.737500 0.986111 0.718750 0.987500 0.693750 0.986111 0.675000 0.984722 0.661719 0.981944 0.660156 0.981944
20 0.285938 0.784722 0.284375 0.787500 0.283594 0.787500 0.281250 0.790278 0.284375 0.795833 0.283594 0.793056 0.285156 0.788889 0.285938 0.784722
20 0.278906 0.691667 0.278906 0.697222 0.278125 0.698611 0.278125 0.705556 0.278906 0.706944 0.278906 0.713889 0.278906 0.691667
20 0.440625 0.631944 0.440625 0.634722 0.439844 0.641667 0.438281 0.648611 0.438281 0.666667 0.437500 0.676389 0.436719 0.687500 0.435937 0.693056 0.435156 0.695833 0.434375 0.697222 0.432812 0.698611 0.431250 0.700000 0.429688 0.700000 0.428125 0.701389 0.426563 0.702778 0.425781 0.711111 0.428125 0.715278 0.429688 0.716667 0.431250 0.718056 0.433594 0.719444 0.435937 0.719444 0.438281 0.716667 0.442969 0.715278 0.446875 0.712500 0.448437 0.709722 0.449219 0.706944 0.450781 0.697222 0.450781 0.688889 0.451562 0.683333 0.453906 0.673611 0.454688 0.668056 0.455469 0.661111 0.455469 0.645833 0.456250 0.638889 0.457031 0.637500 0.457031 0.633333 0.464062 0.633333 0.464844 0.650000 0.463281 0.654167 0.462500 0.659722 0.461719 0.665278 0.461719 0.669444 0.465625 0.677778 0.467187 0.681944 0.467969 0.684722 0.468750 0.687500 0.469531 0.697222 0.468750 0.705556 0.467969 0.706944 0.467969 0.712500 0.470313 0.716667 0.471875 0.718056 0.474219 0.719444 0.478125 0.719444 0.480469 0.718056 0.482812 0.713889 0.482812 0.695833 0.483594 0.686111 0.484375 0.681944 0.486719 0.677778 0.487500 0.677778 0.489063 0.675000 0.489844 0.672222 0.492188 0.675000 0.492969 0.677778 0.496094 0.677778 0.500781 0.673611 0.503125 0.672222 0.506250 0.672222 0.509375 0.670833 0.513281 0.665278 0.514844 0.658333 0.514844 0.654167 0.514062 0.648611 0.510938 0.641667 0.509375 0.638889 0.508594 0.638889 0.506250 0.633333 0.523438 0.633333 0.544531 0.636111 0.596875 0.644444 0.628125 0.647222 0.649219 0.651389 0.659375 0.651389 0.660156 0.652778 0.669531 0.652778 0.668750 0.695833 0.669531 0.706944 0.668750 0.738889 0.667188 0.745833 0.667188 0.754167 0.659375 0.769444 0.653125 0.769444 0.651563 0.773611 0.650781 0.775000 0.649219 0.776389 0.636719 0.751389 0.638281 0.745833 0.641406 0.747222 0.644531 0.752778 0.648438 0.751389 0.650000 0.751389 0.652344 0.755556 0.653906 0.754167 0.651563 0.748611 0.646875 0.747222 0.646094 0.745833 0.641406 0.744444 0.638281 0.745833 0.636719 0.751389 0.635156 0.750000 0.632812 0.750000 0.632812 0.743056 0.633594 0.743056 0.635938 0.744444 0.634375 0.740278 0.632812 0.736111 0.629687 0.738889 0.633594 0.743056 0.632812 0.743056 0.631250 0.740278 0.630469 0.740278 0.628125 0.738889 0.626563 0.741667 0.614844 0.738889 0.616406 0.736111 0.620313 0.736111 0.621875 0.734722 0.621094 0.731944 0.617188 0.729167 0.614844 0.729167 0.614062 0.731944 0.616406 0.736111 0.614844 0.738889 0.613281 0.736111 0.610938 0.736111 0.610156 0.740278 0.612500 0.741667 0.613281 0.740278 0.614844 0.738889 0.626563 0.741667 0.628906 0.741667 0.630469 0.740278 0.631250 0.740278 0.628906 0.743056 0.632812 0.743056 0.632812 0.750000 0.634375 0.752778 0.636719 0.751389 0.649219 0.776389 0.647656 0.781944 0.647656 0.788889 0.649219 0.797222 0.650000 0.798611 0.656250 0.798611 0.658594 0.800000 0.660156 0.801389 0.667969 0.815278 0.667969 0.818056 0.666406 0.822222 0.665625 0.827778 0.667969 0.833333 0.667969 0.847222 0.666406 0.850000 0.666406 0.852778 0.667969 0.856944 0.666406 0.859722 0.667188 0.868056 0.667188 0.870833 0.666406 0.877778 0.664062 0.884722 0.663281 0.888889 0.666406 0.893056 0.667969 0.897222 0.667969 0.925000 0.667188 0.950000 0.664844 0.954167 0.664844 0.958333 0.667188 0.962500 0.667188 0.977778 0.655469 0.977778 0.654687 0.976389 0.643750 0.977778 0.645312 0.979167 0.567969 0.979167 0.567187 0.977778 0.412500 0.976389 0.287500 0.976389 0.158594 0.983333 0.132812 0.984722 0.088281 0.987500 0.043750 0.991667 0.021875 0.991667 0.021094 0.993056 0.000000 0.993056 0.000000 0.680556 0.007031 0.680556 0.014844 0.677778 0.037500 0.673611 0.060156 0.670833 0.090625 0.663889 0.113281 0.659722 0.121094 0.658333 0.139063 0.655556 0.147656 0.655556 0.148438 0.654167 0.157031 0.654167 0.157812 0.652778 0.159375 0.652778 0.157031 0.655556 0.160156 0.658333 0.160156 0.659722 0.160156 0.663889 0.160156 0.666667 0.158594 0.669444 0.157812 0.679167 0.157812 0.687500 0.157812 0.690278 0.156250 0.694444 0.156250 0.697222 0.157031 0.706944 0.155469 0.709722 0.156250 0.712500 0.156250 0.715278 0.158594 0.716667 0.160156 0.720833 0.162500 0.716667 0.162500 0.713889 0.164062 0.711111 0.164062 0.704167 0.162500 0.701389 0.162500 0.698611 0.161719 0.694444 0.163281 0.691667 0.163281 0.686111 0.161719 0.684722 0.163281 0.683333 0.164062 0.686111 0.165625 0.686111 0.165625 0.680556 0.164844 0.673611 0.167187 0.669444 0.165625 0.668056 0.164844 0.666667 0.163281 0.666667 0.162500 0.663889 0.162500 0.661111 0.164844 0.655556 0.164062 0.652778 0.165625 0.652778 0.166406 0.651389 0.175000 0.651389 0.175781 0.650000 0.184375 0.650000 0.211719 0.645833 0.221094 0.643056 0.248438 0.638889 0.257812 0.637500 0.278906 0.637500 0.278125 0.650000 0.277344 0.652778 0.276562 0.654167 0.276562 0.656944 0.276562 0.666667 0.278125 0.669444 0.278125 0.650000 0.278906 0.637500 0.278906 0.686111 0.277344 0.687500 0.277344 0.693056 0.275000 0.697222 0.275000 0.700000 0.276562 0.704167 0.275000 0.709722 0.275000 0.718056 0.272656 0.723611 0.271875 0.727778 0.273438 0.730556 0.276562 0.730556 0.278125 0.730556 0.278125 0.733333 0.272656 0.734722 0.273438 0.736111 0.271094 0.740278 0.271875 0.743056 0.273438 0.745833 0.271094 0.750000 0.269531 0.755556 0.267969 0.756944 0.265625 0.756944 0.263281 0.762500 0.265625 0.768056 0.267188 0.762500 0.270313 0.759722 0.272656 0.758333 0.275000 0.758333 0.277344 0.756944 0.278125 0.745833 0.278125 0.750000 0.279687 0.752778 0.279687 0.756944 0.278906 0.758333 0.278906 0.762500 0.277344 0.761111 0.276562 0.758333 0.275781 0.761111 0.274219 0.763889 0.272656 0.763889 0.272656 0.770833 0.275781 0.769444 0.278125 0.765278 0.281250 0.765278 0.277344 0.772222 0.275781 0.772222 0.271094 0.773611 0.264844 0.772222 0.264062 0.776389 0.263281 0.779167 0.261719 0.777778 0.259375 0.773611 0.257031 0.777778 0.254688 0.784722 0.254688 0.787500 0.253125 0.791667 0.250781 0.795833 0.250781 0.798611 0.252344 0.800000 0.252344 0.802778 0.253906 0.805556 0.254688 0.802778 0.255469 0.801389 0.255469 0.794444 0.257031 0.794444 0.258594 0.791667 0.257812 0.788889 0.259375 0.786111 0.260156 0.786111 0.261719 0.784722 0.260937 0.794444 0.261719 0.798611 0.263281 0.804167 0.264844 0.805556 0.267188 0.805556 0.269531 0.802778 0.271094 0.801389 0.272656 0.804167 0.275000 0.805556 0.276562 0.805556 0.274219 0.806944 0.273438 0.805556 0.270313 0.804167 0.267969 0.808333 0.271094 0.811111 0.275781 0.809722 0.277344 0.813889 0.279687 0.815278 0.281250 0.815278 0.285156 0.808333 0.288281 0.801389 0.288281 0.797222 0.290625 0.797222 0.291406 0.800000 0.292969 0.797222 0.300000 0.798611 0.300781 0.794444 0.301563 0.791667 0.302344 0.788889 0.304688 0.790278 0.306250 0.793056 0.309375 0.795833 0.310156 0.791667 0.309375 0.787500 0.310156 0.787500 0.311719 0.790278 0.317969 0.790278 0.318750 0.780556 0.316406 0.779167 0.314063 0.783333 0.311719 0.784722 0.310156 0.787500 0.309375 0.787500 0.310156 0.768056 0.310156 0.765278 0.308594 0.745833 0.308594 0.695833 0.309375 0.695833 0.310156 0.697222 0.310937 0.694444 0.311719 0.693056 0.311719 0.690278 0.310156 0.697222 0.309375 0.695833 0.308594 0.702778 0.309375 0.704167 0.308594 0.712500 0.308594 0.718056 0.310156 0.720833 0.311719 0.708333 0.311719 0.701389 0.310937 0.698611 0.309375 0.695833 0.308594 0.695833 0.310156 0.681944 0.310937 0.681944 0.312500 0.679167 0.310156 0.677778 0.311719 0.673611 0.312500 0.663889 0.310156 0.661111 0.311719 0.659722 0.310156 0.655556 0.309375 0.652778 0.310156 0.648611 0.310937 0.648611 0.311719 0.644444 0.311719 0.636111 0.309375 0.634722 0.308594 0.641667 0.308594 0.634722 0.330469 0.634722 0.331250 0.633333 0.356250 0.631944 0.380469 0.630556 0.440625 0.631944
20 0.497656 0.541667 0.493750 0.544444 0.496875 0.544444 0.497656 0.543056 0.501563 0.543056 0.497656 0.541667
20 0.321094 0.540278 0.319531 0.543056 0.318750 0.545833 0.342969 0.545833 0.331250 0.545833 0.327344 0.543056 0.330469 0.541667 0.327344 0.541667 0.326562 0.540278 0.321094 0.540278
20 0.382812 0.541667 0.384375 0.543056 0.389844 0.543056 0.391406 0.540278 0.388281 0.538889 0.382812 0.541667
20 0.522656 0.537500 0.521094 0.538889 0.519531 0.540278 0.521875 0.540278 0.525781 0.538889 0.522656 0.537500
20 0.514062 0.518056 0.512500 0.522222 0.511719 0.525000 0.510938 0.529167 0.509375 0.530556 0.507031 0.531944 0.500781 0.534722 0.502344 0.537500 0.503906 0.537500 0.503906 0.540278 0.507031 0.538889 0.510156 0.538889 0.512500 0.534722 0.513281 0.529167 0.514844 0.533333 0.516406 0.533333 0.517969 0.530556 0.517969 0.529167 0.521094 0.525000 0.518750 0.525000 0.517188 0.522222 0.517969 0.519444 0.515625 0.519444 0.517188 0.520833 0.515625 0.530556 0.514062 0.527778 0.514062 0.518056
21 0.909375 0.987500 0.909375 0.991667 0.908594 0.993056 0.908594 0.998611 0.910937 0.998611 0.910937 0.994444 0.910156 0.993056 0.909375 0.987500
21 0.644531 0.977778 0.646094 0.979167 0.653125 0.980556 0.662500 0.981944 0.675000 0.983333 0.689844 0.983333 0.675781 0.983333 0.672656 0.981944 0.669531 0.979167 0.655469 0.979167 0.654687 0.977778 0.644531 0.977778
21 0.646875 0.748611 0.646094 0.750000 0.643750 0.750000 0.645312 0.752778 0.648438 0.750000 0.650000 0.750000 0.652344 0.754167 0.653906 0.751389 0.652344 0.751389 0.651563 0.750000 0.649219 0.750000 0.648438 0.748611 0.646875 0.748611
21 0.267188 0.544444 0.267969 0.548611 0.274219 0.547222 0.275000 0.544444 0.267188 0.544444
21 0.327344 0.540278 0.331250 0.541667 0.328125 0.543056 0.330469 0.543056 0.331250 0.544444 0.340625 0.544444 0.341406 0.541667 0.333594 0.541667 0.332813 0.540278 0.327344 0.540278
21 0.239844 0.537500 0.236719 0.541667 0.232813 0.543056 0.233594 0.544444 0.231250 0.547222 0.232813 0.548611 0.257031 0.550000 0.259375 0.550000 0.260156 0.548611 0.263281 0.548611 0.260937 0.547222 0.260156 0.543056 0.253906 0.543056 0.249219 0.540278 0.243750 0.540278 0.241406 0.537500 0.239844 0.537500
21 0.668750 0.525000 0.667969 0.527778 0.669531 0.529167 0.670312 0.533333 0.668750 0.525000
21 0.221875 0.511111 0.221875 0.519444 0.220312 0.525000 0.218750 0.527778 0.216406 0.527778 0.215625 0.530556 0.219531 0.530556 0.220312 0.534722 0.221875 0.536111 0.222656 0.538889 0.222656 0.534722 0.221094 0.525000 0.221094 0.522222 0.221875 0.511111
21 0.434375 0.500000 0.434375 0.502778 0.433594 0.504167 0.433594 0.518056 0.433594 0.505556 0.434375 0.504167 0.434375 0.500000
21 0.514062 0.470833 0.514062 0.473611 0.514844 0.476389 0.514844 0.473611 0.515625 0.470833 0.514062 0.470833
21 0.514844 0.468056 0.513281 0.466667 0.514062 0.463889 0.514844 0.468056
21 0.557031 0.405556 0.557813 0.409722 0.559375 0.405556 0.557031 0.405556
21 0.056250 0.362500 0.056250 0.365278 0.055469 0.366667 0.054688 0.372222 0.046094 0.372222 0.045312 0.373611 0.042969 0.373611 0.052344 0.373611 0.053125 0.372222 0.057813 0.372222 0.057031 0.366667 0.056250 0.365278 0.056250 0.362500
21 0.555469 0.323611 0.554688 0.327778 0.553125 0.333333 0.555469 0.337500 0.555469 0.334722 0.554688 0.327778 0.555469 0.326389 0.555469 0.323611
21 0.282813 0.287500 0.282813 0.302778 0.282031 0.304167 0.281250 0.326389 0.282031 0.333333 0.282031 0.330556 0.282813 0.329167 0.282813 0.287500
21 0.278125 0.188889 0.278906 0.190278 0.282031 0.190278 0.282031 0.193056 0.280469 0.193056 0.278906 0.195833 0.280469 0.201389 0.280469 0.209722 0.282031 0.211111 0.282031 0.222222 0.280469 0.220833 0.279687 0.225000 0.281250 0.227778 0.282813 0.226389 0.282813 0.233333 0.282813 0.230556 0.281250 0.227778 0.279687 0.231944 0.280469 0.244444 0.282813 0.238889 0.282813 0.254167 0.282813 0.248611 0.280469 0.256944 0.278906 0.258333 0.278125 0.262500 0.278125 0.265278 0.279687 0.286111 0.278906 0.306944 0.278906 0.312500 0.279687 0.331944 0.278125 0.344444 0.280469 0.345833 0.281250 0.337500 0.281250 0.405556 0.282031 0.406944 0.282031 0.441667 0.281250 0.348611 0.278906 0.347222 0.277344 0.350000 0.278906 0.352778 0.278906 0.355556 0.277344 0.366667 0.277344 0.370833 0.278906 0.384722 0.278906 0.388889 0.279687 0.393056 0.276562 0.394444 0.275000 0.395833 0.275781 0.415278 0.277344 0.412500 0.277344 0.411111 0.278906 0.408333 0.278906 0.448611 0.280469 0.456944 0.281250 0.448611 0.280469 0.459722 0.278906 0.461111 0.278125 0.469444 0.277344 0.473611 0.277344 0.477778 0.277344 0.480556 0.278125 0.487500 0.278125 0.498611 0.276562 0.500000 0.276562 0.504167 0.277344 0.505556 0.277344 0.508333 0.275781 0.511111 0.275000 0.516667 0.275000 0.520833 0.273438 0.522222 0.272656 0.529167 0.272656 0.533333 0.267969 0.533333 0.267188 0.538889 0.268750 0.540278 0.266406 0.537500 0.265625 0.530556 0.265625 0.525000 0.264062 0.522222 0.263281 0.531944 0.261719 0.536111 0.263281 0.537500 0.262500 0.540278 0.260156 0.538889 0.260937 0.534722 0.257031 0.531944 0.252344 0.531944 0.248438 0.527778 0.249219 0.511111 0.249219 0.506944 0.246875 0.520833 0.246094 0.522222 0.246094 0.527778 0.242969 0.526389 0.242188 0.522222 0.239844 0.527778 0.239844 0.534722 0.238281 0.534722 0.238281 0.530556 0.236719 0.526389 0.236719 0.502778 0.235156 0.493056 0.234375 0.488889 0.233594 0.486111 0.232813 0.483333 0.230469 0.479167 0.229687 0.473611 0.228125 0.470833 0.223438 0.470833 0.221875 0.473611 0.221094 0.476389 0.220312 0.480556 0.220312 0.484722 0.217969 0.493056 0.217188 0.495833 0.217969 0.498611 0.220312 0.504167 0.216406 0.504167 0.212500 0.509722 0.210156 0.504167 0.208594 0.502778 0.207031 0.501389 0.203125 0.498611 0.196875 0.494444 0.178125 0.494444 0.173437 0.495833 0.171094 0.498611 0.169531 0.501389 0.169531 0.508333 0.166406 0.504167 0.160938 0.500000 0.148438 0.500000 0.144531 0.498611 0.141406 0.497222 0.139063 0.494444 0.136719 0.493056 0.133594 0.491667 0.125781 0.490278 0.125000 0.487500 0.121875 0.486111 0.117188 0.484722 0.110156 0.483333 0.092969 0.481944 0.089844 0.481944 0.078125 0.483333 0.075000 0.484722 0.072656 0.487500 0.069531 0.494444 0.066406 0.491667 0.063281 0.487500 0.060156 0.484722 0.057031 0.483333 0.053906 0.481944 0.050000 0.480556 0.036719 0.479167 0.028906 0.479167 0.004687 0.480556 0.001563 0.483333 0.000000 0.483333 0.000000 0.334722 0.001563 0.334722 0.003125 0.336111 0.004687 0.337500 0.005469 0.358333 0.004687 0.361111 0.004687 0.373611 0.006250 0.380556 0.007812 0.377778 0.008594 0.380556 0.010156 0.380556 0.010937 0.379167 0.013281 0.377778 0.013281 0.356944 0.014063 0.372222 0.015625 0.373611 0.021094 0.375000 0.031250 0.373611 0.029687 0.376389 0.035937 0.377778 0.057031 0.376389 0.060156 0.375000 0.062500 0.370833 0.061719 0.361111 0.064062 0.356944 0.066406 0.356944 0.068750 0.356944 0.067187 0.354167 0.066406 0.356944 0.064062 0.356944 0.060937 0.355556 0.062500 0.354167 0.064062 0.352778 0.064844 0.351389 0.065625 0.348611 0.066406 0.345833 0.065625 0.309722 0.065625 0.306944 0.066406 0.302778 0.067969 0.302778 0.067969 0.300000 0.067187 0.298611 0.067187 0.295833 0.069531 0.290278 0.071094 0.290278 0.071875 0.288889 0.078906 0.288889 0.083594 0.286111 0.089844 0.284722 0.096094 0.284722 0.101562 0.281944 0.110156 0.281944 0.115625 0.280556 0.118750 0.277778 0.117969 0.275000 0.118750 0.265278 0.119531 0.255556 0.120313 0.254167 0.120313 0.247222 0.121875 0.245833 0.122656 0.237500 0.121875 0.234722 0.129688 0.233333 0.137500 0.229167 0.149219 0.227778 0.153906 0.225000 0.159375 0.223611 0.171094 0.222222 0.176563 0.220833 0.187500 0.216667 0.193750 0.216667 0.199219 0.215278 0.203125 0.213889 0.206250 0.212500 0.209375 0.208333 0.206250 0.205556 0.200781 0.202778 0.198437 0.202778 0.197656 0.201389 0.195312 0.201389 0.202344 0.201389 0.209375 0.204167 0.214844 0.205556 0.217969 0.204167 0.219531 0.206944 0.220312 0.206944 0.217969 0.206944 0.213281 0.208333 0.210938 0.212500 0.213281 0.213889 0.221094 0.212500 0.224219 0.215278 0.228125 0.209722 0.220312 0.206944 0.219531 0.206944 0.221875 0.206944 0.222656 0.205556 0.224219 0.205556 0.228906 0.206944 0.229687 0.204167 0.232031 0.205556 0.232813 0.205556 0.227344 0.208333 0.236719 0.208333 0.235156 0.205556 0.232813 0.205556 0.232031 0.205556 0.233594 0.205556 0.239844 0.204167 0.246094 0.201389 0.252344 0.202778 0.256250 0.201389 0.253125 0.200000 0.257812 0.201389 0.258594 0.198611 0.261719 0.200000 0.268750 0.197222 0.265625 0.195833 0.264844 0.194444 0.263281 0.194444 0.267969 0.194444 0.268750 0.195833 0.274219 0.197222 0.276562 0.195833 0.275000 0.194444 0.277344 0.194444 0.278906 0.191667 0.276562 0.190278 0.278125 0.188889
21 0.388281 0.179167 0.388281 0.181944 0.391406 0.180556 0.392969 0.183333 0.397656 0.183333 0.398438 0.186111 0.401562 0.187500 0.407813 0.188889 0.410156 0.191667 0.413281 0.191667 0.414844 0.193056 0.413281 0.194444 0.414844 0.195833 0.415625 0.197222 0.417187 0.197222 0.417187 0.200000 0.415625 0.201389 0.417969 0.204167 0.418750 0.208333 0.419531 0.211111 0.417187 0.212500 0.414062 0.213889 0.410156 0.213889 0.408594 0.216667 0.410156 0.219444 0.411719 0.219444 0.416406 0.219444 0.418750 0.218056 0.421875 0.223611 0.421875 0.225000 0.424219 0.229167 0.425781 0.226389 0.425781 0.219444 0.425000 0.218056 0.425000 0.212500 0.425781 0.195833 0.426563 0.204167 0.425781 0.205556 0.425781 0.244444 0.422656 0.247222 0.422656 0.250000 0.421094 0.251389 0.421875 0.254167 0.425000 0.251389 0.424219 0.251389 0.423438 0.254167 0.425000 0.256944 0.424219 0.251389 0.425000 0.251389 0.425781 0.247222 0.425781 0.251389 0.426563 0.252778 0.426563 0.259722 0.425781 0.263889 0.425000 0.268056 0.425000 0.268056 0.421094 0.265278 0.424219 0.265278 0.425000 0.258333 0.420312 0.255556 0.417187 0.261111 0.417187 0.268056 0.418750 0.270833 0.420312 0.272222 0.422656 0.273611 0.423438 0.269444 0.425000 0.268056 0.425000 0.268056 0.423438 0.270833 0.424219 0.273611 0.425000 0.275000 0.424219 0.286111 0.424219 0.290278 0.425000 0.311111 0.423438 0.330556 0.423438 0.343056 0.423438 0.370833 0.424219 0.386111 0.424219 0.391667 0.424219 0.394444 0.419531 0.395833 0.417187 0.400000 0.397656 0.408333 0.397656 0.390278 0.396094 0.384722 0.395313 0.376389 0.393750 0.375000 0.392188 0.373611 0.388281 0.375000 0.385156 0.380556 0.384375 0.383333 0.384375 0.387500 0.385156 0.412500 0.385937 0.415278 0.388281 0.419444 0.389844 0.420833 0.396094 0.419444 0.396875 0.416667 0.397656 0.408333 0.417187 0.400000 0.418750 0.402778 0.421094 0.402778 0.421875 0.404167 0.423438 0.404167 0.422656 0.406944 0.421875 0.411111 0.423438 0.413889 0.424219 0.418056 0.424219 0.422222 0.423438 0.429167 0.424219 0.430556 0.424219 0.436111 0.422656 0.448611 0.423438 0.459722 0.422656 0.465278 0.422656 0.468056 0.423438 0.472222 0.425000 0.476389 0.425000 0.481944 0.427344 0.486111 0.429688 0.481944 0.429688 0.476389 0.430469 0.483333 0.428125 0.486111 0.425781 0.487500 0.424219 0.490278 0.425781 0.487500 0.425781 0.484722 0.425000 0.483333 0.425000 0.479167 0.423438 0.476389 0.421875 0.479167 0.421094 0.479167 0.418750 0.483333 0.418750 0.487500 0.419531 0.491667 0.421094 0.493056 0.420312 0.495833 0.418750 0.497222 0.417187 0.497222 0.419531 0.494444 0.417969 0.490278 0.414062 0.491667 0.413281 0.494444 0.410938 0.488889 0.403906 0.466667 0.402344 0.462500 0.400781 0.468056 0.403906 0.466667 0.410938 0.488889 0.408594 0.491667 0.407031 0.491667 0.403906 0.497222 0.403125 0.501389 0.400000 0.498611 0.398438 0.504167 0.397656 0.500000 0.396875 0.505556 0.395313 0.506944 0.392969 0.506944 0.389844 0.509722 0.389844 0.511111 0.388281 0.513889 0.387500 0.516667 0.386719 0.526389 0.385937 0.527778 0.386719 0.533333 0.385156 0.533333 0.383594 0.536111 0.386719 0.538889 0.382812 0.538889 0.380469 0.540278 0.378125 0.541667 0.377344 0.543056 0.375781 0.544444 0.381250 0.545833 0.372656 0.544444 0.368750 0.547222 0.363281 0.548611 0.358594 0.550000 0.346094 0.547222 0.335938 0.547222 0.320312 0.548611 0.321875 0.547222 0.342969 0.547222 0.344531 0.545833 0.346094 0.543056 0.347656 0.541667 0.353906 0.541667 0.359375 0.540278 0.360156 0.541667 0.360156 0.544444 0.362500 0.545833 0.364063 0.544444 0.365625 0.541667 0.366406 0.538889 0.367188 0.538889 0.368750 0.540278 0.371875 0.540278 0.379688 0.538889 0.378125 0.533333 0.379688 0.531944 0.382031 0.527778 0.377344 0.525000 0.374219 0.526389 0.373437 0.529167 0.368750 0.530556 0.367969 0.527778 0.365625 0.527778 0.364844 0.533333 0.365625 0.536111 0.367188 0.538889 0.366406 0.538889 0.362500 0.537500 0.360156 0.541667 0.359375 0.540278 0.360938 0.534722 0.361719 0.529167 0.358594 0.530556 0.358594 0.531944 0.357031 0.534722 0.355469 0.536111 0.349219 0.537500 0.342969 0.536111 0.341406 0.536111 0.321875 0.538889 0.320312 0.537500 0.317969 0.541667 0.314844 0.543056 0.311719 0.543056 0.313281 0.540278 0.310156 0.537500 0.309375 0.534722 0.311719 0.536111 0.310156 0.531944 0.309375 0.534722 0.310156 0.537500 0.309375 0.356944 0.309375 0.372222 0.310156 0.373611 0.309375 0.391667 0.310937 0.405556 0.310937 0.409722 0.309375 0.431944 0.309375 0.456944 0.310937 0.465278 0.311719 0.469444 0.316406 0.470833 0.317969 0.468056 0.317188 0.461111 0.316406 0.456944 0.314844 0.452778 0.314063 0.448611 0.313281 0.443056 0.313281 0.438889 0.314844 0.426389 0.316406 0.420833 0.316406 0.416667 0.317188 0.412500 0.323437 0.413889 0.326562 0.412500 0.329688 0.409722 0.330469 0.406944 0.330469 0.376389 0.329688 0.372222 0.327344 0.368056 0.325781 0.366667 0.322656 0.366667 0.321094 0.368056 0.318750 0.372222 0.317969 0.377778 0.317969 0.393056 0.317188 0.394444 0.317188 0.404167 0.314063 0.398611 0.313281 0.395833 0.314063 0.373611 0.314063 0.369444 0.312500 0.365278 0.312500 0.356944 0.314063 0.350000 0.314063 0.340278 0.312500 0.338889 0.310937 0.337500 0.311719 0.334722 0.310937 0.327778 0.311719 0.331944 0.312500 0.319444 0.310937 0.315278 0.312500 0.309722 0.313281 0.298611 0.313281 0.293056 0.311719 0.287500 0.313281 0.277778 0.314063 0.276389 0.316406 0.273611 0.315625 0.269444 0.316406 0.263889 0.315625 0.261111 0.315625 0.258333 0.312500 0.258333 0.310937 0.259722 0.312500 0.256944 0.311719 0.251389 0.312500 0.247222 0.310156 0.245833 0.310156 0.241667 0.312500 0.240278 0.310156 0.238889 0.310156 0.236111 0.309375 0.234722 0.308594 0.222222 0.308594 0.200000 0.310156 0.198611 0.310156 0.197222 0.311719 0.195833 0.310937 0.206944 0.310937 0.215278 0.311719 0.225000 0.312500 0.227778 0.316406 0.234722 0.317969 0.236111 0.321875 0.236111 0.324219 0.237500 0.325781 0.238889 0.329688 0.245833 0.332031 0.245833 0.330469 0.250000 0.329688 0.250000 0.338281 0.254167 0.342187 0.245833 0.342969 0.244444 0.344531 0.243056 0.346875 0.241667 0.351562 0.240278 0.357031 0.240278 0.359375 0.241667 0.365625 0.238889 0.369531 0.234722 0.373437 0.227778 0.374219 0.225000 0.375000 0.222222 0.375781 0.218056 0.375781 0.183333 0.376563 0.180556 0.380469 0.181944 0.384375 0.180556 0.385156 0.179167 0.388281 0.179167
21 0.578125 0.173611 0.577344 0.176389 0.578125 0.179167 0.579688 0.180556 0.582031 0.180556 0.582812 0.181944 0.584375 0.181944 0.582812 0.181944 0.580469 0.179167 0.578125 0.173611
21 0.575000 0.170833 0.571875 0.176389 0.565625 0.176389 0.571875 0.176389 0.572656 0.177778 0.575781 0.177778 0.575000 0.170833
21 0.455469 0.163889 0.454688 0.168056 0.453125 0.168056 0.453906 0.170833 0.460156 0.169444 0.463281 0.166667 0.460938 0.165278 0.459375 0.163889 0.456250 0.166667 0.455469 0.163889
21 0.419531 0.141667 0.418750 0.143056 0.413281 0.144444 0.408594 0.143056 0.406250 0.145833 0.406250 0.148611 0.410938 0.148611 0.411719 0.151389 0.421875 0.150000 0.421875 0.154167 0.423438 0.152778 0.423438 0.150000 0.423438 0.141667 0.419531 0.141667
21 0.428125 0.140278 0.425781 0.141667 0.425781 0.150000 0.428125 0.152778 0.428125 0.148611 0.429688 0.145833 0.429688 0.140278 0.428125 0.140278
21 0.444531 0.138889 0.446875 0.136111 0.449219 0.136111 0.450781 0.141667 0.455469 0.140278 0.455469 0.144444 0.452344 0.144444 0.448437 0.147222 0.449219 0.150000 0.450781 0.152778 0.452344 0.154167 0.448437 0.161111 0.446094 0.156944 0.445312 0.159722 0.442969 0.163889 0.442188 0.168056 0.439844 0.176389 0.439844 0.180556 0.435156 0.181944 0.435937 0.161111 0.439844 0.155556 0.439844 0.154167 0.441406 0.151389 0.438281 0.152778 0.439063 0.150000 0.441406 0.151389 0.445312 0.145833 0.445312 0.141667 0.446094 0.143056 0.448437 0.144444 0.446875 0.140278 0.446094 0.143056 0.445312 0.141667 0.440625 0.140278 0.442188 0.136111 0.444531 0.138889
21 0.421094 0.066667 0.422656 0.072222 0.423438 0.080556 0.426563 0.075000 0.427344 0.070833 0.428125 0.076389 0.429688 0.077778 0.428906 0.080556 0.428125 0.084722 0.428125 0.094444 0.426563 0.097222 0.425000 0.098611 0.425000 0.095833 0.423438 0.095833 0.425000 0.091667 0.424219 0.088889 0.423438 0.084722 0.422656 0.090278 0.421875 0.095833 0.421094 0.098611 0.419531 0.097222 0.417969 0.093056 0.417187 0.098611 0.417969 0.101389 0.414844 0.094444 0.414844 0.087500 0.413281 0.087500 0.414062 0.084722 0.414062 0.076389 0.415625 0.066667 0.417187 0.068056 0.416406 0.068056 0.414844 0.070833 0.415625 0.077778 0.417187 0.075000 0.416406 0.068056 0.417187 0.068056 0.418750 0.065278 0.421094 0.066667
21 0.999219 0.000000 0.999219 0.937500 0.989844 0.937500 0.987500 0.938889 0.986719 0.943056 0.985938 0.940278 0.982812 0.938889 0.982031 0.943056 0.984375 0.944444 0.982031 0.947222 0.980469 0.947222 0.979688 0.948611 0.978125 0.950000 0.982031 0.961111 0.982031 0.969444 0.975000 0.981944 0.978125 0.988889 0.978125 0.991667 0.979688 0.994444 0.979688 0.998611 0.913281 0.998611 0.914062 0.986111 0.911719 0.977778 0.913281 0.963889 0.913281 0.961111 0.910937 0.955556 0.909375 0.952778 0.908594 0.959722 0.909375 0.973611 0.907813 0.970833 0.906250 0.976389 0.906250 0.994444 0.905469 0.966667 0.906250 0.958333 0.903125 0.952778 0.906250 0.947222 0.904687 0.941667 0.905469 0.934722 0.903906 0.927778 0.901563 0.922222 0.901563 0.919444 0.900000 0.918056 0.896875 0.911111 0.896094 0.906944 0.894531 0.904167 0.894531 0.902778 0.889062 0.902778 0.889062 0.900000 0.887500 0.898611 0.887500 0.894444 0.889844 0.891667 0.888281 0.887500 0.887500 0.880556 0.886719 0.869444 0.885156 0.856944 0.884375 0.852778 0.882031 0.844444 0.879687 0.840278 0.878906 0.837500 0.878906 0.833333 0.877344 0.829167 0.878125 0.826389 0.875781 0.822222 0.876563 0.819444 0.871875 0.811111 0.871094 0.815278 0.871875 0.820833 0.869531 0.822222 0.867188 0.826389 0.864844 0.836111 0.864062 0.844444 0.861719 0.851389 0.861719 0.858333 0.860156 0.861111 0.861719 0.865278 0.860938 0.866667 0.861719 0.869444 0.860156 0.870833 0.860938 0.875000 0.859375 0.876389 0.858594 0.880556 0.857812 0.891667 0.857031 0.906944 0.857031 0.911111 0.857812 0.912500 0.857812 0.916667 0.856250 0.918056 0.858594 0.920833 0.859375 0.919444 0.860938 0.919444 0.858594 0.922222 0.858594 0.929167 0.854688 0.929167 0.853906 0.933333 0.851562 0.937500 0.850781 0.940278 0.851562 0.943056 0.855469 0.944444 0.851562 0.952778 0.850000 0.952778 0.848437 0.951389 0.848437 0.937500 0.847656 0.934722 0.832812 0.933333 0.827344 0.931944 0.825781 0.929167 0.825000 0.929167 0.824219 0.927778 0.824219 0.926389 0.822656 0.923611 0.821875 0.919444 0.821875 0.915278 0.822656 0.911111 0.823438 0.906944 0.825000 0.902778 0.825781 0.898611 0.825781 0.887500 0.823438 0.880556 0.821094 0.876389 0.819531 0.875000 0.815625 0.872222 0.810156 0.872222 0.800781 0.870833 0.798438 0.872222 0.795312 0.876389 0.792969 0.876389 0.791406 0.879167 0.789062 0.886111 0.789062 0.891667 0.789844 0.894444 0.795312 0.904167 0.802344 0.912500 0.807031 0.920833 0.807813 0.923611 0.808594 0.926389 0.808594 0.931944 0.806250 0.936111 0.802344 0.940278 0.799219 0.941667 0.797656 0.943056 0.796875 0.947222 0.792969 0.948611 0.790625 0.948611 0.789062 0.951389 0.789844 0.952778 0.786719 0.955556 0.783594 0.958333 0.781250 0.959722 0.778125 0.961111 0.765625 0.961111 0.760156 0.962500 0.753125 0.965278 0.743750 0.970833 0.739844 0.975000 0.735156 0.976389 0.734375 0.979167 0.728906 0.979167 0.728125 0.981944 0.724219 0.980556 0.722656 0.981944 0.720313 0.983333 0.725000 0.986111 0.736719 0.986111 0.718750 0.986111 0.717969 0.984722 0.692969 0.983333 0.692969 0.981944 0.699219 0.984722 0.707031 0.983333 0.700000 0.980556 0.692969 0.981944 0.692969 0.983333 0.692187 0.980556 0.681250 0.980556 0.679688 0.979167 0.679688 0.976389 0.676562 0.975000 0.675781 0.972222 0.675781 0.969444 0.674219 0.966667 0.674219 0.965278 0.673438 0.963889 0.671875 0.962500 0.669531 0.961111 0.666406 0.961111 0.665625 0.958333 0.665625 0.954167 0.671094 0.944444 0.672656 0.940278 0.675781 0.930556 0.676562 0.926389 0.676562 0.923611 0.675000 0.918056 0.672656 0.915278 0.671875 0.912500 0.671094 0.904167 0.670312 0.901389 0.668750 0.895833 0.666406 0.891667 0.665625 0.891667 0.664062 0.888889 0.664844 0.884722 0.667188 0.877778 0.667969 0.870833 0.667969 0.868056 0.667188 0.859722 0.667969 0.855556 0.667188 0.852778 0.667188 0.850000 0.670312 0.844444 0.669531 0.833333 0.666406 0.829167 0.667188 0.822222 0.669531 0.816667 0.660156 0.800000 0.658594 0.798611 0.656250 0.797222 0.650781 0.798611 0.649219 0.795833 0.649219 0.790278 0.648438 0.788889 0.648438 0.781944 0.649219 0.780556 0.649219 0.777778 0.651563 0.776389 0.652344 0.775000 0.653125 0.770833 0.659375 0.770833 0.667969 0.754167 0.667969 0.745833 0.668750 0.744444 0.669531 0.740278 0.671094 0.737500 0.670312 0.727778 0.670312 0.722222 0.670312 0.662500 0.671094 0.577778 0.670312 0.576389 0.670312 0.555556 0.671094 0.569444 0.672656 0.554167 0.673438 0.530556 0.672656 0.523611 0.671094 0.522222 0.672656 0.518056 0.672656 0.493056 0.671875 0.490278 0.669531 0.486111 0.667188 0.484722 0.664062 0.483333 0.667969 0.433333 0.670312 0.433333 0.668750 0.427778 0.657813 0.391667 0.657813 0.379167 0.656250 0.380556 0.657031 0.376389 0.657031 0.375000 0.657813 0.376389 0.658594 0.377778 0.658594 0.390278 0.656250 0.391667 0.659375 0.397222 0.660937 0.395833 0.662500 0.395833 0.663281 0.393056 0.664844 0.395833 0.666406 0.395833 0.668750 0.394444 0.670312 0.391667 0.671094 0.386111 0.671094 0.388889 0.669531 0.393056 0.669531 0.398611 0.664844 0.398611 0.667969 0.400000 0.667969 0.409722 0.669531 0.411111 0.670312 0.426389 0.671875 0.420833 0.672656 0.413889 0.672656 0.404167 0.674219 0.394444 0.673438 0.391667 0.674219 0.383333 0.673438 0.363889 0.675000 0.359722 0.675000 0.355556 0.674219 0.348611 0.674219 0.320833 0.672656 0.319444 0.671094 0.319444 0.671875 0.323611 0.671875 0.329167 0.672656 0.330556 0.672656 0.337500 0.671875 0.350000 0.670312 0.347222 0.668750 0.347222 0.671094 0.344444 0.669531 0.343056 0.667969 0.338889 0.666406 0.337500 0.668750 0.336111 0.669531 0.338889 0.670312 0.334722 0.668750 0.333333 0.668750 0.329167 0.667969 0.329167 0.666406 0.326389 0.667188 0.323611 0.670312 0.320833 0.666406 0.318056 0.669531 0.295833 0.671875 0.295833 0.670312 0.293056 0.669531 0.295833 0.666406 0.318056 0.662500 0.325000 0.660156 0.326389 0.660156 0.327778 0.657813 0.329167 0.656250 0.331944 0.657031 0.338889 0.655469 0.338889 0.654687 0.343056 0.650000 0.344444 0.652344 0.345833 0.653906 0.347222 0.653906 0.351389 0.655469 0.358333 0.656250 0.352778 0.657813 0.354167 0.656250 0.355556 0.655469 0.358333 0.647656 0.358333 0.650781 0.359722 0.652344 0.361111 0.652344 0.366667 0.653906 0.368056 0.653906 0.370833 0.651563 0.372222 0.653125 0.375000 0.654687 0.375000 0.656250 0.372222 0.655469 0.365278 0.657813 0.365278 0.656250 0.369444 0.657031 0.375000 0.657031 0.376389 0.656250 0.373611 0.654687 0.376389 0.656250 0.380556 0.657813 0.379167 0.657031 0.383333 0.655469 0.384722 0.655469 0.387500 0.657813 0.391667 0.668750 0.427778 0.667969 0.433333 0.664062 0.483333 0.657813 0.481944 0.654687 0.484722 0.650000 0.484722 0.647656 0.488889 0.647656 0.493056 0.646875 0.487500 0.644531 0.483333 0.644531 0.480556 0.639844 0.473611 0.639062 0.472222 0.639062 0.470833 0.638281 0.469444 0.636719 0.468056 0.634375 0.466667 0.631250 0.465278 0.625000 0.463889 0.619531 0.463889 0.618750 0.465278 0.613281 0.463889 0.610156 0.463889 0.602344 0.465278 0.596875 0.468056 0.591406 0.468056 0.589844 0.469444 0.588281 0.470833 0.584375 0.479167 0.582812 0.481944 0.582812 0.481944 0.589063 0.469444 0.589063 0.466667 0.589063 0.447222 0.587500 0.444444 0.585156 0.447222 0.584375 0.451389 0.582031 0.469444 0.581250 0.477778 0.582812 0.481944 0.582812 0.481944 0.581250 0.484722 0.578906 0.486111 0.576562 0.488889 0.572656 0.495833 0.571094 0.491667 0.569531 0.490278 0.571094 0.487500 0.571094 0.483333 0.571094 0.454167 0.571094 0.444444 0.571094 0.429167 0.570312 0.425000 0.570312 0.419444 0.571094 0.415278 0.571094 0.404167 0.570312 0.401389 0.565625 0.400000 0.564844 0.397222 0.564844 0.394444 0.565625 0.393056 0.565625 0.388889 0.564844 0.380556 0.565625 0.377778 0.567969 0.377778 0.570312 0.383333 0.571094 0.383333 0.573438 0.381944 0.573438 0.404167 0.575000 0.412500 0.574219 0.415278 0.571094 0.416667 0.574219 0.418056 0.574219 0.425000 0.575000 0.426389 0.575781 0.438889 0.575781 0.443056 0.575000 0.444444 0.575000 0.450000 0.575781 0.456944 0.576562 0.463889 0.578125 0.465278 0.578125 0.469444 0.578125 0.466667 0.576562 0.463889 0.575781 0.468056 0.576562 0.469444 0.576562 0.472222 0.575000 0.475000 0.576562 0.481944 0.576562 0.488889 0.577344 0.486111 0.578125 0.484722 0.579688 0.483333 0.578125 0.481944 0.580469 0.481944 0.580469 0.477778 0.580469 0.475000 0.581250 0.469444 0.581250 0.459722 0.580469 0.448611 0.582031 0.433333 0.582031 0.431944 0.583594 0.429167 0.581250 0.427778 0.582031 0.423611 0.581250 0.419444 0.585938 0.418056 0.584375 0.416667 0.583594 0.415278 0.581250 0.415278 0.581250 0.380556 0.582031 0.377778 0.583594 0.376389 0.583594 0.373611 0.585156 0.373611 0.585156 0.409722 0.587500 0.411111 0.587500 0.394444 0.587500 0.386111 0.588281 0.379167 0.589844 0.375000 0.590625 0.370833 0.590625 0.363889 0.592187 0.356944 0.592969 0.365278 0.595313 0.361111 0.597656 0.354167 0.597656 0.348611 0.599219 0.345833 0.599219 0.330556 0.599219 0.329167 0.600781 0.345833 0.601562 0.343056 0.602344 0.341667 0.603125 0.334722 0.602344 0.309722 0.600781 0.308333 0.599219 0.322222 0.599219 0.329167 0.599219 0.330556 0.599219 0.325000 0.598437 0.294444 0.597656 0.288889 0.594531 0.293056 0.594531 0.302778 0.594531 0.294444 0.592969 0.287500 0.592187 0.295833 0.591406 0.290278 0.590625 0.288889 0.590625 0.276389 0.589063 0.273611 0.587500 0.276389 0.587500 0.280556 0.586719 0.281944 0.586719 0.284722 0.584375 0.280556 0.582031 0.281944 0.580469 0.281944 0.577344 0.281944 0.572656 0.281944 0.571094 0.283333 0.570312 0.280556 0.570312 0.277778 0.568750 0.275000 0.564063 0.273611 0.562500 0.273611 0.561719 0.281944 0.560937 0.283333 0.561719 0.290278 0.564063 0.287500 0.560937 0.293056 0.560937 0.294444 0.560156 0.291667 0.558594 0.294444 0.559375 0.297222 0.560937 0.294444 0.560937 0.293056 0.560937 0.298611 0.559375 0.300000 0.559375 0.304167 0.558594 0.306944 0.558594 0.301389 0.557031 0.298611 0.555469 0.304167 0.550000 0.305556 0.550781 0.308333 0.549219 0.318056 0.550000 0.326389 0.548438 0.327778 0.548438 0.331944 0.550000 0.333333 0.549219 0.338889 0.550000 0.352778 0.551562 0.355556 0.551562 0.362500 0.553125 0.366667 0.553906 0.348611 0.555469 0.352778 0.557031 0.351389 0.558594 0.352778 0.557813 0.359722 0.557813 0.362500 0.555469 0.365278 0.559375 0.366667 0.560937 0.376389 0.561719 0.390278 0.550781 0.388889 0.550781 0.395833 0.549219 0.398611 0.546875 0.398611 0.545312 0.401389 0.548438 0.402778 0.549219 0.405556 0.550781 0.401389 0.553125 0.397222 0.554688 0.398611 0.555469 0.398611 0.556250 0.402778 0.554688 0.401389 0.554688 0.398611 0.553125 0.398611 0.553125 0.402778 0.550781 0.406944 0.547656 0.405556 0.546094 0.408333 0.548438 0.411111 0.550000 0.409722 0.550000 0.412500 0.548438 0.415278 0.554688 0.425000 0.554688 0.444444 0.554688 0.433333 0.553125 0.422222 0.552344 0.465278 0.550781 0.469444 0.549219 0.470833 0.551562 0.473611 0.553125 0.475000 0.554688 0.472222 0.555469 0.466667 0.557031 0.470833 0.557813 0.473611 0.556250 0.473611 0.554688 0.475000 0.553125 0.480556 0.553125 0.484722 0.553125 0.487500 0.554688 0.490278 0.556250 0.490278 0.550000 0.490278 0.544531 0.493056 0.546094 0.494444 0.544531 0.497222 0.539062 0.497222 0.536719 0.498611 0.533594 0.502778 0.528906 0.508333 0.526563 0.512500 0.525781 0.512500 0.524219 0.515278 0.524219 0.523611 0.523438 0.527778 0.522656 0.530556 0.521875 0.525000 0.523438 0.519444 0.522656 0.509722 0.523438 0.508333 0.523438 0.502778 0.522656 0.491667 0.523438 0.487500 0.524219 0.490278 0.522656 0.491667 0.525000 0.508333 0.525781 0.497222 0.526563 0.495833 0.526563 0.493056 0.526563 0.506944 0.529687 0.505556 0.529687 0.504167 0.534375 0.501389 0.537500 0.495833 0.539844 0.493056 0.541406 0.491667 0.542969 0.490278 0.545312 0.488889 0.546875 0.488889 0.549219 0.488889 0.547656 0.486111 0.544531 0.484722 0.541406 0.484722 0.539062 0.487500 0.536719 0.488889 0.535156 0.488889 0.532813 0.490278 0.531250 0.493056 0.530469 0.488889 0.530469 0.488889 0.533594 0.487500 0.532813 0.483333 0.532031 0.486111 0.530469 0.488889 0.530469 0.488889 0.533594 0.481944 0.533594 0.477778 0.535937 0.476389 0.536719 0.477778 0.537500 0.473611 0.535937 0.472222 0.536719 0.455556 0.535937 0.444444 0.534375 0.441667 0.532031 0.438889 0.529687 0.436111 0.527344 0.434722 0.525000 0.433333 0.522656 0.433333 0.521094 0.437500 0.519531 0.436111 0.518750 0.438889 0.517188 0.440278 0.517969 0.443056 0.517969 0.450000 0.519531 0.445833 0.521094 0.443056 0.525781 0.444444 0.527344 0.445833 0.528906 0.447222 0.529687 0.448611 0.530469 0.451389 0.528906 0.448611 0.524219 0.444444 0.522656 0.444444 0.521094 0.445833 0.518750 0.450000 0.517188 0.452778 0.516406 0.455556 0.516406 0.458333 0.516406 0.452778 0.517969 0.451389 0.517188 0.448611 0.514844 0.450000 0.513281 0.452778 0.513281 0.445833 0.511719 0.450000 0.510156 0.450000 0.508594 0.455556 0.508594 0.458333 0.511719 0.459722 0.510938 0.468056 0.511719 0.486111 0.513281 0.491667 0.514844 0.479167 0.517188 0.483333 0.517188 0.484722 0.518750 0.487500 0.521094 0.487500 0.521094 0.516667 0.520312 0.519444 0.514062 0.516667 0.512500 0.516667 0.511719 0.523611 0.511719 0.513889 0.510938 0.509722 0.510156 0.505556 0.509375 0.502778 0.506250 0.497222 0.504687 0.495833 0.502344 0.494444 0.497656 0.493056 0.492969 0.493056 0.491406 0.491667 0.489844 0.487500 0.488281 0.487500 0.485156 0.483333 0.480469 0.472222 0.478906 0.469444 0.478125 0.469444 0.477344 0.468056 0.476562 0.465278 0.476562 0.462500 0.475781 0.459722 0.472656 0.454167 0.470313 0.452778 0.469531 0.451389 0.468750 0.448611 0.468750 0.438889 0.467969 0.433333 0.467187 0.429167 0.466406 0.426389 0.461719 0.418056 0.460156 0.416667 0.456250 0.415278 0.454688 0.415278 0.451562 0.418056 0.450000 0.420833 0.448437 0.425000 0.447656 0.427778 0.446875 0.433333 0.446094 0.440278 0.446094 0.451389 0.445312 0.459722 0.444531 0.462500 0.442969 0.465278 0.437500 0.470833 0.436719 0.476389 0.435937 0.479167 0.434375 0.479167 0.432812 0.481944 0.431250 0.469444 0.434375 0.469444 0.435156 0.468056 0.436719 0.466667 0.435156 0.462500 0.435156 0.458333 0.433594 0.451389 0.432812 0.451389 0.431250 0.450000 0.432812 0.450000 0.433594 0.431944 0.435156 0.423611 0.435156 0.418056 0.433594 0.416667 0.435156 0.416667 0.436719 0.411111 0.436719 0.405556 0.438281 0.402778 0.438281 0.400000 0.435156 0.398611 0.434375 0.397222 0.432812 0.397222 0.432812 0.347222 0.438281 0.347222 0.439844 0.345833 0.439063 0.337500 0.438281 0.333333 0.433594 0.330556 0.433594 0.308333 0.433594 0.304167 0.432812 0.293056 0.433594 0.291667 0.433594 0.284722 0.435156 0.284722 0.435937 0.286111 0.439063 0.284722 0.437500 0.281944 0.436719 0.281944 0.435156 0.273611 0.433594 0.272222 0.433594 0.269444 0.435156 0.270833 0.435937 0.273611 0.437500 0.268056 0.439844 0.266667 0.438281 0.263889 0.435937 0.262500 0.433594 0.262500 0.439063 0.258333 0.439844 0.255556 0.438281 0.252778 0.435156 0.250000 0.433594 0.248611 0.432031 0.259722 0.432031 0.255556 0.431250 0.252778 0.433594 0.248611 0.434375 0.240278 0.433594 0.230556 0.434375 0.222222 0.435937 0.219444 0.437500 0.218056 0.439063 0.220833 0.440625 0.216667 0.444531 0.216667 0.451562 0.212500 0.454688 0.212500 0.451562 0.206944 0.447656 0.205556 0.443750 0.204167 0.442188 0.208333 0.438281 0.208333 0.438281 0.204167 0.435937 0.200000 0.435156 0.195833 0.434375 0.198611 0.434375 0.194444 0.435156 0.188889 0.436719 0.186111 0.439063 0.184722 0.440625 0.184722 0.440625 0.188889 0.438281 0.190278 0.442188 0.190278 0.440625 0.188889 0.440625 0.184722 0.447656 0.198611 0.449219 0.198611 0.450781 0.201389 0.452344 0.201389 0.453906 0.202778 0.454688 0.205556 0.456250 0.205556 0.458594 0.209722 0.462500 0.211111 0.464844 0.209722 0.466406 0.206944 0.467969 0.206944 0.471875 0.212500 0.474219 0.213889 0.475781 0.212500 0.476562 0.202778 0.476562 0.212500 0.475000 0.215278 0.471094 0.215278 0.467187 0.212500 0.463281 0.212500 0.459375 0.209722 0.455469 0.211111 0.458594 0.213889 0.461719 0.213889 0.464844 0.216667 0.471875 0.219444 0.475781 0.220833 0.479687 0.219444 0.480469 0.216667 0.480469 0.213889 0.479687 0.211111 0.480469 0.206944 0.481250 0.202778 0.482812 0.201389 0.488281 0.200000 0.489844 0.200000 0.499219 0.202778 0.501563 0.201389 0.502344 0.200000 0.504687 0.194444 0.503125 0.191667 0.502344 0.188889 0.501563 0.191667 0.501563 0.195833 0.499219 0.193056 0.496875 0.193056 0.496094 0.191667 0.494531 0.191667 0.493750 0.194444 0.490625 0.193056 0.489844 0.194444 0.487500 0.194444 0.487500 0.197222 0.485938 0.194444 0.483594 0.194444 0.482812 0.197222 0.481250 0.197222 0.479687 0.198611 0.481250 0.197222 0.479687 0.195833 0.482812 0.195833 0.483594 0.194444 0.489844 0.194444 0.494531 0.191667 0.499219 0.191667 0.502344 0.188889 0.503906 0.188889 0.503906 0.191667 0.505469 0.194444 0.506250 0.188889 0.507812 0.190278 0.509375 0.187500 0.516406 0.186111 0.518750 0.187500 0.518750 0.188889 0.513281 0.187500 0.509375 0.190278 0.510938 0.193056 0.513281 0.200000 0.514844 0.195833 0.516406 0.195833 0.517188 0.193056 0.518750 0.188889 0.518750 0.187500 0.524219 0.186111 0.525000 0.184722 0.528906 0.184722 0.526563 0.184722 0.525000 0.187500 0.525000 0.194444 0.526563 0.197222 0.528906 0.195833 0.530469 0.193056 0.531250 0.187500 0.530469 0.183333 0.532031 0.183333 0.532813 0.181944 0.537500 0.183333 0.542188 0.180556 0.542188 0.183333 0.540625 0.183333 0.539062 0.186111 0.541406 0.187500 0.542969 0.190278 0.546094 0.187500 0.547656 0.184722 0.545312 0.181944 0.543750 0.181944 0.542188 0.183333 0.542188 0.180556 0.547656 0.179167 0.553906 0.177778 0.561719 0.177778 0.560156 0.177778 0.559375 0.179167 0.557031 0.180556 0.553125 0.181944 0.560937 0.183333 0.560937 0.186111 0.564063 0.184722 0.564063 0.190278 0.566406 0.187500 0.569531 0.190278 0.571094 0.190278 0.572656 0.183333 0.575000 0.180556 0.580469 0.183333 0.584375 0.186111 0.585938 0.188889 0.586719 0.188889 0.587500 0.197222 0.588281 0.200000 0.590625 0.194444 0.591406 0.193056 0.591406 0.190278 0.595313 0.194444 0.595313 0.201389 0.598437 0.200000 0.599219 0.194444 0.601562 0.198611 0.603125 0.198611 0.603125 0.201389 0.603125 0.204167 0.605469 0.201389 0.606250 0.198611 0.612500 0.200000 0.614062 0.200000 0.615625 0.197222 0.615625 0.195833 0.617188 0.193056 0.615625 0.187500 0.614844 0.179167 0.614844 0.172222 0.615625 0.163889 0.614844 0.162500 0.614844 0.154167 0.611719 0.148611 0.611719 0.152778 0.613281 0.161111 0.613281 0.165278 0.612500 0.177778 0.611719 0.180556 0.611719 0.169444 0.610938 0.166667 0.609375 0.163889 0.607031 0.162500 0.608594 0.158333 0.609375 0.155556 0.606250 0.152778 0.603906 0.148611 0.601562 0.141667 0.600781 0.140278 0.599219 0.138889 0.595313 0.136111 0.592187 0.131944 0.594531 0.130556 0.593750 0.127778 0.592187 0.126389 0.592187 0.112500 0.591406 0.109722 0.589844 0.106944 0.589063 0.111111 0.589844 0.123611 0.590625 0.126389 0.589844 0.123611 0.589063 0.122222 0.589063 0.111111 0.585156 0.104167 0.584375 0.100000 0.578906 0.098611 0.578906 0.094444 0.577344 0.090278 0.575781 0.090278 0.574219 0.094444 0.573438 0.091667 0.572656 0.088889 0.574219 0.087500 0.572656 0.084722 0.569531 0.081944 0.567969 0.081944 0.566406 0.081944 0.567969 0.081944 0.567187 0.061111 0.570312 0.058333 0.573438 0.056944 0.578906 0.055556 0.583594 0.055556 0.589063 0.054167 0.592969 0.051389 0.592969 0.050000 0.593750 0.048611 0.595313 0.047222 0.599219 0.047222 0.604688 0.044444 0.610156 0.040278 0.618750 0.037500 0.627344 0.033333 0.629687 0.030556 0.638281 0.026389 0.641406 0.025000 0.642969 0.026389 0.643750 0.023611 0.646875 0.022222 0.649219 0.023611 0.650000 0.020833 0.652344 0.020833 0.656250 0.018056 0.657813 0.019444 0.660156 0.018056 0.662500 0.015278 0.664844 0.013889 0.668750 0.013889 0.671094 0.012500 0.672656 0.011111 0.673438 0.005556 0.676562 0.006944 0.681250 0.004167 0.684375 0.005556 0.685937 0.004167 0.687500 0.002778 0.686719 0.000000 0.999219 0.000000
24 0.848437 0.952778 0.848437 0.955556 0.849219 0.961111 0.848437 0.979167 0.849219 0.986111 0.846875 0.990278 0.845313 0.991667 0.842969 0.991667 0.841406 0.993056 0.841406 0.995833 0.842969 0.998611 0.859375 0.997222 0.861719 0.997222 0.875000 0.998611 0.874219 0.994444 0.868750 0.994444 0.864844 0.991667 0.860938 0.990278 0.858594 0.993056 0.854688 0.993056 0.852344 0.991667 0.851562 0.990278 0.850000 0.988889 0.850781 0.980556 0.853906 0.976389 0.855469 0.973611 0.855469 0.965278 0.853125 0.968056 0.852344 0.973611 0.851562 0.970833 0.850781 0.969444 0.850781 0.963889 0.852344 0.961111 0.851562 0.954167 0.850000 0.954167 0.848437 0.952778
24 0.866406 0.947222 0.865625 0.951389 0.863281 0.951389 0.863281 0.955556 0.866406 0.954167 0.867188 0.950000 0.869531 0.950000 0.871094 0.954167 0.874219 0.952778 0.872656 0.950000 0.870313 0.948611 0.870313 0.947222 0.866406 0.947222
24 0.856250 0.945833 0.853906 0.951389 0.854688 0.954167 0.856250 0.956944 0.860156 0.958333 0.861719 0.962500 0.861719 0.958333 0.859375 0.956944 0.859375 0.952778 0.860938 0.950000 0.861719 0.950000 0.861719 0.945833 0.858594 0.945833 0.857031 0.948611 0.856250 0.945833
24 0.867188 0.920833 0.869531 0.922222 0.871094 0.925000 0.872656 0.929167 0.873437 0.923611 0.873437 0.922222 0.872656 0.920833 0.871875 0.920833 0.870313 0.918056 0.867188 0.920833
24 0.871094 0.811111 0.871875 0.815278 0.872656 0.816667 0.871875 0.822222 0.869531 0.823611 0.867969 0.826389 0.865625 0.836111 0.864844 0.844444 0.862500 0.851389 0.862500 0.858333 0.860938 0.862500 0.862500 0.865278 0.861719 0.866667 0.862500 0.869444 0.860938 0.870833 0.861719 0.875000 0.860156 0.876389 0.860156 0.879167 0.859375 0.880556 0.858594 0.891667 0.858594 0.902778 0.861719 0.898611 0.865625 0.897222 0.870313 0.897222 0.872656 0.900000 0.875781 0.898611 0.876563 0.900000 0.879687 0.900000 0.881250 0.901389 0.885156 0.908333 0.888281 0.902778 0.888281 0.900000 0.886719 0.898611 0.886719 0.894444 0.889062 0.891667 0.887500 0.887500 0.886719 0.880556 0.884375 0.856944 0.883594 0.852778 0.881250 0.844444 0.878906 0.840278 0.878125 0.837500 0.878125 0.833333 0.876563 0.829167 0.877344 0.826389 0.875000 0.822222 0.875781 0.819444 0.871094 0.811111
24 0.316406 0.780556 0.314063 0.784722 0.310937 0.787500 0.317969 0.788889 0.317969 0.780556 0.316406 0.780556
24 0.639062 0.745833 0.641406 0.745833 0.642969 0.748611 0.646094 0.747222 0.643750 0.747222 0.641406 0.745833 0.639062 0.745833
24 0.628906 0.737500 0.630469 0.738889 0.628125 0.740278 0.627344 0.738889 0.624219 0.738889 0.627344 0.738889 0.627344 0.741667 0.629687 0.740278 0.629687 0.743056 0.632031 0.743056 0.633594 0.741667 0.635938 0.743056 0.634375 0.741667 0.632812 0.737500 0.630469 0.738889 0.628906 0.737500
24 0.610938 0.737500 0.610938 0.740278 0.614062 0.738889 0.610938 0.737500
24 0.614844 0.730556 0.616406 0.734722 0.619531 0.733333 0.621094 0.734722 0.620313 0.731944 0.617969 0.731944 0.617188 0.730556 0.614844 0.730556
24 0.310156 0.695833 0.309375 0.697222 0.309375 0.702778 0.310156 0.711111 0.309375 0.712500 0.310156 0.719444 0.310937 0.708333 0.310937 0.701389 0.309375 0.697222 0.310937 0.693056 0.310937 0.690278 0.310156 0.695833
24 0.278125 0.651389 0.277344 0.654167 0.277344 0.656944 0.278125 0.668056 0.278125 0.651389
24 0.164844 0.558333 0.164844 0.561111 0.163281 0.561111 0.161719 0.563889 0.164062 0.566667 0.164844 0.570833 0.165625 0.575000 0.165625 0.579167 0.164062 0.584722 0.163281 0.601389 0.164062 0.609722 0.162500 0.613889 0.161719 0.618056 0.161719 0.622222 0.163281 0.625000 0.162500 0.633333 0.160938 0.643056 0.160938 0.651389 0.160156 0.654167 0.157812 0.655556 0.159375 0.655556 0.160938 0.658333 0.160938 0.663889 0.160938 0.666667 0.159375 0.669444 0.159375 0.679167 0.157812 0.680556 0.158594 0.687500 0.158594 0.690278 0.157031 0.694444 0.157031 0.697222 0.157812 0.706944 0.156250 0.711111 0.157031 0.715278 0.158594 0.715278 0.160156 0.719444 0.161719 0.716667 0.161719 0.713889 0.163281 0.711111 0.163281 0.704167 0.161719 0.701389 0.162500 0.695833 0.160938 0.694444 0.162500 0.691667 0.162500 0.686111 0.161719 0.681944 0.163281 0.681944 0.164062 0.684722 0.165625 0.684722 0.165625 0.681944 0.164062 0.680556 0.164062 0.673611 0.166406 0.669444 0.164844 0.668056 0.162500 0.666667 0.161719 0.663889 0.161719 0.661111 0.164062 0.655556 0.162500 0.651389 0.162500 0.645833 0.165625 0.641667 0.163281 0.640278 0.162500 0.634722 0.166406 0.627778 0.165625 0.620833 0.167187 0.613889 0.167969 0.604167 0.167969 0.590278 0.168750 0.575000 0.169531 0.566667 0.171094 0.563889 0.174219 0.561111 0.174219 0.558333 0.164844 0.558333
24 0.264062 0.523611 0.263281 0.533333 0.265625 0.531944 0.264062 0.523611
24 0.247656 0.520833 0.246875 0.522222 0.246875 0.527778 0.246875 0.525000 0.247656 0.523611 0.247656 0.512500 0.248438 0.511111 0.248438 0.506944 0.247656 0.520833
24 0.400000 0.500000 0.399219 0.504167 0.401562 0.501389 0.400000 0.500000
24 0.404687 0.497222 0.403906 0.500000 0.407031 0.497222 0.407813 0.493056 0.404687 0.497222
24 0.423438 0.477778 0.421875 0.480556 0.421094 0.480556 0.419531 0.483333 0.419531 0.487500 0.420312 0.488889 0.420312 0.491667 0.421875 0.491667 0.423438 0.490278 0.425000 0.487500 0.425000 0.484722 0.424219 0.483333 0.423438 0.477778
24 0.564063 0.401389 0.561719 0.402778 0.560156 0.404167 0.559375 0.406944 0.559375 0.415278 0.556250 0.420833 0.555469 0.423611 0.554688 0.445833 0.553906 0.433333 0.553125 0.431944 0.553125 0.423611 0.553125 0.462500 0.553906 0.465278 0.556250 0.466667 0.556250 0.468056 0.557813 0.470833 0.558594 0.473611 0.559375 0.488889 0.561719 0.487500 0.567969 0.488889 0.570312 0.491667 0.568750 0.490278 0.570312 0.487500 0.570312 0.483333 0.570312 0.454167 0.570312 0.444444 0.570312 0.429167 0.569531 0.425000 0.569531 0.419444 0.570312 0.415278 0.568750 0.404167 0.567969 0.408333 0.566406 0.408333 0.566406 0.402778 0.564063 0.401389
24 0.425000 0.209722 0.423438 0.212500 0.417969 0.212500 0.414062 0.215278 0.409375 0.216667 0.411719 0.218056 0.416406 0.218056 0.418750 0.216667 0.422656 0.223611 0.422656 0.225000 0.425000 0.229167 0.425000 0.226389 0.425000 0.219444 0.424219 0.218056 0.424219 0.212500 0.425000 0.209722
24 0.217969 0.208333 0.219531 0.209722 0.220312 0.211111 0.225781 0.209722 0.221094 0.209722 0.220312 0.208333 0.217969 0.208333
24 0.168750 0.191667 0.171094 0.191667 0.171875 0.193056 0.175000 0.194444 0.187500 0.198611 0.192188 0.200000 0.196875 0.200000 0.192188 0.200000 0.189062 0.197222 0.181250 0.195833 0.178125 0.193056 0.175000 0.191667 0.168750 0.191667
24 0.434375 0.144444 0.434375 0.162500 0.437500 0.161111 0.435937 0.151389 0.436719 0.148611 0.439844 0.148611 0.438281 0.150000 0.439063 0.152778 0.440625 0.151389 0.439063 0.154167 0.439063 0.155556 0.436719 0.159722 0.435937 0.163889 0.434375 0.181944 0.439063 0.183333 0.442969 0.180556 0.441406 0.181944 0.436719 0.184722 0.435156 0.187500 0.434375 0.188889 0.433594 0.194444 0.433594 0.202778 0.435156 0.206944 0.434375 0.209722 0.437500 0.209722 0.441406 0.211111 0.439063 0.215278 0.439063 0.219444 0.439063 0.215278 0.436719 0.218056 0.433594 0.222222 0.432812 0.230556 0.433594 0.238889 0.432812 0.248611 0.432812 0.248611 0.432031 0.251389 0.430469 0.252778 0.432031 0.261111 0.433594 0.258333 0.432812 0.248611 0.432812 0.248611 0.434375 0.251389 0.436719 0.252778 0.439063 0.255556 0.438281 0.258333 0.434375 0.259722 0.432812 0.262500 0.435937 0.263889 0.436719 0.265278 0.439063 0.266667 0.436719 0.268056 0.436719 0.269444 0.435937 0.272222 0.435156 0.269444 0.433594 0.268056 0.432812 0.272222 0.434375 0.273611 0.435156 0.280556 0.436719 0.283333 0.438281 0.284722 0.435937 0.284722 0.435156 0.283333 0.433594 0.283333 0.432031 0.293056 0.432812 0.304167 0.432812 0.308333 0.432031 0.329167 0.433594 0.331944 0.435937 0.333333 0.437500 0.333333 0.437500 0.336111 0.438281 0.337500 0.439063 0.345833 0.437500 0.344444 0.433594 0.344444 0.432031 0.347222 0.432031 0.397222 0.437500 0.400000 0.437500 0.402778 0.435937 0.405556 0.435937 0.411111 0.435156 0.412500 0.435156 0.415278 0.432812 0.416667 0.434375 0.423611 0.432812 0.431944 0.432812 0.448611 0.430469 0.450000 0.433594 0.452778 0.433594 0.456944 0.434375 0.462500 0.435937 0.466667 0.431250 0.468056 0.432031 0.481944 0.430469 0.481944 0.429688 0.475000 0.428906 0.481944 0.427344 0.484722 0.425781 0.481944 0.425781 0.476389 0.425000 0.473611 0.423438 0.473611 0.423438 0.468056 0.423438 0.465278 0.424219 0.459722 0.423438 0.448611 0.425000 0.436111 0.425000 0.430556 0.424219 0.429167 0.425000 0.422222 0.425000 0.418056 0.424219 0.413889 0.422656 0.411111 0.424219 0.405556 0.421094 0.401389 0.417969 0.400000 0.419531 0.397222 0.423438 0.397222 0.425000 0.394444 0.425000 0.391667 0.425000 0.386111 0.424219 0.370833 0.424219 0.343056 0.424219 0.330556 0.425781 0.311111 0.425000 0.290278 0.425000 0.286111 0.425781 0.275000 0.424219 0.272222 0.425000 0.269444 0.425000 0.269444 0.427344 0.259722 0.427344 0.252778 0.425781 0.245833 0.425000 0.250000 0.423438 0.251389 0.425000 0.255556 0.424219 0.252778 0.421094 0.254167 0.420312 0.256944 0.424219 0.258333 0.424219 0.263889 0.420312 0.265278 0.421875 0.266667 0.422656 0.268056 0.425000 0.269444 0.425000 0.269444 0.422656 0.272222 0.420312 0.270833 0.418750 0.269444 0.417969 0.261111 0.421094 0.255556 0.421875 0.251389 0.422656 0.248611 0.425781 0.245833 0.427344 0.204167 0.427344 0.165278 0.428125 0.154167 0.428906 0.148611 0.431250 0.143056 0.434375 0.144444
24 0.000000 0.122222 0.000000 0.125000 0.009375 0.126389 0.006250 0.127778 0.008594 0.127778 0.009375 0.129167 0.012500 0.130556 0.014844 0.127778 0.018750 0.130556 0.016406 0.131944 0.017969 0.131944 0.021094 0.131944 0.024219 0.133333 0.025000 0.136111 0.027344 0.134722 0.029687 0.136111 0.037500 0.141667 0.040625 0.143056 0.043750 0.144444 0.050781 0.147222 0.057813 0.147222 0.063281 0.148611 0.064844 0.151389 0.063281 0.152778 0.067969 0.152778 0.068750 0.154167 0.073438 0.154167 0.078906 0.155556 0.081250 0.158333 0.084375 0.159722 0.089063 0.159722 0.092969 0.161111 0.099219 0.165278 0.106250 0.166667 0.107031 0.168056 0.109375 0.166667 0.107813 0.166667 0.107031 0.165278 0.104688 0.165278 0.101562 0.162500 0.096875 0.162500 0.090625 0.158333 0.083594 0.156944 0.079687 0.155556 0.067187 0.148611 0.054688 0.144444 0.051562 0.141667 0.048438 0.140278 0.041406 0.138889 0.037500 0.137500 0.034375 0.134722 0.023438 0.130556 0.012500 0.127778 0.002344 0.123611 0.001563 0.122222 0.000000 0.122222
24 0.423438 0.086111 0.423438 0.090278 0.422656 0.091667 0.422656 0.098611 0.422656 0.094444 0.423438 0.088889 0.423438 0.086111
24 0.425000 0.066667 0.424219 0.069444 0.423438 0.072222 0.423438 0.079167 0.425781 0.075000 0.425000 0.070833 0.426563 0.066667 0.425000 0.066667
24 0.434375 0.001389 0.439063 0.000000 0.438281 0.012500 0.440625 0.012500 0.440625 0.016667 0.446094 0.018056 0.443750 0.019444 0.442969 0.020833 0.440625 0.020833 0.440625 0.029167 0.440625 0.031944 0.439063 0.030556 0.438281 0.036111 0.437500 0.037500 0.434375 0.037500 0.433594 0.040278 0.434375 0.045833 0.434375 0.037500 0.437500 0.037500 0.437500 0.041667 0.437500 0.044444 0.439063 0.050000 0.439844 0.051389 0.440625 0.055556 0.442969 0.058333 0.442188 0.069444 0.442969 0.073611 0.441406 0.079167 0.442188 0.084722 0.439844 0.087500 0.439063 0.090278 0.438281 0.094444 0.439063 0.097222 0.437500 0.098611 0.437500 0.102778 0.435937 0.106944 0.435937 0.109722 0.435156 0.122222 0.436719 0.123611 0.437500 0.131944 0.439063 0.134722 0.437500 0.136111 0.441406 0.136111 0.440625 0.138889 0.439063 0.141667 0.439063 0.144444 0.436719 0.143056 0.435937 0.140278 0.435156 0.141667 0.430469 0.140278 0.428906 0.138889 0.427344 0.136111 0.427344 0.125000 0.428125 0.123611 0.427344 0.111111 0.428125 0.095833 0.428906 0.084722 0.430469 0.079167 0.431250 0.073611 0.428906 0.065278 0.428906 0.058333 0.426563 0.055556 0.426563 0.050000 0.427344 0.044444 0.428906 0.043056 0.428125 0.030556 0.427344 0.025000 0.424219 0.023611 0.427344 0.020833 0.428125 0.018056 0.428906 0.012500 0.428125 0.004167 0.428906 0.002778 0.428906 0.000000 0.434375 0.001389
24 0.304688 0.000000 0.304688 0.016667 0.305469 0.027778 0.307812 0.033333 0.307031 0.052778 0.307031 0.063889 0.307812 0.109722 0.310156 0.113889 0.308594 0.118056 0.308594 0.119444 0.307812 0.120833 0.304688 0.123611 0.307031 0.125000 0.309375 0.122222 0.310937 0.120833 0.311719 0.123611 0.321094 0.122222 0.319531 0.120833 0.321094 0.120833 0.321875 0.122222 0.323437 0.122222 0.323437 0.118056 0.325000 0.120833 0.325781 0.120833 0.327344 0.123611 0.328906 0.120833 0.325781 0.120833 0.325000 0.120833 0.328906 0.118056 0.326562 0.116667 0.328125 0.115278 0.329688 0.115278 0.329688 0.118056 0.331250 0.113889 0.332813 0.112500 0.335156 0.115278 0.336719 0.115278 0.338281 0.118056 0.339062 0.122222 0.336719 0.123611 0.335938 0.125000 0.334375 0.125000 0.331250 0.123611 0.328125 0.125000 0.327344 0.126389 0.325781 0.126389 0.325781 0.123611 0.321875 0.125000 0.324219 0.126389 0.320312 0.127778 0.317188 0.129167 0.315625 0.130556 0.314063 0.131944 0.317188 0.136111 0.317969 0.134722 0.319531 0.134722 0.313281 0.137500 0.310937 0.141667 0.311719 0.147222 0.310937 0.158333 0.311719 0.159722 0.311719 0.168056 0.311719 0.181944 0.310937 0.194444 0.308594 0.198611 0.307812 0.222222 0.308594 0.234722 0.309375 0.238889 0.311719 0.240278 0.310156 0.240278 0.309375 0.245833 0.311719 0.247222 0.310937 0.251389 0.310937 0.255556 0.308594 0.258333 0.307031 0.261111 0.307812 0.263889 0.308594 0.258333 0.310937 0.255556 0.311719 0.258333 0.314063 0.258333 0.315625 0.256944 0.314844 0.261111 0.314063 0.266667 0.314844 0.269444 0.315625 0.273611 0.313281 0.275000 0.312500 0.277778 0.311719 0.283333 0.310937 0.287500 0.312500 0.293056 0.312500 0.298611 0.311719 0.309722 0.310156 0.315278 0.311719 0.319444 0.311719 0.330556 0.310937 0.326389 0.310937 0.334722 0.310156 0.337500 0.311719 0.338889 0.313281 0.340278 0.313281 0.350000 0.311719 0.356944 0.311719 0.365278 0.313281 0.369444 0.313281 0.373611 0.312500 0.395833 0.313281 0.398611 0.317188 0.405556 0.317188 0.411111 0.314063 0.426389 0.313281 0.433333 0.312500 0.438889 0.312500 0.443056 0.313281 0.448611 0.314063 0.452778 0.315625 0.456944 0.316406 0.461111 0.317188 0.466667 0.312500 0.469444 0.312500 0.466667 0.310156 0.456944 0.310156 0.431944 0.311719 0.409722 0.311719 0.405556 0.310156 0.393056 0.310937 0.373611 0.309375 0.355556 0.309375 0.537500 0.307812 0.538889 0.309375 0.552778 0.308594 0.551389 0.307812 0.568056 0.309375 0.573611 0.310156 0.566667 0.308594 0.551389 0.309375 0.552778 0.310156 0.545833 0.314844 0.547222 0.317969 0.544444 0.320312 0.538889 0.318750 0.543056 0.317969 0.545833 0.319531 0.547222 0.317188 0.551389 0.317969 0.552778 0.314063 0.555556 0.312500 0.556944 0.310937 0.562500 0.311719 0.566667 0.311719 0.577778 0.311719 0.583333 0.310156 0.588889 0.310937 0.600000 0.310937 0.604167 0.311719 0.605556 0.311719 0.609722 0.310937 0.618056 0.309375 0.618056 0.308594 0.606944 0.308594 0.620833 0.307812 0.622222 0.310156 0.623611 0.308594 0.623611 0.308594 0.643056 0.309375 0.636111 0.310937 0.636111 0.310937 0.644444 0.310937 0.647222 0.308594 0.650000 0.308594 0.652778 0.309375 0.655556 0.311719 0.656944 0.310156 0.658333 0.311719 0.662500 0.310937 0.673611 0.309375 0.676389 0.310156 0.679167 0.311719 0.677778 0.310937 0.680556 0.310156 0.680556 0.308594 0.683333 0.307812 0.695833 0.307812 0.745833 0.309375 0.765278 0.309375 0.768056 0.308594 0.787500 0.309375 0.791667 0.310156 0.794444 0.306250 0.791667 0.304688 0.788889 0.303125 0.787500 0.301563 0.788889 0.300781 0.791667 0.300000 0.797222 0.293750 0.795833 0.291406 0.798611 0.290625 0.795833 0.288281 0.795833 0.285156 0.791667 0.285938 0.788889 0.285156 0.784722 0.283594 0.786111 0.280469 0.790278 0.282031 0.791667 0.283594 0.794444 0.285156 0.791667 0.288281 0.795833 0.287500 0.801389 0.284375 0.808333 0.281250 0.813889 0.279687 0.813889 0.278125 0.813889 0.275781 0.808333 0.271094 0.809722 0.268750 0.809722 0.270313 0.805556 0.273438 0.806944 0.274219 0.808333 0.275781 0.808333 0.277344 0.805556 0.272656 0.802778 0.271094 0.800000 0.267188 0.804167 0.264844 0.804167 0.263281 0.802778 0.261719 0.794444 0.262500 0.784722 0.259375 0.784722 0.257031 0.788889 0.257812 0.791667 0.255469 0.793056 0.254688 0.801389 0.253906 0.804167 0.253125 0.800000 0.251563 0.798611 0.251563 0.795833 0.253906 0.791667 0.255469 0.787500 0.255469 0.784722 0.257812 0.777778 0.259375 0.775000 0.261719 0.779167 0.263281 0.780556 0.264844 0.773611 0.271094 0.775000 0.274219 0.772222 0.275781 0.773611 0.277344 0.773611 0.282031 0.765278 0.278125 0.763889 0.275781 0.768056 0.272656 0.769444 0.272656 0.765278 0.274219 0.765278 0.276562 0.759722 0.278125 0.763889 0.280469 0.756944 0.280469 0.752778 0.278906 0.750000 0.278125 0.744444 0.277344 0.755556 0.275781 0.755556 0.275000 0.756944 0.272656 0.756944 0.270313 0.758333 0.268750 0.759722 0.267188 0.761111 0.266406 0.766667 0.264062 0.763889 0.266406 0.756944 0.267969 0.755556 0.270313 0.755556 0.270313 0.754167 0.274219 0.745833 0.272656 0.743056 0.271875 0.740278 0.275000 0.736111 0.273438 0.734722 0.278125 0.734722 0.278125 0.729167 0.277344 0.730556 0.272656 0.727778 0.273438 0.723611 0.275781 0.718056 0.275781 0.709722 0.277344 0.704167 0.277344 0.705556 0.278125 0.706944 0.278906 0.715278 0.278906 0.690278 0.277344 0.698611 0.277344 0.705556 0.277344 0.704167 0.275781 0.700000 0.275781 0.697222 0.278125 0.693056 0.278125 0.687500 0.279687 0.686111 0.278906 0.620833 0.278125 0.629167 0.278125 0.625000 0.278125 0.618056 0.279687 0.618056 0.280469 0.612500 0.278125 0.611111 0.278125 0.605556 0.276562 0.605556 0.276562 0.581944 0.278125 0.581944 0.278906 0.577778 0.278125 0.565278 0.275781 0.562500 0.275781 0.556944 0.277344 0.555556 0.278906 0.555556 0.279687 0.550000 0.274219 0.548611 0.275000 0.545833 0.278906 0.544444 0.280469 0.550000 0.280469 0.527778 0.279687 0.540278 0.275781 0.538889 0.274219 0.537500 0.273438 0.534722 0.273438 0.529167 0.274219 0.525000 0.274219 0.522222 0.275781 0.520833 0.276562 0.511111 0.278125 0.508333 0.278125 0.505556 0.277344 0.500000 0.278906 0.498611 0.278906 0.487500 0.278125 0.480556 0.278125 0.477778 0.278125 0.470833 0.279687 0.469444 0.279687 0.461111 0.282031 0.458333 0.281250 0.447222 0.280469 0.455556 0.280469 0.450000 0.279687 0.448611 0.278906 0.406944 0.276562 0.411111 0.275781 0.413889 0.275000 0.397222 0.276562 0.395833 0.278906 0.395833 0.280469 0.393056 0.279687 0.388889 0.279687 0.384722 0.278125 0.370833 0.278125 0.366667 0.279687 0.355556 0.279687 0.352778 0.278125 0.350000 0.280469 0.348611 0.280469 0.440278 0.282031 0.443056 0.282813 0.406944 0.281250 0.336111 0.282031 0.334722 0.283594 0.329167 0.282813 0.286111 0.281250 0.304167 0.280469 0.325000 0.282031 0.334722 0.281250 0.336111 0.280469 0.344444 0.278906 0.344444 0.280469 0.331944 0.279687 0.312500 0.279687 0.306944 0.280469 0.286111 0.278906 0.265278 0.278906 0.262500 0.279687 0.261111 0.279687 0.258333 0.281250 0.256944 0.282813 0.261111 0.282813 0.269444 0.284375 0.266667 0.282813 0.261111 0.281250 0.256944 0.281250 0.254167 0.281250 0.248611 0.282813 0.255556 0.282813 0.237500 0.282031 0.244444 0.280469 0.231944 0.280469 0.229167 0.282813 0.234722 0.282813 0.225000 0.281250 0.226389 0.280469 0.222222 0.282031 0.223611 0.282031 0.209722 0.281250 0.201389 0.279687 0.195833 0.282031 0.194444 0.282813 0.165278 0.279687 0.163889 0.283594 0.161111 0.283594 0.158333 0.283594 0.155556 0.282031 0.134722 0.282813 0.131944 0.281250 0.130556 0.282813 0.127778 0.282031 0.122222 0.281250 0.125000 0.282031 0.120833 0.281250 0.118056 0.281250 0.087500 0.281250 0.077778 0.282031 0.076389 0.282031 0.065278 0.283594 0.065278 0.283594 0.000000 0.304688 0.000000
24 0.281250 0.020833 0.282031 0.022222 0.282031 0.027778 0.282031 0.022222 0.281250 0.020833 0.281250 0.016667 0.282031 0.000000 0.281250 0.020833
29 0.388281 0.376389 0.385937 0.380556 0.385156 0.383333 0.385156 0.387500 0.385937 0.412500 0.386719 0.415278 0.388281 0.418056 0.389844 0.419444 0.395313 0.419444 0.396094 0.416667 0.396875 0.408333 0.396875 0.390278 0.395313 0.384722 0.395313 0.377778 0.393750 0.376389 0.392188 0.375000 0.388281 0.376389
29 0.322656 0.368056 0.321094 0.369444 0.319531 0.372222 0.318750 0.377778 0.317969 0.394444 0.317969 0.412500 0.323437 0.412500 0.326562 0.411111 0.327344 0.409722 0.328906 0.409722 0.329688 0.406944 0.329688 0.376389 0.328906 0.372222 0.327344 0.369444 0.325781 0.368056 0.322656 0.368056
29 0.003906 0.136111 0.002344 0.138889 0.001563 0.158333 0.000000 0.158333 0.000000 0.211111 0.002344 0.212500 0.003906 0.216667 0.005469 0.218056 0.013281 0.219444 0.017969 0.218056 0.018750 0.215278 0.021094 0.206944 0.021875 0.183333 0.021875 0.176389 0.021094 0.166667 0.021875 0.150000 0.021094 0.145833 0.020313 0.143056 0.018750 0.140278 0.017188 0.138889 0.014063 0.137500 0.007812 0.136111 0.003906 0.136111
29 0.359375 0.120833 0.357031 0.122222 0.354687 0.125000 0.347656 0.126389 0.342969 0.126389 0.342187 0.125000 0.336719 0.125000 0.333594 0.126389 0.330469 0.131944 0.326562 0.136111 0.321094 0.136111 0.316406 0.137500 0.313281 0.138889 0.311719 0.141667 0.312500 0.148611 0.311719 0.158333 0.312500 0.159722 0.312500 0.168056 0.312500 0.181944 0.311719 0.183333 0.311719 0.194444 0.312500 0.195833 0.311719 0.206944 0.311719 0.215278 0.312500 0.225000 0.313281 0.227778 0.316406 0.233333 0.317969 0.234722 0.321875 0.234722 0.324219 0.236111 0.325781 0.237500 0.329688 0.244444 0.332813 0.247222 0.329688 0.252778 0.338281 0.252778 0.341406 0.245833 0.342969 0.243056 0.344531 0.241667 0.346875 0.240278 0.351562 0.238889 0.357031 0.238889 0.359375 0.240278 0.360938 0.241667 0.365625 0.237500 0.369531 0.233333 0.372656 0.227778 0.373437 0.225000 0.374219 0.222222 0.375000 0.218056 0.374219 0.186111 0.374219 0.181944 0.375000 0.180556 0.375000 0.176389 0.374219 0.140278 0.373437 0.136111 0.372656 0.133333 0.370312 0.127778 0.368750 0.126389 0.367188 0.125000 0.365625 0.125000 0.361719 0.120833 0.359375 0.120833
29 0.305469 0.000000 0.305469 0.016667 0.306250 0.027778 0.307031 0.030556 0.307812 0.031944 0.309375 0.033333 0.318750 0.033333 0.322656 0.034722 0.325000 0.036111 0.331250 0.040278 0.332813 0.041667 0.334375 0.044444 0.335938 0.045833 0.341406 0.050000 0.343750 0.051389 0.347656 0.051389 0.349219 0.050000 0.353125 0.041667 0.357031 0.041667 0.360938 0.038889 0.364844 0.038889 0.367188 0.040278 0.372656 0.045833 0.376563 0.045833 0.378125 0.044444 0.380469 0.041667 0.382031 0.037500 0.384375 0.030556 0.385156 0.025000 0.385156 0.005556 0.384375 0.004167 0.384375 0.000000 0.305469 0.000000
25 0.514844 0.519444 0.514844 0.527778 0.516406 0.527778 0.516406 0.520833 0.514844 0.519444
25 0.410938 0.490278 0.409375 0.491667 0.407813 0.494444 0.407813 0.497222 0.409375 0.497222 0.410156 0.498611 0.412500 0.498611 0.413281 0.497222 0.416406 0.497222 0.417969 0.495833 0.416406 0.493056 0.414062 0.494444 0.412500 0.491667 0.410938 0.490278
25 0.554688 0.476389 0.554688 0.480556 0.553125 0.481944 0.553906 0.484722 0.553125 0.488889 0.554688 0.488889 0.557813 0.488889 0.557813 0.486111 0.557813 0.479167 0.557031 0.475000 0.554688 0.476389
25 0.553125 0.463889 0.551562 0.468056 0.550000 0.470833 0.551562 0.472222 0.553906 0.472222 0.554688 0.469444 0.554688 0.466667 0.553125 0.463889
25 0.585938 0.447222 0.585156 0.451389 0.582812 0.469444 0.582031 0.477778 0.582812 0.480556 0.588281 0.469444 0.588281 0.466667 0.588281 0.447222 0.585938 0.447222
25 0.525000 0.434722 0.527344 0.436111 0.529687 0.437500 0.533594 0.443056 0.534375 0.443056 0.535937 0.455556 0.535156 0.472222 0.536719 0.473611 0.536719 0.476389 0.534375 0.477778 0.533594 0.476389 0.533594 0.483333 0.534375 0.480556 0.532813 0.484722 0.533594 0.488889 0.533594 0.490278 0.532813 0.487500 0.531250 0.488889 0.531250 0.494444 0.532031 0.491667 0.533594 0.490278 0.533594 0.488889 0.535156 0.490278 0.536719 0.490278 0.539062 0.488889 0.541406 0.486111 0.544531 0.486111 0.545312 0.487500 0.548438 0.488889 0.546875 0.487500 0.545312 0.487500 0.542969 0.488889 0.541406 0.490278 0.539844 0.491667 0.537500 0.494444 0.534375 0.500000 0.530469 0.501389 0.528906 0.505556 0.527344 0.506944 0.526563 0.491667 0.525000 0.497222 0.525000 0.506944 0.525000 0.493056 0.521875 0.501389 0.522656 0.508333 0.521875 0.509722 0.522656 0.518056 0.521875 0.523611 0.517969 0.522222 0.518750 0.519444 0.521875 0.516667 0.521094 0.486111 0.522656 0.487500 0.523438 0.488889 0.522656 0.490278 0.525000 0.487500 0.522656 0.487500 0.521094 0.486111 0.519531 0.486111 0.517969 0.484722 0.515625 0.479167 0.514062 0.479167 0.513281 0.476389 0.515625 0.473611 0.515625 0.469444 0.513281 0.473611 0.513281 0.476389 0.514062 0.479167 0.513281 0.490278 0.513281 0.487500 0.512500 0.486111 0.511719 0.469444 0.512500 0.459722 0.509375 0.458333 0.509375 0.455556 0.510156 0.454167 0.510156 0.451389 0.512500 0.450000 0.511719 0.445833 0.513281 0.454167 0.514844 0.451389 0.515625 0.452778 0.515625 0.454167 0.516406 0.459722 0.517188 0.455556 0.515625 0.452778 0.514844 0.451389 0.516406 0.451389 0.517188 0.450000 0.520312 0.451389 0.521094 0.447222 0.522656 0.445833 0.524219 0.445833 0.528125 0.450000 0.529687 0.451389 0.528906 0.445833 0.525781 0.443056 0.521094 0.441667 0.520312 0.444444 0.518750 0.445833 0.518750 0.447222 0.517188 0.450000 0.516406 0.451389 0.517969 0.448611 0.518750 0.443056 0.517969 0.440278 0.519531 0.438889 0.520312 0.436111 0.520312 0.438889 0.521875 0.437500 0.521875 0.436111 0.525000 0.434722
25 0.666406 0.319444 0.669531 0.320833 0.667188 0.322222 0.665625 0.325000 0.667188 0.330556 0.668750 0.330556 0.667969 0.333333 0.669531 0.334722 0.669531 0.337500 0.668750 0.334722 0.667188 0.337500 0.666406 0.336111 0.668750 0.341667 0.668750 0.343056 0.670312 0.344444 0.668750 0.344444 0.670312 0.348611 0.671875 0.351389 0.673438 0.337500 0.673438 0.330556 0.672656 0.323611 0.671094 0.322222 0.672656 0.320833 0.674219 0.322222 0.673438 0.348611 0.674219 0.355556 0.674219 0.359722 0.672656 0.363889 0.673438 0.383333 0.672656 0.391667 0.673438 0.394444 0.671875 0.404167 0.671875 0.413889 0.670312 0.422222 0.671094 0.426389 0.670312 0.429167 0.671094 0.426389 0.669531 0.409722 0.668750 0.400000 0.665625 0.398611 0.669531 0.400000 0.669531 0.395833 0.669531 0.391667 0.666406 0.394444 0.664844 0.394444 0.664062 0.391667 0.662500 0.393056 0.660156 0.395833 0.656250 0.394444 0.658594 0.391667 0.658594 0.391667 0.659375 0.377778 0.658594 0.375000 0.656250 0.376389 0.657813 0.380556 0.658594 0.391667 0.658594 0.391667 0.656250 0.387500 0.656250 0.384722 0.657813 0.383333 0.657813 0.380556 0.656250 0.379167 0.657031 0.373611 0.657031 0.369444 0.658594 0.366667 0.655469 0.363889 0.655469 0.370833 0.652344 0.372222 0.653906 0.372222 0.654687 0.368056 0.653125 0.366667 0.652344 0.359722 0.650781 0.358333 0.648438 0.358333 0.654687 0.358333 0.656250 0.358333 0.657031 0.355556 0.658594 0.354167 0.657031 0.351389 0.656250 0.358333 0.654687 0.358333 0.655469 0.350000 0.653906 0.345833 0.650781 0.344444 0.655469 0.343056 0.654687 0.341667 0.657813 0.338889 0.657813 0.340278 0.660156 0.341667 0.660156 0.337500 0.657813 0.340278 0.657813 0.338889 0.657813 0.330556 0.660937 0.327778 0.663281 0.325000 0.666406 0.319444
25 0.600781 0.309722 0.600000 0.323611 0.600000 0.329167 0.600781 0.344444 0.601562 0.341667 0.602344 0.334722 0.602344 0.311111 0.600781 0.309722
25 0.564063 0.275000 0.568750 0.276389 0.569531 0.280556 0.570312 0.283333 0.572656 0.283333 0.577344 0.283333 0.580469 0.283333 0.584375 0.283333 0.582812 0.281944 0.584375 0.281944 0.585156 0.283333 0.586719 0.286111 0.588281 0.280556 0.589063 0.275000 0.589844 0.288889 0.590625 0.294444 0.592187 0.297222 0.592969 0.288889 0.592969 0.293056 0.593750 0.294444 0.594531 0.304167 0.595313 0.293056 0.596094 0.291667 0.596094 0.288889 0.596875 0.293056 0.597656 0.294444 0.598437 0.325000 0.598437 0.330556 0.598437 0.345833 0.596875 0.348611 0.596875 0.354167 0.594531 0.361111 0.592969 0.363889 0.592187 0.355556 0.591406 0.358333 0.590625 0.359722 0.589844 0.363889 0.589844 0.370833 0.589063 0.375000 0.587500 0.379167 0.586719 0.386111 0.586719 0.394444 0.587500 0.409722 0.585938 0.409722 0.585938 0.373611 0.583594 0.372222 0.582812 0.376389 0.580469 0.380556 0.580469 0.415278 0.583594 0.416667 0.585156 0.418056 0.581250 0.418056 0.581250 0.423611 0.580469 0.427778 0.582812 0.429167 0.581250 0.433333 0.579688 0.448611 0.580469 0.458333 0.580469 0.469444 0.579688 0.475000 0.579688 0.477778 0.580469 0.480556 0.577344 0.481944 0.578906 0.483333 0.577344 0.484722 0.577344 0.479167 0.575781 0.476389 0.577344 0.472222 0.577344 0.466667 0.578125 0.470833 0.579688 0.468056 0.578906 0.465278 0.577344 0.463889 0.577344 0.456944 0.578906 0.455556 0.578125 0.452778 0.577344 0.451389 0.575781 0.448611 0.575781 0.444444 0.576562 0.443056 0.576562 0.438889 0.575781 0.426389 0.575000 0.418056 0.571875 0.416667 0.575000 0.415278 0.575781 0.412500 0.574219 0.404167 0.573438 0.380556 0.571875 0.383333 0.570312 0.381944 0.568750 0.377778 0.564844 0.377778 0.564063 0.380556 0.564844 0.388889 0.564063 0.394444 0.564063 0.397222 0.564844 0.400000 0.569531 0.401389 0.570312 0.404167 0.567969 0.406944 0.566406 0.406944 0.565625 0.404167 0.567187 0.402778 0.564063 0.400000 0.561719 0.401389 0.559375 0.404167 0.557031 0.404167 0.556250 0.408333 0.557813 0.411111 0.558594 0.408333 0.558594 0.415278 0.554688 0.423611 0.549219 0.415278 0.550781 0.412500 0.550781 0.409722 0.550781 0.408333 0.553906 0.402778 0.552344 0.398611 0.552344 0.398611 0.554688 0.400000 0.554688 0.402778 0.556250 0.404167 0.557031 0.400000 0.555469 0.397222 0.553906 0.395833 0.552344 0.398611 0.552344 0.398611 0.550781 0.400000 0.550000 0.401389 0.547656 0.406944 0.550781 0.408333 0.550781 0.409722 0.546875 0.409722 0.549219 0.404167 0.546094 0.401389 0.549219 0.400000 0.551562 0.395833 0.550000 0.390278 0.560156 0.391667 0.561719 0.388889 0.561719 0.376389 0.560937 0.368056 0.559375 0.365278 0.556250 0.365278 0.558594 0.365278 0.558594 0.359722 0.559375 0.354167 0.558594 0.351389 0.557813 0.351389 0.555469 0.351389 0.555469 0.348611 0.553125 0.365278 0.553125 0.361111 0.552344 0.355556 0.550781 0.352778 0.550781 0.337500 0.550781 0.333333 0.552344 0.331944 0.554688 0.337500 0.556250 0.334722 0.556250 0.326389 0.555469 0.322222 0.553906 0.325000 0.553906 0.327778 0.552344 0.331944 0.550781 0.333333 0.548438 0.330556 0.550781 0.326389 0.550781 0.319444 0.550781 0.316667 0.551562 0.308333 0.550781 0.305556 0.555469 0.305556 0.556250 0.300000 0.558594 0.300000 0.558594 0.308333 0.559375 0.305556 0.560156 0.304167 0.561719 0.298611 0.561719 0.293056 0.564063 0.288889 0.562500 0.287500 0.561719 0.283333 0.562500 0.281944 0.562500 0.275000 0.564063 0.275000
27 0.670312 0.294444 0.669531 0.297222 0.671094 0.295833 0.672656 0.298611 0.670312 0.294444
27 0.213281 0.209722 0.211719 0.212500 0.213281 0.212500 0.214062 0.211111 0.219531 0.211111 0.217969 0.209722 0.213281 0.209722
27 0.434375 0.200000 0.434375 0.202778 0.435937 0.206944 0.435156 0.209722 0.436719 0.209722 0.441406 0.213889 0.439844 0.215278 0.444531 0.215278 0.451562 0.211111 0.454688 0.209722 0.452344 0.209722 0.451562 0.208333 0.447656 0.206944 0.443750 0.205556 0.442188 0.209722 0.437500 0.208333 0.437500 0.204167 0.436719 0.201389 0.434375 0.200000
27 0.513281 0.188889 0.512500 0.190278 0.510156 0.190278 0.512500 0.191667 0.513281 0.198611 0.514062 0.195833 0.515625 0.195833 0.516406 0.193056 0.517969 0.188889 0.513281 0.188889
27 0.439063 0.190278 0.441406 0.190278 0.439844 0.188889 0.439063 0.190278
27 0.435937 0.141667 0.435156 0.145833 0.435937 0.147222 0.435156 0.162500 0.435156 0.151389 0.435937 0.148611 0.437500 0.145833 0.439063 0.145833 0.442188 0.150000 0.444531 0.145833 0.444531 0.141667 0.439844 0.141667 0.439063 0.145833 0.437500 0.145833 0.435937 0.141667
27 0.322656 0.125000 0.321094 0.126389 0.322656 0.125000 0.324219 0.129167 0.320312 0.129167 0.317188 0.130556 0.314063 0.134722 0.317188 0.134722 0.317969 0.133333 0.320312 0.134722 0.318750 0.136111 0.320312 0.136111 0.321094 0.134722 0.326562 0.134722 0.330469 0.130556 0.333594 0.125000 0.331250 0.125000 0.330469 0.126389 0.328125 0.126389 0.327344 0.127778 0.325781 0.127778 0.325781 0.125000 0.322656 0.125000
27 0.672656 0.001389 0.675000 0.001389 0.685937 0.000000 0.686719 0.002778 0.685156 0.004167 0.681250 0.002778 0.677344 0.005556 0.673438 0.004167 0.672656 0.009722 0.671094 0.011111 0.668750 0.012500 0.664844 0.012500 0.662500 0.013889 0.660156 0.016667 0.657813 0.018056 0.656250 0.016667 0.653125 0.018056 0.650000 0.019444 0.649219 0.022222 0.646875 0.020833 0.646875 0.023611 0.643750 0.022222 0.642969 0.025000 0.641406 0.023611 0.638281 0.025000 0.635156 0.027778 0.629687 0.029167 0.627344 0.031944 0.618750 0.036111 0.610156 0.038889 0.604688 0.043056 0.599219 0.045833 0.595313 0.045833 0.595313 0.048611 0.592187 0.051389 0.589844 0.051389 0.589063 0.052778 0.584375 0.052778 0.583594 0.054167 0.578125 0.055556 0.575000 0.054167 0.572656 0.056944 0.570312 0.056944 0.568750 0.058333 0.567969 0.059722 0.566406 0.061111 0.567187 0.081944 0.569531 0.083333 0.571094 0.084722 0.572656 0.086111 0.573438 0.087500 0.571875 0.088889 0.574219 0.095833 0.575781 0.091667 0.573438 0.087500 0.572656 0.086111 0.577344 0.091667 0.576562 0.094444 0.577344 0.098611 0.578906 0.100000 0.583594 0.100000 0.584375 0.104167 0.588281 0.111111 0.588281 0.122222 0.589063 0.126389 0.590625 0.112500 0.589844 0.111111 0.589844 0.108333 0.590625 0.111111 0.591406 0.112500 0.591406 0.126389 0.592969 0.127778 0.593750 0.130556 0.591406 0.131944 0.595313 0.137500 0.598437 0.140278 0.600781 0.141667 0.602344 0.147222 0.606250 0.154167 0.608594 0.155556 0.607812 0.158333 0.606250 0.161111 0.607031 0.163889 0.609375 0.165278 0.610156 0.166667 0.610938 0.169444 0.611719 0.181944 0.612500 0.179167 0.613281 0.177778 0.614062 0.165278 0.614062 0.161111 0.613281 0.156944 0.612500 0.152778 0.611719 0.150000 0.614062 0.154167 0.614062 0.162500 0.614844 0.163889 0.614062 0.172222 0.614062 0.179167 0.614844 0.187500 0.616406 0.191667 0.614062 0.198611 0.613281 0.197222 0.607031 0.197222 0.605469 0.198611 0.604688 0.201389 0.604688 0.204167 0.603125 0.200000 0.603906 0.198611 0.601562 0.197222 0.599219 0.193056 0.597656 0.195833 0.597656 0.200000 0.596094 0.201389 0.595313 0.193056 0.592187 0.188889 0.589844 0.194444 0.589844 0.200000 0.588281 0.197222 0.588281 0.190278 0.586719 0.187500 0.584375 0.184722 0.580469 0.181944 0.579688 0.181944 0.582812 0.180556 0.581250 0.177778 0.580469 0.177778 0.578906 0.175000 0.578125 0.172222 0.576562 0.175000 0.577344 0.177778 0.576562 0.177778 0.575000 0.169444 0.571875 0.175000 0.564844 0.176389 0.572656 0.179167 0.576562 0.177778 0.577344 0.177778 0.577344 0.179167 0.578125 0.180556 0.579688 0.181944 0.580469 0.181944 0.575000 0.179167 0.573438 0.181944 0.572656 0.181944 0.571094 0.184722 0.571094 0.188889 0.569531 0.188889 0.566406 0.186111 0.565625 0.190278 0.564844 0.184722 0.562500 0.183333 0.561719 0.183333 0.553906 0.181944 0.557031 0.181944 0.559375 0.180556 0.562500 0.177778 0.553906 0.176389 0.547656 0.177778 0.542188 0.179167 0.538281 0.181944 0.539844 0.183333 0.540625 0.184722 0.542188 0.184722 0.544531 0.184722 0.545312 0.183333 0.546875 0.184722 0.545312 0.184722 0.545312 0.187500 0.542969 0.188889 0.541406 0.186111 0.539844 0.186111 0.539844 0.183333 0.536719 0.180556 0.532813 0.180556 0.530469 0.181944 0.529687 0.193056 0.526563 0.195833 0.525781 0.187500 0.529687 0.184722 0.525000 0.183333 0.519531 0.186111 0.516406 0.184722 0.509375 0.186111 0.507812 0.188889 0.506250 0.187500 0.505469 0.193056 0.505469 0.190278 0.503906 0.187500 0.501563 0.188889 0.502344 0.191667 0.501563 0.193056 0.500000 0.188889 0.493750 0.191667 0.496875 0.194444 0.500000 0.193056 0.500781 0.197222 0.502344 0.195833 0.501563 0.193056 0.502344 0.191667 0.504687 0.195833 0.502344 0.198611 0.500781 0.201389 0.499219 0.201389 0.489844 0.198611 0.488281 0.198611 0.486719 0.197222 0.490625 0.194444 0.482812 0.194444 0.486719 0.197222 0.488281 0.198611 0.482812 0.200000 0.482812 0.198611 0.478906 0.195833 0.480469 0.197222 0.481250 0.198611 0.482812 0.198611 0.482812 0.200000 0.481250 0.201389 0.479687 0.206944 0.478906 0.211111 0.479687 0.213889 0.479687 0.216667 0.478906 0.219444 0.475781 0.219444 0.471875 0.218056 0.464844 0.215278 0.461719 0.212500 0.458594 0.212500 0.457813 0.211111 0.456250 0.211111 0.459375 0.211111 0.463281 0.213889 0.467187 0.213889 0.471094 0.216667 0.475000 0.216667 0.477344 0.212500 0.476562 0.201389 0.475781 0.211111 0.474219 0.212500 0.471875 0.211111 0.467969 0.205556 0.466406 0.205556 0.464844 0.208333 0.463281 0.209722 0.458594 0.208333 0.456250 0.204167 0.454688 0.204167 0.452344 0.200000 0.450781 0.200000 0.449219 0.197222 0.447656 0.197222 0.441406 0.186111 0.440625 0.183333 0.442188 0.181944 0.440625 0.180556 0.440625 0.176389 0.443750 0.163889 0.446094 0.162500 0.445312 0.161111 0.446094 0.158333 0.447656 0.159722 0.448437 0.162500 0.453125 0.166667 0.453906 0.172222 0.460156 0.170833 0.461719 0.169444 0.464062 0.166667 0.462500 0.163889 0.460938 0.163889 0.456250 0.165278 0.455469 0.162500 0.454688 0.166667 0.453125 0.166667 0.448437 0.162500 0.450781 0.158333 0.450000 0.154167 0.453125 0.154167 0.451562 0.151389 0.450781 0.151389 0.450000 0.150000 0.449219 0.147222 0.451562 0.147222 0.452344 0.145833 0.455469 0.145833 0.456250 0.140278 0.451562 0.138889 0.450781 0.137500 0.449219 0.134722 0.446875 0.134722 0.445312 0.137500 0.442188 0.134722 0.440625 0.136111 0.438281 0.136111 0.439844 0.134722 0.438281 0.131944 0.436719 0.127778 0.435937 0.122222 0.436719 0.109722 0.436719 0.106944 0.438281 0.102778 0.438281 0.098611 0.439844 0.097222 0.439063 0.094444 0.439844 0.090278 0.440625 0.087500 0.441406 0.086111 0.442969 0.084722 0.442188 0.079167 0.443750 0.075000 0.442969 0.069444 0.442969 0.056944 0.441406 0.055556 0.441406 0.051389 0.439844 0.050000 0.438281 0.044444 0.438281 0.041667 0.438281 0.037500 0.439063 0.036111 0.439063 0.031944 0.440625 0.033333 0.441406 0.029167 0.440625 0.022222 0.445312 0.020833 0.446875 0.018056 0.441406 0.016667 0.440625 0.011111 0.439063 0.012500 0.439844 0.000000 0.672656 0.001389
27 0.428125 0.000000 0.428125 0.002778 0.428125 0.011111 0.427344 0.018056 0.426563 0.020833 0.424219 0.020833 0.426563 0.025000 0.426563 0.030556 0.428125 0.031944 0.428125 0.043056 0.426563 0.044444 0.426563 0.048611 0.425781 0.050000 0.426563 0.054167 0.425781 0.055556 0.427344 0.056944 0.428125 0.065278 0.429688 0.069444 0.430469 0.072222 0.429688 0.076389 0.428906 0.073611 0.427344 0.069444 0.425781 0.070833 0.427344 0.066667 0.425781 0.063889 0.424219 0.066667 0.423438 0.069444 0.424219 0.072222 0.422656 0.070833 0.421094 0.065278 0.420312 0.066667 0.418750 0.063889 0.417187 0.066667 0.415625 0.065278 0.415625 0.065278 0.417187 0.063889 0.418750 0.061111 0.416406 0.061111 0.415625 0.061111 0.415625 0.065278 0.415625 0.065278 0.414062 0.068056 0.413281 0.076389 0.412500 0.086111 0.413281 0.088889 0.414062 0.094444 0.417187 0.100000 0.417969 0.094444 0.419531 0.098611 0.421094 0.100000 0.421875 0.097222 0.422656 0.100000 0.423438 0.097222 0.425781 0.098611 0.426563 0.098611 0.425000 0.100000 0.426563 0.104167 0.426563 0.098611 0.425781 0.098611 0.427344 0.097222 0.426563 0.109722 0.427344 0.123611 0.426563 0.125000 0.426563 0.136111 0.428906 0.140278 0.419531 0.140278 0.413281 0.143056 0.408594 0.141667 0.406250 0.144444 0.405469 0.148611 0.410938 0.151389 0.421875 0.151389 0.422656 0.154167 0.423438 0.154167 0.425000 0.156944 0.424219 0.158333 0.426563 0.155556 0.425000 0.152778 0.423438 0.154167 0.422656 0.154167 0.424219 0.152778 0.427344 0.151389 0.427344 0.155556 0.427344 0.163889 0.426563 0.195833 0.425000 0.195833 0.425000 0.208333 0.423438 0.211111 0.419531 0.209722 0.418750 0.206944 0.418750 0.204167 0.416406 0.201389 0.417969 0.200000 0.417969 0.197222 0.414844 0.194444 0.415625 0.193056 0.414062 0.191667 0.413281 0.190278 0.410156 0.190278 0.407813 0.187500 0.400781 0.184722 0.398438 0.184722 0.397656 0.181944 0.392969 0.181944 0.391406 0.179167 0.388281 0.177778 0.385156 0.177778 0.380469 0.180556 0.375781 0.180556 0.375000 0.183333 0.375000 0.186111 0.375000 0.181944 0.375781 0.179167 0.384375 0.177778 0.375781 0.176389 0.375000 0.140278 0.374219 0.136111 0.373437 0.133333 0.371094 0.127778 0.370312 0.126389 0.368750 0.125000 0.367188 0.123611 0.361719 0.119444 0.359375 0.119444 0.357031 0.120833 0.354687 0.123611 0.347656 0.125000 0.342969 0.125000 0.342187 0.123611 0.339062 0.123611 0.338281 0.116667 0.337500 0.115278 0.335156 0.113889 0.333594 0.111111 0.332031 0.112500 0.331250 0.112500 0.329688 0.116667 0.329688 0.113889 0.328125 0.113889 0.327344 0.115278 0.325781 0.116667 0.328125 0.118056 0.325000 0.119444 0.324219 0.116667 0.322656 0.118056 0.323437 0.120833 0.321875 0.120833 0.321094 0.119444 0.318750 0.120833 0.320312 0.122222 0.310937 0.119444 0.307031 0.123611 0.305469 0.123611 0.307812 0.122222 0.309375 0.119444 0.310937 0.115278 0.310156 0.112500 0.309375 0.111111 0.308594 0.109722 0.307812 0.063889 0.307812 0.052778 0.308594 0.033333 0.318750 0.034722 0.322656 0.036111 0.325000 0.037500 0.331250 0.041667 0.332813 0.043056 0.334375 0.045833 0.335938 0.047222 0.341406 0.051389 0.343750 0.052778 0.347656 0.052778 0.349219 0.051389 0.350000 0.050000 0.353125 0.043056 0.357031 0.043056 0.360938 0.040278 0.364844 0.040278 0.367188 0.041667 0.372656 0.047222 0.376563 0.047222 0.378125 0.045833 0.379688 0.043056 0.380469 0.043056 0.381250 0.041667 0.381250 0.040278 0.382812 0.037500 0.385156 0.030556 0.385937 0.025000 0.385156 0.004167 0.385156 0.000000 0.428125 0.000000
27 0.280469 0.000000 0.281250 0.022222 0.282813 0.015278 0.282813 0.000000 0.282813 0.065278 0.281250 0.065278 0.281250 0.076389 0.280469 0.077778 0.280469 0.087500 0.280469 0.119444 0.280469 0.122222 0.281250 0.126389 0.282031 0.123611 0.282031 0.127778 0.280469 0.129167 0.281250 0.134722 0.282813 0.155556 0.282813 0.158333 0.282813 0.161111 0.282031 0.165278 0.282031 0.188889 0.278125 0.187500 0.276562 0.187500 0.278125 0.191667 0.274219 0.194444 0.275781 0.195833 0.274219 0.195833 0.273438 0.194444 0.267969 0.193056 0.262500 0.194444 0.265625 0.197222 0.267969 0.197222 0.262500 0.198611 0.258594 0.197222 0.258594 0.200000 0.257031 0.198611 0.252344 0.200000 0.255469 0.201389 0.252344 0.201389 0.251563 0.200000 0.246094 0.200000 0.239844 0.202778 0.233594 0.204167 0.232031 0.204167 0.228906 0.205556 0.224219 0.204167 0.222656 0.204167 0.221875 0.205556 0.219531 0.205556 0.217969 0.202778 0.214844 0.204167 0.209375 0.202778 0.203125 0.201389 0.196875 0.198611 0.191406 0.200000 0.192188 0.198611 0.189062 0.195833 0.185156 0.194444 0.181250 0.194444 0.178125 0.191667 0.175000 0.190278 0.167969 0.191667 0.171094 0.193056 0.175000 0.195833 0.187500 0.200000 0.192188 0.198611 0.191406 0.200000 0.194531 0.201389 0.200781 0.204167 0.203906 0.206944 0.206250 0.206944 0.207031 0.208333 0.208594 0.208333 0.206250 0.211111 0.203125 0.212500 0.199219 0.213889 0.193750 0.215278 0.187500 0.215278 0.176563 0.219444 0.171094 0.220833 0.159375 0.222222 0.153906 0.223611 0.149219 0.226389 0.137500 0.227778 0.129688 0.231944 0.123438 0.231944 0.122656 0.233333 0.121094 0.234722 0.121875 0.237500 0.121094 0.245833 0.119531 0.247222 0.118750 0.255556 0.117969 0.265278 0.117188 0.275000 0.117969 0.277778 0.115625 0.279167 0.110156 0.280556 0.101562 0.280556 0.096094 0.283333 0.089844 0.283333 0.083594 0.284722 0.078906 0.287500 0.071875 0.287500 0.068750 0.290278 0.066406 0.295833 0.066406 0.298611 0.067187 0.300000 0.067187 0.302778 0.065625 0.302778 0.065625 0.305556 0.064844 0.306944 0.064844 0.309722 0.065625 0.345833 0.064844 0.348611 0.064062 0.351389 0.062500 0.352778 0.060937 0.352778 0.063281 0.356944 0.061719 0.370833 0.060156 0.373611 0.058594 0.372222 0.057813 0.366667 0.056250 0.361111 0.054688 0.366667 0.054688 0.370833 0.046094 0.370833 0.042188 0.373611 0.052344 0.375000 0.058594 0.372222 0.060156 0.373611 0.057031 0.375000 0.036719 0.375000 0.035937 0.376389 0.030469 0.376389 0.032031 0.373611 0.021094 0.373611 0.015625 0.372222 0.014063 0.370833 0.013281 0.355556 0.011719 0.358333 0.012500 0.377778 0.010156 0.379167 0.008594 0.379167 0.007812 0.376389 0.006250 0.379167 0.005469 0.373611 0.005469 0.361111 0.006250 0.358333 0.004687 0.336111 0.003125 0.334722 0.001563 0.333333 0.000000 0.333333 0.003125 0.330556 0.001563 0.327778 0.000000 0.327778 0.000000 0.212500 0.001563 0.212500 0.003906 0.218056 0.005469 0.219444 0.013281 0.220833 0.018750 0.218056 0.019531 0.215278 0.021875 0.206944 0.022656 0.183333 0.022656 0.176389 0.021875 0.166667 0.022656 0.150000 0.021875 0.145833 0.021094 0.143056 0.018750 0.138889 0.017188 0.137500 0.014063 0.136111 0.008594 0.136111 0.007812 0.134722 0.002344 0.136111 0.001563 0.138889 0.001563 0.156944 0.000000 0.156944 0.000000 0.126389 0.009375 0.125000 0.009375 0.125000 0.008594 0.126389 0.005469 0.127778 0.009375 0.130556 0.012500 0.131944 0.014063 0.129167 0.017969 0.130556 0.015625 0.131944 0.017969 0.133333 0.024219 0.134722 0.025000 0.137500 0.027344 0.136111 0.029687 0.137500 0.037500 0.143056 0.040625 0.144444 0.043750 0.145833 0.050781 0.148611 0.057813 0.148611 0.058594 0.150000 0.064062 0.151389 0.062500 0.152778 0.068750 0.155556 0.073438 0.155556 0.078906 0.156944 0.081250 0.159722 0.084375 0.161111 0.089063 0.161111 0.092969 0.162500 0.099219 0.166667 0.106250 0.168056 0.107031 0.169444 0.109375 0.169444 0.107031 0.163889 0.101562 0.161111 0.096875 0.161111 0.090625 0.156944 0.083594 0.155556 0.079687 0.154167 0.067187 0.147222 0.054688 0.143056 0.051562 0.140278 0.048438 0.138889 0.041406 0.137500 0.037500 0.136111 0.034375 0.133333 0.023438 0.129167 0.012500 0.126389 0.011719 0.125000 0.009375 0.125000 0.009375 0.125000 0.005469 0.123611 0.002344 0.122222 0.001563 0.120833 0.000000 0.120833 0.000000 0.000000 0.280469 0.000000
28 0.222656 0.473611 0.221875 0.476389 0.221094 0.480556 0.221094 0.484722 0.217969 0.495833 0.218750 0.498611 0.221094 0.502778 0.221875 0.506944 0.222656 0.511111 0.221875 0.522222 0.221875 0.525000 0.223438 0.534722 0.224219 0.547222 0.226562 0.548611 0.228125 0.548611 0.229687 0.547222 0.231250 0.545833 0.232031 0.544444 0.232813 0.540278 0.234375 0.537500 0.235156 0.534722 0.235937 0.530556 0.235937 0.502778 0.234375 0.493056 0.233594 0.488889 0.232813 0.486111 0.232031 0.483333 0.229687 0.479167 0.228125 0.472222 0.222656 0.473611
28 0.454688 0.416667 0.453125 0.418056 0.451562 0.419444 0.450781 0.420833 0.450781 0.422222 0.449219 0.425000 0.448437 0.427778 0.447656 0.433333 0.446875 0.440278 0.446875 0.451389 0.446094 0.459722 0.445312 0.462500 0.442969 0.466667 0.437500 0.475000 0.436719 0.477778 0.435937 0.481944 0.435937 0.495833 0.434375 0.505556 0.434375 0.523611 0.438281 0.534722 0.439063 0.538889 0.439844 0.538889 0.441406 0.541667 0.442188 0.545833 0.442188 0.563889 0.442188 0.586111 0.442188 0.590278 0.441406 0.634722 0.440625 0.641667 0.439063 0.648611 0.439063 0.666667 0.438281 0.676389 0.437500 0.687500 0.436719 0.693056 0.435937 0.695833 0.434375 0.698611 0.432812 0.700000 0.431250 0.701389 0.429688 0.701389 0.426563 0.704167 0.426563 0.711111 0.428125 0.713889 0.429688 0.715278 0.431250 0.716667 0.433594 0.718056 0.435937 0.718056 0.438281 0.715278 0.442969 0.713889 0.445312 0.711111 0.447656 0.709722 0.448437 0.706944 0.450000 0.697222 0.450000 0.688889 0.450781 0.683333 0.453125 0.673611 0.453906 0.668056 0.454688 0.661111 0.454688 0.645833 0.455469 0.638889 0.456250 0.633333 0.457813 0.626389 0.461719 0.620833 0.462500 0.618056 0.464844 0.627778 0.465625 0.634722 0.465625 0.650000 0.464062 0.654167 0.462500 0.665278 0.462500 0.669444 0.466406 0.677778 0.467969 0.681944 0.468750 0.684722 0.469531 0.687500 0.470313 0.697222 0.469531 0.705556 0.468750 0.706944 0.468750 0.712500 0.470313 0.715278 0.471875 0.716667 0.474219 0.718056 0.478125 0.718056 0.480469 0.716667 0.482031 0.713889 0.482031 0.695833 0.482812 0.686111 0.483594 0.681944 0.487500 0.676389 0.488281 0.675000 0.488281 0.673611 0.489844 0.670833 0.492188 0.673611 0.492969 0.676389 0.496094 0.676389 0.500781 0.672222 0.503125 0.670833 0.506250 0.670833 0.509375 0.669444 0.513281 0.663889 0.513281 0.659722 0.514062 0.658333 0.514062 0.654167 0.513281 0.648611 0.510156 0.641667 0.509375 0.640278 0.505469 0.634722 0.505469 0.631944 0.503906 0.631944 0.503125 0.633333 0.500781 0.631944 0.499219 0.627778 0.497656 0.627778 0.496094 0.626389 0.494531 0.623611 0.493750 0.619444 0.492188 0.619444 0.489844 0.623611 0.488281 0.625000 0.485156 0.625000 0.482812 0.620833 0.482812 0.613889 0.483594 0.609722 0.485156 0.605556 0.485938 0.598611 0.486719 0.604167 0.487500 0.606944 0.489063 0.609722 0.489844 0.615278 0.489844 0.611111 0.490625 0.609722 0.490625 0.604167 0.489844 0.586111 0.487500 0.583333 0.487500 0.551389 0.488281 0.543056 0.489063 0.541667 0.489063 0.536111 0.487500 0.523611 0.487500 0.516667 0.488281 0.505556 0.487500 0.500000 0.485156 0.495833 0.484375 0.491667 0.485156 0.484722 0.484375 0.481944 0.479687 0.472222 0.478906 0.470833 0.478125 0.470833 0.476562 0.468056 0.475781 0.465278 0.475781 0.462500 0.475000 0.459722 0.472656 0.455556 0.470313 0.454167 0.468750 0.451389 0.467969 0.448611 0.467969 0.438889 0.467187 0.433333 0.466406 0.429167 0.465625 0.426389 0.461719 0.419444 0.460156 0.418056 0.456250 0.416667 0.454688 0.416667
2 0.220312 0.540278 0.220312 0.545833 0.221875 0.544444 0.220312 0.540278
2 0.485938 0.484722 0.485156 0.487500 0.485156 0.491667 0.485938 0.495833 0.488281 0.500000 0.489063 0.505556 0.488281 0.516667 0.488281 0.523611 0.489063 0.534722 0.490625 0.540278 0.494531 0.540278 0.496094 0.538889 0.496875 0.537500 0.499219 0.531944 0.501563 0.530556 0.507031 0.530556 0.509375 0.529167 0.510938 0.526389 0.510938 0.513889 0.510156 0.509722 0.509375 0.505556 0.508594 0.502778 0.506250 0.498611 0.504687 0.497222 0.502344 0.495833 0.497656 0.494444 0.492969 0.494444 0.491406 0.493056 0.490625 0.491667 0.489844 0.488889 0.488281 0.488889 0.485938 0.484722
2 0.433594 0.481944 0.431250 0.483333 0.429688 0.484722 0.421875 0.493056 0.421094 0.494444 0.421094 0.495833 0.420312 0.497222 0.418750 0.498611 0.412500 0.500000 0.409375 0.498611 0.407813 0.498611 0.403906 0.501389 0.400000 0.505556 0.397656 0.505556 0.395313 0.508333 0.392969 0.508333 0.392188 0.509722 0.390625 0.509722 0.389062 0.513889 0.388281 0.516667 0.387500 0.526389 0.386719 0.527778 0.386719 0.530556 0.387500 0.533333 0.389062 0.536111 0.390625 0.537500 0.392188 0.538889 0.393750 0.538889 0.395313 0.540278 0.397656 0.544444 0.399219 0.545833 0.403906 0.547222 0.408594 0.545833 0.412500 0.543056 0.420312 0.543056 0.425781 0.545833 0.434375 0.545833 0.435156 0.544444 0.436719 0.544444 0.436719 0.534722 0.435937 0.530556 0.434375 0.527778 0.433594 0.525000 0.432812 0.518056 0.432812 0.504167 0.433594 0.500000 0.435156 0.495833 0.435156 0.481944 0.433594 0.481944
2 0.036719 0.480556 0.050000 0.481944 0.053906 0.483333 0.057031 0.484722 0.060156 0.486111 0.063281 0.488889 0.066406 0.493056 0.067969 0.494444 0.069531 0.495833 0.071094 0.493056 0.071094 0.491667 0.072656 0.488889 0.075000 0.486111 0.078125 0.484722 0.089844 0.483333 0.092969 0.483333 0.110156 0.484722 0.117188 0.486111 0.121875 0.487500 0.122656 0.488889 0.125000 0.488889 0.126562 0.493056 0.133594 0.493056 0.136719 0.494444 0.139063 0.495833 0.141406 0.498611 0.144531 0.500000 0.148438 0.501389 0.160938 0.501389 0.166406 0.505556 0.169531 0.509722 0.171094 0.500000 0.171875 0.500000 0.173437 0.497222 0.178125 0.495833 0.196875 0.495833 0.203125 0.500000 0.207031 0.502778 0.208594 0.504167 0.210156 0.505556 0.211719 0.509722 0.216406 0.505556 0.220312 0.505556 0.221094 0.508333 0.221094 0.519444 0.220312 0.522222 0.219531 0.525000 0.215625 0.527778 0.214844 0.530556 0.214062 0.536111 0.214062 0.543056 0.213281 0.545833 0.204687 0.548611 0.187500 0.547222 0.181250 0.545833 0.179688 0.544444 0.178125 0.541667 0.177344 0.537500 0.175000 0.544444 0.173437 0.547222 0.170313 0.547222 0.167969 0.548611 0.165625 0.551389 0.163281 0.552778 0.159375 0.552778 0.157031 0.551389 0.154688 0.548611 0.143750 0.550000 0.141406 0.550000 0.140625 0.548611 0.137500 0.548611 0.135937 0.551389 0.133594 0.552778 0.121875 0.552778 0.117969 0.551389 0.116406 0.548611 0.114844 0.547222 0.101562 0.548611 0.092969 0.547222 0.089844 0.522222 0.090625 0.516667 0.089063 0.519444 0.089844 0.522222 0.092969 0.547222 0.090625 0.548611 0.090625 0.550000 0.089063 0.552778 0.088281 0.552778 0.086719 0.556944 0.085938 0.558333 0.085156 0.558333 0.083594 0.561111 0.075781 0.561111 0.073438 0.555556 0.072656 0.554167 0.071094 0.552778 0.067969 0.551389 0.060937 0.551389 0.051562 0.552778 0.048438 0.554167 0.043750 0.562500 0.042188 0.563889 0.039062 0.565278 0.030469 0.565278 0.028906 0.563889 0.028125 0.559722 0.026562 0.555556 0.025000 0.552778 0.014063 0.552778 0.007812 0.552778 0.006250 0.554167 0.003125 0.561111 0.001563 0.563889 0.000000 0.563889 0.000000 0.484722 0.001563 0.484722 0.004687 0.481944 0.028906 0.480556 0.036719 0.480556
2 0.610156 0.465278 0.602344 0.466667 0.596875 0.469444 0.591406 0.469444 0.589844 0.470833 0.588281 0.472222 0.585156 0.477778 0.585156 0.479167 0.581250 0.486111 0.578906 0.487500 0.576562 0.490278 0.571875 0.497222 0.570312 0.494444 0.569531 0.493056 0.567969 0.490278 0.561719 0.488889 0.560156 0.488889 0.559375 0.490278 0.556250 0.491667 0.550000 0.491667 0.547656 0.493056 0.544531 0.498611 0.539062 0.498611 0.536719 0.500000 0.533594 0.504167 0.528906 0.509722 0.525781 0.513889 0.525000 0.523611 0.524219 0.527778 0.524219 0.531944 0.524219 0.533333 0.536719 0.534722 0.541406 0.531944 0.557813 0.531944 0.560937 0.530556 0.562500 0.527778 0.564844 0.526389 0.565625 0.520833 0.566406 0.529167 0.567969 0.533333 0.568750 0.537500 0.571094 0.538889 0.577344 0.538889 0.580469 0.537500 0.583594 0.534722 0.587500 0.533333 0.592969 0.533333 0.595313 0.536111 0.600000 0.536111 0.602344 0.538889 0.615625 0.538889 0.617188 0.537500 0.617969 0.536111 0.617969 0.534722 0.619531 0.531944 0.621094 0.530556 0.623437 0.529167 0.628125 0.527778 0.630469 0.527778 0.632812 0.529167 0.634375 0.530556 0.637500 0.536111 0.642188 0.536111 0.645312 0.533333 0.646875 0.530556 0.646875 0.527778 0.649219 0.523611 0.669531 0.523611 0.671094 0.520833 0.671875 0.518056 0.671875 0.493056 0.671094 0.490278 0.669531 0.487500 0.667188 0.486111 0.664062 0.484722 0.657813 0.483333 0.654687 0.486111 0.650000 0.486111 0.648438 0.488889 0.647656 0.494444 0.646875 0.490278 0.646094 0.487500 0.643750 0.483333 0.643750 0.480556 0.639844 0.475000 0.638281 0.470833 0.636719 0.469444 0.634375 0.468056 0.631250 0.466667 0.625000 0.465278 0.619531 0.465278 0.618750 0.466667 0.613281 0.465278 0.610156 0.465278
19 0.693750 0.981944 0.698438 0.981944 0.699219 0.983333 0.706250 0.983333 0.700781 0.983333 0.700000 0.981944 0.693750 0.981944
19 0.432031 0.979167 0.450781 0.979167 0.470313 0.981944 0.507812 0.983333 0.526563 0.984722 0.552344 0.987500 0.578125 0.990278 0.603906 0.994444 0.629687 0.997222 0.642969 0.998611 0.648438 0.998611 0.649219 0.993056 0.653906 0.987500 0.655469 0.984722 0.655469 0.983333 0.659375 0.981944 0.653125 0.981944 0.652344 0.980556 0.567187 0.979167 0.432031 0.979167
19 0.667969 0.962500 0.667969 0.977778 0.669531 0.977778 0.672656 0.980556 0.675781 0.981944 0.689844 0.981944 0.690625 0.983333 0.692187 0.981944 0.680469 0.980556 0.682031 0.979167 0.679688 0.980556 0.679688 0.977778 0.677344 0.977778 0.675781 0.975000 0.675000 0.972222 0.675000 0.969444 0.673438 0.965278 0.671875 0.963889 0.669531 0.962500 0.667969 0.962500
19 0.989844 0.938889 0.989062 0.940278 0.987500 0.940278 0.985156 0.943056 0.985156 0.940278 0.982812 0.940278 0.982812 0.943056 0.985156 0.944444 0.982031 0.948611 0.978906 0.950000 0.979688 0.952778 0.982812 0.961111 0.982812 0.969444 0.975781 0.983333 0.978906 0.988889 0.978906 0.991667 0.980469 0.994444 0.980469 0.998611 0.999219 0.998611 0.999219 0.938889 0.989844 0.938889
19 0.870313 0.898611 0.871875 0.901389 0.875781 0.900000 0.876563 0.901389 0.879687 0.901389 0.881250 0.902778 0.885156 0.909722 0.888281 0.904167 0.890625 0.902778 0.893750 0.902778 0.895312 0.906944 0.896094 0.911111 0.899219 0.916667 0.900781 0.919444 0.903125 0.927778 0.904687 0.934722 0.903906 0.940278 0.905469 0.947222 0.902344 0.952778 0.905469 0.958333 0.905469 0.963889 0.903906 0.968056 0.904687 0.981944 0.906250 0.995833 0.907031 0.976389 0.907813 0.972222 0.909375 0.975000 0.910156 0.961111 0.909375 0.959722 0.909375 0.954167 0.910156 0.956944 0.912500 0.961111 0.912500 0.963889 0.910937 0.977778 0.913281 0.984722 0.912500 0.998611 0.911719 0.994444 0.910937 0.993056 0.910937 0.988889 0.909375 0.986111 0.907813 0.993056 0.907813 0.998611 0.889062 0.998611 0.888281 0.994444 0.887500 0.998611 0.875781 0.998611 0.875781 0.995833 0.874219 0.993056 0.874219 0.981944 0.872656 0.979167 0.880469 0.956944 0.882031 0.954167 0.880469 0.951389 0.878906 0.954167 0.880469 0.956944 0.872656 0.979167 0.871875 0.981944 0.874219 0.981944 0.874219 0.993056 0.868750 0.993056 0.864844 0.990278 0.860938 0.988889 0.858594 0.991667 0.854688 0.991667 0.852344 0.990278 0.850781 0.988889 0.851562 0.980556 0.853125 0.977778 0.853906 0.977778 0.855469 0.980556 0.857031 0.984722 0.858594 0.981944 0.857031 0.977778 0.855469 0.980556 0.853906 0.977778 0.856250 0.973611 0.856250 0.965278 0.852344 0.968056 0.852344 0.972222 0.851562 0.969444 0.851562 0.963889 0.853125 0.961111 0.853125 0.951389 0.856250 0.958333 0.859375 0.958333 0.860156 0.956944 0.859375 0.961111 0.860938 0.963889 0.862500 0.958333 0.860156 0.956944 0.859375 0.958333 0.860938 0.951389 0.861719 0.951389 0.863281 0.948611 0.863281 0.950000 0.862500 0.955556 0.865625 0.956944 0.867188 0.954167 0.867188 0.951389 0.870313 0.952778 0.870313 0.954167 0.871875 0.956944 0.873437 0.956944 0.875000 0.954167 0.872656 0.948611 0.869531 0.944444 0.867188 0.944444 0.865625 0.947222 0.864844 0.944444 0.865625 0.937500 0.863281 0.941667 0.864844 0.944444 0.865625 0.947222 0.865625 0.950000 0.863281 0.950000 0.863281 0.948611 0.861719 0.944444 0.858594 0.944444 0.857031 0.947222 0.855469 0.943056 0.852344 0.943056 0.851562 0.940278 0.852344 0.937500 0.854688 0.933333 0.854688 0.930556 0.858594 0.930556 0.859375 0.933333 0.860938 0.936111 0.863281 0.933333 0.861719 0.930556 0.859375 0.933333 0.858594 0.930556 0.859375 0.922222 0.861719 0.919444 0.866406 0.919444 0.867188 0.922222 0.869531 0.923611 0.870313 0.927778 0.871875 0.930556 0.875000 0.926389 0.874219 0.922222 0.872656 0.919444 0.870313 0.916667 0.867969 0.916667 0.866406 0.919444 0.861719 0.919444 0.859375 0.918056 0.858594 0.919444 0.857031 0.919444 0.858594 0.916667 0.858594 0.912500 0.857812 0.911111 0.857812 0.906944 0.858594 0.904167 0.860156 0.901389 0.861719 0.900000 0.865625 0.898611 0.870313 0.898611
19 0.668750 0.897222 0.668750 0.925000 0.667969 0.926389 0.667969 0.948611 0.670312 0.944444 0.671875 0.940278 0.675000 0.930556 0.675781 0.926389 0.675781 0.923611 0.675000 0.922222 0.675000 0.919444 0.671875 0.915278 0.671094 0.912500 0.671094 0.905556 0.669531 0.904167 0.669531 0.901389 0.668750 0.900000 0.668750 0.897222
19 0.800781 0.872222 0.798438 0.873611 0.795312 0.877778 0.792188 0.879167 0.789844 0.886111 0.789844 0.891667 0.790625 0.894444 0.795312 0.902778 0.802344 0.911111 0.807813 0.920833 0.808594 0.923611 0.809375 0.926389 0.809375 0.931944 0.806250 0.937500 0.802344 0.941667 0.798438 0.944444 0.796875 0.948611 0.793750 0.948611 0.789844 0.951389 0.790625 0.952778 0.789062 0.955556 0.783594 0.959722 0.781250 0.961111 0.778125 0.962500 0.765625 0.962500 0.760156 0.963889 0.753125 0.966667 0.743750 0.972222 0.739844 0.976389 0.735156 0.979167 0.728906 0.981944 0.722656 0.983333 0.721094 0.983333 0.724219 0.983333 0.725000 0.984722 0.739062 0.984722 0.749219 0.986111 0.756250 0.987500 0.757812 0.987500 0.761719 0.990278 0.771094 0.991667 0.773438 0.991667 0.775000 0.988889 0.777344 0.988889 0.778125 0.990278 0.780469 0.990278 0.781250 0.988889 0.783594 0.988889 0.794531 0.991667 0.796094 0.993056 0.796875 0.994444 0.799219 0.994444 0.801562 0.998611 0.842187 0.998611 0.840625 0.995833 0.841406 0.991667 0.842969 0.990278 0.845313 0.990278 0.846875 0.988889 0.848437 0.986111 0.848437 0.975000 0.848437 0.961111 0.847656 0.937500 0.846875 0.934722 0.832812 0.934722 0.827344 0.933333 0.825000 0.930556 0.823438 0.927778 0.821875 0.923611 0.821094 0.919444 0.821094 0.915278 0.822656 0.906944 0.824219 0.902778 0.825000 0.898611 0.825000 0.887500 0.822656 0.880556 0.821094 0.877778 0.819531 0.876389 0.815625 0.875000 0.814844 0.872222 0.810156 0.873611 0.800781 0.872222
19 0.670312 0.663889 0.670312 0.706944 0.669531 0.708333 0.669531 0.738889 0.669531 0.727778 0.669531 0.722222 0.670312 0.663889
19 0.462500 0.619444 0.460938 0.622222 0.458594 0.626389 0.458594 0.629167 0.457813 0.631944 0.464062 0.631944 0.464062 0.627778 0.463281 0.623611 0.462500 0.622222 0.462500 0.619444
19 0.485938 0.600000 0.485938 0.605556 0.484375 0.609722 0.483594 0.613889 0.483594 0.620833 0.485938 0.623611 0.487500 0.623611 0.489063 0.622222 0.489063 0.616667 0.488281 0.612500 0.487500 0.608333 0.485938 0.604167 0.485938 0.600000
19 0.280469 0.540278 0.279687 0.543056 0.278125 0.541667 0.270313 0.543056 0.278906 0.543056 0.280469 0.545833 0.280469 0.548611 0.280469 0.540278
19 0.362500 0.538889 0.360938 0.541667 0.360938 0.544444 0.362500 0.544444 0.364063 0.543056 0.364844 0.541667 0.365625 0.538889 0.362500 0.538889
19 0.308594 0.538889 0.309375 0.551389 0.308594 0.568056 0.309375 0.569444 0.309375 0.572222 0.309375 0.566667 0.308594 0.565278 0.308594 0.552778 0.310156 0.544444 0.314844 0.545833 0.315625 0.544444 0.317188 0.543056 0.315625 0.543056 0.310937 0.541667 0.312500 0.538889 0.308594 0.538889
19 0.436719 0.531944 0.437500 0.534722 0.436719 0.545833 0.434375 0.547222 0.425781 0.547222 0.420312 0.544444 0.412500 0.544444 0.408594 0.547222 0.403125 0.548611 0.399219 0.547222 0.397656 0.545833 0.395313 0.541667 0.393750 0.540278 0.390625 0.538889 0.387500 0.534722 0.384375 0.537500 0.388281 0.537500 0.391406 0.543056 0.389844 0.544444 0.384375 0.544444 0.382031 0.541667 0.380469 0.541667 0.376563 0.544444 0.382031 0.545833 0.372656 0.545833 0.368750 0.548611 0.363281 0.550000 0.357812 0.551389 0.346094 0.548611 0.335938 0.548611 0.319531 0.548611 0.321094 0.547222 0.317969 0.551389 0.318750 0.552778 0.317188 0.555556 0.312500 0.558333 0.311719 0.562500 0.312500 0.566667 0.312500 0.577778 0.312500 0.583333 0.310937 0.588889 0.312500 0.590278 0.311719 0.600000 0.311719 0.604167 0.312500 0.605556 0.312500 0.609722 0.310937 0.619444 0.308594 0.618056 0.308594 0.608333 0.308594 0.619444 0.308594 0.622222 0.310156 0.626389 0.308594 0.625000 0.308594 0.633333 0.330469 0.633333 0.356250 0.630556 0.380469 0.629167 0.440625 0.630556 0.441406 0.590278 0.441406 0.586111 0.441406 0.563889 0.441406 0.545833 0.439844 0.540278 0.439063 0.540278 0.437500 0.537500 0.436719 0.531944
19 0.359375 0.530556 0.359375 0.531944 0.357031 0.536111 0.355469 0.537500 0.349219 0.538889 0.342969 0.537500 0.341406 0.537500 0.322656 0.538889 0.332813 0.538889 0.342187 0.541667 0.341406 0.544444 0.344531 0.544444 0.346094 0.541667 0.347656 0.540278 0.353906 0.540278 0.354687 0.538889 0.359375 0.538889 0.359375 0.536111 0.360156 0.534722 0.360938 0.529167 0.359375 0.530556
19 0.237500 0.530556 0.237500 0.534722 0.239844 0.536111 0.240625 0.527778 0.246094 0.529167 0.247656 0.527778 0.252344 0.533333 0.257031 0.533333 0.257812 0.534722 0.260156 0.534722 0.259375 0.538889 0.262500 0.541667 0.264062 0.537500 0.262500 0.536111 0.265625 0.534722 0.265625 0.537500 0.267188 0.540278 0.267969 0.534722 0.273438 0.536111 0.273438 0.537500 0.274219 0.538889 0.275781 0.540278 0.268750 0.538889 0.266406 0.544444 0.266406 0.547222 0.267969 0.550000 0.278906 0.550000 0.278906 0.554167 0.275781 0.555556 0.275781 0.563889 0.277344 0.565278 0.278125 0.577778 0.277344 0.581944 0.275781 0.581944 0.276562 0.606944 0.277344 0.611111 0.279687 0.612500 0.279687 0.616667 0.278125 0.616667 0.279687 0.620833 0.278125 0.620833 0.277344 0.625000 0.278125 0.630556 0.278125 0.620833 0.279687 0.620833 0.278906 0.636111 0.257812 0.636111 0.248438 0.637500 0.211719 0.644444 0.184375 0.648611 0.175000 0.650000 0.165625 0.651389 0.163281 0.651389 0.163281 0.645833 0.164844 0.643056 0.166406 0.641667 0.163281 0.638889 0.162500 0.636111 0.167187 0.627778 0.166406 0.620833 0.167969 0.613889 0.168750 0.604167 0.168750 0.590278 0.169531 0.575000 0.170313 0.566667 0.173437 0.565278 0.175000 0.561111 0.175000 0.558333 0.164844 0.556944 0.164844 0.559722 0.163281 0.559722 0.162500 0.562500 0.160938 0.563889 0.163281 0.566667 0.164844 0.575000 0.164844 0.579167 0.163281 0.584722 0.162500 0.600000 0.163281 0.609722 0.161719 0.613889 0.160938 0.618056 0.160938 0.622222 0.162500 0.625000 0.161719 0.633333 0.160156 0.643056 0.160156 0.651389 0.157812 0.651389 0.157031 0.652778 0.148438 0.652778 0.147656 0.654167 0.139063 0.654167 0.121094 0.656944 0.113281 0.658333 0.060156 0.669444 0.037500 0.672222 0.014844 0.676389 0.007031 0.679167 0.000000 0.679167 0.000000 0.565278 0.001563 0.565278 0.003906 0.561111 0.003906 0.559722 0.006250 0.555556 0.007812 0.554167 0.014063 0.554167 0.025000 0.554167 0.027344 0.559722 0.028125 0.563889 0.028906 0.565278 0.030469 0.566667 0.039062 0.566667 0.042188 0.565278 0.043750 0.563889 0.048438 0.555556 0.051562 0.554167 0.060937 0.552778 0.067969 0.552778 0.071094 0.554167 0.072656 0.555556 0.075781 0.562500 0.083594 0.562500 0.085938 0.559722 0.087500 0.556944 0.091406 0.548611 0.092969 0.548611 0.101562 0.550000 0.114844 0.548611 0.116406 0.550000 0.117969 0.552778 0.121875 0.554167 0.133594 0.554167 0.135937 0.552778 0.137500 0.550000 0.140625 0.550000 0.141406 0.551389 0.143750 0.551389 0.154688 0.550000 0.157031 0.552778 0.159375 0.554167 0.163281 0.554167 0.165625 0.552778 0.167969 0.550000 0.170313 0.548611 0.173437 0.548611 0.175781 0.544444 0.175781 0.537500 0.177344 0.541667 0.179688 0.545833 0.181250 0.547222 0.187500 0.548611 0.204687 0.550000 0.212500 0.548611 0.214062 0.545833 0.214844 0.543056 0.214844 0.536111 0.215625 0.531944 0.218750 0.530556 0.221094 0.536111 0.221094 0.538889 0.220312 0.538889 0.219531 0.541667 0.220312 0.547222 0.222656 0.544444 0.221875 0.541667 0.220312 0.538889 0.221094 0.538889 0.222656 0.545833 0.224219 0.548611 0.226562 0.550000 0.228125 0.550000 0.230469 0.547222 0.232813 0.550000 0.257031 0.551389 0.259375 0.551389 0.260156 0.550000 0.264062 0.548611 0.261719 0.547222 0.260937 0.543056 0.253906 0.541667 0.249219 0.538889 0.243750 0.538889 0.241406 0.536111 0.239844 0.536111 0.236719 0.540278 0.233594 0.540278 0.235937 0.534722 0.235937 0.531944 0.236719 0.530556 0.236719 0.527778 0.237500 0.530556
19 0.382031 0.525000 0.377344 0.526389 0.376563 0.527778 0.374219 0.527778 0.372656 0.531944 0.368750 0.531944 0.367969 0.529167 0.365625 0.529167 0.365625 0.533333 0.366406 0.536111 0.367188 0.537500 0.368750 0.538889 0.371875 0.538889 0.379688 0.537500 0.378906 0.534722 0.378125 0.534722 0.378125 0.530556 0.379688 0.530556 0.381250 0.527778 0.382031 0.525000
19 0.565625 0.529167 0.567187 0.536111 0.568750 0.538889 0.571094 0.540278 0.577344 0.540278 0.580469 0.538889 0.583594 0.536111 0.587500 0.534722 0.592969 0.534722 0.595313 0.537500 0.600000 0.537500 0.602344 0.540278 0.615625 0.540278 0.617188 0.538889 0.618750 0.536111 0.618750 0.534722 0.619531 0.533333 0.621094 0.531944 0.623437 0.530556 0.628125 0.529167 0.630469 0.529167 0.632812 0.530556 0.634375 0.531944 0.637500 0.537500 0.642188 0.537500 0.643750 0.536111 0.645312 0.534722 0.647656 0.530556 0.647656 0.527778 0.649219 0.525000 0.667969 0.525000 0.667188 0.527778 0.669531 0.530556 0.670312 0.534722 0.670312 0.523611 0.671875 0.523611 0.672656 0.530556 0.671875 0.554167 0.671094 0.555556 0.671094 0.568056 0.670312 0.554167 0.669531 0.576389 0.670312 0.661111 0.670312 0.652778 0.659375 0.650000 0.649219 0.650000 0.628125 0.645833 0.596875 0.643056 0.544531 0.634722 0.523438 0.631944 0.505469 0.630556 0.503906 0.630556 0.503125 0.631944 0.501563 0.631944 0.499219 0.626389 0.497656 0.626389 0.496094 0.625000 0.495312 0.623611 0.494531 0.619444 0.492969 0.616667 0.490625 0.619444 0.490625 0.613889 0.492188 0.613889 0.490625 0.602778 0.490625 0.586111 0.489063 0.584722 0.488281 0.551389 0.489063 0.543056 0.489844 0.540278 0.494531 0.541667 0.495312 0.541667 0.494531 0.543056 0.492969 0.544444 0.496875 0.545833 0.497656 0.544444 0.502344 0.543056 0.500781 0.540278 0.497656 0.540278 0.495312 0.541667 0.494531 0.541667 0.496094 0.540278 0.497656 0.537500 0.497656 0.536111 0.500000 0.533333 0.502344 0.538889 0.504687 0.540278 0.507031 0.540278 0.509375 0.538889 0.510156 0.540278 0.510938 0.537500 0.513281 0.534722 0.513281 0.531944 0.514844 0.534722 0.516406 0.534722 0.518750 0.529167 0.521094 0.526389 0.521094 0.530556 0.523438 0.531944 0.525000 0.536111 0.525000 0.538889 0.525781 0.540278 0.522656 0.536111 0.521094 0.537500 0.518750 0.540278 0.521875 0.541667 0.525000 0.538889 0.525000 0.536111 0.536719 0.536111 0.541406 0.533333 0.557813 0.533333 0.560937 0.531944 0.562500 0.529167 0.564063 0.529167 0.565625 0.526389 0.565625 0.522222 0.565625 0.529167
