21 0.580469 0.548611 0.578125 0.551389 0.578125 0.554167 0.578906 0.565278 0.581250 0.561111 0.580469 0.548611
21 0.201563 0.520833 0.203906 0.522222 0.204687 0.523611 0.223438 0.523611 0.228125 0.525000 0.232031 0.530556 0.236719 0.530556 0.235156 0.526389 0.237500 0.522222 0.235937 0.520833 0.201563 0.520833
21 0.158594 0.519444 0.159375 0.522222 0.178125 0.520833 0.171094 0.520833 0.170313 0.519444 0.158594 0.519444
21 0.435937 0.505556 0.436719 0.508333 0.437500 0.511111 0.439063 0.513889 0.442188 0.513889 0.443750 0.515278 0.444531 0.519444 0.448437 0.526389 0.450781 0.527778 0.455469 0.529167 0.467187 0.527778 0.467969 0.523611 0.471094 0.525000 0.472656 0.527778 0.472656 0.530556 0.475781 0.533333 0.475781 0.538889 0.476562 0.540278 0.476562 0.547222 0.478125 0.550000 0.478906 0.545833 0.480469 0.550000 0.477344 0.551389 0.476562 0.555556 0.481250 0.556944 0.482031 0.561111 0.481250 0.562500 0.480469 0.568056 0.481250 0.573611 0.480469 0.576389 0.480469 0.580556 0.480469 0.581944 0.478125 0.583333 0.476562 0.586111 0.475000 0.587500 0.472656 0.588889 0.467187 0.590278 0.477344 0.591667 0.453906 0.593056 0.452344 0.593056 0.450781 0.590278 0.448437 0.590278 0.450781 0.588889 0.449219 0.586111 0.445312 0.584722 0.439844 0.583333 0.431250 0.583333 0.425781 0.580556 0.424219 0.581944 0.423438 0.580556 0.425000 0.568056 0.424219 0.554167 0.423438 0.556944 0.422656 0.558333 0.421875 0.562500 0.421875 0.577778 0.423438 0.580556 0.424219 0.581944 0.422656 0.584722 0.421094 0.583333 0.421875 0.580556 0.420312 0.577778 0.420312 0.575000 0.421875 0.554167 0.421875 0.531944 0.422656 0.522222 0.424219 0.518056 0.424219 0.516667 0.425781 0.512500 0.426563 0.515278 0.428906 0.505556 0.430469 0.502778 0.431250 0.498611 0.431250 0.495833 0.435156 0.494444 0.435937 0.505556
21 0.043750 0.447222 0.041406 0.448611 0.039844 0.450000 0.035156 0.456944 0.031250 0.461111 0.022656 0.468056 0.020313 0.470833 0.018750 0.473611 0.017969 0.476389 0.017188 0.479167 0.017188 0.490278 0.017969 0.493056 0.021094 0.498611 0.022656 0.500000 0.024219 0.501389 0.026562 0.502778 0.029687 0.504167 0.036719 0.505556 0.040625 0.506944 0.050000 0.512500 0.056250 0.518056 0.063281 0.522222 0.068750 0.525000 0.079687 0.523611 0.081250 0.523611 0.084375 0.525000 0.085156 0.522222 0.086719 0.522222 0.089063 0.518056 0.089844 0.513889 0.089844 0.495833 0.089063 0.483333 0.088281 0.479167 0.087500 0.475000 0.086719 0.472222 0.085938 0.469444 0.081250 0.461111 0.079687 0.459722 0.078125 0.458333 0.073438 0.458333 0.071094 0.454167 0.069531 0.452778 0.067969 0.451389 0.064844 0.450000 0.060937 0.448611 0.056250 0.447222 0.043750 0.447222
21 0.382031 0.431944 0.386719 0.433333 0.389062 0.434722 0.393750 0.438889 0.396875 0.438889 0.399219 0.437500 0.401562 0.437500 0.403906 0.438889 0.405469 0.441667 0.407031 0.447222 0.407031 0.450000 0.407813 0.452778 0.409375 0.455556 0.411719 0.456944 0.412500 0.458333 0.413281 0.461111 0.414062 0.465278 0.414844 0.472222 0.414844 0.481944 0.416406 0.487500 0.416406 0.495833 0.417969 0.501389 0.417187 0.508333 0.417969 0.512500 0.418750 0.509722 0.418750 0.519444 0.417969 0.520833 0.417969 0.554167 0.417187 0.581944 0.410938 0.583333 0.409375 0.580556 0.400000 0.581944 0.403125 0.583333 0.391406 0.583333 0.390625 0.580556 0.383594 0.581944 0.380469 0.577778 0.378906 0.575000 0.378125 0.572222 0.372656 0.570833 0.372656 0.561111 0.378125 0.551389 0.378906 0.548611 0.378906 0.543056 0.377344 0.540278 0.374219 0.540278 0.371875 0.544444 0.371094 0.541667 0.369531 0.541667 0.367188 0.541667 0.365625 0.541667 0.364063 0.540278 0.361719 0.541667 0.360938 0.538889 0.360938 0.531944 0.358594 0.531944 0.357031 0.534722 0.355469 0.533333 0.353906 0.533333 0.354687 0.530556 0.354687 0.530556 0.357812 0.530556 0.356250 0.527778 0.354687 0.530556 0.354687 0.530556 0.353125 0.527778 0.351562 0.530556 0.352344 0.537500 0.353906 0.537500 0.351562 0.533333 0.350000 0.531944 0.347656 0.534722 0.348438 0.536111 0.347656 0.538889 0.347656 0.536111 0.346094 0.533333 0.345313 0.537500 0.343750 0.531944 0.341406 0.527778 0.336719 0.527778 0.335156 0.526389 0.334375 0.525000 0.334375 0.523611 0.332813 0.520833 0.332031 0.518056 0.332031 0.508333 0.331250 0.504167 0.328906 0.497222 0.328906 0.493056 0.331250 0.490278 0.331250 0.484722 0.331250 0.487500 0.332813 0.486111 0.336719 0.486111 0.335938 0.484722 0.338281 0.483333 0.339844 0.480556 0.339844 0.477778 0.342969 0.475000 0.345313 0.472222 0.346875 0.472222 0.350000 0.466667 0.351562 0.466667 0.353125 0.463889 0.353906 0.461111 0.353906 0.456944 0.354687 0.452778 0.360938 0.443056 0.362500 0.441667 0.365625 0.440278 0.371094 0.438889 0.371094 0.437500 0.372656 0.434722 0.375000 0.433333 0.382031 0.431944
21 0.170313 0.394444 0.168750 0.395833 0.167187 0.401389 0.167187 0.408333 0.166406 0.409722 0.166406 0.415278 0.167187 0.420833 0.169531 0.431944 0.169531 0.455556 0.168750 0.465278 0.167969 0.470833 0.167187 0.475000 0.165625 0.477778 0.162500 0.479167 0.154688 0.480556 0.157031 0.481944 0.155469 0.483333 0.154688 0.487500 0.157031 0.490278 0.155469 0.495833 0.155469 0.508333 0.156250 0.512500 0.157031 0.515278 0.178906 0.516667 0.179688 0.512500 0.178906 0.509722 0.180469 0.504167 0.179688 0.501389 0.181250 0.497222 0.180469 0.490278 0.181250 0.486111 0.184375 0.484722 0.184375 0.481944 0.186719 0.481944 0.183594 0.480556 0.185938 0.479167 0.185938 0.458333 0.185156 0.433333 0.184375 0.416667 0.183594 0.415278 0.183594 0.411111 0.180469 0.412500 0.175781 0.404167 0.175781 0.402778 0.171875 0.395833 0.170313 0.394444
21 0.192188 0.390278 0.190625 0.393056 0.191406 0.405556 0.190625 0.412500 0.191406 0.430556 0.191406 0.427778 0.192188 0.426389 0.192188 0.422222 0.191406 0.420833 0.192188 0.415278 0.192188 0.390278
21 0.063281 0.384722 0.064062 0.388889 0.065625 0.388889 0.064844 0.386111 0.063281 0.384722
21 0.203906 0.383333 0.210156 0.381944 0.212500 0.381944 0.216406 0.384722 0.220312 0.386111 0.221875 0.386111 0.224219 0.383333 0.225000 0.386111 0.225781 0.386111 0.227344 0.388889 0.231250 0.388889 0.236719 0.393056 0.239844 0.394444 0.250000 0.394444 0.264844 0.393056 0.267188 0.394444 0.269531 0.397222 0.272656 0.398611 0.275000 0.398611 0.275000 0.402778 0.276562 0.405556 0.280469 0.404167 0.282813 0.405556 0.285156 0.406944 0.286719 0.408333 0.288281 0.409722 0.290625 0.412500 0.292187 0.415278 0.293750 0.419444 0.294531 0.422222 0.295312 0.425000 0.295312 0.431944 0.293750 0.431944 0.292969 0.436111 0.294531 0.438889 0.297656 0.440278 0.297656 0.443056 0.299219 0.444444 0.296875 0.447222 0.297656 0.445833 0.296094 0.443056 0.295312 0.445833 0.297656 0.445833 0.296875 0.447222 0.296875 0.452778 0.299219 0.451389 0.300000 0.454167 0.300781 0.455556 0.300781 0.463889 0.302344 0.470833 0.303125 0.479167 0.303125 0.498611 0.304688 0.502778 0.304688 0.509722 0.300000 0.511111 0.292969 0.511111 0.291406 0.508333 0.288281 0.506944 0.285156 0.505556 0.282031 0.505556 0.278125 0.504167 0.275781 0.501389 0.265625 0.497222 0.263281 0.494444 0.241406 0.494444 0.234375 0.498611 0.232813 0.501389 0.234375 0.505556 0.234375 0.518056 0.207813 0.518056 0.211719 0.512500 0.215625 0.515278 0.217969 0.513889 0.219531 0.511111 0.212500 0.508333 0.211719 0.512500 0.207813 0.518056 0.199219 0.515278 0.198437 0.512500 0.200000 0.511111 0.197656 0.509722 0.196094 0.506944 0.195312 0.501389 0.193750 0.508333 0.193750 0.497222 0.194531 0.494444 0.196094 0.494444 0.195312 0.491667 0.197656 0.490278 0.196094 0.498611 0.196094 0.504167 0.198437 0.508333 0.200781 0.509722 0.203125 0.508333 0.202344 0.504167 0.200781 0.500000 0.200000 0.497222 0.201563 0.495833 0.200781 0.493056 0.201563 0.490278 0.199219 0.486111 0.197656 0.483333 0.200000 0.481944 0.201563 0.480556 0.196875 0.479167 0.194531 0.475000 0.196094 0.462500 0.195312 0.459722 0.193750 0.450000 0.193750 0.445833 0.195312 0.440278 0.195312 0.433333 0.194531 0.425000 0.192969 0.419444 0.194531 0.413889 0.194531 0.402778 0.195312 0.401389 0.195312 0.397222 0.196875 0.395833 0.201563 0.394444 0.201563 0.393056 0.201563 0.388889 0.201563 0.387500 0.196094 0.387500 0.194531 0.386111 0.194531 0.383333 0.196094 0.381944 0.203906 0.383333
21 0.025000 0.373611 0.027344 0.375000 0.028125 0.373611 0.032031 0.375000 0.028906 0.375000 0.028125 0.373611 0.025000 0.373611
21 0.944531 0.254167 0.993750 0.254167 0.999219 0.255556 0.999219 0.561111 0.997656 0.561111 0.996875 0.562500 0.989844 0.562500 0.985156 0.559722 0.978125 0.559722 0.968750 0.561111 0.956250 0.559722 0.955469 0.561111 0.952344 0.559722 0.951562 0.558333 0.949219 0.559722 0.942969 0.559722 0.940625 0.559722 0.939063 0.556944 0.936719 0.558333 0.935937 0.559722 0.935156 0.561111 0.924219 0.559722 0.922656 0.561111 0.922656 0.559722 0.921094 0.556944 0.918750 0.559722 0.922656 0.559722 0.922656 0.561111 0.921094 0.562500 0.943750 0.562500 0.950000 0.563889 0.952344 0.563889 0.955469 0.561111 0.956250 0.559722 0.956250 0.563889 0.957031 0.562500 0.958594 0.563889 0.920312 0.563889 0.919531 0.561111 0.917969 0.562500 0.917188 0.556944 0.915625 0.556944 0.914062 0.556944 0.913281 0.562500 0.911719 0.565278 0.908594 0.562500 0.903906 0.563889 0.910156 0.561111 0.908594 0.556944 0.909375 0.550000 0.910937 0.545833 0.910156 0.543056 0.907813 0.538889 0.907813 0.530556 0.911719 0.525000 0.913281 0.526389 0.914844 0.523611 0.917188 0.512500 0.918750 0.512500 0.921094 0.508333 0.922656 0.502778 0.925000 0.502778 0.925781 0.501389 0.928906 0.501389 0.929688 0.498611 0.935156 0.497222 0.939063 0.497222 0.940625 0.498611 0.941406 0.490278 0.944531 0.484722 0.946875 0.481944 0.948438 0.483333 0.950781 0.481944 0.951562 0.475000 0.953125 0.475000 0.958594 0.465278 0.959375 0.461111 0.963281 0.454167 0.965625 0.447222 0.963281 0.441667 0.964063 0.430556 0.964063 0.423611 0.963281 0.416667 0.962500 0.405556 0.960156 0.400000 0.958594 0.400000 0.958594 0.397222 0.959375 0.394444 0.957812 0.391667 0.956250 0.390278 0.953906 0.390278 0.952344 0.387500 0.951562 0.384722 0.950781 0.380556 0.950781 0.377778 0.952344 0.376389 0.952344 0.369444 0.951562 0.366667 0.950000 0.363889 0.946875 0.361111 0.944531 0.361111 0.942187 0.356944 0.942187 0.347222 0.941406 0.344444 0.940625 0.341667 0.938281 0.337500 0.936719 0.336111 0.934375 0.334722 0.931250 0.333333 0.927344 0.333333 0.923438 0.331944 0.921875 0.330556 0.920312 0.329167 0.915625 0.322222 0.911719 0.315278 0.910937 0.315278 0.908594 0.311111 0.907031 0.312500 0.905469 0.311111 0.903906 0.312500 0.899219 0.315278 0.892188 0.315278 0.890625 0.312500 0.889062 0.311111 0.887500 0.311111 0.885938 0.312500 0.882812 0.316667 0.881250 0.318056 0.877344 0.316667 0.875781 0.316667 0.875000 0.318056 0.871875 0.319444 0.868750 0.319444 0.867188 0.322222 0.866406 0.327778 0.864844 0.330556 0.860938 0.330556 0.856250 0.334722 0.853906 0.334722 0.853125 0.343056 0.850000 0.355556 0.849219 0.356944 0.848437 0.359722 0.846875 0.358333 0.844531 0.359722 0.842969 0.362500 0.842187 0.368056 0.836719 0.375000 0.833594 0.379167 0.832031 0.380556 0.830469 0.380556 0.828906 0.375000 0.828125 0.369444 0.828125 0.365278 0.832812 0.356944 0.835156 0.348611 0.836719 0.340278 0.837500 0.337500 0.839063 0.333333 0.841406 0.329167 0.842969 0.325000 0.843750 0.322222 0.844531 0.315278 0.845313 0.312500 0.846875 0.308333 0.850781 0.301389 0.852344 0.300000 0.865625 0.300000 0.867188 0.298611 0.873437 0.287500 0.875000 0.286111 0.876563 0.284722 0.880469 0.284722 0.884375 0.287500 0.886719 0.287500 0.888281 0.290278 0.888281 0.294444 0.889062 0.297222 0.890625 0.300000 0.894531 0.301389 0.900000 0.301389 0.901563 0.304167 0.903125 0.305556 0.904687 0.301389 0.907031 0.300000 0.907031 0.297222 0.909375 0.295833 0.908594 0.293056 0.910937 0.291667 0.909375 0.290278 0.910937 0.286111 0.912500 0.286111 0.913281 0.281944 0.912500 0.280556 0.913281 0.277778 0.914844 0.275000 0.915625 0.272222 0.915625 0.269444 0.916406 0.266667 0.923438 0.254167 0.944531 0.254167
21 0.104688 0.000000 0.103906 0.004167 0.104688 0.006944 0.106250 0.008333 0.107031 0.012500 0.110937 0.018056 0.110937 0.018056 0.109375 0.015278 0.108594 0.018056 0.110937 0.018056 0.110937 0.018056 0.111719 0.022222 0.111719 0.027778 0.112500 0.030556 0.114844 0.036111 0.116406 0.041667 0.115625 0.059722 0.114844 0.065278 0.110937 0.068056 0.107813 0.068056 0.106250 0.069444 0.104688 0.070833 0.101562 0.076389 0.100000 0.080556 0.097656 0.086111 0.098437 0.102778 0.098437 0.108333 0.096875 0.112500 0.096875 0.116667 0.095312 0.118056 0.097656 0.122222 0.096875 0.125000 0.096094 0.125000 0.094531 0.127778 0.094531 0.130556 0.093750 0.133333 0.092188 0.133333 0.089844 0.133333 0.089844 0.131944 0.086719 0.133333 0.085156 0.130556 0.083594 0.134722 0.080469 0.134722 0.078125 0.136111 0.070312 0.136111 0.063281 0.147222 0.063281 0.151389 0.062500 0.154167 0.060937 0.155556 0.061719 0.158333 0.060156 0.161111 0.060937 0.163889 0.061719 0.166667 0.062500 0.168056 0.062500 0.176389 0.064844 0.180556 0.067187 0.180556 0.067969 0.188889 0.066406 0.193056 0.066406 0.195833 0.067969 0.198611 0.067969 0.205556 0.069531 0.206944 0.068750 0.209722 0.070312 0.211111 0.070312 0.215278 0.071094 0.218056 0.071875 0.219444 0.073438 0.220833 0.076563 0.222222 0.075781 0.226389 0.077344 0.229167 0.078906 0.229167 0.081250 0.225000 0.088281 0.223611 0.092969 0.223611 0.092969 0.230556 0.093750 0.234722 0.095312 0.237500 0.096875 0.237500 0.099219 0.233333 0.100000 0.227778 0.103906 0.220833 0.107031 0.219444 0.106250 0.213889 0.103125 0.213889 0.103125 0.204167 0.104688 0.198611 0.104688 0.193056 0.105469 0.190278 0.107031 0.190278 0.107813 0.186111 0.110937 0.180556 0.122656 0.180556 0.125000 0.176389 0.125781 0.173611 0.125781 0.169444 0.139844 0.169444 0.144531 0.176389 0.146094 0.179167 0.146094 0.180556 0.147656 0.183333 0.149219 0.183333 0.149219 0.193056 0.147656 0.202778 0.148438 0.205556 0.150000 0.206944 0.150000 0.211111 0.148438 0.212500 0.147656 0.216667 0.147656 0.220833 0.147656 0.272222 0.147656 0.275000 0.148438 0.284722 0.146875 0.297222 0.146094 0.306944 0.146094 0.311111 0.146875 0.319444 0.146094 0.320833 0.146094 0.325000 0.141406 0.325000 0.139844 0.326389 0.136719 0.331944 0.135156 0.333333 0.133594 0.334722 0.126562 0.334722 0.121875 0.333333 0.121094 0.331944 0.118750 0.331944 0.117188 0.334722 0.114062 0.334722 0.113281 0.337500 0.108594 0.336111 0.106250 0.338889 0.103125 0.338889 0.101562 0.341667 0.100000 0.341667 0.099219 0.344444 0.096875 0.345833 0.096094 0.343056 0.092188 0.348611 0.092188 0.350000 0.089844 0.354167 0.087500 0.356944 0.082031 0.361111 0.078125 0.368056 0.076563 0.372222 0.076563 0.373611 0.075781 0.375000 0.073438 0.376389 0.071094 0.380556 0.068750 0.381944 0.067187 0.381944 0.066406 0.380556 0.064062 0.380556 0.060937 0.376389 0.056250 0.377778 0.057813 0.379167 0.055469 0.379167 0.054688 0.377778 0.053125 0.377778 0.053906 0.375000 0.046875 0.375000 0.046094 0.373611 0.041406 0.375000 0.036719 0.370833 0.033594 0.372222 0.029687 0.368056 0.025000 0.366667 0.021094 0.362500 0.017188 0.361111 0.015625 0.359722 0.014063 0.356944 0.014063 0.355556 0.012500 0.352778 0.009375 0.351389 0.006250 0.347222 0.003906 0.343056 0.003125 0.338889 0.002344 0.336111 0.000000 0.334722 0.000000 0.000000 0.104688 0.000000
19 0.472656 0.590278 0.467969 0.590278 0.474219 0.588889 0.472656 0.590278
19 0.918750 0.586111 0.917188 0.584722 0.914062 0.586111 0.909375 0.584722 0.908594 0.586111 0.903906 0.586111 0.900000 0.587500 0.900781 0.590278 0.901563 0.590278 0.903906 0.594444 0.906250 0.595833 0.912500 0.597222 0.914844 0.597222 0.915625 0.595833 0.918750 0.595833 0.922656 0.598611 0.924219 0.598611 0.926562 0.598611 0.930469 0.597222 0.928906 0.597222 0.927344 0.594444 0.928125 0.591667 0.932031 0.590278 0.933594 0.588889 0.935156 0.586111 0.928125 0.583333 0.918750 0.586111
19 0.580469 0.568056 0.582812 0.568056 0.582031 0.575000 0.582812 0.577778 0.584375 0.580556 0.585938 0.581944 0.584375 0.583333 0.586719 0.584722 0.588281 0.580556 0.590625 0.586111 0.607031 0.586111 0.611719 0.588889 0.617969 0.590278 0.619531 0.588889 0.620313 0.584722 0.625781 0.583333 0.628125 0.583333 0.629687 0.583333 0.627344 0.586111 0.625781 0.586111 0.624219 0.588889 0.628906 0.590278 0.630469 0.587500 0.632031 0.587500 0.633594 0.586111 0.635938 0.581944 0.636719 0.586111 0.637500 0.597222 0.636719 0.611111 0.637500 0.612500 0.638281 0.615278 0.642969 0.613889 0.644531 0.615278 0.646094 0.620833 0.646875 0.622222 0.648438 0.623611 0.650000 0.625000 0.655469 0.625000 0.657031 0.623611 0.660156 0.616667 0.660937 0.615278 0.661719 0.615278 0.663281 0.612500 0.664844 0.611111 0.668750 0.609722 0.678906 0.611111 0.685937 0.609722 0.691406 0.609722 0.696094 0.611111 0.697656 0.613889 0.699219 0.620833 0.701562 0.625000 0.703906 0.626389 0.707031 0.626389 0.708594 0.625000 0.712500 0.618056 0.717187 0.622222 0.721094 0.629167 0.724219 0.630556 0.728906 0.629167 0.729688 0.633333 0.732812 0.634722 0.735938 0.637500 0.745313 0.638889 0.762500 0.640278 0.764062 0.640278 0.767188 0.637500 0.768750 0.637500 0.774219 0.640278 0.774219 0.641667 0.777344 0.643056 0.779687 0.644444 0.781250 0.645833 0.783594 0.648611 0.785937 0.652778 0.788281 0.655556 0.792969 0.659722 0.797656 0.661111 0.803906 0.662500 0.817969 0.662500 0.823438 0.663889 0.828125 0.665278 0.831250 0.666667 0.837500 0.670833 0.846875 0.673611 0.858594 0.680556 0.862500 0.681944 0.870313 0.683333 0.879687 0.687500 0.882031 0.688889 0.884375 0.691667 0.887500 0.693056 0.894531 0.695833 0.899219 0.695833 0.906250 0.700000 0.908594 0.700000 0.910937 0.704167 0.914062 0.706944 0.916406 0.706944 0.918750 0.709722 0.921094 0.709722 0.925000 0.713889 0.930469 0.715278 0.934375 0.716667 0.935156 0.719444 0.939063 0.722222 0.942969 0.722222 0.943750 0.725000 0.949219 0.725000 0.951562 0.727778 0.954688 0.729167 0.957812 0.730556 0.961719 0.730556 0.965625 0.731944 0.971094 0.736111 0.974219 0.736111 0.975781 0.737500 0.977344 0.741667 0.979688 0.741667 0.981250 0.744444 0.984375 0.744444 0.989844 0.747222 0.995313 0.751389 0.997656 0.751389 0.999219 0.752778 0.999219 0.998611 0.995313 0.997222 0.984375 0.990278 0.978906 0.987500 0.964844 0.980556 0.902344 0.950000 0.893750 0.945833 0.890625 0.944444 0.871094 0.934722 0.862500 0.930556 0.859375 0.929167 0.852344 0.926389 0.845313 0.923611 0.820312 0.913889 0.766406 0.893056 0.744531 0.884722 0.734375 0.880556 0.730469 0.879167 0.720313 0.876389 0.683594 0.866667 0.625781 0.851389 0.604688 0.845833 0.599219 0.844444 0.590625 0.843056 0.531250 0.833333 0.496875 0.827778 0.479687 0.825000 0.421875 0.823611 0.364063 0.822222 0.254688 0.823611 0.240625 0.825000 0.226562 0.826389 0.171094 0.831944 0.143750 0.834722 0.129688 0.836111 0.119531 0.837500 0.109375 0.838889 0.029687 0.850000 0.019531 0.852778 0.009375 0.854167 0.000000 0.854167 0.000000 0.709722 0.009375 0.709722 0.016406 0.712500 0.019531 0.713889 0.021094 0.715278 0.022656 0.716667 0.025000 0.719444 0.032813 0.733333 0.039062 0.734722 0.044531 0.734722 0.048438 0.737500 0.052344 0.736111 0.053906 0.734722 0.055469 0.731944 0.057813 0.730556 0.061719 0.730556 0.058594 0.731944 0.057031 0.734722 0.060156 0.737500 0.067187 0.737500 0.069531 0.736111 0.070312 0.731944 0.067187 0.730556 0.072656 0.730556 0.074219 0.729167 0.075781 0.726389 0.074219 0.729167 0.077344 0.731944 0.078906 0.733333 0.075781 0.734722 0.077344 0.738889 0.081250 0.737500 0.090625 0.734722 0.094531 0.733333 0.097656 0.731944 0.100781 0.727778 0.104688 0.725000 0.101562 0.723611 0.096094 0.727778 0.084375 0.733333 0.078906 0.733333 0.077344 0.731944 0.078125 0.730556 0.081250 0.730556 0.088281 0.727778 0.090625 0.726389 0.092969 0.725000 0.093750 0.722222 0.099219 0.719444 0.104688 0.719444 0.107813 0.715278 0.111719 0.712500 0.114062 0.711111 0.117969 0.712500 0.121875 0.706944 0.124219 0.704167 0.126562 0.702778 0.133594 0.704167 0.141406 0.697222 0.143750 0.695833 0.147656 0.695833 0.148438 0.697222 0.151562 0.697222 0.150000 0.694444 0.148438 0.697222 0.147656 0.695833 0.149219 0.693056 0.149219 0.690278 0.153125 0.690278 0.156250 0.686111 0.157812 0.686111 0.158594 0.688889 0.167969 0.690278 0.174219 0.691667 0.177344 0.688889 0.182031 0.688889 0.189062 0.686111 0.192188 0.683333 0.196875 0.683333 0.200000 0.680556 0.203125 0.680556 0.203906 0.677778 0.206250 0.681944 0.211719 0.679167 0.214062 0.677778 0.214844 0.675000 0.224219 0.669444 0.228906 0.669444 0.231250 0.666667 0.233594 0.666667 0.235937 0.663889 0.240625 0.663889 0.255469 0.656944 0.261719 0.654167 0.267188 0.650000 0.272656 0.650000 0.276562 0.648611 0.283594 0.645833 0.285938 0.644444 0.287500 0.641667 0.294531 0.641667 0.298438 0.640278 0.300781 0.636111 0.305469 0.637500 0.310937 0.634722 0.312500 0.636111 0.314063 0.633333 0.317969 0.630556 0.321875 0.629167 0.325000 0.629167 0.328906 0.627778 0.332031 0.625000 0.339062 0.625000 0.344531 0.620833 0.349219 0.620833 0.352344 0.618056 0.356250 0.616667 0.360938 0.615278 0.371094 0.615278 0.374219 0.613889 0.375000 0.611111 0.382031 0.611111 0.389844 0.609722 0.395313 0.608333 0.399219 0.605556 0.405469 0.604167 0.417187 0.604167 0.419531 0.602778 0.421094 0.600000 0.428125 0.600000 0.433594 0.597222 0.440625 0.597222 0.446094 0.595833 0.450000 0.593056 0.453906 0.594444 0.478125 0.591667 0.487500 0.593056 0.489063 0.593056 0.491406 0.591667 0.492188 0.588889 0.501563 0.590278 0.503125 0.587500 0.506250 0.590278 0.508594 0.587500 0.512500 0.588889 0.515625 0.588889 0.521875 0.587500 0.527344 0.586111 0.532031 0.584722 0.535156 0.581944 0.542188 0.580556 0.543750 0.586111 0.550781 0.587500 0.567187 0.587500 0.575781 0.587500 0.577344 0.586111 0.578906 0.583333 0.579688 0.580556 0.579688 0.576389 0.578125 0.568056 0.580469 0.568056
20 0.104688 0.723611 0.101562 0.725000 0.096094 0.729167 0.084375 0.734722 0.078906 0.734722 0.078125 0.736111 0.075781 0.736111 0.075000 0.738889 0.074219 0.737500 0.070312 0.738889 0.074219 0.737500 0.075000 0.738889 0.078125 0.736111 0.082031 0.734722 0.090625 0.733333 0.094531 0.731944 0.097656 0.730556 0.100781 0.726389 0.102344 0.725000 0.104688 0.723611
20 0.956250 0.637500 0.957812 0.638889 0.952344 0.644444 0.953906 0.644444 0.956250 0.647222 0.958594 0.648611 0.961719 0.650000 0.965625 0.651389 0.970313 0.651389 0.974219 0.652778 0.978906 0.654167 0.981250 0.656944 0.984375 0.656944 0.986719 0.658333 0.988281 0.659722 0.992969 0.658333 0.999219 0.659722 0.999219 0.647222 0.997656 0.645833 0.993750 0.645833 0.988281 0.641667 0.983594 0.640278 0.977344 0.638889 0.971094 0.637500 0.956250 0.637500
20 0.111719 0.616667 0.110937 0.618056 0.101562 0.618056 0.091406 0.619444 0.084375 0.620833 0.078906 0.622222 0.074219 0.625000 0.067969 0.625000 0.056250 0.627778 0.050781 0.629167 0.045312 0.630556 0.035937 0.634722 0.027344 0.634722 0.021875 0.636111 0.016406 0.638889 0.010937 0.640278 0.004687 0.640278 0.003906 0.641667 0.000000 0.641667 0.000000 0.708333 0.009375 0.708333 0.016406 0.711111 0.019531 0.712500 0.021094 0.713889 0.022656 0.715278 0.025000 0.718056 0.032813 0.731944 0.039062 0.733333 0.044531 0.733333 0.048438 0.736111 0.052344 0.734722 0.053906 0.733333 0.055469 0.730556 0.057813 0.729167 0.062500 0.730556 0.060937 0.731944 0.060156 0.733333 0.057813 0.734722 0.060156 0.736111 0.067187 0.736111 0.067969 0.734722 0.069531 0.734722 0.069531 0.731944 0.066406 0.730556 0.074219 0.727778 0.075000 0.730556 0.077344 0.730556 0.078125 0.729167 0.081250 0.729167 0.088281 0.726389 0.092969 0.723611 0.093750 0.720833 0.096094 0.720833 0.099219 0.718056 0.104688 0.718056 0.107813 0.713889 0.111719 0.711111 0.114062 0.709722 0.118750 0.711111 0.121875 0.705556 0.124219 0.702778 0.126562 0.701389 0.134375 0.702778 0.135937 0.701389 0.141406 0.695833 0.143750 0.694444 0.148438 0.693056 0.149219 0.688889 0.153125 0.688889 0.154688 0.687500 0.156250 0.684722 0.156250 0.683333 0.157031 0.681944 0.158594 0.680556 0.161719 0.680556 0.163281 0.679167 0.164844 0.673611 0.163281 0.670833 0.159375 0.668056 0.155469 0.666667 0.151562 0.666667 0.144531 0.668056 0.125000 0.666667 0.111719 0.663889 0.102344 0.665278 0.091406 0.662500 0.089844 0.662500 0.078906 0.663889 0.070312 0.662500 0.061719 0.659722 0.060937 0.655556 0.064062 0.651389 0.065625 0.650000 0.068750 0.648611 0.071875 0.648611 0.077344 0.643056 0.080469 0.641667 0.083594 0.640278 0.087500 0.640278 0.089844 0.637500 0.094531 0.637500 0.105469 0.633333 0.109375 0.631944 0.111719 0.630556 0.114062 0.629167 0.119531 0.622222 0.121094 0.619444 0.117969 0.618056 0.119531 0.616667 0.111719 0.616667
23 0.743750 0.563889 0.742188 0.565278 0.742188 0.568056 0.741406 0.569444 0.741406 0.575000 0.739844 0.577778 0.736719 0.579167 0.735938 0.583333 0.735938 0.587500 0.737500 0.588889 0.739062 0.588889 0.741406 0.591667 0.748437 0.591667 0.753906 0.590278 0.756250 0.588889 0.760156 0.584722 0.764062 0.583333 0.765625 0.581944 0.766406 0.577778 0.758594 0.576389 0.755469 0.577778 0.755469 0.579167 0.753906 0.583333 0.752344 0.586111 0.749219 0.586111 0.747656 0.584722 0.746875 0.583333 0.744531 0.577778 0.746875 0.576389 0.747656 0.577778 0.750000 0.577778 0.753125 0.575000 0.753125 0.568056 0.752344 0.566667 0.752344 0.563889 0.750000 0.566667 0.747656 0.563889 0.747656 0.566667 0.746094 0.569444 0.745313 0.565278 0.743750 0.563889
23 0.087500 0.531944 0.085938 0.533333 0.082031 0.540278 0.082031 0.541667 0.080469 0.544444 0.083594 0.545833 0.086719 0.548611 0.089844 0.547222 0.092969 0.550000 0.097656 0.550000 0.102344 0.552778 0.117188 0.556944 0.126562 0.555556 0.130469 0.558333 0.137500 0.556944 0.137500 0.555556 0.139844 0.554167 0.139844 0.556944 0.141406 0.556944 0.140625 0.554167 0.143750 0.548611 0.144531 0.545833 0.144531 0.543056 0.145313 0.537500 0.142969 0.536111 0.139063 0.533333 0.135937 0.531944 0.134375 0.533333 0.114844 0.533333 0.100781 0.533333 0.091406 0.530556 0.087500 0.531944
23 0.235937 0.526389 0.238281 0.530556 0.238281 0.523611 0.235937 0.526389
23 0.212500 0.509722 0.212500 0.512500 0.215625 0.513889 0.218750 0.509722 0.214062 0.511111 0.212500 0.509722
23 0.031250 0.370833 0.028906 0.373611 0.032813 0.375000 0.028906 0.377778 0.028125 0.380556 0.027344 0.383333 0.027344 0.387500 0.025781 0.390278 0.025000 0.393056 0.025000 0.398611 0.024219 0.401389 0.023438 0.402778 0.017969 0.409722 0.016406 0.412500 0.016406 0.418056 0.018750 0.418056 0.019531 0.419444 0.026562 0.419444 0.032813 0.420833 0.032813 0.423611 0.035937 0.423611 0.036719 0.425000 0.045312 0.425000 0.050000 0.420833 0.056250 0.420833 0.060156 0.413889 0.061719 0.413889 0.060156 0.412500 0.060156 0.409722 0.062500 0.406944 0.061719 0.404167 0.063281 0.395833 0.064844 0.400000 0.064062 0.397222 0.064844 0.390278 0.062500 0.387500 0.063281 0.383333 0.064844 0.384722 0.066406 0.387500 0.067187 0.383333 0.065625 0.381944 0.064062 0.381944 0.060937 0.377778 0.057031 0.377778 0.058594 0.379167 0.055469 0.380556 0.052344 0.377778 0.053125 0.375000 0.051562 0.376389 0.046875 0.376389 0.046094 0.375000 0.040625 0.376389 0.039062 0.375000 0.036719 0.372222 0.032813 0.373611 0.031250 0.370833
24 0.582812 0.543056 0.580469 0.547222 0.582031 0.550000 0.582812 0.559722 0.582031 0.556944 0.582812 0.543056
24 0.631250 0.540278 0.632031 0.544444 0.632812 0.541667 0.631250 0.540278
24 0.829688 0.529167 0.831250 0.534722 0.832812 0.534722 0.832812 0.530556 0.832031 0.529167 0.832031 0.526389 0.829688 0.529167
24 0.618750 0.508333 0.618750 0.541667 0.617188 0.548611 0.617969 0.554167 0.619531 0.558333 0.620313 0.565278 0.620313 0.583333 0.627344 0.583333 0.625781 0.576389 0.628906 0.569444 0.628906 0.561111 0.626563 0.552778 0.628125 0.552778 0.628906 0.547222 0.628125 0.544444 0.622656 0.545833 0.620313 0.541667 0.618750 0.508333
24 0.828125 0.495833 0.828125 0.498611 0.828906 0.495833 0.829688 0.493056 0.828125 0.495833
24 0.620313 0.463889 0.619531 0.465278 0.619531 0.483333 0.617969 0.486111 0.617188 0.490278 0.617969 0.494444 0.617188 0.495833 0.617969 0.501389 0.619531 0.501389 0.620313 0.500000 0.622656 0.501389 0.623437 0.488889 0.621875 0.486111 0.621094 0.483333 0.621875 0.463889 0.621094 0.459722 0.620313 0.463889
24 0.782031 0.379167 0.782031 0.383333 0.783594 0.380556 0.782031 0.379167
24 0.188281 0.297222 0.186719 0.298611 0.186719 0.345833 0.187500 0.358333 0.189062 0.362500 0.189844 0.379167 0.190625 0.405556 0.189844 0.411111 0.191406 0.431944 0.192969 0.426389 0.192969 0.422222 0.192188 0.420833 0.192969 0.415278 0.192188 0.397222 0.193750 0.401389 0.193750 0.413889 0.192188 0.419444 0.193750 0.425000 0.194531 0.433333 0.194531 0.440278 0.192969 0.445833 0.192969 0.450000 0.194531 0.459722 0.193750 0.475000 0.196875 0.480556 0.200781 0.480556 0.196875 0.483333 0.198437 0.484722 0.200000 0.487500 0.199219 0.493056 0.200781 0.494444 0.199219 0.497222 0.201563 0.504167 0.202344 0.508333 0.200781 0.508333 0.200000 0.506944 0.198437 0.506944 0.196875 0.504167 0.196875 0.498611 0.198437 0.490278 0.196094 0.488889 0.194531 0.491667 0.196094 0.495833 0.196094 0.495833 0.194531 0.493056 0.193750 0.495833 0.196094 0.495833 0.196094 0.495833 0.194531 0.500000 0.195312 0.506944 0.197656 0.511111 0.199219 0.511111 0.197656 0.512500 0.199219 0.516667 0.197656 0.519444 0.200781 0.520833 0.201563 0.523611 0.197656 0.523611 0.196875 0.527778 0.196875 0.518056 0.196094 0.516667 0.195312 0.513889 0.194531 0.520833 0.195312 0.522222 0.194531 0.523611 0.194531 0.529167 0.194531 0.545833 0.194531 0.548611 0.196094 0.552778 0.195312 0.577778 0.196094 0.588889 0.196875 0.590278 0.196875 0.598611 0.195312 0.600000 0.195312 0.606944 0.196875 0.609722 0.196094 0.612500 0.196094 0.618056 0.195312 0.620833 0.192969 0.620833 0.192188 0.618056 0.190625 0.619444 0.189062 0.613889 0.188281 0.597222 0.188281 0.588889 0.189062 0.570833 0.188281 0.544444 0.187500 0.541667 0.185156 0.540278 0.186719 0.540278 0.188281 0.530556 0.187500 0.522222 0.186719 0.525000 0.185938 0.527778 0.185938 0.525000 0.182031 0.523611 0.181250 0.522222 0.178906 0.522222 0.182031 0.520833 0.183594 0.518056 0.179688 0.516667 0.179688 0.513889 0.179688 0.511111 0.181250 0.504167 0.180469 0.501389 0.182031 0.497222 0.181250 0.490278 0.181250 0.487500 0.182812 0.487500 0.184375 0.486111 0.184375 0.483333 0.187500 0.481944 0.184375 0.480556 0.185938 0.480556 0.186719 0.458333 0.185938 0.433333 0.184375 0.415278 0.184375 0.388889 0.183594 0.386111 0.182812 0.384722 0.181250 0.383333 0.182812 0.384722 0.183594 0.355556 0.185156 0.347222 0.184375 0.343056 0.182812 0.334722 0.183594 0.327778 0.183594 0.309722 0.182812 0.301389 0.181250 0.301389 0.182031 0.298611 0.185156 0.300000 0.187500 0.295833 0.188281 0.293056 0.188281 0.297222
24 0.806250 0.222222 0.807031 0.225000 0.807813 0.222222 0.806250 0.222222
24 0.807031 0.200000 0.806250 0.202778 0.807813 0.204167 0.807031 0.200000
24 0.805469 0.191667 0.807031 0.194444 0.807031 0.191667 0.805469 0.191667
24 0.804688 0.147222 0.806250 0.150000 0.806250 0.147222 0.804688 0.147222
24 0.805469 0.098611 0.803125 0.100000 0.803906 0.102778 0.805469 0.102778 0.805469 0.098611
24 0.742188 0.009722 0.743750 0.011111 0.745313 0.011111 0.743750 0.009722 0.742188 0.009722
24 0.805469 0.000000 0.805469 0.020833 0.806250 0.070833 0.807813 0.097222 0.808594 0.156944 0.807813 0.163889 0.809375 0.195833 0.810156 0.240278 0.810156 0.248611 0.810156 0.265278 0.810156 0.273611 0.809375 0.275000 0.809375 0.283333 0.810937 0.326389 0.810156 0.336111 0.810156 0.344444 0.810156 0.350000 0.811719 0.376389 0.810937 0.409722 0.810937 0.412500 0.812500 0.461111 0.811719 0.477778 0.812500 0.555556 0.812500 0.556944 0.810937 0.559722 0.812500 0.561111 0.812500 0.563889 0.813281 0.566667 0.811719 0.570833 0.813281 0.573611 0.814063 0.581944 0.813281 0.598611 0.813281 0.605556 0.814063 0.613889 0.814844 0.616667 0.816406 0.619444 0.820312 0.620833 0.824219 0.620833 0.828906 0.615278 0.828125 0.611111 0.828906 0.604167 0.827344 0.579167 0.828125 0.562500 0.828906 0.570833 0.830469 0.566667 0.830469 0.565278 0.834375 0.563889 0.835156 0.561111 0.835156 0.558333 0.836719 0.555556 0.835156 0.552778 0.834375 0.547222 0.835156 0.540278 0.832812 0.538889 0.832031 0.541667 0.832812 0.548611 0.829688 0.552778 0.828906 0.552778 0.828125 0.551389 0.827344 0.548611 0.827344 0.543056 0.828906 0.537500 0.827344 0.534722 0.826562 0.529167 0.826562 0.526389 0.827344 0.523611 0.827344 0.520833 0.825781 0.519444 0.826562 0.516667 0.825781 0.515278 0.827344 0.512500 0.828125 0.508333 0.832031 0.509722 0.833594 0.509722 0.833594 0.504167 0.829688 0.506944 0.828906 0.501389 0.827344 0.501389 0.825000 0.505556 0.825000 0.502778 0.825781 0.493056 0.828906 0.488889 0.827344 0.487500 0.827344 0.484722 0.825781 0.480556 0.825000 0.473611 0.825781 0.465278 0.826562 0.468056 0.825781 0.463889 0.827344 0.462500 0.828125 0.459722 0.825781 0.454167 0.827344 0.454167 0.827344 0.451389 0.825781 0.450000 0.825781 0.445833 0.827344 0.444444 0.827344 0.440278 0.826562 0.438889 0.827344 0.431944 0.827344 0.429167 0.827344 0.422222 0.826562 0.416667 0.827344 0.406944 0.825781 0.404167 0.826562 0.400000 0.827344 0.391667 0.828906 0.386111 0.829688 0.380556 0.828906 0.376389 0.828125 0.370833 0.827344 0.365278 0.825781 0.361111 0.825000 0.355556 0.824219 0.341667 0.824219 0.297222 0.826562 0.293056 0.826562 0.290278 0.825781 0.279167 0.824219 0.275000 0.824219 0.236111 0.823438 0.206944 0.821875 0.191667 0.822656 0.168056 0.822656 0.161111 0.821094 0.136111 0.821094 0.131944 0.822656 0.130556 0.822656 0.126389 0.821094 0.115278 0.821094 0.070833 0.820312 0.033333 0.819531 0.009722 0.818750 0.008333 0.818750 0.000000 0.805469 0.000000
24 0.725781 0.000000 0.728906 0.001389 0.729688 0.002778 0.732031 0.004167 0.734375 0.004167 0.735938 0.005556 0.732031 0.002778 0.732031 0.000000 0.725781 0.000000
24 0.714063 0.000000 0.715625 0.002778 0.718750 0.006944 0.721094 0.008333 0.718750 0.009722 0.720313 0.009722 0.721875 0.012500 0.724219 0.012500 0.725781 0.013889 0.728906 0.018056 0.730469 0.019444 0.732812 0.020833 0.734375 0.022222 0.735938 0.020833 0.742188 0.026389 0.746875 0.026389 0.748437 0.027778 0.750000 0.029167 0.750781 0.030556 0.750781 0.031944 0.753906 0.034722 0.756250 0.034722 0.759375 0.036111 0.764844 0.043056 0.767969 0.044444 0.771875 0.052778 0.772656 0.066667 0.771875 0.105556 0.772656 0.115278 0.772656 0.127778 0.771875 0.137500 0.772656 0.138889 0.772656 0.147222 0.772656 0.150000 0.772656 0.158333 0.772656 0.173611 0.771094 0.176389 0.771875 0.211111 0.771094 0.213889 0.769531 0.216667 0.768750 0.225000 0.767969 0.250000 0.767969 0.256944 0.770312 0.259722 0.769531 0.265278 0.767969 0.270833 0.769531 0.277778 0.769531 0.313889 0.771094 0.338889 0.771094 0.347222 0.770312 0.348611 0.771094 0.356944 0.768750 0.363889 0.769531 0.372222 0.767969 0.377778 0.767969 0.383333 0.770312 0.379167 0.769531 0.386111 0.767969 0.388889 0.767188 0.394444 0.767188 0.398611 0.767969 0.395833 0.768750 0.400000 0.771875 0.404167 0.772656 0.388889 0.774219 0.391667 0.774219 0.412500 0.772656 0.415278 0.770312 0.413889 0.771094 0.416667 0.772656 0.418056 0.772656 0.422222 0.772656 0.433333 0.772656 0.473611 0.771875 0.484722 0.771875 0.487500 0.771875 0.498611 0.771875 0.554167 0.772656 0.556944 0.771094 0.558333 0.771094 0.566667 0.769531 0.569444 0.767969 0.569444 0.768750 0.573611 0.766406 0.580556 0.766406 0.591667 0.767969 0.598611 0.766406 0.601389 0.765625 0.600000 0.764844 0.604167 0.767969 0.600000 0.769531 0.602778 0.771094 0.601389 0.772656 0.604167 0.771875 0.611111 0.773438 0.612500 0.774219 0.622222 0.775000 0.625000 0.778906 0.629167 0.778125 0.629167 0.776563 0.631944 0.776563 0.634722 0.775000 0.637500 0.769531 0.637500 0.777344 0.637500 0.778906 0.636111 0.779687 0.630556 0.782031 0.622222 0.785156 0.615278 0.786719 0.611111 0.786719 0.594444 0.785937 0.586111 0.785156 0.580556 0.783594 0.576389 0.785937 0.573611 0.784375 0.568056 0.785937 0.568056 0.783594 0.565278 0.782813 0.561111 0.782031 0.569444 0.782031 0.558333 0.782031 0.554167 0.780469 0.540278 0.781250 0.523611 0.780469 0.500000 0.782031 0.490278 0.782813 0.481944 0.781250 0.479167 0.782031 0.476389 0.779687 0.475000 0.779687 0.466667 0.780469 0.459722 0.782031 0.456944 0.782031 0.452778 0.780469 0.451389 0.781250 0.434722 0.782031 0.444444 0.781250 0.434722 0.781250 0.429167 0.782031 0.422222 0.783594 0.422222 0.782031 0.419444 0.782813 0.415278 0.779687 0.413889 0.782813 0.411111 0.785156 0.409722 0.791406 0.408333 0.789062 0.405556 0.790625 0.404167 0.789844 0.400000 0.789062 0.397222 0.786719 0.391667 0.783594 0.388889 0.786719 0.387500 0.781250 0.388889 0.780469 0.263889 0.782031 0.252778 0.782031 0.226389 0.782031 0.223611 0.780469 0.143056 0.780469 0.140278 0.781250 0.115278 0.780469 0.086111 0.782031 0.077778 0.781250 0.069444 0.779687 0.059722 0.780469 0.052778 0.780469 0.050000 0.778906 0.025000 0.777344 0.023611 0.776563 0.018056 0.775000 0.018056 0.774219 0.022222 0.771094 0.027778 0.769531 0.026389 0.765625 0.022222 0.757031 0.016667 0.753906 0.016667 0.755469 0.016667 0.756250 0.018056 0.758594 0.018056 0.763281 0.022222 0.764844 0.025000 0.762500 0.026389 0.760156 0.025000 0.755469 0.020833 0.753125 0.020833 0.750781 0.018056 0.748437 0.016667 0.746094 0.016667 0.743750 0.015278 0.735156 0.008333 0.732812 0.008333 0.728125 0.004167 0.725781 0.002778 0.720313 0.000000 0.714063 0.000000
30 0.155469 0.255556 0.153906 0.256944 0.153125 0.259722 0.153125 0.276389 0.153906 0.286111 0.155469 0.291667 0.157031 0.294444 0.159375 0.295833 0.163281 0.297222 0.170313 0.298611 0.176563 0.298611 0.185156 0.298611 0.186719 0.295833 0.187500 0.293056 0.187500 0.266667 0.186719 0.263889 0.185938 0.261111 0.178906 0.258333 0.172656 0.256944 0.165625 0.255556 0.155469 0.255556
25 0.827344 0.616667 0.825781 0.619444 0.828906 0.618056 0.827344 0.616667
25 0.481250 0.575000 0.482031 0.579167 0.481250 0.581944 0.479687 0.584722 0.478125 0.584722 0.476562 0.587500 0.475781 0.587500 0.475000 0.590278 0.478125 0.590278 0.485156 0.588889 0.487500 0.591667 0.489063 0.591667 0.489844 0.590278 0.491406 0.588889 0.487500 0.588889 0.485938 0.587500 0.482812 0.581944 0.482031 0.579167 0.481250 0.575000
25 0.785156 0.572222 0.786719 0.573611 0.789844 0.572222 0.785156 0.572222
25 0.838281 0.559722 0.840625 0.559722 0.846094 0.559722 0.849219 0.559722 0.850000 0.558333 0.853125 0.558333 0.853906 0.559722 0.857812 0.559722 0.854688 0.559722 0.838281 0.559722
25 0.424219 0.555556 0.422656 0.562500 0.423438 0.579167 0.423438 0.569444 0.424219 0.568056 0.424219 0.555556
25 0.223438 0.525000 0.228125 0.526389 0.229687 0.529167 0.230469 0.529167 0.229687 0.534722 0.229687 0.537500 0.226562 0.543056 0.226562 0.545833 0.224219 0.547222 0.226562 0.551389 0.228125 0.548611 0.228125 0.552778 0.230469 0.558333 0.228906 0.555556 0.227344 0.554167 0.228125 0.559722 0.228125 0.561111 0.230469 0.561111 0.228125 0.566667 0.226562 0.563889 0.225000 0.563889 0.224219 0.569444 0.221875 0.569444 0.214844 0.566667 0.216406 0.562500 0.218750 0.566667 0.218750 0.562500 0.218750 0.561111 0.219531 0.558333 0.221094 0.556944 0.219531 0.552778 0.219531 0.558333 0.218750 0.561111 0.216406 0.562500 0.214844 0.566667 0.213281 0.563889 0.211719 0.562500 0.207813 0.562500 0.208594 0.559722 0.210938 0.555556 0.209375 0.551389 0.207031 0.555556 0.208594 0.559722 0.207813 0.562500 0.206250 0.559722 0.204687 0.558333 0.202344 0.558333 0.200000 0.555556 0.202344 0.554167 0.206250 0.550000 0.206250 0.543056 0.208594 0.538889 0.209375 0.537500 0.209375 0.534722 0.210156 0.533333 0.210156 0.525000 0.223438 0.525000
25 0.805469 0.351389 0.803906 0.354167 0.802344 0.355556 0.800781 0.356944 0.796875 0.358333 0.792969 0.363889 0.790625 0.365278 0.791406 0.368056 0.790625 0.372222 0.787500 0.377778 0.785156 0.377778 0.785156 0.380556 0.783594 0.381944 0.782031 0.384722 0.781250 0.381944 0.781250 0.387500 0.782031 0.384722 0.787500 0.387500 0.784375 0.388889 0.786719 0.388889 0.787500 0.387500 0.791406 0.387500 0.794531 0.390278 0.791406 0.393056 0.793750 0.394444 0.794531 0.391667 0.794531 0.411111 0.785156 0.411111 0.782813 0.412500 0.782031 0.413889 0.780469 0.413889 0.783594 0.415278 0.782813 0.420833 0.784375 0.422222 0.782031 0.423611 0.782813 0.430556 0.781250 0.436111 0.782031 0.451389 0.780469 0.455556 0.781250 0.458333 0.782031 0.461111 0.780469 0.468056 0.780469 0.476389 0.782031 0.475000 0.782031 0.479167 0.783594 0.481944 0.782813 0.490278 0.781250 0.500000 0.782031 0.525000 0.781250 0.540278 0.782813 0.554167 0.782031 0.559722 0.781250 0.555556 0.781250 0.558333 0.782031 0.559722 0.782031 0.568056 0.782813 0.559722 0.784375 0.565278 0.785156 0.566667 0.785937 0.566667 0.787500 0.568056 0.794531 0.566667 0.797656 0.565278 0.802344 0.561111 0.804688 0.556944 0.810156 0.559722 0.805469 0.568056 0.801562 0.568056 0.808594 0.568056 0.809375 0.566667 0.811719 0.566667 0.810156 0.563889 0.810156 0.558333 0.811719 0.556944 0.812500 0.554167 0.810937 0.477778 0.811719 0.461111 0.810156 0.412500 0.810156 0.409722 0.810937 0.376389 0.809375 0.352778 0.807813 0.351389 0.805469 0.351389
25 0.001563 0.336111 0.003125 0.343056 0.006250 0.348611 0.008594 0.350000 0.009375 0.352778 0.010937 0.352778 0.012500 0.354167 0.013281 0.355556 0.015625 0.361111 0.017188 0.362500 0.021094 0.363889 0.025000 0.368056 0.025000 0.369444 0.022656 0.366667 0.021875 0.369444 0.025000 0.369444 0.025000 0.368056 0.027344 0.369444 0.030469 0.370833 0.024219 0.373611 0.026562 0.375000 0.028125 0.375000 0.026562 0.383333 0.026562 0.387500 0.025000 0.390278 0.024219 0.393056 0.024219 0.398611 0.023438 0.401389 0.017969 0.408333 0.015625 0.412500 0.015625 0.418056 0.014063 0.419444 0.007812 0.418056 0.005469 0.418056 0.004687 0.419444 0.003125 0.419444 0.002344 0.418056 0.000000 0.419444 0.000000 0.336111 0.001563 0.336111
25 0.889062 0.312500 0.890625 0.313889 0.892188 0.316667 0.899219 0.316667 0.903906 0.313889 0.905469 0.312500 0.906250 0.315278 0.908594 0.312500 0.910937 0.316667 0.911719 0.316667 0.915625 0.323611 0.920312 0.330556 0.921875 0.331944 0.923438 0.333333 0.927344 0.334722 0.931250 0.334722 0.934375 0.336111 0.936719 0.337500 0.938281 0.338889 0.939844 0.341667 0.941406 0.347222 0.941406 0.356944 0.944531 0.362500 0.946875 0.362500 0.948438 0.363889 0.950000 0.365278 0.950781 0.366667 0.951562 0.369444 0.951562 0.376389 0.950000 0.377778 0.950000 0.380556 0.950781 0.384722 0.951562 0.387500 0.953906 0.391667 0.956250 0.391667 0.957031 0.393056 0.958594 0.394444 0.957812 0.397222 0.959375 0.401389 0.961719 0.405556 0.961719 0.411111 0.962500 0.416667 0.963281 0.423611 0.963281 0.430556 0.962500 0.441667 0.964844 0.447222 0.962500 0.454167 0.958594 0.461111 0.957812 0.465278 0.953125 0.473611 0.950781 0.475000 0.951562 0.476389 0.950000 0.479167 0.950781 0.480556 0.948438 0.481944 0.944531 0.483333 0.940625 0.490278 0.940625 0.497222 0.939063 0.495833 0.935156 0.495833 0.929688 0.497222 0.928906 0.500000 0.925781 0.500000 0.921875 0.502778 0.921875 0.504167 0.920312 0.508333 0.918750 0.511111 0.917188 0.511111 0.916406 0.515278 0.914844 0.519444 0.913281 0.525000 0.911719 0.523611 0.907813 0.529167 0.907031 0.538889 0.909375 0.543056 0.910156 0.545833 0.908594 0.550000 0.908594 0.555556 0.907813 0.556944 0.907813 0.559722 0.906250 0.561111 0.903125 0.559722 0.903125 0.558333 0.900000 0.556944 0.894531 0.559722 0.892969 0.562500 0.891406 0.562500 0.889062 0.562500 0.888281 0.559722 0.884375 0.559722 0.882812 0.559722 0.880469 0.561111 0.879687 0.565278 0.878125 0.562500 0.877344 0.562500 0.869531 0.559722 0.864844 0.558333 0.867188 0.556944 0.864844 0.552778 0.860156 0.554167 0.861719 0.551389 0.860156 0.548611 0.858594 0.548611 0.857812 0.552778 0.849219 0.554167 0.850000 0.551389 0.850781 0.552778 0.853906 0.551389 0.853906 0.548611 0.855469 0.551389 0.855469 0.545833 0.853906 0.548611 0.853906 0.551389 0.852344 0.548611 0.848437 0.550000 0.850000 0.551389 0.849219 0.554167 0.842187 0.554167 0.841406 0.552778 0.835938 0.552778 0.835938 0.548611 0.837500 0.547222 0.836719 0.541667 0.835938 0.544444 0.837500 0.547222 0.835938 0.548611 0.835156 0.547222 0.834375 0.540278 0.835156 0.538889 0.832031 0.538889 0.832812 0.536111 0.833594 0.530556 0.832812 0.526389 0.830469 0.525000 0.828906 0.527778 0.830469 0.534722 0.832812 0.536111 0.832031 0.538889 0.831250 0.541667 0.832031 0.548611 0.831250 0.552778 0.828906 0.551389 0.828125 0.548611 0.828125 0.543056 0.829688 0.538889 0.828125 0.534722 0.827344 0.529167 0.827344 0.526389 0.828125 0.523611 0.828125 0.520833 0.826562 0.519444 0.827344 0.516667 0.826562 0.515278 0.828125 0.512500 0.828906 0.513889 0.830469 0.516667 0.830469 0.511111 0.828906 0.513889 0.828125 0.512500 0.828125 0.509722 0.832031 0.511111 0.833594 0.511111 0.834375 0.504167 0.832031 0.504167 0.832812 0.506944 0.828906 0.504167 0.829688 0.501389 0.827344 0.500000 0.828125 0.500000 0.829688 0.497222 0.830469 0.494444 0.828125 0.493056 0.827344 0.495833 0.828125 0.500000 0.827344 0.500000 0.826562 0.505556 0.825781 0.502778 0.826562 0.501389 0.826562 0.493056 0.828125 0.490278 0.829688 0.488889 0.828125 0.484722 0.826562 0.481944 0.827344 0.479167 0.825781 0.473611 0.825781 0.466667 0.826562 0.469444 0.826562 0.463889 0.828906 0.461111 0.826562 0.455556 0.827344 0.455556 0.828125 0.451389 0.826562 0.450000 0.826562 0.445833 0.828125 0.444444 0.828125 0.440278 0.827344 0.438889 0.828125 0.431944 0.828125 0.429167 0.828125 0.422222 0.827344 0.418056 0.828125 0.406944 0.826562 0.404167 0.826562 0.401389 0.828125 0.400000 0.828125 0.391667 0.828906 0.387500 0.829688 0.381944 0.832031 0.381944 0.833594 0.380556 0.837500 0.373611 0.842187 0.369444 0.843750 0.362500 0.846094 0.361111 0.848437 0.361111 0.850000 0.358333 0.850781 0.355556 0.853906 0.343056 0.853906 0.336111 0.856250 0.336111 0.858594 0.334722 0.860938 0.331944 0.864844 0.331944 0.867188 0.327778 0.867188 0.325000 0.867969 0.322222 0.871875 0.320833 0.875000 0.319444 0.875781 0.318056 0.877344 0.318056 0.881250 0.319444 0.882812 0.318056 0.885938 0.313889 0.887500 0.312500 0.889062 0.312500
25 0.825000 0.227778 0.824219 0.234722 0.825000 0.236111 0.825000 0.275000 0.826562 0.279167 0.825781 0.290278 0.827344 0.279167 0.825781 0.276389 0.825781 0.270833 0.826562 0.265278 0.828906 0.262500 0.826562 0.258333 0.827344 0.248611 0.825000 0.231944 0.825781 0.230556 0.825000 0.227778
25 0.863281 0.115278 0.871875 0.118056 0.874219 0.118056 0.882031 0.116667 0.884375 0.119444 0.885938 0.119444 0.887500 0.119444 0.883594 0.120833 0.878906 0.123611 0.874219 0.123611 0.869531 0.125000 0.861719 0.133333 0.859375 0.133333 0.857812 0.130556 0.856250 0.131944 0.855469 0.131944 0.854688 0.133333 0.852344 0.138889 0.851562 0.138889 0.850000 0.143056 0.848437 0.145833 0.846094 0.150000 0.844531 0.151389 0.842969 0.154167 0.842187 0.159722 0.841406 0.162500 0.839063 0.159722 0.837500 0.162500 0.839844 0.165278 0.835938 0.165278 0.835156 0.166667 0.831250 0.166667 0.831250 0.166667 0.832812 0.166667 0.830469 0.161111 0.825781 0.162500 0.829688 0.163889 0.831250 0.166667 0.831250 0.166667 0.828125 0.163889 0.823438 0.163889 0.823438 0.161111 0.822656 0.159722 0.821875 0.136111 0.821875 0.131944 0.823438 0.129167 0.825000 0.126389 0.827344 0.123611 0.829688 0.123611 0.830469 0.122222 0.832031 0.120833 0.831250 0.118056 0.835938 0.119444 0.838281 0.115278 0.841406 0.115278 0.853125 0.116667 0.856250 0.113889 0.863281 0.115278
25 0.997656 0.051389 0.995313 0.055556 0.992969 0.055556 0.989844 0.059722 0.981250 0.065278 0.978125 0.069444 0.976562 0.069444 0.975000 0.070833 0.974219 0.075000 0.975781 0.076389 0.976562 0.077778 0.978125 0.079167 0.976562 0.081944 0.979688 0.080556 0.980469 0.079167 0.984375 0.079167 0.986719 0.077778 0.988281 0.075000 0.990625 0.073611 0.993750 0.073611 0.996094 0.072222 0.999219 0.069444 0.999219 0.051389 0.997656 0.051389
25 0.425000 0.000000 0.426563 0.004167 0.426563 0.005556 0.428906 0.006944 0.430469 0.004167 0.431250 0.000000 0.425000 0.000000
25 0.419531 0.000000 0.417969 0.004167 0.413281 0.008333 0.409375 0.008333 0.415625 0.006944 0.417187 0.006944 0.423438 0.008333 0.425000 0.011111 0.427344 0.012500 0.428906 0.011111 0.430469 0.009722 0.432812 0.005556 0.431250 0.008333 0.429688 0.009722 0.426563 0.009722 0.425000 0.008333 0.424219 0.006944 0.423438 0.005556 0.421875 0.002778 0.421875 0.000000 0.419531 0.000000
25 0.409375 0.000000 0.409375 0.004167 0.410938 0.005556 0.413281 0.001389 0.415625 0.000000 0.409375 0.000000
25 0.368750 0.000000 0.368750 0.009722 0.371094 0.011111 0.372656 0.008333 0.375000 0.013889 0.375781 0.018056 0.380469 0.026389 0.380469 0.030556 0.382812 0.036111 0.382812 0.040278 0.384375 0.045833 0.386719 0.044444 0.388281 0.048611 0.388281 0.051389 0.388281 0.051389 0.387500 0.047222 0.385937 0.050000 0.385937 0.054167 0.388281 0.055556 0.388281 0.051389 0.388281 0.051389 0.391406 0.058333 0.390625 0.059722 0.389844 0.056944 0.389062 0.062500 0.390625 0.059722 0.391406 0.058333 0.394531 0.065278 0.393750 0.068056 0.391406 0.062500 0.390625 0.066667 0.391406 0.070833 0.392188 0.073611 0.392969 0.076389 0.395313 0.076389 0.393750 0.068056 0.394531 0.065278 0.399219 0.072222 0.399219 0.073611 0.400781 0.076389 0.402344 0.077778 0.403906 0.077778 0.407813 0.084722 0.405469 0.086111 0.403906 0.088889 0.403125 0.091667 0.405469 0.093056 0.405469 0.086111 0.407813 0.084722 0.410938 0.084722 0.411719 0.087500 0.411719 0.088889 0.413281 0.094444 0.414844 0.091667 0.413281 0.087500 0.411719 0.088889 0.411719 0.087500 0.414062 0.086111 0.414062 0.088889 0.415625 0.090278 0.415625 0.093056 0.416406 0.094444 0.416406 0.098611 0.417187 0.101389 0.415625 0.098611 0.415625 0.104167 0.416406 0.108333 0.416406 0.109722 0.413281 0.109722 0.414844 0.113889 0.416406 0.109722 0.416406 0.108333 0.417187 0.104167 0.417187 0.113889 0.418750 0.116667 0.419531 0.120833 0.419531 0.123611 0.417969 0.125000 0.416406 0.122222 0.414844 0.115278 0.414062 0.118056 0.416406 0.122222 0.417969 0.125000 0.421094 0.126389 0.421094 0.133333 0.419531 0.133333 0.418750 0.134722 0.418750 0.137500 0.419531 0.148611 0.420312 0.129167 0.419531 0.133333 0.421094 0.133333 0.421875 0.137500 0.426563 0.145833 0.427344 0.150000 0.431250 0.155556 0.432812 0.159722 0.434375 0.159722 0.432812 0.161111 0.431250 0.161111 0.428906 0.159722 0.425781 0.155556 0.424219 0.151389 0.421875 0.152778 0.424219 0.155556 0.427344 0.161111 0.427344 0.162500 0.432812 0.165278 0.434375 0.165278 0.434375 0.162500 0.435937 0.163889 0.436719 0.166667 0.436719 0.170833 0.435937 0.172222 0.435156 0.173611 0.435937 0.179167 0.436719 0.186111 0.436719 0.187500 0.437500 0.181944 0.437500 0.175000 0.437500 0.179167 0.438281 0.183333 0.440625 0.188889 0.440625 0.195833 0.442188 0.202778 0.442188 0.206944 0.441406 0.202778 0.439063 0.206944 0.440625 0.209722 0.442188 0.218056 0.442188 0.219444 0.435156 0.219444 0.436719 0.226389 0.435156 0.227778 0.435937 0.236111 0.436719 0.233333 0.437500 0.231944 0.437500 0.229167 0.438281 0.226389 0.439063 0.223611 0.442188 0.219444 0.442188 0.218056 0.442969 0.212500 0.442969 0.220833 0.441406 0.225000 0.441406 0.231944 0.444531 0.234722 0.439844 0.247222 0.439063 0.250000 0.441406 0.251389 0.439844 0.247222 0.444531 0.234722 0.448437 0.236111 0.455469 0.238889 0.467969 0.238889 0.465625 0.243056 0.461719 0.243056 0.459375 0.241667 0.450000 0.240278 0.448437 0.243056 0.450781 0.245833 0.453125 0.243056 0.456250 0.244444 0.457813 0.244444 0.459375 0.241667 0.461719 0.243056 0.464062 0.245833 0.465625 0.243056 0.467969 0.238889 0.471094 0.238889 0.471875 0.237500 0.473438 0.237500 0.471875 0.240278 0.475000 0.241667 0.475781 0.237500 0.478125 0.236111 0.477344 0.238889 0.481250 0.243056 0.485938 0.244444 0.489844 0.245833 0.493750 0.245833 0.490625 0.248611 0.491406 0.254167 0.491406 0.255556 0.489844 0.252778 0.486719 0.254167 0.489063 0.255556 0.491406 0.255556 0.491406 0.254167 0.492188 0.258333 0.491406 0.256944 0.490625 0.259722 0.489063 0.261111 0.490625 0.265278 0.491406 0.256944 0.492188 0.258333 0.492969 0.261111 0.494531 0.265278 0.500000 0.275000 0.504687 0.279167 0.505469 0.279167 0.503906 0.277778 0.502344 0.277778 0.496094 0.277778 0.498437 0.281944 0.500781 0.281944 0.502344 0.277778 0.503906 0.277778 0.503906 0.281944 0.504687 0.286111 0.505469 0.283333 0.507031 0.281944 0.505469 0.279167 0.504687 0.279167 0.507031 0.280556 0.507812 0.283333 0.506250 0.286111 0.507812 0.288889 0.507812 0.283333 0.507031 0.280556 0.513281 0.291667 0.516406 0.297222 0.516406 0.298611 0.515625 0.300000 0.514844 0.300000 0.513281 0.297222 0.512500 0.300000 0.516406 0.306944 0.518750 0.305556 0.515625 0.300000 0.516406 0.298611 0.519531 0.304167 0.521875 0.306944 0.522656 0.306944 0.523438 0.308333 0.523438 0.309722 0.525000 0.312500 0.525000 0.319444 0.522656 0.318056 0.521875 0.320833 0.521875 0.319444 0.522656 0.315278 0.521094 0.309722 0.519531 0.306944 0.517969 0.309722 0.519531 0.313889 0.521875 0.319444 0.521875 0.320833 0.523438 0.323611 0.525000 0.322222 0.524219 0.320833 0.525000 0.319444 0.525000 0.312500 0.527344 0.312500 0.528906 0.313889 0.531250 0.318056 0.532813 0.319444 0.535937 0.320833 0.535156 0.322222 0.532813 0.323611 0.533594 0.322222 0.531250 0.320833 0.531250 0.326389 0.533594 0.322222 0.532813 0.323611 0.534375 0.326389 0.536719 0.325000 0.535156 0.322222 0.535937 0.320833 0.543750 0.320833 0.544531 0.320833 0.542969 0.322222 0.540625 0.323611 0.542188 0.326389 0.545312 0.326389 0.544531 0.320833 0.543750 0.320833 0.546094 0.319444 0.548438 0.316667 0.553906 0.315278 0.553906 0.315278 0.553125 0.316667 0.551562 0.318056 0.553906 0.319444 0.556250 0.313889 0.553906 0.313889 0.553906 0.315278 0.553906 0.315278 0.553906 0.313889 0.555469 0.311111 0.555469 0.309722 0.558594 0.308333 0.560937 0.306944 0.564844 0.302778 0.567969 0.302778 0.571094 0.302778 0.572656 0.305556 0.575000 0.304167 0.575000 0.301389 0.571094 0.302778 0.567969 0.302778 0.567969 0.304167 0.564844 0.306944 0.567969 0.308333 0.567969 0.304167 0.567969 0.302778 0.574219 0.291667 0.576562 0.290278 0.577344 0.293056 0.579688 0.297222 0.581250 0.291667 0.582031 0.291667 0.580469 0.287500 0.577344 0.293056 0.576562 0.290278 0.578125 0.287500 0.578125 0.286111 0.579688 0.283333 0.582031 0.281944 0.583594 0.279167 0.584375 0.279167 0.585156 0.277778 0.585156 0.276389 0.586719 0.273611 0.588281 0.270833 0.590625 0.277778 0.591406 0.272222 0.589844 0.269444 0.588281 0.270833 0.586719 0.273611 0.587500 0.266667 0.586719 0.259722 0.587500 0.255556 0.588281 0.254167 0.589844 0.256944 0.592969 0.256944 0.592187 0.251389 0.593750 0.250000 0.590625 0.250000 0.589844 0.252778 0.588281 0.254167 0.587500 0.255556 0.593750 0.243056 0.596094 0.241667 0.596094 0.241667 0.595313 0.241667 0.593750 0.244444 0.594531 0.247222 0.596094 0.244444 0.597656 0.244444 0.600781 0.238889 0.603125 0.238889 0.604688 0.236111 0.602344 0.234722 0.600000 0.234722 0.599219 0.237500 0.596094 0.241667 0.596094 0.241667 0.598437 0.237500 0.598437 0.236111 0.600781 0.231944 0.603125 0.231944 0.606250 0.236111 0.608594 0.240278 0.610938 0.240278 0.611719 0.238889 0.613281 0.237500 0.607812 0.234722 0.606250 0.236111 0.603125 0.231944 0.604688 0.229167 0.603125 0.227778 0.604688 0.226389 0.606250 0.225000 0.614062 0.225000 0.615625 0.223611 0.617969 0.219444 0.617969 0.219444 0.621094 0.218056 0.622656 0.213889 0.621875 0.211111 0.619531 0.215278 0.619531 0.216667 0.617969 0.219444 0.617969 0.219444 0.620313 0.212500 0.621094 0.211111 0.622656 0.209722 0.624219 0.211111 0.625781 0.208333 0.628125 0.202778 0.630469 0.201389 0.632031 0.201389 0.633594 0.204167 0.635938 0.201389 0.637500 0.205556 0.642969 0.205556 0.640625 0.204167 0.639062 0.202778 0.642969 0.201389 0.645312 0.204167 0.648438 0.204167 0.647656 0.206944 0.644531 0.206944 0.647656 0.211111 0.650000 0.209722 0.650000 0.208333 0.653125 0.202778 0.655469 0.204167 0.655469 0.211111 0.657031 0.208333 0.657031 0.205556 0.660156 0.208333 0.670312 0.206944 0.671875 0.208333 0.671875 0.209722 0.674219 0.212500 0.671875 0.215278 0.673438 0.218056 0.675000 0.216667 0.675000 0.215278 0.677344 0.215278 0.678906 0.218056 0.680469 0.222222 0.679688 0.222222 0.677344 0.222222 0.678125 0.225000 0.676562 0.227778 0.678125 0.229167 0.678906 0.231944 0.679688 0.222222 0.680469 0.222222 0.681250 0.223611 0.683594 0.225000 0.688281 0.233333 0.686719 0.237500 0.685156 0.236111 0.682813 0.236111 0.684375 0.238889 0.686719 0.237500 0.688281 0.233333 0.689844 0.234722 0.689844 0.236111 0.689844 0.241667 0.692187 0.244444 0.693750 0.238889 0.689844 0.236111 0.689844 0.234722 0.696094 0.236111 0.699219 0.237500 0.699219 0.237500 0.698438 0.238889 0.696094 0.238889 0.697656 0.241667 0.701562 0.240278 0.699219 0.237500 0.699219 0.237500 0.700781 0.238889 0.703125 0.243056 0.700781 0.244444 0.702344 0.247222 0.705469 0.245833 0.705469 0.248611 0.707031 0.251389 0.707031 0.255556 0.706250 0.254167 0.703906 0.251389 0.702344 0.254167 0.702344 0.256944 0.700781 0.259722 0.702344 0.262500 0.703906 0.259722 0.706250 0.254167 0.707031 0.255556 0.706250 0.256944 0.705469 0.263889 0.706250 0.268056 0.707812 0.269444 0.710156 0.270833 0.711719 0.273611 0.712500 0.281944 0.712500 0.284722 0.711719 0.279167 0.710156 0.276389 0.708594 0.277778 0.709375 0.279167 0.707812 0.281944 0.710156 0.283333 0.710938 0.286111 0.712500 0.284722 0.712500 0.281944 0.714844 0.283333 0.716406 0.286111 0.717969 0.287500 0.716406 0.288889 0.717969 0.291667 0.725781 0.293056 0.727344 0.291667 0.727344 0.293056 0.724219 0.300000 0.725000 0.305556 0.726562 0.302778 0.728125 0.298611 0.727344 0.293056 0.727344 0.291667 0.725781 0.288889 0.721875 0.288889 0.724219 0.288889 0.726562 0.286111 0.726562 0.288889 0.730469 0.286111 0.732031 0.284722 0.731250 0.287500 0.729688 0.290278 0.730469 0.293056 0.730469 0.297222 0.734375 0.302778 0.732812 0.304167 0.732031 0.305556 0.727344 0.305556 0.725781 0.306944 0.725000 0.308333 0.725000 0.309722 0.721875 0.313889 0.721094 0.313889 0.720313 0.315278 0.719531 0.318056 0.718750 0.320833 0.718750 0.327778 0.719531 0.329167 0.720313 0.331944 0.724219 0.330556 0.727344 0.325000 0.727344 0.329167 0.726562 0.331944 0.725781 0.334722 0.724219 0.338889 0.721875 0.343056 0.722656 0.345833 0.724219 0.344444 0.725000 0.341667 0.727344 0.340278 0.726562 0.337500 0.729688 0.334722 0.731250 0.334722 0.731250 0.330556 0.731250 0.327778 0.732031 0.326389 0.732031 0.323611 0.731250 0.318056 0.733594 0.315278 0.733594 0.312500 0.736719 0.309722 0.737500 0.312500 0.738281 0.313889 0.739062 0.318056 0.741406 0.313889 0.742188 0.313889 0.744531 0.311111 0.742969 0.313889 0.742969 0.315278 0.740625 0.320833 0.738281 0.325000 0.739062 0.329167 0.735156 0.334722 0.734375 0.336111 0.731250 0.344444 0.726562 0.351389 0.727344 0.354167 0.725000 0.359722 0.721875 0.362500 0.719531 0.366667 0.717969 0.361111 0.717187 0.358333 0.714844 0.362500 0.715625 0.365278 0.717969 0.361111 0.719531 0.366667 0.718750 0.369444 0.720313 0.373611 0.720313 0.377778 0.719531 0.380556 0.721094 0.383333 0.724219 0.381944 0.721875 0.380556 0.720313 0.377778 0.720313 0.373611 0.724219 0.375000 0.728906 0.373611 0.732031 0.376389 0.734375 0.376389 0.734375 0.377778 0.735938 0.380556 0.739062 0.379167 0.740625 0.380556 0.742188 0.384722 0.743750 0.390278 0.744531 0.384722 0.746094 0.388889 0.745313 0.393056 0.746875 0.395833 0.745313 0.398611 0.742969 0.394444 0.742188 0.397222 0.739062 0.397222 0.739062 0.391667 0.737500 0.390278 0.735938 0.388889 0.734375 0.391667 0.735938 0.394444 0.737500 0.394444 0.739062 0.397222 0.742188 0.397222 0.744531 0.402778 0.745313 0.398611 0.746875 0.395833 0.749219 0.394444 0.750000 0.394444 0.751563 0.391667 0.751563 0.388889 0.752344 0.391667 0.752344 0.393056 0.755469 0.393056 0.756250 0.395833 0.759375 0.397222 0.763281 0.398611 0.766406 0.397222 0.767188 0.400000 0.767969 0.397222 0.767969 0.400000 0.771875 0.406944 0.773438 0.406944 0.773438 0.412500 0.770312 0.412500 0.766406 0.416667 0.765625 0.412500 0.759375 0.412500 0.763281 0.416667 0.764844 0.418056 0.766406 0.416667 0.770312 0.412500 0.771875 0.418056 0.771094 0.430556 0.771875 0.473611 0.771094 0.484722 0.771094 0.487500 0.771094 0.498611 0.771094 0.554167 0.771875 0.556944 0.770312 0.558333 0.770312 0.566667 0.767188 0.569444 0.768750 0.570833 0.765625 0.573611 0.761719 0.572222 0.760156 0.575000 0.758594 0.572222 0.755469 0.573611 0.753906 0.573611 0.753906 0.568056 0.753125 0.563889 0.750000 0.565278 0.747656 0.562500 0.746094 0.568056 0.745313 0.563889 0.743750 0.562500 0.742188 0.563889 0.740625 0.573611 0.739062 0.572222 0.736719 0.575000 0.734375 0.575000 0.733594 0.570833 0.732812 0.562500 0.732812 0.548611 0.732031 0.543056 0.729688 0.530556 0.728125 0.523611 0.725781 0.515278 0.724219 0.509722 0.717969 0.498611 0.716406 0.497222 0.713281 0.495833 0.709375 0.494444 0.704688 0.493056 0.689844 0.491667 0.687500 0.491667 0.667188 0.493056 0.664062 0.494444 0.661719 0.495833 0.656250 0.505556 0.653125 0.512500 0.652344 0.518056 0.650000 0.525000 0.647656 0.529167 0.646875 0.531944 0.646094 0.534722 0.644531 0.541667 0.643750 0.547222 0.643750 0.558333 0.642969 0.565278 0.641406 0.568056 0.639062 0.566667 0.638281 0.562500 0.636719 0.566667 0.635156 0.568056 0.632812 0.568056 0.630469 0.570833 0.628125 0.572222 0.629687 0.569444 0.629687 0.561111 0.626563 0.554167 0.628125 0.554167 0.628906 0.550000 0.628906 0.545833 0.628906 0.544444 0.629687 0.541667 0.631250 0.545833 0.632812 0.544444 0.633594 0.541667 0.631250 0.538889 0.628906 0.536111 0.627344 0.531944 0.626563 0.534722 0.628906 0.536111 0.631250 0.538889 0.629687 0.541667 0.628906 0.544444 0.622656 0.544444 0.621094 0.541667 0.621094 0.509722 0.619531 0.506944 0.619531 0.502778 0.620313 0.501389 0.622656 0.502778 0.624219 0.500000 0.624219 0.488889 0.621875 0.483333 0.622656 0.465278 0.621875 0.462500 0.621875 0.459722 0.621094 0.455556 0.621094 0.447222 0.619531 0.450000 0.619531 0.452778 0.621094 0.455556 0.621875 0.459722 0.618750 0.465278 0.618750 0.483333 0.617188 0.486111 0.616406 0.488889 0.617188 0.494444 0.616406 0.495833 0.616406 0.500000 0.617969 0.502778 0.619531 0.502778 0.619531 0.506944 0.617969 0.541667 0.617188 0.543056 0.617188 0.547222 0.615625 0.543056 0.613281 0.541667 0.599219 0.540278 0.596875 0.544444 0.595313 0.544444 0.592187 0.550000 0.589844 0.558333 0.589063 0.562500 0.588281 0.569444 0.588281 0.579167 0.586719 0.583333 0.585156 0.583333 0.586719 0.581944 0.585156 0.579167 0.584375 0.576389 0.582812 0.576389 0.583594 0.573611 0.584375 0.570833 0.582812 0.566667 0.579688 0.565278 0.582812 0.561111 0.583594 0.529167 0.582812 0.526389 0.580469 0.525000 0.579688 0.531944 0.581250 0.531944 0.579688 0.536111 0.581250 0.537500 0.578125 0.537500 0.580469 0.540278 0.578906 0.540278 0.579688 0.545833 0.579688 0.548611 0.577344 0.550000 0.577344 0.545833 0.576562 0.544444 0.576562 0.537500 0.575000 0.533333 0.573438 0.529167 0.571875 0.526389 0.567969 0.525000 0.564844 0.500000 0.566406 0.498611 0.567187 0.495833 0.568750 0.494444 0.566406 0.493056 0.567969 0.490278 0.564844 0.488889 0.564063 0.487500 0.565625 0.486111 0.566406 0.481944 0.568750 0.476389 0.570312 0.476389 0.572656 0.476389 0.571094 0.472222 0.570312 0.466667 0.571094 0.461111 0.572656 0.456944 0.572656 0.454167 0.572656 0.447222 0.574219 0.447222 0.575000 0.441667 0.576562 0.441667 0.578125 0.438889 0.578125 0.433333 0.578125 0.431944 0.580469 0.430556 0.582031 0.427778 0.581250 0.423611 0.579688 0.418056 0.583594 0.418056 0.583594 0.413889 0.583594 0.411111 0.582031 0.406944 0.584375 0.405556 0.582812 0.402778 0.580469 0.405556 0.580469 0.401389 0.576562 0.402778 0.574219 0.405556 0.570312 0.405556 0.568750 0.404167 0.567969 0.400000 0.570312 0.401389 0.571875 0.400000 0.570312 0.397222 0.569531 0.391667 0.567969 0.394444 0.566406 0.394444 0.565625 0.390278 0.564063 0.394444 0.561719 0.394444 0.558594 0.393056 0.557031 0.395833 0.552344 0.393056 0.550781 0.397222 0.551562 0.400000 0.548438 0.400000 0.546875 0.402778 0.545312 0.406944 0.546875 0.411111 0.545312 0.413889 0.549219 0.418056 0.548438 0.420833 0.548438 0.429167 0.550781 0.431944 0.552344 0.433333 0.552344 0.436111 0.550000 0.436111 0.550781 0.441667 0.552344 0.441667 0.552344 0.448611 0.554688 0.450000 0.560156 0.452778 0.557813 0.454167 0.557813 0.458333 0.557031 0.462500 0.555469 0.465278 0.555469 0.468056 0.556250 0.472222 0.553125 0.480556 0.553906 0.487500 0.556250 0.486111 0.557813 0.487500 0.557813 0.490278 0.560156 0.490278 0.562500 0.488889 0.564063 0.487500 0.564844 0.488889 0.562500 0.491667 0.561719 0.493056 0.560937 0.495833 0.562500 0.500000 0.564844 0.500000 0.567969 0.525000 0.557813 0.525000 0.551562 0.526389 0.548438 0.527778 0.546875 0.530556 0.546094 0.530556 0.545312 0.531944 0.545312 0.533333 0.543750 0.536111 0.541406 0.544444 0.540625 0.550000 0.541406 0.577778 0.541406 0.580556 0.535156 0.580556 0.532031 0.583333 0.527344 0.584722 0.521875 0.586111 0.515625 0.587500 0.514844 0.586111 0.512500 0.587500 0.514062 0.587500 0.515625 0.584722 0.516406 0.581944 0.516406 0.570833 0.514844 0.565278 0.514844 0.558333 0.514062 0.555556 0.507031 0.543056 0.504687 0.541667 0.500000 0.540278 0.492188 0.540278 0.489063 0.541667 0.487500 0.543056 0.486719 0.544444 0.484375 0.550000 0.483594 0.552778 0.482812 0.558333 0.482031 0.563889 0.482031 0.569444 0.481250 0.572222 0.481250 0.568056 0.482031 0.566667 0.482031 0.562500 0.482812 0.561111 0.482812 0.558333 0.481250 0.555556 0.477344 0.555556 0.477344 0.552778 0.479687 0.554167 0.481250 0.551389 0.478906 0.544444 0.478125 0.548611 0.477344 0.540278 0.475781 0.531944 0.473438 0.530556 0.473438 0.527778 0.471094 0.523611 0.467969 0.522222 0.466406 0.527778 0.455469 0.527778 0.450781 0.526389 0.448437 0.525000 0.445312 0.519444 0.445312 0.516667 0.443750 0.513889 0.442188 0.512500 0.438281 0.511111 0.437500 0.508333 0.436719 0.505556 0.436719 0.497222 0.435937 0.495833 0.435156 0.493056 0.431250 0.494444 0.429688 0.502778 0.428125 0.505556 0.425781 0.515278 0.425781 0.523611 0.426563 0.513889 0.425781 0.511111 0.424219 0.513889 0.421875 0.522222 0.421094 0.531944 0.421094 0.554167 0.419531 0.575000 0.417969 0.575000 0.417969 0.555556 0.418750 0.554167 0.419531 0.519444 0.418750 0.508333 0.417969 0.508333 0.418750 0.506944 0.418750 0.501389 0.417187 0.495833 0.417187 0.487500 0.415625 0.481944 0.415625 0.472222 0.414844 0.465278 0.414062 0.461111 0.413281 0.458333 0.411719 0.455556 0.409375 0.454167 0.408594 0.452778 0.407813 0.450000 0.407813 0.447222 0.407031 0.444444 0.406250 0.441667 0.403906 0.437500 0.401562 0.436111 0.399219 0.436111 0.396875 0.437500 0.393750 0.437500 0.389062 0.433333 0.386719 0.431944 0.382031 0.430556 0.375000 0.431944 0.372656 0.433333 0.370312 0.437500 0.365625 0.438889 0.362500 0.440278 0.360938 0.441667 0.355469 0.450000 0.353906 0.452778 0.354687 0.454167 0.353125 0.456944 0.353125 0.461111 0.352344 0.463889 0.350000 0.465278 0.346875 0.470833 0.345313 0.470833 0.342187 0.475000 0.340625 0.475000 0.339062 0.477778 0.339062 0.480556 0.336719 0.481944 0.335938 0.483333 0.334375 0.484722 0.335938 0.486111 0.332813 0.484722 0.330469 0.484722 0.329688 0.491667 0.328906 0.491667 0.328125 0.497222 0.330469 0.504167 0.331250 0.508333 0.331250 0.518056 0.332031 0.520833 0.333594 0.525000 0.335156 0.527778 0.336719 0.529167 0.341406 0.529167 0.342969 0.531944 0.343750 0.536111 0.345313 0.538889 0.346094 0.534722 0.346094 0.534722 0.347656 0.540278 0.349219 0.536111 0.347656 0.533333 0.346094 0.534722 0.346094 0.534722 0.350000 0.533333 0.351562 0.534722 0.352344 0.538889 0.352344 0.531944 0.353125 0.529167 0.353125 0.533333 0.355469 0.534722 0.358594 0.533333 0.360938 0.533333 0.360156 0.538889 0.361719 0.543056 0.363281 0.540278 0.365625 0.543056 0.367188 0.543056 0.371875 0.545833 0.374219 0.541667 0.377344 0.541667 0.378125 0.548611 0.377344 0.551389 0.371875 0.561111 0.371875 0.566667 0.365625 0.566667 0.364063 0.562500 0.360938 0.566667 0.358594 0.566667 0.357031 0.572222 0.343750 0.569444 0.339844 0.569444 0.337500 0.570833 0.335938 0.572222 0.333594 0.576389 0.331250 0.579167 0.331250 0.580556 0.329688 0.583333 0.327344 0.584722 0.324219 0.584722 0.323437 0.586111 0.321094 0.586111 0.317188 0.584722 0.314063 0.581944 0.312500 0.580556 0.311719 0.583333 0.310156 0.584722 0.311719 0.583333 0.312500 0.580556 0.313281 0.577778 0.313281 0.555556 0.311719 0.551389 0.311719 0.543056 0.310937 0.537500 0.309375 0.533333 0.308594 0.523611 0.307031 0.520833 0.307031 0.519444 0.303906 0.516667 0.301563 0.516667 0.299219 0.515278 0.296875 0.513889 0.295312 0.512500 0.293750 0.511111 0.300000 0.512500 0.303906 0.512500 0.305469 0.509722 0.305469 0.502778 0.303906 0.498611 0.303906 0.479167 0.303125 0.470833 0.301563 0.463889 0.301563 0.455556 0.300000 0.455556 0.300781 0.451389 0.298438 0.452778 0.297656 0.447222 0.296094 0.444444 0.297656 0.447222 0.300000 0.444444 0.298438 0.440278 0.296094 0.438889 0.294531 0.437500 0.293750 0.433333 0.295312 0.433333 0.296094 0.425000 0.295312 0.422222 0.294531 0.419444 0.292969 0.415278 0.290625 0.411111 0.288281 0.408333 0.286719 0.406944 0.285156 0.405556 0.282813 0.404167 0.280469 0.402778 0.277344 0.404167 0.275781 0.398611 0.271875 0.395833 0.269531 0.395833 0.267188 0.393056 0.264844 0.391667 0.250000 0.393056 0.239844 0.393056 0.236719 0.391667 0.231250 0.387500 0.227344 0.387500 0.225000 0.384722 0.224219 0.381944 0.221875 0.384722 0.220312 0.384722 0.216406 0.383333 0.212500 0.380556 0.210156 0.380556 0.203906 0.381944 0.196094 0.380556 0.194531 0.381944 0.194531 0.387500 0.196094 0.388889 0.200781 0.387500 0.201563 0.390278 0.200781 0.394444 0.196875 0.394444 0.195312 0.395833 0.194531 0.401389 0.192969 0.398611 0.192188 0.395833 0.192188 0.391667 0.190625 0.391667 0.190625 0.379167 0.189844 0.377778 0.189844 0.362500 0.188281 0.358333 0.187500 0.345833 0.188281 0.298611 0.189062 0.293056 0.188281 0.266667 0.187500 0.263889 0.186719 0.261111 0.185156 0.258333 0.179688 0.258333 0.172656 0.255556 0.165625 0.254167 0.155469 0.254167 0.153906 0.255556 0.153125 0.256944 0.152344 0.259722 0.152344 0.276389 0.153125 0.286111 0.153906 0.288889 0.154688 0.291667 0.157031 0.295833 0.159375 0.297222 0.163281 0.298611 0.170313 0.300000 0.177344 0.298611 0.181250 0.298611 0.182031 0.301389 0.182812 0.308333 0.182812 0.326389 0.182031 0.334722 0.182812 0.336111 0.182812 0.343056 0.184375 0.344444 0.184375 0.347222 0.182812 0.355556 0.182031 0.381944 0.180469 0.383333 0.182812 0.386111 0.183594 0.388889 0.183594 0.409722 0.180469 0.411111 0.176563 0.404167 0.171875 0.394444 0.170313 0.393056 0.168750 0.394444 0.167187 0.397222 0.166406 0.401389 0.166406 0.408333 0.165625 0.409722 0.165625 0.415278 0.166406 0.420833 0.168750 0.431944 0.168750 0.455556 0.167969 0.465278 0.167187 0.470833 0.166406 0.475000 0.162500 0.477778 0.155469 0.477778 0.153906 0.480556 0.156250 0.481944 0.153906 0.484722 0.153906 0.487500 0.156250 0.488889 0.155469 0.491667 0.154688 0.495833 0.154688 0.508333 0.155469 0.512500 0.157031 0.516667 0.157812 0.519444 0.158594 0.522222 0.157031 0.522222 0.156250 0.529167 0.153125 0.531944 0.150781 0.531944 0.147656 0.534722 0.147656 0.536111 0.145313 0.536111 0.139063 0.531944 0.135937 0.530556 0.134375 0.531944 0.114844 0.531944 0.110937 0.531944 0.091406 0.529167 0.087500 0.530556 0.085938 0.531944 0.081250 0.540278 0.079687 0.545833 0.071094 0.545833 0.068750 0.545833 0.067187 0.548611 0.057813 0.548611 0.043750 0.548611 0.039844 0.548611 0.030469 0.547222 0.029687 0.545833 0.027344 0.545833 0.027344 0.543056 0.025000 0.543056 0.024219 0.544444 0.022656 0.544444 0.017188 0.543056 0.012500 0.541667 0.010937 0.540278 0.007812 0.534722 0.007812 0.531944 0.005469 0.533333 0.003906 0.533333 0.004687 0.530556 0.000000 0.529167 0.002344 0.529167 0.003906 0.529167 0.004687 0.523611 0.001563 0.523611 0.000000 0.522222 0.000000 0.440278 0.003125 0.438889 0.003906 0.436111 0.006250 0.433333 0.008594 0.433333 0.010937 0.436111 0.012500 0.437500 0.022656 0.434722 0.024219 0.434722 0.025781 0.437500 0.030469 0.437500 0.033594 0.441667 0.035156 0.441667 0.036719 0.444444 0.042188 0.444444 0.041406 0.447222 0.039844 0.448611 0.035156 0.455556 0.031250 0.459722 0.022656 0.466667 0.020313 0.469444 0.017969 0.473611 0.017188 0.476389 0.016406 0.479167 0.016406 0.490278 0.017188 0.493056 0.021094 0.500000 0.022656 0.501389 0.024219 0.502778 0.026562 0.504167 0.029687 0.505556 0.036719 0.506944 0.040625 0.508333 0.050000 0.513889 0.056250 0.519444 0.063281 0.523611 0.068750 0.526389 0.079687 0.525000 0.081250 0.525000 0.082031 0.526389 0.084375 0.526389 0.085156 0.523611 0.086719 0.523611 0.089844 0.518056 0.090625 0.513889 0.090625 0.495833 0.089844 0.483333 0.089063 0.479167 0.088281 0.475000 0.087500 0.472222 0.086719 0.469444 0.081250 0.459722 0.079687 0.458333 0.078125 0.456944 0.075781 0.455556 0.071094 0.452778 0.069531 0.451389 0.067969 0.450000 0.064844 0.448611 0.060937 0.447222 0.056250 0.445833 0.043750 0.445833 0.041406 0.447222 0.042188 0.444444 0.046094 0.445833 0.048438 0.443056 0.050781 0.437500 0.053125 0.433333 0.054688 0.431944 0.056250 0.431944 0.057813 0.425000 0.060156 0.415278 0.062500 0.413889 0.061719 0.408333 0.063281 0.406944 0.062500 0.404167 0.063281 0.397222 0.063281 0.400000 0.065625 0.400000 0.064844 0.397222 0.065625 0.390278 0.067187 0.387500 0.067969 0.383333 0.069531 0.381944 0.071094 0.381944 0.073438 0.377778 0.075781 0.376389 0.077344 0.373611 0.078906 0.368056 0.082031 0.362500 0.087500 0.358333 0.089844 0.355556 0.092969 0.350000 0.092969 0.348611 0.096094 0.344444 0.096875 0.347222 0.098437 0.345833 0.099219 0.345833 0.101562 0.343056 0.103125 0.340278 0.106250 0.340278 0.108594 0.337500 0.111719 0.336111 0.113281 0.338889 0.117188 0.336111 0.118750 0.333333 0.121094 0.333333 0.126562 0.336111 0.133594 0.336111 0.135156 0.334722 0.136719 0.333333 0.139844 0.327778 0.141406 0.326389 0.146094 0.326389 0.147656 0.319444 0.146875 0.311111 0.146875 0.306944 0.147656 0.297222 0.149219 0.284722 0.148438 0.275000 0.148438 0.272222 0.148438 0.220833 0.148438 0.216667 0.149219 0.215278 0.149219 0.212500 0.150781 0.211111 0.150781 0.206944 0.149219 0.206944 0.148438 0.204167 0.150000 0.193056 0.150000 0.183333 0.146875 0.180556 0.144531 0.175000 0.139844 0.168056 0.127344 0.166667 0.125000 0.169444 0.125000 0.173611 0.124219 0.176389 0.122656 0.179167 0.110937 0.179167 0.107031 0.186111 0.107031 0.188889 0.104688 0.190278 0.103906 0.193056 0.103906 0.198611 0.102344 0.204167 0.102344 0.213889 0.106250 0.215278 0.107031 0.218056 0.103906 0.219444 0.099219 0.227778 0.098437 0.233333 0.096875 0.236111 0.094531 0.234722 0.094531 0.233333 0.094531 0.225000 0.092969 0.222222 0.088281 0.222222 0.081250 0.223611 0.078906 0.227778 0.077344 0.227778 0.077344 0.222222 0.075781 0.219444 0.073438 0.219444 0.071875 0.218056 0.071094 0.215278 0.071094 0.211111 0.069531 0.209722 0.070312 0.206944 0.068750 0.205556 0.068750 0.198611 0.067187 0.195833 0.067187 0.193056 0.068750 0.188889 0.068750 0.181944 0.067187 0.179167 0.064844 0.179167 0.063281 0.176389 0.063281 0.168056 0.062500 0.163889 0.060937 0.162500 0.062500 0.158333 0.061719 0.155556 0.064062 0.151389 0.064062 0.147222 0.070312 0.137500 0.078125 0.137500 0.083594 0.136111 0.084375 0.131944 0.086719 0.134722 0.089063 0.131944 0.089844 0.134722 0.092188 0.134722 0.093750 0.134722 0.093750 0.131944 0.095312 0.127778 0.098437 0.123611 0.096094 0.118056 0.097656 0.116667 0.097656 0.112500 0.099219 0.108333 0.099219 0.102778 0.098437 0.086111 0.100781 0.080556 0.102344 0.076389 0.104688 0.072222 0.106250 0.070833 0.107813 0.069444 0.110937 0.069444 0.114062 0.068056 0.115625 0.065278 0.115625 0.061111 0.117188 0.058333 0.118750 0.065278 0.120313 0.066667 0.126562 0.066667 0.131250 0.059722 0.132812 0.056944 0.132812 0.055556 0.133594 0.054167 0.134375 0.054167 0.136719 0.056944 0.137500 0.058333 0.138281 0.061111 0.139063 0.056944 0.139844 0.054167 0.141406 0.051389 0.143750 0.051389 0.144531 0.052778 0.146875 0.052778 0.149219 0.048611 0.150000 0.044444 0.152344 0.048611 0.152344 0.044444 0.154688 0.041667 0.158594 0.048611 0.160156 0.054167 0.164844 0.063889 0.168750 0.066667 0.171094 0.066667 0.173437 0.069444 0.177344 0.069444 0.178906 0.072222 0.179688 0.075000 0.179688 0.077778 0.179688 0.086111 0.180469 0.091667 0.185156 0.101389 0.185938 0.104167 0.186719 0.109722 0.189062 0.113889 0.192188 0.111111 0.194531 0.111111 0.196094 0.113889 0.196094 0.115278 0.199219 0.115278 0.199219 0.118056 0.200781 0.119444 0.202344 0.116667 0.203906 0.115278 0.202344 0.113889 0.206250 0.113889 0.208594 0.116667 0.210938 0.116667 0.214062 0.119444 0.215625 0.120833 0.212500 0.118056 0.210938 0.116667 0.210156 0.120833 0.211719 0.123611 0.213281 0.125000 0.215625 0.126389 0.217188 0.122222 0.218750 0.122222 0.217188 0.123611 0.221875 0.126389 0.223438 0.129167 0.231250 0.126389 0.231250 0.126389 0.230469 0.129167 0.232813 0.129167 0.231250 0.126389 0.231250 0.126389 0.234375 0.129167 0.236719 0.127778 0.237500 0.129167 0.239844 0.129167 0.241406 0.126389 0.241406 0.123611 0.242969 0.120833 0.245312 0.123611 0.245312 0.119444 0.246875 0.113889 0.253125 0.115278 0.255469 0.115278 0.257031 0.101389 0.256250 0.098611 0.256250 0.097222 0.254688 0.094444 0.257031 0.093056 0.255469 0.090278 0.254688 0.090278 0.253906 0.088889 0.253906 0.087500 0.252344 0.084722 0.252344 0.081944 0.253906 0.077778 0.253125 0.075000 0.252344 0.075000 0.252344 0.070833 0.251563 0.072222 0.254688 0.070833 0.253906 0.068056 0.251563 0.072222 0.252344 0.070833 0.252344 0.068056 0.253906 0.065278 0.253906 0.052778 0.252344 0.048611 0.252344 0.047222 0.250000 0.045833 0.247656 0.043056 0.246094 0.040278 0.246875 0.037500 0.248438 0.034722 0.247656 0.031944 0.246094 0.034722 0.246875 0.037500 0.246094 0.040278 0.244531 0.033333 0.243750 0.029167 0.244531 0.025000 0.242188 0.026389 0.241406 0.025000 0.242969 0.023611 0.241406 0.019444 0.239844 0.022222 0.241406 0.025000 0.242188 0.026389 0.243750 0.029167 0.244531 0.033333 0.238281 0.020833 0.239063 0.020833 0.239063 0.015278 0.239063 0.013889 0.238281 0.012500 0.235937 0.009722 0.235156 0.012500 0.237500 0.016667 0.237500 0.018056 0.239063 0.020833 0.238281 0.020833 0.235156 0.015278 0.231250 0.012500 0.227344 0.006944 0.226562 0.004167 0.228906 0.001389 0.234375 0.011111 0.235937 0.006944 0.234375 0.004167 0.234375 0.002778 0.232813 0.000000 0.232031 0.002778 0.234375 0.002778 0.234375 0.004167 0.233594 0.005556 0.231250 0.000000 0.368750 0.000000
25 0.561719 0.409722 0.563281 0.412500 0.563281 0.415278 0.564844 0.413889 0.564063 0.412500 0.564063 0.409722 0.561719 0.409722
25 0.221094 0.001389 0.222656 0.002778 0.224219 0.004167 0.224219 0.000000 0.221094 0.001389
26 0.734375 0.576389 0.734375 0.612500 0.733594 0.618056 0.732812 0.620833 0.729688 0.627778 0.729688 0.630556 0.730469 0.633333 0.732812 0.633333 0.735938 0.636111 0.745313 0.637500 0.762500 0.638889 0.764062 0.638889 0.767188 0.636111 0.775781 0.634722 0.775781 0.631944 0.778906 0.626389 0.774219 0.625000 0.773438 0.622222 0.772656 0.616667 0.772656 0.612500 0.771094 0.611111 0.771875 0.604167 0.769531 0.604167 0.767969 0.601389 0.767188 0.604167 0.764844 0.605556 0.764062 0.601389 0.767188 0.598611 0.765625 0.591667 0.765625 0.583333 0.764062 0.584722 0.760156 0.586111 0.756250 0.590278 0.753906 0.591667 0.748437 0.593056 0.741406 0.593056 0.737500 0.590278 0.735938 0.588889 0.735156 0.583333 0.735938 0.579167 0.737500 0.576389 0.740625 0.575000 0.738281 0.576389 0.735938 0.575000 0.734375 0.576389
26 0.756250 0.573611 0.753906 0.575000 0.752344 0.577778 0.750000 0.579167 0.747656 0.579167 0.746875 0.577778 0.745313 0.577778 0.747656 0.583333 0.749219 0.584722 0.753125 0.583333 0.753125 0.581944 0.754687 0.577778 0.756250 0.575000 0.758594 0.575000 0.767188 0.576389 0.767188 0.573611 0.764844 0.575000 0.761719 0.573611 0.760156 0.576389 0.758594 0.573611 0.756250 0.573611
26 0.638281 0.563889 0.636719 0.568056 0.635156 0.569444 0.632812 0.569444 0.628906 0.572222 0.626563 0.577778 0.627344 0.581944 0.630469 0.583333 0.627344 0.587500 0.625000 0.588889 0.628906 0.588889 0.630469 0.586111 0.632031 0.586111 0.633594 0.584722 0.635938 0.580556 0.637500 0.581944 0.638281 0.579167 0.639844 0.579167 0.640625 0.576389 0.642188 0.570833 0.642188 0.568056 0.640625 0.568056 0.638281 0.566667 0.638281 0.563889
26 0.217188 0.562500 0.218750 0.565278 0.217969 0.561111 0.217188 0.562500
26 0.937500 0.558333 0.935156 0.562500 0.921875 0.562500 0.943750 0.561111 0.950000 0.562500 0.952344 0.562500 0.953125 0.561111 0.954688 0.561111 0.952344 0.561111 0.951562 0.559722 0.949219 0.561111 0.942969 0.561111 0.940625 0.561111 0.939063 0.558333 0.937500 0.558333
26 0.219531 0.554167 0.219531 0.556944 0.221094 0.554167 0.219531 0.554167
26 0.860938 0.551389 0.858594 0.554167 0.864844 0.554167 0.866406 0.556944 0.864062 0.558333 0.862500 0.558333 0.859375 0.556944 0.858594 0.559722 0.858594 0.559722 0.857031 0.556944 0.838281 0.556944 0.838281 0.561111 0.840625 0.561111 0.846094 0.561111 0.849219 0.561111 0.850000 0.559722 0.853125 0.559722 0.853906 0.561111 0.858594 0.559722 0.858594 0.559722 0.860938 0.559722 0.862500 0.558333 0.864062 0.558333 0.865625 0.561111 0.869531 0.561111 0.874219 0.563889 0.878125 0.563889 0.878906 0.566667 0.880469 0.565278 0.881250 0.563889 0.882812 0.561111 0.885156 0.562500 0.888281 0.561111 0.889844 0.563889 0.891406 0.563889 0.892969 0.563889 0.894531 0.561111 0.900000 0.558333 0.902344 0.558333 0.903125 0.561111 0.903906 0.565278 0.908594 0.563889 0.911719 0.566667 0.909375 0.583333 0.908594 0.584722 0.903906 0.584722 0.900781 0.587500 0.900000 0.586111 0.900781 0.591667 0.901563 0.591667 0.903906 0.595833 0.906250 0.597222 0.912500 0.598611 0.914844 0.598611 0.915625 0.597222 0.918750 0.597222 0.922656 0.600000 0.924219 0.600000 0.926562 0.600000 0.931250 0.597222 0.928125 0.594444 0.928906 0.591667 0.932031 0.591667 0.933594 0.590278 0.935937 0.586111 0.934375 0.583333 0.928125 0.581944 0.918750 0.584722 0.917188 0.583333 0.914062 0.584722 0.909375 0.583333 0.911719 0.566667 0.914062 0.562500 0.913281 0.558333 0.917969 0.559722 0.918750 0.562500 0.919531 0.563889 0.959375 0.563889 0.957812 0.562500 0.956250 0.562500 0.968750 0.562500 0.978125 0.561111 0.985156 0.561111 0.989844 0.563889 0.997656 0.562500 0.999219 0.562500 0.999219 0.645833 0.993750 0.644444 0.988281 0.640278 0.983594 0.638889 0.977344 0.637500 0.971094 0.636111 0.955469 0.637500 0.957031 0.638889 0.952344 0.641667 0.953906 0.645833 0.956250 0.648611 0.958594 0.650000 0.961719 0.651389 0.965625 0.652778 0.970313 0.652778 0.974219 0.654167 0.978906 0.655556 0.981250 0.658333 0.984375 0.658333 0.986719 0.659722 0.992969 0.659722 0.999219 0.661111 0.999219 0.751389 0.995313 0.750000 0.989844 0.745833 0.984375 0.743056 0.981250 0.743056 0.979688 0.740278 0.976562 0.738889 0.976562 0.737500 0.975781 0.736111 0.974219 0.734722 0.971094 0.734722 0.965625 0.730556 0.961719 0.729167 0.957812 0.729167 0.954688 0.727778 0.951562 0.726389 0.949219 0.723611 0.943750 0.723611 0.942969 0.720833 0.939063 0.720833 0.935156 0.718056 0.934375 0.715278 0.931250 0.715278 0.928125 0.713889 0.925000 0.712500 0.921094 0.708333 0.918750 0.708333 0.916406 0.705556 0.914062 0.705556 0.910156 0.701389 0.909375 0.700000 0.906250 0.698611 0.905469 0.697222 0.899219 0.694444 0.894531 0.694444 0.887500 0.691667 0.884375 0.690278 0.882031 0.687500 0.879687 0.686111 0.870313 0.681944 0.862500 0.680556 0.858594 0.679167 0.846875 0.672222 0.837500 0.669444 0.831250 0.665278 0.828125 0.663889 0.823438 0.662500 0.817969 0.661111 0.803906 0.661111 0.797656 0.659722 0.792969 0.658333 0.788281 0.654167 0.785937 0.651389 0.783594 0.647222 0.781250 0.644444 0.779687 0.643056 0.777344 0.641667 0.775000 0.641667 0.774219 0.638889 0.777344 0.638889 0.778906 0.637500 0.780469 0.634722 0.780469 0.630556 0.782813 0.622222 0.785937 0.615278 0.787500 0.611111 0.787500 0.594444 0.786719 0.586111 0.785937 0.580556 0.784375 0.576389 0.787500 0.573611 0.790625 0.572222 0.784375 0.570833 0.787500 0.569444 0.788281 0.568056 0.794531 0.568056 0.797656 0.566667 0.802344 0.562500 0.804688 0.558333 0.809375 0.558333 0.805469 0.566667 0.800781 0.568056 0.808594 0.569444 0.812500 0.566667 0.810937 0.563889 0.810937 0.561111 0.812500 0.565278 0.810937 0.569444 0.812500 0.573611 0.813281 0.581944 0.812500 0.598611 0.812500 0.605556 0.813281 0.613889 0.814063 0.616667 0.816406 0.620833 0.820312 0.622222 0.824219 0.622222 0.826562 0.619444 0.829688 0.618056 0.829688 0.615278 0.828906 0.611111 0.829688 0.604167 0.828906 0.580556 0.828125 0.579167 0.828125 0.566667 0.828906 0.572222 0.831250 0.565278 0.835156 0.563889 0.835938 0.561111 0.835938 0.558333 0.836719 0.554167 0.841406 0.554167 0.842187 0.555556 0.849219 0.555556 0.855469 0.552778 0.858594 0.550000 0.860938 0.551389
26 0.849219 0.550000 0.850781 0.551389 0.853125 0.551389 0.849219 0.550000
26 0.181250 0.523611 0.182031 0.525000 0.185156 0.525000 0.185938 0.529167 0.186719 0.526389 0.187500 0.523611 0.187500 0.530556 0.186719 0.531944 0.186719 0.538889 0.184375 0.540278 0.186719 0.541667 0.187500 0.544444 0.186719 0.545833 0.188281 0.570833 0.187500 0.588889 0.187500 0.597222 0.188281 0.613889 0.189062 0.616667 0.190625 0.620833 0.192188 0.619444 0.192969 0.622222 0.196094 0.620833 0.196875 0.618056 0.197656 0.615278 0.197656 0.609722 0.196094 0.606944 0.196094 0.600000 0.197656 0.598611 0.197656 0.590278 0.196094 0.577778 0.196875 0.552778 0.195312 0.548611 0.195312 0.545833 0.196094 0.530556 0.195312 0.529167 0.195312 0.523611 0.196875 0.529167 0.197656 0.525000 0.202344 0.523611 0.203906 0.523611 0.209375 0.525000 0.209375 0.533333 0.208594 0.537500 0.210156 0.538889 0.209375 0.541667 0.208594 0.541667 0.207031 0.538889 0.206250 0.541667 0.208594 0.541667 0.209375 0.541667 0.207031 0.543056 0.206250 0.548611 0.202344 0.552778 0.199219 0.555556 0.202344 0.559722 0.204687 0.559722 0.206250 0.561111 0.207813 0.563889 0.209375 0.565278 0.213281 0.565278 0.214844 0.568056 0.218750 0.569444 0.221875 0.570833 0.224219 0.570833 0.224219 0.566667 0.226562 0.565278 0.228125 0.568056 0.228906 0.565278 0.230469 0.562500 0.228906 0.561111 0.227344 0.555556 0.230469 0.559722 0.228906 0.552778 0.228125 0.547222 0.226562 0.550000 0.225000 0.547222 0.226562 0.547222 0.227344 0.543056 0.230469 0.537500 0.230469 0.534722 0.232031 0.531944 0.239063 0.533333 0.240625 0.536111 0.241406 0.544444 0.240625 0.545833 0.240625 0.552778 0.241406 0.558333 0.244531 0.561111 0.247656 0.561111 0.250781 0.565278 0.254688 0.566667 0.257812 0.566667 0.260937 0.568056 0.263281 0.570833 0.272656 0.570833 0.279687 0.572222 0.282813 0.573611 0.286719 0.575000 0.288281 0.576389 0.290625 0.580556 0.292969 0.581944 0.296875 0.583333 0.303906 0.586111 0.310937 0.586111 0.312500 0.581944 0.317188 0.586111 0.321094 0.587500 0.323437 0.587500 0.324219 0.586111 0.327344 0.586111 0.329688 0.584722 0.334375 0.577778 0.335938 0.573611 0.337500 0.572222 0.339844 0.570833 0.343750 0.570833 0.357031 0.573611 0.358594 0.570833 0.358594 0.568056 0.360938 0.568056 0.364063 0.563889 0.365625 0.568056 0.371875 0.568056 0.371875 0.570833 0.374219 0.572222 0.378906 0.573611 0.378906 0.576389 0.379688 0.577778 0.380469 0.579167 0.383594 0.583333 0.390625 0.583333 0.403906 0.583333 0.400781 0.581944 0.409375 0.581944 0.410938 0.584722 0.416406 0.584722 0.417969 0.581944 0.418750 0.575000 0.421094 0.580556 0.420312 0.583333 0.421875 0.586111 0.424219 0.583333 0.425000 0.583333 0.431250 0.584722 0.439844 0.584722 0.445312 0.586111 0.446094 0.587500 0.447656 0.587500 0.446094 0.588889 0.447656 0.590278 0.449219 0.593056 0.451562 0.593056 0.446094 0.594444 0.440625 0.595833 0.433594 0.595833 0.428125 0.598611 0.421094 0.598611 0.419531 0.601389 0.417187 0.602778 0.405469 0.602778 0.399219 0.604167 0.395313 0.606944 0.389844 0.608333 0.382812 0.608333 0.375000 0.609722 0.374219 0.612500 0.371875 0.612500 0.371094 0.613889 0.360938 0.613889 0.356250 0.615278 0.352344 0.616667 0.349219 0.619444 0.344531 0.619444 0.339062 0.623611 0.332031 0.623611 0.328906 0.626389 0.325000 0.627778 0.321875 0.627778 0.317969 0.629167 0.314063 0.631944 0.312500 0.634722 0.310937 0.633333 0.305469 0.636111 0.301563 0.634722 0.298438 0.638889 0.294531 0.640278 0.287500 0.640278 0.285938 0.643056 0.283594 0.644444 0.276562 0.647222 0.272656 0.648611 0.267188 0.648611 0.261719 0.652778 0.246094 0.659722 0.240625 0.662500 0.235937 0.662500 0.233594 0.665278 0.231250 0.665278 0.228906 0.668056 0.224219 0.668056 0.217188 0.672222 0.214844 0.673611 0.214062 0.676389 0.212500 0.676389 0.211719 0.677778 0.208594 0.679167 0.206250 0.680556 0.205469 0.677778 0.203125 0.679167 0.200000 0.679167 0.196875 0.681944 0.192188 0.681944 0.189062 0.684722 0.182031 0.687500 0.177344 0.687500 0.174219 0.690278 0.168750 0.690278 0.168750 0.687500 0.158594 0.687500 0.157031 0.684722 0.158594 0.681944 0.161719 0.681944 0.163281 0.680556 0.164062 0.679167 0.164062 0.677778 0.165625 0.675000 0.164844 0.672222 0.162500 0.668056 0.159375 0.666667 0.155469 0.665278 0.151562 0.665278 0.144531 0.666667 0.125000 0.665278 0.111719 0.662500 0.102344 0.663889 0.091406 0.661111 0.089844 0.661111 0.078906 0.662500 0.070312 0.661111 0.069531 0.659722 0.062500 0.659722 0.061719 0.655556 0.064062 0.652778 0.065625 0.651389 0.068750 0.650000 0.071875 0.650000 0.077344 0.644444 0.080469 0.643056 0.083594 0.641667 0.087500 0.641667 0.089844 0.638889 0.094531 0.638889 0.105469 0.634722 0.109375 0.633333 0.111719 0.631944 0.114062 0.630556 0.117188 0.626389 0.119531 0.623611 0.121875 0.619444 0.118750 0.618056 0.120313 0.616667 0.111719 0.615278 0.110937 0.616667 0.101562 0.616667 0.091406 0.618056 0.084375 0.619444 0.078906 0.620833 0.074219 0.623611 0.067969 0.623611 0.056250 0.626389 0.050781 0.627778 0.045312 0.629167 0.035937 0.633333 0.027344 0.633333 0.021875 0.634722 0.016406 0.637500 0.010937 0.638889 0.003906 0.640278 0.000000 0.640278 0.000000 0.530556 0.003906 0.530556 0.003125 0.533333 0.005469 0.534722 0.006250 0.531944 0.007812 0.536111 0.010156 0.540278 0.010937 0.541667 0.012500 0.543056 0.017188 0.544444 0.022656 0.545833 0.024219 0.545833 0.025000 0.544444 0.027344 0.544444 0.027344 0.547222 0.030469 0.548611 0.039844 0.550000 0.043750 0.550000 0.057813 0.550000 0.067187 0.550000 0.068750 0.547222 0.071094 0.547222 0.080469 0.545833 0.086719 0.550000 0.089844 0.548611 0.092969 0.551389 0.097656 0.551389 0.102344 0.554167 0.117188 0.558333 0.126562 0.556944 0.130469 0.559722 0.136719 0.559722 0.138281 0.555556 0.139844 0.555556 0.139844 0.558333 0.142187 0.556944 0.141406 0.554167 0.144531 0.548611 0.145313 0.545833 0.145313 0.543056 0.146875 0.538889 0.148438 0.534722 0.150000 0.534722 0.150000 0.531944 0.153125 0.533333 0.155469 0.531944 0.157031 0.529167 0.157031 0.523611 0.181250 0.523611
26 0.000000 0.523611 0.000000 0.527778 0.001563 0.526389 0.003906 0.527778 0.003906 0.523611 0.001563 0.525000 0.000000 0.523611
26 0.198437 0.519444 0.210156 0.519444 0.207813 0.519444 0.207031 0.518056 0.198437 0.519444
26 0.157031 0.518056 0.170313 0.518056 0.171094 0.519444 0.182812 0.518056 0.157031 0.518056
26 0.000000 0.420833 0.000781 0.431944 0.000000 0.438889 0.001563 0.438889 0.003125 0.437500 0.003906 0.434722 0.004687 0.434722 0.006250 0.431944 0.008594 0.431944 0.013281 0.436111 0.022656 0.433333 0.024219 0.433333 0.025781 0.436111 0.030469 0.436111 0.033594 0.440278 0.035156 0.440278 0.036719 0.443056 0.042969 0.441667 0.042969 0.444444 0.046094 0.444444 0.048438 0.441667 0.050000 0.438889 0.050781 0.436111 0.052344 0.433333 0.053125 0.431944 0.056250 0.430556 0.056250 0.426389 0.056250 0.422222 0.050000 0.422222 0.047656 0.423611 0.045312 0.426389 0.036719 0.426389 0.032813 0.425000 0.032813 0.422222 0.027344 0.422222 0.026562 0.420833 0.018750 0.419444 0.014844 0.419444 0.007812 0.419444 0.005469 0.419444 0.004687 0.420833 0.003125 0.420833 0.002344 0.419444 0.000000 0.420833
27 0.580469 0.526389 0.581250 0.534722 0.578906 0.537500 0.581250 0.540278 0.578906 0.541667 0.580469 0.545833 0.582812 0.541667 0.582812 0.529167 0.582031 0.526389 0.580469 0.526389
27 0.565625 0.488889 0.562500 0.493056 0.561719 0.495833 0.562500 0.498611 0.564063 0.500000 0.566406 0.497222 0.567969 0.494444 0.565625 0.493056 0.567187 0.488889 0.565625 0.488889
27 0.760156 0.412500 0.761719 0.413889 0.764062 0.415278 0.765625 0.416667 0.764844 0.412500 0.760156 0.412500
27 0.742969 0.395833 0.744531 0.401389 0.744531 0.398611 0.742969 0.395833
27 0.565625 0.394444 0.567969 0.395833 0.569531 0.393056 0.569531 0.397222 0.571094 0.400000 0.568750 0.401389 0.568750 0.405556 0.565625 0.411111 0.564063 0.408333 0.561719 0.411111 0.562500 0.415278 0.565625 0.413889 0.565625 0.411111 0.568750 0.405556 0.570312 0.406944 0.574219 0.406944 0.576562 0.404167 0.580469 0.402778 0.581250 0.405556 0.583594 0.405556 0.581250 0.406944 0.583594 0.408333 0.583594 0.416667 0.578906 0.418056 0.579688 0.423611 0.581250 0.425000 0.582031 0.429167 0.578906 0.429167 0.577344 0.431944 0.576562 0.434722 0.577344 0.438889 0.575000 0.440278 0.574219 0.445833 0.572656 0.445833 0.571875 0.450000 0.571875 0.454167 0.571875 0.456944 0.570312 0.461111 0.569531 0.466667 0.570312 0.472222 0.571875 0.476389 0.570312 0.475000 0.568750 0.475000 0.566406 0.476389 0.564844 0.479167 0.565625 0.484722 0.562500 0.487500 0.560156 0.488889 0.557813 0.488889 0.557031 0.486111 0.556250 0.484722 0.553906 0.486111 0.553906 0.480556 0.556250 0.475000 0.557031 0.472222 0.555469 0.470833 0.556250 0.468056 0.556250 0.465278 0.557813 0.462500 0.556250 0.459722 0.557813 0.455556 0.559375 0.455556 0.560937 0.452778 0.559375 0.450000 0.553125 0.450000 0.553906 0.443056 0.552344 0.440278 0.550781 0.440278 0.550000 0.437500 0.552344 0.437500 0.552344 0.431944 0.549219 0.430556 0.549219 0.420833 0.550000 0.418056 0.546875 0.413889 0.547656 0.411111 0.546094 0.408333 0.547656 0.404167 0.547656 0.402778 0.551562 0.401389 0.551562 0.397222 0.552344 0.394444 0.556250 0.397222 0.558594 0.394444 0.561719 0.395833 0.564063 0.395833 0.565625 0.391667 0.565625 0.394444
27 0.772656 0.390278 0.771875 0.405556 0.773438 0.405556 0.772656 0.390278
27 0.735156 0.390278 0.735938 0.393056 0.737500 0.393056 0.739062 0.395833 0.739062 0.393056 0.737500 0.391667 0.735156 0.390278
27 0.786719 0.390278 0.787500 0.393056 0.789844 0.397222 0.791406 0.404167 0.793750 0.406944 0.792188 0.409722 0.794531 0.409722 0.794531 0.393056 0.793750 0.395833 0.790625 0.393056 0.792188 0.390278 0.793750 0.390278 0.792188 0.390278 0.791406 0.388889 0.786719 0.390278
27 0.720313 0.379167 0.721094 0.381944 0.723437 0.381944 0.721875 0.381944 0.720313 0.379167
27 0.542969 0.323611 0.541406 0.323611 0.545312 0.325000 0.544531 0.322222 0.542969 0.323611
27 0.528906 0.319444 0.530469 0.320833 0.531250 0.325000 0.532813 0.322222 0.534375 0.325000 0.535937 0.325000 0.531250 0.322222 0.530469 0.320833 0.528906 0.319444
27 0.518750 0.309722 0.520312 0.311111 0.520312 0.313889 0.522656 0.320833 0.524219 0.322222 0.524219 0.319444 0.521875 0.318056 0.521875 0.315278 0.520312 0.309722 0.518750 0.309722
27 0.571875 0.302778 0.574219 0.304167 0.574219 0.300000 0.571875 0.302778
27 0.513281 0.298611 0.516406 0.305556 0.517969 0.305556 0.515625 0.301389 0.514844 0.301389 0.513281 0.298611
27 0.727344 0.294444 0.725000 0.300000 0.724219 0.305556 0.725781 0.302778 0.725781 0.301389 0.727344 0.298611 0.727344 0.294444
27 0.580469 0.288889 0.578125 0.293056 0.579688 0.295833 0.579688 0.293056 0.582031 0.288889 0.580469 0.288889
27 0.709375 0.277778 0.708594 0.281944 0.710156 0.281944 0.710938 0.284722 0.713281 0.287500 0.715625 0.287500 0.713281 0.287500 0.710938 0.283333 0.709375 0.277778
27 0.496875 0.277778 0.498437 0.280556 0.500000 0.277778 0.501563 0.277778 0.496875 0.277778
27 0.491406 0.258333 0.489844 0.261111 0.491406 0.263889 0.491406 0.258333
27 0.487500 0.254167 0.489063 0.254167 0.490625 0.255556 0.487500 0.254167
27 0.703125 0.254167 0.703125 0.256944 0.702344 0.261111 0.705469 0.252778 0.703125 0.254167
27 0.449219 0.243056 0.450781 0.244444 0.453125 0.241667 0.455469 0.241667 0.456250 0.243056 0.458594 0.241667 0.449219 0.243056
27 0.689844 0.237500 0.689844 0.240278 0.692969 0.244444 0.692969 0.238889 0.689844 0.237500
27 0.607031 0.236111 0.608594 0.238889 0.610938 0.238889 0.612500 0.237500 0.608594 0.237500 0.607031 0.236111
27 0.680469 0.233333 0.681250 0.236111 0.682031 0.234722 0.680469 0.233333
27 0.678125 0.222222 0.678906 0.225000 0.677344 0.227778 0.678125 0.231944 0.678125 0.222222
27 0.420312 0.130556 0.420312 0.133333 0.419531 0.134722 0.419531 0.137500 0.421094 0.148611 0.420312 0.145833 0.420312 0.130556
27 0.248438 0.115278 0.249219 0.118056 0.250000 0.116667 0.248438 0.115278
27 0.414062 0.109722 0.414062 0.115278 0.414844 0.118056 0.417187 0.122222 0.416406 0.119444 0.414062 0.113889 0.415625 0.109722 0.414062 0.109722
27 0.405469 0.087500 0.403906 0.091667 0.405469 0.091667 0.405469 0.087500
27 0.389062 0.056944 0.389844 0.062500 0.391406 0.063889 0.392188 0.070833 0.394531 0.076389 0.393750 0.072222 0.392969 0.068056 0.389844 0.059722 0.389062 0.056944
27 0.241406 0.020833 0.242188 0.023611 0.242969 0.025000 0.243750 0.027778 0.243750 0.025000 0.241406 0.020833
27 0.235937 0.011111 0.238281 0.016667 0.238281 0.018056 0.239844 0.019444 0.238281 0.013889 0.235937 0.011111
27 0.819531 0.000000 0.819531 0.008333 0.821094 0.033333 0.821875 0.070833 0.821875 0.115278 0.822656 0.125000 0.824219 0.127778 0.825781 0.125000 0.827344 0.122222 0.830469 0.120833 0.830469 0.119444 0.832031 0.116667 0.835938 0.118056 0.836719 0.116667 0.837500 0.115278 0.841406 0.113889 0.853125 0.115278 0.856250 0.112500 0.863281 0.113889 0.871875 0.116667 0.874219 0.116667 0.882031 0.115278 0.885938 0.118056 0.887500 0.120833 0.882812 0.123611 0.878906 0.125000 0.874219 0.125000 0.869531 0.126389 0.861719 0.134722 0.859375 0.134722 0.857031 0.131944 0.855469 0.133333 0.851562 0.140278 0.850781 0.141667 0.850000 0.144444 0.849219 0.145833 0.847656 0.147222 0.846875 0.150000 0.845313 0.152778 0.844531 0.152778 0.842969 0.159722 0.842187 0.162500 0.840625 0.163889 0.838281 0.162500 0.840625 0.165278 0.835938 0.166667 0.835156 0.168056 0.830469 0.166667 0.832812 0.163889 0.831250 0.163889 0.830469 0.162500 0.826562 0.162500 0.829688 0.162500 0.831250 0.165278 0.828906 0.166667 0.823438 0.165278 0.823438 0.168056 0.822656 0.169444 0.822656 0.191667 0.824219 0.206944 0.824219 0.227778 0.825781 0.227778 0.826562 0.230556 0.827344 0.240278 0.828125 0.248611 0.827344 0.259722 0.829688 0.262500 0.828125 0.265278 0.827344 0.273611 0.826562 0.276389 0.828125 0.280556 0.827344 0.293056 0.825000 0.297222 0.825000 0.341667 0.825781 0.355556 0.826562 0.361111 0.827344 0.363889 0.832031 0.356944 0.833594 0.351389 0.834375 0.348611 0.835938 0.340278 0.836719 0.337500 0.838281 0.333333 0.840625 0.329167 0.842187 0.325000 0.842969 0.322222 0.843750 0.315278 0.844531 0.312500 0.846094 0.308333 0.850781 0.300000 0.852344 0.298611 0.865625 0.298611 0.867188 0.297222 0.873437 0.286111 0.875000 0.284722 0.876563 0.283333 0.880469 0.283333 0.883594 0.284722 0.887500 0.287500 0.888281 0.288889 0.889062 0.294444 0.889844 0.297222 0.894531 0.300000 0.900000 0.300000 0.901563 0.302778 0.903906 0.304167 0.906250 0.300000 0.907031 0.295833 0.907813 0.297222 0.910156 0.291667 0.910937 0.288889 0.910156 0.286111 0.911719 0.286111 0.912500 0.281944 0.911719 0.280556 0.912500 0.277778 0.914062 0.275000 0.914844 0.272222 0.914844 0.269444 0.915625 0.266667 0.923438 0.252778 0.944531 0.252778 0.993750 0.252778 0.999219 0.254167 0.999219 0.077778 0.996094 0.076389 0.999219 0.073611 0.999219 0.070833 0.993750 0.075000 0.990625 0.075000 0.988281 0.076389 0.986719 0.079167 0.984375 0.080556 0.980469 0.080556 0.979688 0.081944 0.976562 0.080556 0.975000 0.076389 0.974219 0.073611 0.975000 0.069444 0.976562 0.068056 0.978125 0.068056 0.979688 0.066667 0.981250 0.063889 0.989844 0.058333 0.992969 0.054167 0.995313 0.054167 0.997656 0.050000 0.999219 0.050000 0.999219 0.000000 0.819531 0.000000
27 0.725000 0.000000 0.729688 0.004167 0.732031 0.005556 0.735156 0.004167 0.732812 0.002778 0.732812 0.000000 0.804688 0.000000 0.804688 0.020833 0.805469 0.022222 0.805469 0.070833 0.807031 0.097222 0.805469 0.097222 0.804688 0.097222 0.806250 0.093056 0.803125 0.094444 0.804688 0.097222 0.805469 0.097222 0.803906 0.100000 0.803125 0.098611 0.803906 0.104167 0.805469 0.104167 0.805469 0.097222 0.807031 0.097222 0.807813 0.155556 0.806250 0.151389 0.807031 0.147222 0.803906 0.147222 0.806250 0.151389 0.807813 0.155556 0.807031 0.163889 0.806250 0.162500 0.805469 0.158333 0.804688 0.161111 0.804688 0.165278 0.806250 0.162500 0.807031 0.163889 0.808594 0.195833 0.807031 0.195833 0.807813 0.191667 0.804688 0.191667 0.807031 0.195833 0.808594 0.195833 0.807031 0.198611 0.805469 0.201389 0.806250 0.204167 0.807813 0.205556 0.807813 0.201389 0.807031 0.198611 0.808594 0.195833 0.809375 0.240278 0.807813 0.225000 0.808594 0.222222 0.806250 0.220833 0.805469 0.225000 0.807813 0.225000 0.809375 0.240278 0.809375 0.248611 0.809375 0.265278 0.809375 0.273611 0.808594 0.275000 0.808594 0.283333 0.810156 0.326389 0.809375 0.336111 0.809375 0.344444 0.809375 0.350000 0.810156 0.352778 0.807813 0.350000 0.805469 0.350000 0.802344 0.354167 0.800781 0.354167 0.800000 0.356944 0.796875 0.356944 0.792969 0.362500 0.790625 0.363889 0.789844 0.369444 0.789844 0.372222 0.787500 0.376389 0.785156 0.376389 0.785156 0.379167 0.782031 0.377778 0.781250 0.380556 0.781250 0.263889 0.782813 0.252778 0.782813 0.226389 0.782813 0.223611 0.781250 0.143056 0.781250 0.140278 0.782031 0.115278 0.781250 0.086111 0.782813 0.079167 0.782031 0.069444 0.780469 0.059722 0.781250 0.052778 0.781250 0.050000 0.780469 0.026389 0.778906 0.023611 0.778125 0.019444 0.776563 0.016667 0.774219 0.018056 0.773438 0.022222 0.771094 0.026389 0.765625 0.020833 0.760938 0.018056 0.758594 0.019444 0.760156 0.022222 0.761719 0.023611 0.763281 0.023611 0.764844 0.026389 0.762500 0.025000 0.755469 0.019444 0.756250 0.019444 0.759375 0.018056 0.757812 0.016667 0.757031 0.015278 0.753125 0.016667 0.756250 0.019444 0.755469 0.019444 0.753125 0.019444 0.750781 0.016667 0.748437 0.015278 0.746094 0.015278 0.743750 0.013889 0.743750 0.012500 0.746094 0.011111 0.744531 0.009722 0.743750 0.008333 0.741406 0.009722 0.742969 0.011111 0.743750 0.012500 0.743750 0.013889 0.735156 0.006944 0.732812 0.006944 0.728125 0.002778 0.725781 0.001389 0.723437 0.001389 0.722656 0.000000 0.721094 0.000000 0.725000 0.000000
27 0.408594 0.000000 0.408594 0.004167 0.410156 0.006944 0.413281 0.002778 0.415625 0.002778 0.416406 0.000000 0.418750 0.000000 0.417969 0.002778 0.416406 0.004167 0.413281 0.006944 0.408594 0.008333 0.415625 0.008333 0.417187 0.008333 0.423438 0.009722 0.425000 0.012500 0.427344 0.013889 0.430469 0.011111 0.432031 0.008333 0.426563 0.008333 0.425000 0.006944 0.423438 0.004167 0.422656 0.000000 0.424219 0.000000 0.425781 0.005556 0.427344 0.008333 0.428906 0.008333 0.431250 0.004167 0.432031 0.000000 0.713281 0.000000 0.714844 0.001389 0.717969 0.005556 0.718750 0.008333 0.720313 0.008333 0.717969 0.009722 0.720313 0.011111 0.721875 0.013889 0.724219 0.013889 0.725781 0.015278 0.728906 0.019444 0.730469 0.020833 0.732812 0.022222 0.734375 0.023611 0.735938 0.022222 0.742188 0.027778 0.746875 0.027778 0.748437 0.029167 0.750000 0.030556 0.751563 0.034722 0.753906 0.036111 0.756250 0.036111 0.759375 0.037500 0.764844 0.044444 0.767188 0.044444 0.771094 0.052778 0.771875 0.066667 0.771094 0.105556 0.771875 0.113889 0.771875 0.126389 0.771094 0.137500 0.771875 0.138889 0.771875 0.147222 0.771875 0.150000 0.771875 0.158333 0.771875 0.173611 0.770312 0.176389 0.771094 0.211111 0.770312 0.213889 0.768750 0.216667 0.767969 0.225000 0.767188 0.250000 0.767188 0.256944 0.769531 0.259722 0.768750 0.265278 0.767188 0.270833 0.768750 0.277778 0.768750 0.313889 0.770312 0.338889 0.770312 0.347222 0.769531 0.348611 0.770312 0.356944 0.767969 0.363889 0.767969 0.373611 0.767969 0.376389 0.769531 0.377778 0.768750 0.386111 0.767188 0.388889 0.767188 0.393056 0.766406 0.395833 0.763281 0.397222 0.759375 0.395833 0.758594 0.394444 0.756250 0.394444 0.755469 0.391667 0.753125 0.393056 0.751563 0.387500 0.750000 0.393056 0.749219 0.391667 0.748437 0.394444 0.746875 0.394444 0.746875 0.388889 0.746094 0.384722 0.743750 0.388889 0.742969 0.383333 0.741406 0.380556 0.740625 0.379167 0.739062 0.377778 0.737500 0.377778 0.735156 0.377778 0.733594 0.373611 0.732031 0.375000 0.728906 0.372222 0.724219 0.373611 0.720313 0.372222 0.720313 0.366667 0.721875 0.363889 0.724219 0.361111 0.725000 0.361111 0.725781 0.359722 0.726562 0.355556 0.728125 0.354167 0.727344 0.351389 0.732031 0.344444 0.735156 0.336111 0.737500 0.333333 0.736719 0.330556 0.737500 0.327778 0.741406 0.320833 0.743750 0.315278 0.743750 0.313889 0.745313 0.311111 0.739062 0.316667 0.739062 0.313889 0.738281 0.311111 0.736719 0.308333 0.734375 0.309722 0.732812 0.312500 0.732031 0.316667 0.731250 0.316667 0.730469 0.322222 0.731250 0.323611 0.731250 0.326389 0.730469 0.327778 0.731250 0.333333 0.729688 0.333333 0.728906 0.337500 0.725781 0.337500 0.725781 0.341667 0.724219 0.343056 0.722656 0.344444 0.725000 0.338889 0.726562 0.334722 0.727344 0.331944 0.728125 0.329167 0.727344 0.323611 0.724219 0.329167 0.720313 0.330556 0.719531 0.320833 0.720313 0.318056 0.721094 0.315278 0.724219 0.312500 0.725781 0.308333 0.727344 0.306944 0.732031 0.306944 0.733594 0.305556 0.735156 0.302778 0.731250 0.294444 0.729688 0.293056 0.730469 0.290278 0.732031 0.287500 0.727344 0.288889 0.727344 0.286111 0.724219 0.287500 0.721094 0.288889 0.726562 0.291667 0.725000 0.290278 0.717187 0.288889 0.719531 0.287500 0.714844 0.281944 0.712500 0.280556 0.712500 0.273611 0.710156 0.269444 0.707812 0.268056 0.706250 0.266667 0.706250 0.263889 0.707031 0.256944 0.707812 0.255556 0.707812 0.251389 0.706250 0.248611 0.705469 0.244444 0.701562 0.244444 0.703906 0.243056 0.701562 0.238889 0.696875 0.238889 0.698438 0.240278 0.700000 0.237500 0.696875 0.236111 0.689844 0.233333 0.688281 0.231944 0.683594 0.223611 0.681250 0.222222 0.678125 0.216667 0.676562 0.212500 0.674219 0.216667 0.672656 0.215278 0.675000 0.212500 0.673438 0.211111 0.672656 0.209722 0.672656 0.208333 0.671094 0.205556 0.660156 0.206944 0.657031 0.204167 0.657031 0.209722 0.655469 0.209722 0.654687 0.206944 0.656250 0.204167 0.654687 0.202778 0.652344 0.202778 0.651563 0.205556 0.650781 0.205556 0.649219 0.208333 0.650000 0.211111 0.647656 0.209722 0.645312 0.206944 0.647656 0.208333 0.649219 0.205556 0.645312 0.202778 0.642969 0.200000 0.639844 0.200000 0.638281 0.202778 0.639844 0.204167 0.642188 0.205556 0.638281 0.205556 0.638281 0.202778 0.636719 0.200000 0.633594 0.202778 0.632031 0.200000 0.630469 0.200000 0.628125 0.201389 0.625000 0.208333 0.622656 0.208333 0.621094 0.209722 0.619531 0.212500 0.620313 0.215278 0.621875 0.212500 0.620313 0.216667 0.620313 0.218056 0.618750 0.219444 0.620313 0.216667 0.619531 0.213889 0.617188 0.218056 0.617188 0.219444 0.615625 0.222222 0.614062 0.223611 0.606250 0.223611 0.604688 0.225000 0.602344 0.227778 0.603906 0.229167 0.600781 0.230556 0.597656 0.236111 0.600781 0.234722 0.602344 0.236111 0.603906 0.236111 0.600781 0.237500 0.597656 0.243056 0.596094 0.243056 0.594531 0.245833 0.595313 0.243056 0.592969 0.243056 0.592969 0.244444 0.590625 0.248611 0.590625 0.248611 0.588281 0.252778 0.591406 0.251389 0.590625 0.248611 0.590625 0.248611 0.592969 0.250000 0.591406 0.251389 0.592969 0.255556 0.589844 0.255556 0.588281 0.252778 0.586719 0.255556 0.585938 0.259722 0.586719 0.266667 0.585938 0.273611 0.584375 0.277778 0.582031 0.280556 0.579688 0.281944 0.577344 0.287500 0.576562 0.288889 0.574219 0.290278 0.567969 0.301389 0.564844 0.301389 0.560937 0.305556 0.556250 0.306944 0.554688 0.309722 0.553906 0.312500 0.555469 0.313889 0.555469 0.319444 0.553906 0.318056 0.551562 0.319444 0.553906 0.316667 0.548438 0.315278 0.546094 0.318056 0.543750 0.319444 0.535937 0.319444 0.532813 0.318056 0.531250 0.316667 0.528906 0.312500 0.527344 0.311111 0.524219 0.309722 0.524219 0.308333 0.522656 0.305556 0.519531 0.302778 0.517188 0.298611 0.513281 0.290278 0.512500 0.290278 0.509375 0.284722 0.509375 0.288889 0.507031 0.288889 0.507031 0.286111 0.508594 0.283333 0.507812 0.280556 0.506250 0.281944 0.504687 0.284722 0.504687 0.281944 0.504687 0.277778 0.500000 0.273611 0.495312 0.265278 0.493750 0.261111 0.492969 0.258333 0.492188 0.254167 0.492188 0.250000 0.493750 0.248611 0.489844 0.244444 0.485938 0.243056 0.481250 0.241667 0.479687 0.240278 0.478125 0.238889 0.478906 0.236111 0.476562 0.236111 0.475000 0.237500 0.475781 0.238889 0.472656 0.240278 0.474219 0.237500 0.471875 0.236111 0.467969 0.237500 0.455469 0.237500 0.454688 0.234722 0.448437 0.234722 0.444531 0.233333 0.443750 0.231944 0.442188 0.231944 0.442969 0.223611 0.441406 0.219444 0.439063 0.222222 0.438281 0.223611 0.437500 0.226389 0.435937 0.234722 0.435937 0.227778 0.437500 0.226389 0.437500 0.220833 0.435937 0.219444 0.438281 0.219444 0.442969 0.222222 0.442969 0.211111 0.442188 0.216667 0.440625 0.213889 0.439844 0.211111 0.441406 0.211111 0.439844 0.206944 0.439844 0.202778 0.440625 0.206944 0.442969 0.202778 0.441406 0.195833 0.441406 0.188889 0.439063 0.183333 0.438281 0.179167 0.437500 0.173611 0.436719 0.181944 0.438281 0.186111 0.439063 0.188889 0.437500 0.187500 0.435937 0.183333 0.435156 0.175000 0.437500 0.170833 0.437500 0.166667 0.435937 0.166667 0.435156 0.161111 0.434375 0.163889 0.432812 0.163889 0.432031 0.162500 0.428125 0.162500 0.425000 0.156944 0.424219 0.154167 0.422656 0.152778 0.425000 0.154167 0.425000 0.155556 0.425781 0.156944 0.428906 0.161111 0.431250 0.162500 0.432812 0.162500 0.433594 0.161111 0.435156 0.159722 0.432812 0.158333 0.430469 0.154167 0.428125 0.150000 0.427344 0.145833 0.422656 0.137500 0.421875 0.133333 0.421875 0.126389 0.418750 0.126389 0.420312 0.123611 0.420312 0.120833 0.419531 0.116667 0.417969 0.113889 0.417187 0.102778 0.416406 0.106944 0.416406 0.104167 0.414844 0.100000 0.417187 0.102778 0.417187 0.098611 0.417187 0.094444 0.416406 0.090278 0.414844 0.093056 0.413281 0.093056 0.412500 0.088889 0.414062 0.090278 0.414844 0.086111 0.411719 0.086111 0.410938 0.083333 0.407813 0.083333 0.403906 0.076389 0.402344 0.076389 0.400781 0.075000 0.400000 0.073611 0.400000 0.072222 0.398438 0.069444 0.397656 0.069444 0.395313 0.065278 0.395313 0.063889 0.392188 0.056944 0.389062 0.051389 0.388281 0.054167 0.386719 0.054167 0.387500 0.048611 0.386719 0.045833 0.384375 0.044444 0.383594 0.040278 0.383594 0.036111 0.381250 0.030556 0.381250 0.026389 0.376563 0.018056 0.375781 0.013889 0.372656 0.006944 0.371094 0.009722 0.369531 0.009722 0.369531 0.000000 0.408594 0.000000
27 0.105469 0.000000 0.104688 0.004167 0.105469 0.006944 0.107031 0.008333 0.109375 0.013889 0.108594 0.015278 0.109375 0.018056 0.112500 0.022222 0.112500 0.027778 0.113281 0.030556 0.114844 0.033333 0.115625 0.043056 0.116406 0.059722 0.117188 0.055556 0.118750 0.063889 0.120313 0.065278 0.126562 0.065278 0.129688 0.059722 0.131250 0.062500 0.129688 0.059722 0.131250 0.058333 0.132031 0.056944 0.132031 0.055556 0.133594 0.052778 0.135937 0.051389 0.137500 0.054167 0.138281 0.059722 0.139063 0.054167 0.141406 0.050000 0.143750 0.050000 0.144531 0.051389 0.146875 0.051389 0.148438 0.048611 0.150000 0.043056 0.152344 0.047222 0.153125 0.041667 0.154688 0.040278 0.159375 0.048611 0.160938 0.054167 0.165625 0.063889 0.167969 0.063889 0.171094 0.065278 0.173437 0.068056 0.177344 0.068056 0.179688 0.072222 0.180469 0.075000 0.180469 0.077778 0.181250 0.080556 0.180469 0.086111 0.181250 0.091667 0.185938 0.101389 0.186719 0.104167 0.187500 0.109722 0.189844 0.112500 0.192188 0.109722 0.194531 0.109722 0.196875 0.115278 0.200000 0.115278 0.200781 0.118056 0.203125 0.115278 0.201563 0.113889 0.206250 0.112500 0.207031 0.113889 0.208594 0.115278 0.206250 0.116667 0.207813 0.116667 0.208594 0.115278 0.211719 0.116667 0.211719 0.122222 0.213281 0.123611 0.215625 0.125000 0.216406 0.122222 0.219531 0.122222 0.219531 0.123611 0.221875 0.125000 0.223438 0.127778 0.230469 0.126389 0.232031 0.129167 0.230469 0.126389 0.232031 0.125000 0.234375 0.127778 0.236719 0.126389 0.237500 0.127778 0.240625 0.126389 0.240625 0.123611 0.243750 0.119444 0.245312 0.122222 0.244531 0.119444 0.246094 0.113889 0.253125 0.113889 0.255469 0.113889 0.256250 0.100000 0.255469 0.097222 0.254688 0.093056 0.256250 0.093056 0.254688 0.091667 0.253125 0.088889 0.251563 0.084722 0.251563 0.081944 0.253125 0.076389 0.251563 0.070833 0.253906 0.069444 0.252344 0.072222 0.251563 0.068056 0.253125 0.063889 0.253125 0.051389 0.251563 0.047222 0.250000 0.047222 0.247656 0.044444 0.245312 0.040278 0.243750 0.033333 0.237500 0.020833 0.235156 0.016667 0.231250 0.013889 0.227344 0.008333 0.226562 0.002778 0.228906 0.000000 0.234375 0.009722 0.233594 0.006944 0.232031 0.004167 0.233594 0.002778 0.232813 0.001389 0.232031 0.004167 0.230469 0.000000 0.225000 0.000000 0.223438 0.005556 0.221875 0.004167 0.220312 0.001389 0.105469 0.000000
2 0.599219 0.541667 0.596875 0.545833 0.595313 0.545833 0.592969 0.550000 0.590625 0.558333 0.589844 0.562500 0.589063 0.569444 0.589063 0.581944 0.590625 0.584722 0.607031 0.584722 0.611719 0.587500 0.619531 0.586111 0.619531 0.565278 0.618750 0.558333 0.617188 0.554167 0.617188 0.550000 0.615625 0.544444 0.614062 0.544444 0.613281 0.543056 0.599219 0.541667
2 0.492188 0.541667 0.489063 0.543056 0.487500 0.544444 0.485156 0.550000 0.484375 0.552778 0.482812 0.563889 0.482812 0.569444 0.482031 0.570833 0.482031 0.575000 0.482812 0.579167 0.483594 0.581944 0.485938 0.586111 0.487500 0.587500 0.489844 0.588889 0.502344 0.587500 0.514844 0.584722 0.515625 0.581944 0.515625 0.570833 0.514062 0.565278 0.514062 0.558333 0.513281 0.555556 0.507031 0.544444 0.504687 0.543056 0.500000 0.541667 0.492188 0.541667
2 0.557813 0.526389 0.551562 0.527778 0.548438 0.529167 0.546094 0.531944 0.544531 0.536111 0.542188 0.544444 0.541406 0.550000 0.541406 0.576389 0.542188 0.579167 0.542969 0.581944 0.544531 0.586111 0.550781 0.586111 0.567187 0.586111 0.575781 0.586111 0.577344 0.584722 0.578125 0.583333 0.578906 0.580556 0.578906 0.576389 0.578125 0.575000 0.577344 0.568056 0.577344 0.551389 0.575781 0.544444 0.575781 0.537500 0.572656 0.530556 0.572656 0.529167 0.567969 0.526389 0.557813 0.526389
2 0.241406 0.495833 0.237500 0.498611 0.235937 0.500000 0.234375 0.504167 0.235156 0.518056 0.236719 0.520833 0.237500 0.520833 0.239063 0.523611 0.239063 0.531944 0.239844 0.534722 0.242188 0.537500 0.242188 0.544444 0.241406 0.545833 0.241406 0.552778 0.242188 0.554167 0.242188 0.558333 0.243750 0.558333 0.244531 0.559722 0.247656 0.559722 0.249219 0.561111 0.250781 0.563889 0.254688 0.565278 0.257812 0.565278 0.260937 0.566667 0.263281 0.569444 0.272656 0.569444 0.279687 0.570833 0.282813 0.572222 0.286719 0.573611 0.288281 0.575000 0.290625 0.579167 0.292969 0.580556 0.296875 0.581944 0.303906 0.584722 0.309375 0.584722 0.310937 0.583333 0.311719 0.580556 0.312500 0.577778 0.312500 0.555556 0.310937 0.551389 0.310937 0.543056 0.310156 0.537500 0.308594 0.533333 0.307812 0.523611 0.306250 0.519444 0.304688 0.519444 0.303906 0.518056 0.301563 0.518056 0.294531 0.513889 0.291406 0.509722 0.288281 0.508333 0.285156 0.506944 0.282031 0.506944 0.278125 0.505556 0.275781 0.502778 0.265625 0.498611 0.263281 0.495833 0.241406 0.495833
2 0.687500 0.493056 0.667188 0.494444 0.664062 0.495833 0.661719 0.497222 0.657031 0.505556 0.653906 0.512500 0.653125 0.518056 0.650781 0.525000 0.648438 0.529167 0.647656 0.531944 0.646875 0.534722 0.645312 0.541667 0.644531 0.547222 0.644531 0.558333 0.643750 0.565278 0.642969 0.570833 0.641406 0.576389 0.640625 0.579167 0.639844 0.580556 0.639062 0.580556 0.637500 0.586111 0.638281 0.597222 0.638281 0.613889 0.639844 0.612500 0.642188 0.609722 0.643750 0.612500 0.644531 0.613889 0.645312 0.615278 0.646875 0.620833 0.648438 0.622222 0.650000 0.623611 0.655469 0.623611 0.657031 0.622222 0.659375 0.618056 0.659375 0.616667 0.660937 0.613889 0.663281 0.611111 0.664844 0.609722 0.668750 0.608333 0.678906 0.609722 0.685937 0.608333 0.691406 0.608333 0.696094 0.609722 0.698438 0.613889 0.700000 0.620833 0.701562 0.623611 0.703906 0.625000 0.707031 0.625000 0.708594 0.623611 0.712500 0.616667 0.714063 0.618056 0.717187 0.620833 0.721094 0.627778 0.724219 0.629167 0.728125 0.629167 0.730469 0.625000 0.732031 0.620833 0.732812 0.618056 0.733594 0.612500 0.733594 0.572222 0.732031 0.562500 0.732031 0.548611 0.731250 0.543056 0.728906 0.530556 0.727344 0.523611 0.725781 0.518056 0.723437 0.509722 0.717969 0.500000 0.716406 0.498611 0.713281 0.497222 0.709375 0.495833 0.704688 0.494444 0.689844 0.493056 0.687500 0.493056
