20 0.178125 0.662500 0.178906 0.666667 0.179688 0.666667 0.181250 0.669444 0.182031 0.672222 0.181250 0.690278 0.185156 0.695833 0.187500 0.697222 0.187500 0.697222 0.184375 0.697222 0.182812 0.694444 0.182812 0.693056 0.177344 0.693056 0.173437 0.695833 0.169531 0.697222 0.164844 0.698611 0.155469 0.698611 0.151562 0.700000 0.146875 0.701389 0.145313 0.702778 0.143750 0.705556 0.150000 0.708333 0.154688 0.706944 0.157031 0.704167 0.161719 0.702778 0.165625 0.702778 0.169531 0.700000 0.185156 0.700000 0.187500 0.704167 0.189062 0.705556 0.197656 0.704167 0.199219 0.706944 0.200781 0.708333 0.202344 0.705556 0.203906 0.704167 0.202344 0.701389 0.196094 0.700000 0.190625 0.701389 0.189062 0.700000 0.187500 0.697222 0.187500 0.697222 0.189844 0.698611 0.209375 0.698611 0.213281 0.697222 0.214844 0.695833 0.216406 0.693056 0.219531 0.693056 0.221094 0.690278 0.220312 0.687500 0.219531 0.687500 0.218750 0.683333 0.225781 0.681944 0.228125 0.683333 0.229687 0.686111 0.232031 0.686111 0.237500 0.684722 0.245312 0.688889 0.251563 0.688889 0.257812 0.687500 0.261719 0.686111 0.263281 0.683333 0.265625 0.683333 0.268750 0.688889 0.271094 0.688889 0.271875 0.687500 0.274219 0.687500 0.268750 0.688889 0.276562 0.693056 0.278125 0.694444 0.274219 0.697222 0.271875 0.697222 0.268750 0.698611 0.267188 0.701389 0.263281 0.701389 0.260156 0.704167 0.250781 0.704167 0.243750 0.706944 0.236719 0.706944 0.231250 0.708333 0.221875 0.712500 0.216406 0.713889 0.204687 0.716667 0.197656 0.716667 0.189062 0.720833 0.185156 0.720833 0.180469 0.722222 0.177344 0.725000 0.167187 0.725000 0.161719 0.727778 0.153906 0.727778 0.150000 0.730556 0.144531 0.731944 0.135156 0.731944 0.130469 0.734722 0.125000 0.734722 0.115625 0.738889 0.101562 0.738889 0.096875 0.741667 0.090625 0.741667 0.084375 0.743056 0.080469 0.745833 0.066406 0.745833 0.060937 0.748611 0.053906 0.748611 0.047656 0.750000 0.035156 0.754167 0.028125 0.754167 0.024219 0.756944 0.018750 0.756944 0.014063 0.759722 0.005469 0.761111 0.000000 0.761111 0.000781 0.731944 0.000000 0.726389 0.010156 0.726389 0.014063 0.723611 0.016406 0.723611 0.028125 0.725000 0.030469 0.733333 0.028906 0.736111 0.028125 0.738889 0.025000 0.738889 0.023438 0.736111 0.021875 0.734722 0.016406 0.734722 0.015625 0.733333 0.014844 0.733333 0.014844 0.729167 0.014844 0.727778 0.010937 0.730556 0.010156 0.733333 0.014063 0.736111 0.014844 0.740278 0.016406 0.743056 0.018750 0.744444 0.021875 0.744444 0.024219 0.748611 0.025781 0.748611 0.029687 0.745833 0.031250 0.743056 0.029687 0.740278 0.028125 0.738889 0.028906 0.736111 0.032031 0.738889 0.033594 0.736111 0.030469 0.733333 0.028125 0.725000 0.035156 0.723611 0.041406 0.722222 0.046094 0.720833 0.048438 0.719444 0.054688 0.712500 0.057031 0.711111 0.060156 0.709722 0.064844 0.708333 0.074219 0.708333 0.081250 0.705556 0.087500 0.706944 0.089844 0.706944 0.097656 0.706944 0.099219 0.706944 0.099219 0.712500 0.092969 0.711111 0.092969 0.713889 0.091406 0.712500 0.082812 0.712500 0.073438 0.713889 0.068750 0.716667 0.061719 0.716667 0.060156 0.719444 0.064062 0.722222 0.068750 0.720833 0.072656 0.718056 0.079687 0.718056 0.091406 0.720833 0.093750 0.716667 0.095312 0.715278 0.097656 0.715278 0.099219 0.712500 0.099219 0.706944 0.106250 0.706944 0.106250 0.709722 0.107031 0.712500 0.112500 0.713889 0.114062 0.711111 0.123438 0.711111 0.125781 0.713889 0.130469 0.709722 0.132031 0.709722 0.132812 0.711111 0.134375 0.711111 0.135937 0.709722 0.137500 0.706944 0.130469 0.705556 0.125781 0.708333 0.123438 0.708333 0.114062 0.706944 0.106250 0.709722 0.106250 0.706944 0.107813 0.706944 0.111719 0.704167 0.118750 0.705556 0.121094 0.705556 0.127344 0.704167 0.131250 0.702778 0.134375 0.700000 0.139063 0.698611 0.143750 0.698611 0.146875 0.697222 0.150000 0.694444 0.153125 0.693056 0.156250 0.691667 0.160938 0.690278 0.162500 0.690278 0.163281 0.691667 0.164844 0.691667 0.165625 0.688889 0.171875 0.688889 0.174219 0.687500 0.177344 0.681944 0.178125 0.679167 0.177344 0.675000 0.175000 0.670833 0.172656 0.669444 0.169531 0.663889 0.167969 0.662500 0.165625 0.662500 0.178125 0.662500
20 0.105469 0.647222 0.110937 0.648611 0.111719 0.647222 0.117188 0.647222 0.119531 0.648611 0.121094 0.650000 0.123438 0.652778 0.125781 0.656944 0.128906 0.659722 0.129688 0.662500 0.131250 0.662500 0.132031 0.666667 0.130469 0.666667 0.129688 0.668056 0.125000 0.668056 0.119531 0.670833 0.111719 0.672222 0.103906 0.672222 0.098437 0.673611 0.092969 0.676389 0.085156 0.677778 0.070312 0.680556 0.060156 0.679167 0.055469 0.681944 0.049219 0.683333 0.042969 0.684722 0.032031 0.684722 0.021875 0.686111 0.007031 0.690278 0.000000 0.690278 0.000000 0.652778 0.021094 0.654167 0.023438 0.656944 0.024219 0.658333 0.029687 0.659722 0.031250 0.656944 0.027344 0.655556 0.024219 0.658333 0.023438 0.656944 0.018750 0.656944 0.017969 0.656944 0.012500 0.655556 0.008594 0.658333 0.010937 0.659722 0.011719 0.661111 0.013281 0.661111 0.017969 0.656944 0.018750 0.656944 0.017969 0.659722 0.025000 0.659722 0.023438 0.656944 0.021094 0.654167 0.025781 0.654167 0.032031 0.651389 0.035937 0.651389 0.042969 0.652778 0.049219 0.651389 0.050781 0.652778 0.052344 0.656944 0.053906 0.652778 0.056250 0.654167 0.057031 0.656944 0.057813 0.658333 0.058594 0.659722 0.060156 0.661111 0.061719 0.662500 0.072656 0.662500 0.076563 0.661111 0.080469 0.658333 0.082031 0.655556 0.082812 0.651389 0.083594 0.650000 0.085156 0.648611 0.086719 0.648611 0.087500 0.650000 0.090625 0.650000 0.085938 0.651389 0.092969 0.652778 0.092969 0.650000 0.096094 0.651389 0.099219 0.648611 0.103906 0.647222 0.105469 0.647222
20 0.182812 0.643056 0.181250 0.644444 0.178906 0.644444 0.177344 0.647222 0.176563 0.652778 0.175781 0.655556 0.172656 0.659722 0.174219 0.658333 0.175000 0.659722 0.182812 0.658333 0.183594 0.655556 0.183594 0.644444 0.184375 0.641667 0.182812 0.643056
20 0.208594 0.623611 0.209375 0.626389 0.209375 0.629167 0.210156 0.630556 0.210156 0.633333 0.210156 0.623611 0.208594 0.623611
20 0.222656 0.612500 0.221094 0.619444 0.219531 0.619444 0.221875 0.619444 0.224219 0.616667 0.227344 0.615278 0.224219 0.615278 0.222656 0.612500
20 0.511719 0.566667 0.510938 0.569444 0.509375 0.568056 0.507812 0.570833 0.506250 0.570833 0.500000 0.568056 0.494531 0.570833 0.492969 0.570833 0.492969 0.568056 0.491406 0.569444 0.490625 0.570833 0.485938 0.572222 0.468750 0.570833 0.459375 0.572222 0.456250 0.572222 0.445312 0.570833 0.417187 0.572222 0.414062 0.573611 0.411719 0.576389 0.403906 0.575000 0.402344 0.575000 0.397656 0.577778 0.383594 0.577778 0.378906 0.579167 0.376563 0.581944 0.375781 0.577778 0.371875 0.577778 0.364844 0.579167 0.363281 0.581944 0.361719 0.580556 0.357031 0.580556 0.346875 0.584722 0.345313 0.584722 0.343750 0.583333 0.335156 0.584722 0.330469 0.586111 0.326562 0.587500 0.323437 0.590278 0.320312 0.591667 0.314063 0.591667 0.308594 0.593056 0.305469 0.595833 0.300781 0.597222 0.294531 0.597222 0.293750 0.598611 0.289844 0.598611 0.286719 0.605556 0.282813 0.605556 0.281250 0.601389 0.279687 0.601389 0.278125 0.601389 0.275000 0.602778 0.271875 0.605556 0.268750 0.606944 0.266406 0.609722 0.262500 0.606944 0.257031 0.608333 0.253906 0.609722 0.251563 0.612500 0.242969 0.611111 0.231250 0.613889 0.232813 0.612500 0.238281 0.613889 0.235156 0.618056 0.232813 0.619444 0.230469 0.620833 0.223438 0.620833 0.219531 0.626389 0.215625 0.629167 0.215625 0.630556 0.214062 0.633333 0.212500 0.634722 0.215625 0.636111 0.216406 0.638889 0.217188 0.647222 0.216406 0.651389 0.217969 0.651389 0.220312 0.652778 0.227344 0.651389 0.233594 0.650000 0.239844 0.647222 0.260156 0.643056 0.267969 0.641667 0.275781 0.641667 0.283594 0.640278 0.291406 0.637500 0.299219 0.637500 0.306250 0.634722 0.314063 0.634722 0.320312 0.631944 0.327344 0.630556 0.334375 0.630556 0.340625 0.629167 0.344531 0.627778 0.348438 0.625000 0.354687 0.623611 0.371094 0.620833 0.376563 0.619444 0.381250 0.618056 0.385937 0.615278 0.396875 0.613889 0.400000 0.611111 0.407031 0.608333 0.412500 0.606944 0.417187 0.605556 0.424219 0.604167 0.422656 0.602778 0.428906 0.602778 0.430469 0.602778 0.431250 0.601389 0.433594 0.601389 0.436719 0.598611 0.443750 0.597222 0.455469 0.597222 0.458594 0.595833 0.460938 0.593056 0.466406 0.591667 0.471094 0.593056 0.473438 0.590278 0.478906 0.588889 0.485938 0.587500 0.499219 0.587500 0.505469 0.584722 0.511719 0.584722 0.517188 0.583333 0.522656 0.581944 0.526563 0.580556 0.528125 0.577778 0.532031 0.577778 0.532031 0.569444 0.530469 0.568056 0.523438 0.568056 0.521875 0.570833 0.513281 0.570833 0.511719 0.566667
20 0.999219 0.558333 0.999219 0.563889 0.999219 0.566667 0.997656 0.566667 0.995313 0.570833 0.994531 0.573611 0.995313 0.579167 0.996875 0.575000 0.999219 0.575000 0.999219 0.680556 0.996094 0.684722 0.997656 0.686111 0.999219 0.686111 0.999219 0.702778 0.996875 0.698611 0.996875 0.697222 0.994531 0.693056 0.994531 0.687500 0.996875 0.686111 0.990625 0.684722 0.989062 0.687500 0.989844 0.698611 0.990625 0.698611 0.992969 0.701389 0.995313 0.705556 0.996875 0.706944 0.999219 0.706944 0.999219 0.718056 0.997656 0.718056 0.993750 0.716667 0.990625 0.711111 0.987500 0.708333 0.987500 0.704167 0.985156 0.698611 0.983594 0.693056 0.984375 0.679167 0.989062 0.673611 0.991406 0.673611 0.992188 0.673611 0.994531 0.668056 0.996875 0.670833 0.997656 0.666667 0.994531 0.668056 0.992188 0.673611 0.989844 0.668056 0.989062 0.673611 0.984375 0.679167 0.983594 0.677778 0.984375 0.665278 0.983594 0.625000 0.985156 0.623611 0.985938 0.629167 0.986719 0.622222 0.989062 0.616667 0.989844 0.612500 0.989844 0.608333 0.989844 0.633333 0.989062 0.643056 0.988281 0.644444 0.988281 0.651389 0.989062 0.656944 0.991406 0.656944 0.990625 0.655556 0.992188 0.648611 0.991406 0.630556 0.992188 0.615278 0.993750 0.611111 0.994531 0.598611 0.994531 0.588889 0.995313 0.587500 0.994531 0.579167 0.993750 0.583333 0.992188 0.586111 0.992188 0.588889 0.992188 0.595833 0.990625 0.601389 0.990625 0.605556 0.990625 0.593056 0.989844 0.588889 0.988281 0.586111 0.989844 0.583333 0.989844 0.579167 0.991406 0.575000 0.992188 0.569444 0.994531 0.568056 0.996094 0.565278 0.996094 0.559722 0.997656 0.558333 0.999219 0.558333
21 0.027344 0.656944 0.024219 0.659722 0.018750 0.659722 0.024219 0.659722 0.025000 0.658333 0.030469 0.656944 0.027344 0.656944
21 0.012500 0.656944 0.011719 0.658333 0.009375 0.658333 0.010937 0.658333 0.011719 0.659722 0.013281 0.659722 0.015625 0.656944 0.017188 0.656944 0.012500 0.656944
21 0.073438 0.618056 0.072656 0.626389 0.074219 0.630556 0.074219 0.637500 0.075781 0.640278 0.078125 0.643056 0.080469 0.643056 0.080469 0.622222 0.076563 0.618056 0.073438 0.618056
21 0.142187 0.604167 0.142969 0.609722 0.142969 0.606944 0.142187 0.604167
21 0.910937 0.552778 0.909375 0.556944 0.906250 0.556944 0.909375 0.556944 0.911719 0.555556 0.910937 0.552778
21 0.908594 0.544444 0.910937 0.548611 0.911719 0.544444 0.908594 0.544444
21 0.975000 0.522222 0.973437 0.523611 0.972656 0.525000 0.971875 0.527778 0.971875 0.533333 0.972656 0.536111 0.974219 0.536111 0.975000 0.538889 0.975781 0.540278 0.977344 0.541667 0.985938 0.541667 0.986719 0.537500 0.985156 0.536111 0.992969 0.533333 0.994531 0.536111 0.995313 0.540278 0.996875 0.541667 0.999219 0.541667 0.999219 0.522222 0.996094 0.522222 0.994531 0.523611 0.991406 0.529167 0.987500 0.527778 0.984375 0.526389 0.978125 0.522222 0.975000 0.522222
21 0.966406 0.506944 0.967187 0.513889 0.968750 0.509722 0.968750 0.508333 0.966406 0.506944
21 0.711719 0.495833 0.711719 0.498611 0.710938 0.500000 0.711719 0.525000 0.712500 0.519444 0.713281 0.525000 0.713281 0.495833 0.712500 0.498611 0.711719 0.495833
21 0.028906 0.466667 0.027344 0.468056 0.025000 0.473611 0.024219 0.475000 0.022656 0.476389 0.017188 0.481944 0.014844 0.483333 0.009375 0.486111 0.006250 0.487500 0.000000 0.487500 0.000000 0.651389 0.021094 0.652778 0.025781 0.652778 0.032031 0.650000 0.035937 0.650000 0.042969 0.651389 0.050781 0.650000 0.052344 0.648611 0.053125 0.647222 0.054688 0.641667 0.055469 0.647222 0.054688 0.648611 0.054688 0.651389 0.056250 0.652778 0.055469 0.633333 0.053906 0.620833 0.053906 0.611111 0.054688 0.570833 0.053125 0.531944 0.053125 0.529167 0.053906 0.522222 0.052344 0.519444 0.052344 0.495833 0.053906 0.493056 0.054688 0.487500 0.054688 0.483333 0.053125 0.481944 0.053125 0.477778 0.053906 0.476389 0.053125 0.472222 0.053906 0.488889 0.052344 0.490278 0.050000 0.486111 0.045312 0.480556 0.039844 0.473611 0.037500 0.470833 0.035156 0.468056 0.032813 0.466667 0.028906 0.466667
21 0.728906 0.458333 0.728906 0.461111 0.730469 0.461111 0.728906 0.458333
21 0.724219 0.450000 0.722656 0.454167 0.724219 0.456944 0.727344 0.456944 0.725000 0.454167 0.726562 0.452778 0.724219 0.450000
21 0.085156 0.437500 0.085156 0.452778 0.084375 0.461111 0.083594 0.463889 0.081250 0.459722 0.079687 0.458333 0.078125 0.461111 0.077344 0.466667 0.079687 0.468056 0.080469 0.469444 0.082031 0.469444 0.084375 0.466667 0.087500 0.465278 0.092188 0.465278 0.096094 0.468056 0.096875 0.466667 0.099219 0.476389 0.102344 0.484722 0.103125 0.487500 0.099219 0.494444 0.099219 0.509722 0.100000 0.513889 0.104688 0.531944 0.109375 0.540278 0.107813 0.543056 0.107813 0.548611 0.108594 0.554167 0.109375 0.556944 0.119531 0.575000 0.124219 0.573611 0.125781 0.573611 0.127344 0.576389 0.135156 0.591667 0.135156 0.597222 0.136719 0.602778 0.133594 0.608333 0.140625 0.615278 0.144531 0.615278 0.146094 0.612500 0.149219 0.615278 0.150000 0.618056 0.149219 0.620833 0.152344 0.619444 0.150000 0.618056 0.149219 0.615278 0.153125 0.611111 0.154688 0.611111 0.154688 0.611111 0.153906 0.613889 0.156250 0.613889 0.154688 0.611111 0.154688 0.611111 0.158594 0.612500 0.162500 0.609722 0.165625 0.608333 0.169531 0.613889 0.172656 0.611111 0.173437 0.615278 0.175000 0.613889 0.174219 0.618056 0.176563 0.619444 0.178125 0.618056 0.178125 0.620833 0.178906 0.622222 0.178906 0.625000 0.178125 0.626389 0.178125 0.630556 0.175000 0.633333 0.174219 0.633333 0.175000 0.629167 0.174219 0.625000 0.173437 0.625000 0.171875 0.622222 0.167969 0.620833 0.166406 0.618056 0.165625 0.613889 0.162500 0.612500 0.160938 0.613889 0.160156 0.615278 0.157031 0.620833 0.156250 0.623611 0.158594 0.623611 0.161719 0.622222 0.163281 0.622222 0.164062 0.623611 0.166406 0.623611 0.167969 0.625000 0.169531 0.626389 0.171875 0.629167 0.174219 0.633333 0.175000 0.633333 0.177344 0.637500 0.177344 0.645833 0.176563 0.650000 0.175781 0.652778 0.175000 0.655556 0.173437 0.658333 0.171875 0.659722 0.167969 0.661111 0.164844 0.662500 0.160938 0.663889 0.152344 0.665278 0.136719 0.666667 0.132812 0.666667 0.132812 0.663889 0.130469 0.659722 0.128125 0.658333 0.125781 0.655556 0.123438 0.651389 0.121094 0.648611 0.119531 0.647222 0.117188 0.645833 0.111719 0.645833 0.110937 0.647222 0.105469 0.645833 0.103906 0.645833 0.099219 0.647222 0.096094 0.650000 0.092969 0.651389 0.086719 0.651389 0.091406 0.650000 0.086719 0.647222 0.085156 0.647222 0.082812 0.650000 0.082031 0.644444 0.083594 0.643056 0.083594 0.622222 0.082812 0.594444 0.082031 0.562500 0.080469 0.538889 0.080469 0.513889 0.078906 0.506944 0.078906 0.490278 0.076563 0.481944 0.076563 0.454167 0.078906 0.452778 0.078906 0.450000 0.080469 0.448611 0.082812 0.447222 0.083594 0.444444 0.083594 0.437500 0.085156 0.437500
21 0.725000 0.426389 0.728125 0.425000 0.728125 0.438889 0.725781 0.440278 0.724219 0.443056 0.724219 0.445833 0.722656 0.445833 0.721094 0.441667 0.714844 0.431944 0.717187 0.431944 0.720313 0.430556 0.718750 0.427778 0.717187 0.431944 0.714844 0.431944 0.713281 0.431944 0.711719 0.426389 0.714063 0.429167 0.715625 0.427778 0.716406 0.425000 0.722656 0.426389 0.722656 0.423611 0.725000 0.426389
21 0.642188 0.433333 0.646094 0.440278 0.646875 0.441667 0.647656 0.441667 0.649219 0.444444 0.651563 0.444444 0.653906 0.447222 0.656250 0.448611 0.659375 0.450000 0.667188 0.451389 0.671094 0.454167 0.671875 0.456944 0.671875 0.459722 0.673438 0.462500 0.675000 0.463889 0.677344 0.463889 0.685937 0.462500 0.689844 0.461111 0.692187 0.459722 0.694531 0.458333 0.695312 0.455556 0.697656 0.455556 0.699219 0.450000 0.698438 0.441667 0.699219 0.438889 0.699219 0.436111 0.700781 0.431944 0.703906 0.427778 0.704688 0.422222 0.705469 0.427778 0.700000 0.438889 0.699219 0.441667 0.698438 0.451389 0.698438 0.454167 0.699219 0.455556 0.700000 0.458333 0.700781 0.455556 0.702344 0.454167 0.702344 0.450000 0.705469 0.448611 0.705469 0.452778 0.706250 0.456944 0.704688 0.458333 0.703906 0.461111 0.705469 0.463889 0.706250 0.468056 0.707031 0.472222 0.707031 0.483333 0.705469 0.487500 0.705469 0.490278 0.706250 0.491667 0.706250 0.495833 0.707812 0.501389 0.708594 0.527778 0.707812 0.540278 0.707031 0.543056 0.704688 0.548611 0.704688 0.551389 0.703125 0.554167 0.702344 0.558333 0.702344 0.563889 0.701562 0.568056 0.697656 0.565278 0.697656 0.565278 0.700000 0.566667 0.701562 0.565278 0.701562 0.559722 0.700000 0.562500 0.697656 0.565278 0.697656 0.565278 0.666406 0.566667 0.696094 0.568056 0.665625 0.568056 0.637500 0.566667 0.635938 0.565278 0.635938 0.559722 0.634375 0.552778 0.633594 0.556944 0.633594 0.548611 0.635156 0.548611 0.635156 0.541667 0.634375 0.540278 0.635156 0.530556 0.635156 0.527778 0.635156 0.505556 0.634375 0.501389 0.635938 0.501389 0.635156 0.495833 0.635938 0.488889 0.634375 0.481944 0.636719 0.481944 0.636719 0.477778 0.635938 0.477778 0.634375 0.475000 0.636719 0.472222 0.635938 0.469444 0.634375 0.469444 0.633594 0.465278 0.633594 0.443056 0.632031 0.433333 0.635156 0.433333 0.636719 0.440278 0.640625 0.448611 0.643750 0.447222 0.642969 0.444444 0.640625 0.440278 0.642188 0.436111 0.642188 0.429167 0.641406 0.427778 0.642188 0.420833 0.642188 0.433333
21 0.726562 0.412500 0.725000 0.413889 0.725000 0.422222 0.726562 0.420833 0.726562 0.416667 0.726562 0.412500
21 0.634375 0.415278 0.639062 0.415278 0.640625 0.412500 0.638281 0.409722 0.634375 0.415278
21 0.641406 0.408333 0.642188 0.412500 0.642969 0.413889 0.642969 0.418056 0.644531 0.413889 0.646094 0.409722 0.641406 0.408333
21 0.602344 0.393056 0.603906 0.394444 0.605469 0.394444 0.603906 0.393056 0.602344 0.393056
21 0.527344 0.376389 0.529687 0.379167 0.528125 0.380556 0.525000 0.377778 0.521094 0.377778 0.514062 0.379167 0.509375 0.381944 0.503125 0.381944 0.498437 0.383333 0.494531 0.386111 0.500000 0.387500 0.500781 0.386111 0.507031 0.386111 0.514062 0.384722 0.519531 0.381944 0.528125 0.380556 0.529687 0.379167 0.532031 0.379167 0.534375 0.381944 0.537500 0.383333 0.542188 0.384722 0.543750 0.383333 0.549219 0.384722 0.555469 0.386111 0.560156 0.388889 0.574219 0.388889 0.578906 0.390278 0.580469 0.393056 0.585938 0.391667 0.596875 0.393056 0.589844 0.394444 0.592969 0.395833 0.593750 0.398611 0.596875 0.398611 0.603906 0.398611 0.606250 0.397222 0.613281 0.398611 0.614062 0.400000 0.620313 0.400000 0.610156 0.401389 0.621875 0.402778 0.623437 0.404167 0.625000 0.405556 0.625781 0.416667 0.626563 0.418056 0.626563 0.426389 0.625781 0.418056 0.625000 0.443056 0.627344 0.445833 0.627344 0.448611 0.625781 0.451389 0.625000 0.454167 0.626563 0.473611 0.626563 0.476389 0.625000 0.486111 0.625000 0.488889 0.625781 0.490278 0.625781 0.493056 0.625000 0.497222 0.623437 0.500000 0.625000 0.512500 0.623437 0.513889 0.623437 0.518056 0.624219 0.529167 0.626563 0.530556 0.627344 0.533333 0.628125 0.540278 0.628906 0.531944 0.628125 0.529167 0.628906 0.559722 0.628906 0.544444 0.627344 0.538889 0.625781 0.544444 0.626563 0.551389 0.624219 0.555556 0.623437 0.562500 0.623437 0.568056 0.616406 0.569444 0.625781 0.570833 0.627344 0.569444 0.628125 0.563889 0.628906 0.569444 0.627344 0.570833 0.626563 0.569444 0.614844 0.570833 0.599219 0.570833 0.609375 0.572222 0.594531 0.570833 0.585156 0.572222 0.586719 0.573611 0.575000 0.573611 0.574219 0.572222 0.577344 0.572222 0.575000 0.568056 0.574219 0.572222 0.575000 0.573611 0.574219 0.575000 0.560156 0.575000 0.555469 0.577778 0.536719 0.579167 0.533594 0.579167 0.532813 0.573611 0.534375 0.572222 0.532813 0.570833 0.535937 0.570833 0.536719 0.572222 0.543750 0.573611 0.555469 0.572222 0.553906 0.570833 0.565625 0.572222 0.567969 0.572222 0.574219 0.569444 0.555469 0.568056 0.548438 0.568056 0.543750 0.565278 0.532031 0.565278 0.532031 0.561111 0.531250 0.555556 0.529687 0.552778 0.528906 0.559722 0.526563 0.559722 0.528906 0.556944 0.528906 0.552778 0.530469 0.550000 0.530469 0.547222 0.529687 0.544444 0.528125 0.541667 0.524219 0.541667 0.521875 0.538889 0.519531 0.538889 0.514844 0.540278 0.514062 0.534722 0.520312 0.525000 0.522656 0.520833 0.522656 0.515278 0.521875 0.512500 0.519531 0.506944 0.521875 0.505556 0.520312 0.502778 0.517969 0.501389 0.512500 0.500000 0.507812 0.498611 0.502344 0.498611 0.497656 0.494444 0.493750 0.493056 0.488281 0.493056 0.482031 0.488889 0.476562 0.488889 0.471094 0.486111 0.463281 0.484722 0.449219 0.484722 0.439063 0.483333 0.430469 0.480556 0.427344 0.481944 0.425000 0.483333 0.424219 0.484722 0.412500 0.484722 0.407031 0.486111 0.403125 0.487500 0.400000 0.488889 0.396875 0.491667 0.393750 0.491667 0.390625 0.493056 0.389062 0.494444 0.387500 0.495833 0.385156 0.500000 0.384375 0.505556 0.384375 0.511111 0.383594 0.515278 0.382812 0.519444 0.380469 0.520833 0.378906 0.516667 0.377344 0.516667 0.376563 0.518056 0.374219 0.518056 0.373437 0.522222 0.371875 0.525000 0.370312 0.525000 0.368750 0.526389 0.367969 0.523611 0.364063 0.523611 0.363281 0.525000 0.358594 0.525000 0.356250 0.529167 0.350000 0.527778 0.349219 0.525000 0.347656 0.525000 0.347656 0.522222 0.346875 0.520833 0.346094 0.513889 0.344531 0.522222 0.345313 0.523611 0.340625 0.525000 0.338281 0.526389 0.336719 0.530556 0.328906 0.530556 0.327344 0.527778 0.321094 0.527778 0.317969 0.530556 0.317188 0.525000 0.312500 0.525000 0.311719 0.530556 0.310156 0.533333 0.309375 0.529167 0.307812 0.526389 0.305469 0.529167 0.305469 0.531944 0.300000 0.530556 0.299219 0.525000 0.296875 0.529167 0.296094 0.531944 0.294531 0.536111 0.290625 0.538889 0.289062 0.533333 0.280469 0.531944 0.278125 0.533333 0.276562 0.536111 0.276562 0.540278 0.273438 0.543056 0.269531 0.543056 0.268750 0.537500 0.267188 0.534722 0.262500 0.534722 0.260937 0.536111 0.258594 0.540278 0.258594 0.530556 0.257031 0.522222 0.255469 0.527778 0.252344 0.527778 0.251563 0.523611 0.251563 0.513889 0.250000 0.512500 0.247656 0.506944 0.244531 0.505556 0.241406 0.505556 0.237500 0.509722 0.235156 0.511111 0.234375 0.508333 0.233594 0.504167 0.232031 0.512500 0.232031 0.518056 0.230469 0.522222 0.228906 0.525000 0.226562 0.525000 0.227344 0.519444 0.225781 0.515278 0.225781 0.513889 0.221875 0.512500 0.221875 0.508333 0.220312 0.505556 0.219531 0.508333 0.217188 0.505556 0.217188 0.500000 0.218750 0.497222 0.217188 0.493056 0.216406 0.488889 0.216406 0.483333 0.217188 0.480556 0.218750 0.479167 0.219531 0.473611 0.218750 0.469444 0.221094 0.469444 0.221094 0.465278 0.223438 0.463889 0.225781 0.463889 0.226562 0.465278 0.228125 0.465278 0.229687 0.463889 0.230469 0.459722 0.228906 0.458333 0.230469 0.456944 0.231250 0.455556 0.232813 0.455556 0.233594 0.456944 0.235156 0.456944 0.235937 0.451389 0.237500 0.452778 0.250000 0.452778 0.252344 0.452778 0.253906 0.450000 0.256250 0.450000 0.257812 0.452778 0.259375 0.454167 0.258594 0.448611 0.260937 0.448611 0.264844 0.445833 0.270313 0.445833 0.274219 0.444444 0.276562 0.441667 0.292969 0.441667 0.296875 0.440278 0.299219 0.438889 0.298438 0.434722 0.300781 0.434722 0.300781 0.434722 0.302344 0.437500 0.305469 0.434722 0.307812 0.434722 0.306250 0.431944 0.304688 0.431944 0.303906 0.433333 0.300781 0.434722 0.300781 0.434722 0.302344 0.431944 0.304688 0.431944 0.307031 0.429167 0.309375 0.429167 0.311719 0.427778 0.313281 0.425000 0.311719 0.420833 0.313281 0.423611 0.317969 0.423611 0.319531 0.420833 0.321094 0.420833 0.321875 0.422222 0.324219 0.420833 0.326562 0.425000 0.328906 0.426389 0.332031 0.426389 0.334375 0.431944 0.337500 0.433333 0.338281 0.434722 0.336719 0.436111 0.332031 0.433333 0.325781 0.434722 0.323437 0.431944 0.320312 0.431944 0.318750 0.434722 0.315625 0.434722 0.313281 0.433333 0.310937 0.434722 0.312500 0.437500 0.314063 0.437500 0.311719 0.438889 0.310937 0.440278 0.306250 0.440278 0.304688 0.441667 0.302344 0.444444 0.310937 0.445833 0.316406 0.443056 0.321875 0.441667 0.334375 0.441667 0.336719 0.438889 0.342187 0.437500 0.338281 0.434722 0.337500 0.433333 0.340625 0.430556 0.349219 0.426389 0.350000 0.427778 0.352344 0.425000 0.360938 0.425000 0.366406 0.422222 0.381250 0.420833 0.386719 0.419444 0.392969 0.418056 0.396875 0.416667 0.399219 0.415278 0.399219 0.411111 0.408594 0.411111 0.412500 0.406944 0.414062 0.404167 0.414062 0.402778 0.414844 0.401389 0.416406 0.400000 0.417969 0.398611 0.422656 0.398611 0.425781 0.402778 0.428125 0.404167 0.431250 0.405556 0.435156 0.405556 0.439063 0.402778 0.442188 0.398611 0.442188 0.404167 0.439063 0.405556 0.437500 0.406944 0.436719 0.408333 0.436719 0.409722 0.435937 0.411111 0.434375 0.412500 0.425781 0.412500 0.424219 0.415278 0.416406 0.415278 0.412500 0.418056 0.411719 0.420833 0.410938 0.423611 0.414844 0.425000 0.423438 0.423611 0.425781 0.420833 0.428125 0.420833 0.429688 0.418056 0.431250 0.418056 0.432812 0.420833 0.435937 0.419444 0.436719 0.416667 0.437500 0.418056 0.441406 0.413889 0.443750 0.409722 0.446094 0.401389 0.447656 0.398611 0.450781 0.398611 0.453125 0.395833 0.456250 0.394444 0.453125 0.391667 0.450781 0.391667 0.450000 0.393056 0.446875 0.393056 0.446094 0.394444 0.444531 0.394444 0.446094 0.393056 0.449219 0.393056 0.452344 0.390278 0.457031 0.388889 0.464062 0.388889 0.464844 0.390278 0.457813 0.393056 0.464844 0.394444 0.465625 0.393056 0.472656 0.391667 0.464844 0.390278 0.464062 0.388889 0.469531 0.387500 0.472656 0.384722 0.472656 0.383333 0.474219 0.380556 0.478906 0.380556 0.482031 0.377778 0.490625 0.379167 0.498437 0.377778 0.505469 0.375000 0.527344 0.376389
21 0.860938 0.358333 0.870313 0.366667 0.871875 0.369444 0.874219 0.366667 0.875781 0.366667 0.874219 0.370833 0.873437 0.376389 0.875781 0.381944 0.877344 0.381944 0.887500 0.380556 0.889844 0.379167 0.892188 0.375000 0.892188 0.372222 0.893750 0.370833 0.897656 0.370833 0.900000 0.373611 0.910156 0.373611 0.911719 0.372222 0.913281 0.372222 0.914844 0.373611 0.915625 0.377778 0.919531 0.377778 0.922656 0.377778 0.924219 0.377778 0.928906 0.376389 0.932813 0.373611 0.939063 0.375000 0.941406 0.373611 0.944531 0.376389 0.958594 0.375000 0.962500 0.372222 0.967187 0.372222 0.967969 0.368056 0.971094 0.368056 0.971875 0.370833 0.973437 0.370833 0.975000 0.373611 0.976562 0.373611 0.977344 0.372222 0.980469 0.370833 0.982812 0.370833 0.986719 0.375000 0.988281 0.375000 0.989844 0.376389 0.990625 0.377778 0.991406 0.380556 0.991406 0.383333 0.993750 0.387500 0.999219 0.387500 0.999219 0.456944 0.995313 0.458333 0.994531 0.461111 0.995313 0.469444 0.992188 0.470833 0.990625 0.468056 0.989062 0.466667 0.987500 0.469444 0.986719 0.466667 0.985156 0.463889 0.983594 0.462500 0.978125 0.461111 0.976562 0.458333 0.975781 0.465278 0.974219 0.462500 0.973437 0.465278 0.971875 0.465278 0.970313 0.462500 0.967187 0.468056 0.964844 0.468056 0.963281 0.470833 0.961719 0.466667 0.960938 0.476389 0.960156 0.479167 0.957812 0.479167 0.957031 0.477778 0.954688 0.475000 0.953906 0.477778 0.953125 0.479167 0.953125 0.483333 0.949219 0.484722 0.947656 0.491667 0.945312 0.495833 0.942969 0.497222 0.940625 0.500000 0.939063 0.500000 0.937500 0.497222 0.936719 0.501389 0.935156 0.500000 0.933594 0.500000 0.929688 0.493056 0.927344 0.495833 0.924219 0.493056 0.922656 0.493056 0.923438 0.500000 0.923438 0.505556 0.919531 0.511111 0.920312 0.515278 0.922656 0.518056 0.921094 0.520833 0.921875 0.523611 0.922656 0.527778 0.922656 0.531944 0.921094 0.538889 0.919531 0.540278 0.920312 0.533333 0.917969 0.533333 0.919531 0.540278 0.921094 0.538889 0.921875 0.545833 0.919531 0.551389 0.915625 0.550000 0.914844 0.545833 0.911719 0.540278 0.908594 0.537500 0.907813 0.534722 0.906250 0.537500 0.903125 0.537500 0.900000 0.538889 0.898438 0.540278 0.896875 0.541667 0.896094 0.543056 0.893750 0.544444 0.892188 0.545833 0.889062 0.551389 0.887500 0.551389 0.886719 0.550000 0.883594 0.551389 0.884375 0.550000 0.882812 0.548611 0.882031 0.547222 0.879687 0.547222 0.878906 0.551389 0.880469 0.554167 0.882031 0.554167 0.884375 0.550000 0.883594 0.551389 0.885156 0.554167 0.889844 0.555556 0.878906 0.555556 0.876563 0.554167 0.876563 0.551389 0.875000 0.551389 0.873437 0.548611 0.868750 0.547222 0.866406 0.547222 0.857812 0.550000 0.849219 0.550000 0.846875 0.545833 0.842969 0.545833 0.840625 0.547222 0.837500 0.551389 0.834375 0.550000 0.833594 0.547222 0.832812 0.543056 0.831250 0.538889 0.830469 0.543056 0.827344 0.543056 0.825781 0.540278 0.821875 0.538889 0.821094 0.534722 0.815625 0.523611 0.810156 0.513889 0.808594 0.508333 0.802344 0.497222 0.800781 0.495833 0.798438 0.494444 0.774219 0.495833 0.753125 0.497222 0.748437 0.500000 0.742188 0.500000 0.735156 0.501389 0.732812 0.502778 0.726562 0.508333 0.719531 0.520833 0.717969 0.527778 0.716406 0.531944 0.716406 0.529167 0.717187 0.527778 0.717187 0.525000 0.718750 0.520833 0.718750 0.511111 0.720313 0.501389 0.719531 0.493056 0.717969 0.491667 0.714063 0.490278 0.714063 0.488889 0.717969 0.484722 0.718750 0.483333 0.720313 0.481944 0.717969 0.480556 0.714063 0.480556 0.714844 0.476389 0.716406 0.473611 0.715625 0.470833 0.714063 0.466667 0.711719 0.463889 0.710938 0.459722 0.710938 0.436111 0.712500 0.434722 0.714063 0.436111 0.718750 0.443056 0.721094 0.447222 0.721094 0.450000 0.720313 0.455556 0.723437 0.461111 0.724219 0.463889 0.721875 0.462500 0.722656 0.459722 0.719531 0.459722 0.717969 0.458333 0.715625 0.462500 0.715625 0.463889 0.714063 0.466667 0.715625 0.468056 0.716406 0.472222 0.717969 0.469444 0.719531 0.468056 0.726562 0.468056 0.722656 0.468056 0.720313 0.469444 0.720313 0.473611 0.721094 0.473611 0.722656 0.477778 0.721094 0.479167 0.724219 0.484722 0.726562 0.481944 0.727344 0.480556 0.728906 0.480556 0.729688 0.481944 0.732031 0.481944 0.733594 0.484722 0.740625 0.484722 0.742188 0.481944 0.742188 0.476389 0.743750 0.473611 0.745313 0.473611 0.746875 0.473611 0.744531 0.479167 0.746094 0.481944 0.748437 0.481944 0.750000 0.484722 0.751563 0.486111 0.753125 0.486111 0.750781 0.477778 0.748437 0.476389 0.750781 0.470833 0.750781 0.468056 0.753125 0.462500 0.750000 0.456944 0.746094 0.455556 0.744531 0.452778 0.743750 0.448611 0.739844 0.445833 0.737500 0.445833 0.730469 0.448611 0.731250 0.441667 0.732812 0.445833 0.739062 0.444444 0.743750 0.447222 0.744531 0.450000 0.746094 0.451389 0.747656 0.451389 0.750000 0.454167 0.751563 0.450000 0.750000 0.448611 0.750781 0.448611 0.752344 0.451389 0.752344 0.445833 0.750781 0.448611 0.750000 0.448611 0.750781 0.445833 0.749219 0.443056 0.747656 0.441667 0.743750 0.443056 0.741406 0.437500 0.739844 0.437500 0.737500 0.431944 0.733594 0.429167 0.731250 0.418056 0.728125 0.412500 0.727344 0.406944 0.728125 0.401389 0.732031 0.398611 0.735938 0.393056 0.738281 0.391667 0.747656 0.390278 0.743750 0.388889 0.741406 0.386111 0.739062 0.386111 0.740625 0.383333 0.739062 0.380556 0.740625 0.381944 0.742969 0.386111 0.746875 0.387500 0.750000 0.388889 0.755469 0.387500 0.763281 0.384722 0.764062 0.383333 0.767188 0.383333 0.767969 0.381944 0.769531 0.380556 0.767969 0.383333 0.771094 0.381944 0.770312 0.377778 0.772656 0.375000 0.774219 0.373611 0.777344 0.373611 0.778906 0.370833 0.778906 0.369444 0.782031 0.366667 0.786719 0.366667 0.789062 0.368056 0.789844 0.370833 0.788281 0.368056 0.786719 0.366667 0.784375 0.369444 0.783594 0.372222 0.783594 0.376389 0.781250 0.375000 0.777344 0.379167 0.773438 0.379167 0.771875 0.381944 0.770312 0.386111 0.779687 0.387500 0.781250 0.386111 0.782031 0.381944 0.782813 0.379167 0.787500 0.380556 0.791406 0.379167 0.790625 0.373611 0.792188 0.376389 0.792969 0.370833 0.794531 0.370833 0.796094 0.373611 0.799219 0.375000 0.814063 0.375000 0.817969 0.373611 0.822656 0.372222 0.825000 0.370833 0.828906 0.363889 0.831250 0.361111 0.829688 0.363889 0.830469 0.377778 0.831250 0.375000 0.832812 0.373611 0.832812 0.362500 0.836719 0.362500 0.836719 0.366667 0.837500 0.368056 0.837500 0.376389 0.839844 0.376389 0.841406 0.377778 0.842969 0.381944 0.844531 0.383333 0.846094 0.383333 0.846875 0.381944 0.849219 0.381944 0.854688 0.377778 0.856250 0.376389 0.858594 0.372222 0.858594 0.370833 0.860938 0.366667 0.860938 0.366667 0.863281 0.368056 0.864844 0.369444 0.867188 0.373611 0.867969 0.377778 0.871094 0.377778 0.869531 0.373611 0.869531 0.370833 0.867188 0.366667 0.865625 0.365278 0.860938 0.366667 0.860938 0.366667 0.856250 0.365278 0.853906 0.368056 0.850781 0.373611 0.847656 0.377778 0.845313 0.379167 0.842969 0.377778 0.842187 0.375000 0.841406 0.372222 0.840625 0.365278 0.837500 0.359722 0.839063 0.362500 0.839844 0.361111 0.841406 0.363889 0.842969 0.362500 0.851562 0.363889 0.853906 0.362500 0.857031 0.356944 0.860938 0.358333
21 0.000000 0.320833 0.000000 0.327778 0.001563 0.327778 0.002344 0.325000 0.000000 0.320833
21 0.000000 0.291667 0.001563 0.288889 0.002344 0.283333 0.002344 0.279167 0.000781 0.276389 0.000781 0.273611 0.000000 0.291667
23 0.178125 0.637500 0.178125 0.644444 0.181250 0.643056 0.183594 0.640278 0.185156 0.640278 0.186719 0.637500 0.183594 0.636111 0.178125 0.637500
23 0.179688 0.620833 0.179688 0.625000 0.178906 0.626389 0.178906 0.630556 0.182812 0.625000 0.184375 0.627778 0.185938 0.627778 0.187500 0.629167 0.187500 0.623611 0.186719 0.620833 0.179688 0.620833
23 0.233594 0.613889 0.232031 0.618056 0.233594 0.616667 0.235156 0.616667 0.237500 0.613889 0.233594 0.613889
23 0.214844 0.600000 0.212500 0.600000 0.212500 0.602778 0.216406 0.602778 0.217188 0.600000 0.214844 0.600000
23 0.532813 0.575000 0.528125 0.579167 0.532813 0.579167 0.532813 0.575000
23 0.701562 0.561111 0.700781 0.563889 0.700000 0.563889 0.698438 0.565278 0.700000 0.565278 0.701562 0.563889 0.701562 0.561111
23 0.954688 0.548611 0.954688 0.551389 0.957031 0.551389 0.954688 0.548611
23 0.832031 0.543056 0.833594 0.550000 0.835156 0.552778 0.837500 0.552778 0.840625 0.548611 0.842969 0.547222 0.846875 0.547222 0.849219 0.551389 0.848437 0.552778 0.847656 0.558333 0.849219 0.555556 0.848437 0.552778 0.849219 0.551389 0.851562 0.556944 0.851562 0.559722 0.849219 0.561111 0.855469 0.561111 0.853125 0.559722 0.853125 0.556944 0.851562 0.556944 0.849219 0.551389 0.857812 0.551389 0.866406 0.548611 0.868750 0.548611 0.874219 0.551389 0.871094 0.552778 0.869531 0.554167 0.867969 0.556944 0.872656 0.558333 0.872656 0.555556 0.878125 0.555556 0.873437 0.556944 0.879687 0.558333 0.882031 0.559722 0.879687 0.561111 0.875781 0.559722 0.860156 0.561111 0.860156 0.561111 0.867969 0.558333 0.864062 0.555556 0.859375 0.555556 0.858594 0.558333 0.860156 0.561111 0.860156 0.561111 0.843750 0.562500 0.843750 0.562500 0.845313 0.558333 0.844531 0.556944 0.843750 0.552778 0.842187 0.555556 0.841406 0.558333 0.840625 0.561111 0.843750 0.559722 0.843750 0.562500 0.843750 0.562500 0.837500 0.563889 0.837500 0.559722 0.839844 0.561111 0.840625 0.558333 0.837500 0.559722 0.837500 0.563889 0.838281 0.568056 0.836719 0.569444 0.835156 0.570833 0.834375 0.568056 0.835156 0.561111 0.832812 0.556944 0.829688 0.551389 0.828906 0.548611 0.828125 0.544444 0.830469 0.544444 0.831250 0.540278 0.832031 0.543056
23 0.903125 0.538889 0.902344 0.540278 0.900000 0.540278 0.899219 0.543056 0.896875 0.544444 0.893750 0.545833 0.892188 0.547222 0.889062 0.552778 0.887500 0.552778 0.886719 0.551389 0.884375 0.551389 0.889062 0.552778 0.890625 0.555556 0.891406 0.552778 0.893750 0.550000 0.894531 0.555556 0.909375 0.555556 0.912500 0.561111 0.914062 0.561111 0.915625 0.559722 0.917188 0.558333 0.915625 0.559722 0.911719 0.558333 0.910937 0.556944 0.909375 0.555556 0.910156 0.550000 0.907813 0.544444 0.912500 0.544444 0.911719 0.541667 0.910156 0.541667 0.908594 0.538889 0.903125 0.538889
23 0.927344 0.537500 0.926562 0.538889 0.921875 0.538889 0.922656 0.545833 0.921094 0.550000 0.919531 0.552778 0.916406 0.552778 0.917188 0.555556 0.918750 0.556944 0.924219 0.556944 0.918750 0.552778 0.920312 0.552778 0.936719 0.555556 0.939063 0.555556 0.942969 0.554167 0.946875 0.552778 0.949219 0.552778 0.950000 0.554167 0.952344 0.554167 0.951562 0.550000 0.952344 0.543056 0.950000 0.538889 0.947656 0.537500 0.927344 0.537500
23 0.430469 0.481944 0.439063 0.484722 0.449219 0.486111 0.463281 0.486111 0.471094 0.487500 0.476562 0.490278 0.482031 0.490278 0.488281 0.494444 0.493750 0.494444 0.497656 0.495833 0.502344 0.500000 0.505469 0.501389 0.512500 0.501389 0.517969 0.502778 0.518750 0.504167 0.521094 0.505556 0.518750 0.506944 0.521094 0.512500 0.521875 0.515278 0.521875 0.520833 0.520312 0.523611 0.513281 0.534722 0.513281 0.538889 0.514844 0.541667 0.519531 0.540278 0.521875 0.540278 0.524219 0.543056 0.528906 0.544444 0.529687 0.547222 0.529687 0.550000 0.528125 0.552778 0.528125 0.556944 0.525781 0.559722 0.527344 0.562500 0.529687 0.559722 0.529687 0.554167 0.531250 0.561111 0.531250 0.565278 0.543750 0.566667 0.545312 0.568056 0.543750 0.568056 0.542969 0.566667 0.534375 0.566667 0.532813 0.569444 0.528125 0.563889 0.526563 0.563889 0.525000 0.566667 0.523438 0.566667 0.521875 0.569444 0.513281 0.569444 0.511719 0.565278 0.510938 0.568056 0.509375 0.566667 0.507812 0.569444 0.506250 0.569444 0.500000 0.566667 0.494531 0.569444 0.492188 0.568056 0.485938 0.570833 0.468750 0.569444 0.459375 0.570833 0.456250 0.570833 0.445312 0.569444 0.417187 0.570833 0.414062 0.572222 0.411719 0.575000 0.403906 0.573611 0.402344 0.573611 0.397656 0.576389 0.383594 0.576389 0.378906 0.577778 0.376563 0.580556 0.376563 0.577778 0.371875 0.576389 0.364844 0.577778 0.363281 0.580556 0.361719 0.579167 0.357031 0.579167 0.346875 0.583333 0.345313 0.583333 0.335156 0.583333 0.330469 0.584722 0.326562 0.586111 0.323437 0.588889 0.320312 0.590278 0.314063 0.590278 0.308594 0.591667 0.305469 0.594444 0.300781 0.595833 0.294531 0.595833 0.289062 0.598611 0.286719 0.604167 0.282031 0.602778 0.281250 0.600000 0.280469 0.601389 0.278125 0.600000 0.275000 0.601389 0.271875 0.604167 0.267969 0.604167 0.267969 0.606944 0.265625 0.606944 0.262500 0.605556 0.257031 0.606944 0.253906 0.608333 0.252344 0.611111 0.242969 0.609722 0.226562 0.612500 0.223438 0.611111 0.224219 0.605556 0.222656 0.600000 0.221094 0.597222 0.221094 0.595833 0.218750 0.593056 0.215625 0.590278 0.211719 0.583333 0.207813 0.581944 0.210156 0.581944 0.210156 0.580556 0.209375 0.576389 0.210938 0.577778 0.212500 0.572222 0.212500 0.566667 0.210156 0.565278 0.211719 0.562500 0.213281 0.562500 0.214844 0.565278 0.217188 0.561111 0.216406 0.545833 0.215625 0.545833 0.214844 0.544444 0.212500 0.537500 0.214844 0.536111 0.215625 0.533333 0.215625 0.526389 0.217969 0.523611 0.217969 0.516667 0.221875 0.515278 0.222656 0.513889 0.225000 0.513889 0.226562 0.518056 0.225781 0.525000 0.228906 0.526389 0.231250 0.522222 0.232813 0.518056 0.233594 0.511111 0.233594 0.505556 0.233594 0.508333 0.234375 0.511111 0.241406 0.506944 0.244531 0.506944 0.247656 0.508333 0.249219 0.511111 0.250781 0.513889 0.250781 0.523611 0.252344 0.529167 0.255469 0.529167 0.255469 0.531944 0.253906 0.537500 0.255469 0.540278 0.255469 0.531944 0.255469 0.529167 0.257031 0.526389 0.257031 0.523611 0.257031 0.529167 0.257812 0.530556 0.258594 0.541667 0.260937 0.537500 0.262500 0.536111 0.267188 0.536111 0.267969 0.541667 0.269531 0.544444 0.273438 0.544444 0.275781 0.543056 0.277344 0.540278 0.277344 0.536111 0.280469 0.533333 0.288281 0.533333 0.288281 0.537500 0.289844 0.540278 0.292969 0.537500 0.295312 0.536111 0.295312 0.534722 0.296875 0.531944 0.297656 0.529167 0.297656 0.525000 0.298438 0.529167 0.300000 0.531944 0.304688 0.533333 0.306250 0.529167 0.308594 0.531944 0.310156 0.534722 0.312500 0.530556 0.312500 0.526389 0.314844 0.526389 0.316406 0.525000 0.316406 0.527778 0.317969 0.531944 0.321094 0.529167 0.327344 0.529167 0.328906 0.531944 0.337500 0.530556 0.338281 0.527778 0.340625 0.526389 0.344531 0.526389 0.346094 0.523611 0.346094 0.515278 0.346094 0.520833 0.346875 0.525000 0.349219 0.526389 0.350781 0.530556 0.356250 0.530556 0.358594 0.526389 0.363281 0.526389 0.364063 0.525000 0.367969 0.525000 0.368750 0.527778 0.370312 0.526389 0.371875 0.526389 0.374219 0.522222 0.374219 0.519444 0.377344 0.518056 0.379688 0.519444 0.379688 0.520833 0.382031 0.522222 0.383594 0.519444 0.385156 0.511111 0.385156 0.505556 0.385937 0.500000 0.387500 0.497222 0.390625 0.494444 0.393750 0.493056 0.396875 0.493056 0.400000 0.490278 0.403125 0.488889 0.407031 0.487500 0.412500 0.486111 0.424219 0.486111 0.427344 0.484722 0.428125 0.481944 0.430469 0.481944
24 0.183594 0.697222 0.185156 0.698611 0.187500 0.702778 0.189844 0.704167 0.197656 0.702778 0.198437 0.704167 0.202344 0.702778 0.196094 0.701389 0.190625 0.702778 0.189062 0.701389 0.187500 0.698611 0.183594 0.697222
24 0.054688 0.643056 0.053906 0.647222 0.052344 0.650000 0.050000 0.651389 0.051562 0.652778 0.051562 0.654167 0.053125 0.655556 0.053125 0.652778 0.054688 0.647222 0.054688 0.643056
24 0.913281 0.544444 0.911719 0.545833 0.913281 0.547222 0.914844 0.548611 0.913281 0.544444
24 0.987500 0.512500 0.987500 0.520833 0.985938 0.522222 0.987500 0.526389 0.989844 0.525000 0.989062 0.522222 0.987500 0.519444 0.987500 0.512500
24 0.986719 0.505556 0.985156 0.506944 0.986719 0.508333 0.988281 0.508333 0.986719 0.505556
24 0.985156 0.500000 0.985156 0.502778 0.986719 0.502778 0.986719 0.500000 0.985156 0.500000
24 0.182031 0.323611 0.179688 0.325000 0.179688 0.329167 0.182031 0.331944 0.183594 0.329167 0.184375 0.325000 0.182031 0.323611
24 0.672656 0.301389 0.672656 0.304167 0.670312 0.305556 0.669531 0.309722 0.671094 0.311111 0.669531 0.313889 0.667188 0.313889 0.665625 0.311111 0.664844 0.313889 0.664062 0.315278 0.662500 0.316667 0.660156 0.318056 0.657031 0.318056 0.654687 0.320833 0.652344 0.325000 0.650000 0.326389 0.649219 0.327778 0.649219 0.329167 0.647656 0.331944 0.646094 0.333333 0.645312 0.329167 0.645312 0.323611 0.643750 0.325000 0.642188 0.327778 0.645312 0.329167 0.646094 0.333333 0.642188 0.333333 0.640625 0.334722 0.639844 0.336111 0.638281 0.341667 0.633594 0.348611 0.633594 0.358333 0.631250 0.362500 0.634375 0.375000 0.634375 0.383333 0.634375 0.400000 0.635156 0.400000 0.635938 0.401389 0.636719 0.404167 0.632812 0.406944 0.635156 0.408333 0.632812 0.412500 0.634375 0.416667 0.635156 0.422222 0.635156 0.431944 0.631250 0.433333 0.632812 0.443056 0.632812 0.465278 0.634375 0.470833 0.635938 0.468056 0.635938 0.461111 0.635156 0.470833 0.633594 0.475000 0.636719 0.479167 0.633594 0.481944 0.635156 0.488889 0.634375 0.495833 0.635156 0.500000 0.633594 0.506944 0.634375 0.527778 0.634375 0.530556 0.633594 0.540278 0.634375 0.541667 0.634375 0.548611 0.632812 0.548611 0.633594 0.558333 0.634375 0.554167 0.634375 0.558333 0.635156 0.559722 0.635156 0.565278 0.636719 0.566667 0.632812 0.569444 0.637500 0.570833 0.635156 0.573611 0.632812 0.575000 0.628906 0.575000 0.627344 0.573611 0.627344 0.572222 0.629687 0.569444 0.628125 0.562500 0.627344 0.568056 0.625781 0.569444 0.627344 0.572222 0.627344 0.573611 0.626563 0.572222 0.624219 0.568056 0.624219 0.562500 0.625000 0.555556 0.625781 0.552778 0.627344 0.551389 0.625781 0.550000 0.626563 0.544444 0.628125 0.538889 0.628125 0.533333 0.627344 0.530556 0.627344 0.530556 0.627344 0.540278 0.627344 0.543056 0.628906 0.561111 0.629687 0.530556 0.628125 0.527778 0.627344 0.530556 0.627344 0.530556 0.625000 0.529167 0.624219 0.518056 0.624219 0.513889 0.625781 0.512500 0.624219 0.500000 0.625781 0.497222 0.626563 0.493056 0.626563 0.490278 0.625781 0.488889 0.625781 0.486111 0.627344 0.476389 0.627344 0.473611 0.625781 0.454167 0.626563 0.451389 0.628125 0.448611 0.627344 0.444444 0.625781 0.443056 0.625781 0.419444 0.626563 0.427778 0.627344 0.418056 0.626563 0.416667 0.626563 0.406944 0.625000 0.404167 0.623437 0.402778 0.624219 0.401389 0.621094 0.400000 0.619531 0.398611 0.619531 0.394444 0.622656 0.394444 0.624219 0.391667 0.625000 0.387500 0.625781 0.362500 0.625781 0.359722 0.625781 0.365278 0.626563 0.366667 0.625781 0.373611 0.625781 0.376389 0.627344 0.390278 0.627344 0.356944 0.625781 0.359722 0.625781 0.362500 0.624219 0.358333 0.624219 0.354167 0.625000 0.347222 0.623437 0.343056 0.623437 0.337500 0.625000 0.334722 0.626563 0.333333 0.630469 0.333333 0.631250 0.330556 0.632812 0.331944 0.634375 0.329167 0.638281 0.326389 0.639844 0.323611 0.641406 0.318056 0.642969 0.316667 0.646875 0.315278 0.649219 0.309722 0.651563 0.306944 0.654687 0.305556 0.659375 0.305556 0.664062 0.304167 0.666406 0.301389 0.672656 0.301389
24 0.705469 0.279167 0.709375 0.280556 0.710938 0.287500 0.709375 0.291667 0.710156 0.295833 0.711719 0.298611 0.710938 0.309722 0.710156 0.306944 0.709375 0.313889 0.711719 0.320833 0.710938 0.329167 0.712500 0.334722 0.710156 0.336111 0.709375 0.340278 0.708594 0.334722 0.707812 0.356944 0.709375 0.362500 0.710156 0.355556 0.710156 0.358333 0.711719 0.361111 0.712500 0.361111 0.714063 0.366667 0.714844 0.373611 0.713281 0.376389 0.710156 0.384722 0.709375 0.386111 0.708594 0.391667 0.708594 0.411111 0.709375 0.400000 0.709375 0.409722 0.708594 0.411111 0.708594 0.419444 0.710938 0.422222 0.711719 0.433333 0.713281 0.434722 0.710938 0.434722 0.710156 0.459722 0.710938 0.463889 0.713281 0.468056 0.717187 0.461111 0.717187 0.466667 0.716406 0.468056 0.714844 0.473611 0.716406 0.470833 0.716406 0.468056 0.717187 0.466667 0.717187 0.469444 0.714063 0.476389 0.713281 0.479167 0.715625 0.481944 0.717969 0.481944 0.719531 0.481944 0.717969 0.483333 0.714063 0.483333 0.712500 0.486111 0.713281 0.490278 0.714844 0.493056 0.713281 0.494444 0.712500 0.497222 0.711719 0.494444 0.710156 0.500000 0.710156 0.525000 0.712500 0.520833 0.713281 0.526389 0.713281 0.494444 0.714844 0.493056 0.717969 0.493056 0.719531 0.494444 0.719531 0.501389 0.717969 0.511111 0.717969 0.520833 0.716406 0.527778 0.715625 0.531944 0.712500 0.538889 0.710156 0.544444 0.707812 0.545833 0.706250 0.548611 0.707031 0.545833 0.708594 0.540278 0.709375 0.529167 0.708594 0.501389 0.707031 0.495833 0.707031 0.491667 0.706250 0.490278 0.706250 0.487500 0.707812 0.483333 0.707812 0.472222 0.707031 0.468056 0.706250 0.463889 0.704688 0.461111 0.705469 0.458333 0.707031 0.456944 0.707031 0.451389 0.706250 0.427778 0.704688 0.416667 0.705469 0.402778 0.705469 0.397222 0.704688 0.387500 0.702344 0.381944 0.703906 0.379167 0.701562 0.377778 0.700000 0.379167 0.699219 0.376389 0.699219 0.370833 0.700781 0.368056 0.700000 0.365278 0.701562 0.365278 0.703906 0.358333 0.703906 0.350000 0.703125 0.344444 0.700000 0.343056 0.701562 0.337500 0.702344 0.330556 0.703125 0.329167 0.703906 0.330556 0.704688 0.333333 0.705469 0.326389 0.703125 0.329167 0.702344 0.330556 0.701562 0.319444 0.701562 0.311111 0.703125 0.309722 0.702344 0.306944 0.703906 0.302778 0.705469 0.300000 0.705469 0.297222 0.703906 0.302778 0.702344 0.306944 0.701562 0.305556 0.700000 0.302778 0.700000 0.297222 0.701562 0.293056 0.700781 0.288889 0.703125 0.280556 0.705469 0.279167
24 0.188281 0.000000 0.189062 0.002778 0.189844 0.012500 0.189844 0.020833 0.189062 0.031944 0.190625 0.034722 0.190625 0.045833 0.191406 0.051389 0.192969 0.055556 0.192188 0.079167 0.192188 0.083333 0.193750 0.087500 0.193750 0.095833 0.192969 0.097222 0.193750 0.105556 0.194531 0.100000 0.193750 0.105556 0.193750 0.112500 0.192969 0.108333 0.192969 0.118056 0.193750 0.115278 0.193750 0.120833 0.195312 0.127778 0.193750 0.129167 0.192969 0.133333 0.193750 0.134722 0.194531 0.140278 0.195312 0.148611 0.195312 0.151389 0.194531 0.162500 0.196094 0.169444 0.196875 0.202778 0.196875 0.206944 0.196094 0.208333 0.196094 0.213889 0.198437 0.222222 0.199219 0.227778 0.199219 0.233333 0.200781 0.238889 0.200000 0.262500 0.201563 0.265278 0.203906 0.251389 0.203906 0.263889 0.204687 0.265278 0.204687 0.298611 0.205469 0.300000 0.205469 0.304167 0.203125 0.302778 0.203125 0.290278 0.201563 0.283333 0.200000 0.287500 0.200781 0.293056 0.200781 0.308333 0.200000 0.329167 0.201563 0.333333 0.201563 0.350000 0.203125 0.356944 0.202344 0.370833 0.202344 0.379167 0.203125 0.393056 0.204687 0.400000 0.203906 0.404167 0.204687 0.411111 0.207813 0.415278 0.208594 0.415278 0.209375 0.419444 0.210938 0.423611 0.211719 0.430556 0.210938 0.433333 0.210938 0.436111 0.210938 0.433333 0.209375 0.430556 0.207813 0.431944 0.207031 0.434722 0.206250 0.438889 0.205469 0.445833 0.204687 0.470833 0.204687 0.476389 0.204687 0.487500 0.204687 0.491667 0.205469 0.493056 0.206250 0.500000 0.207031 0.508333 0.208594 0.502778 0.208594 0.498611 0.210156 0.494444 0.210938 0.488889 0.210938 0.459722 0.211719 0.458333 0.211719 0.438889 0.211719 0.465278 0.212500 0.477778 0.214062 0.484722 0.213281 0.491667 0.213281 0.495833 0.209375 0.502778 0.209375 0.509722 0.206250 0.512500 0.205469 0.513889 0.204687 0.516667 0.204687 0.520833 0.206250 0.523611 0.204687 0.526389 0.205469 0.537500 0.204687 0.544444 0.205469 0.545833 0.205469 0.551389 0.207031 0.552778 0.207031 0.558333 0.207031 0.561111 0.206250 0.568056 0.207813 0.579167 0.207031 0.581944 0.206250 0.586111 0.207031 0.597222 0.206250 0.616667 0.210156 0.615278 0.211719 0.618056 0.210938 0.622222 0.210938 0.623611 0.210156 0.622222 0.209375 0.619444 0.207031 0.622222 0.208594 0.629167 0.210156 0.634722 0.210938 0.623611 0.210938 0.622222 0.211719 0.625000 0.213281 0.625000 0.214062 0.625000 0.215625 0.627778 0.214844 0.630556 0.214062 0.631944 0.213281 0.631944 0.211719 0.634722 0.214844 0.636111 0.215625 0.638889 0.215625 0.645833 0.216406 0.650000 0.217969 0.652778 0.219531 0.652778 0.217188 0.655556 0.217188 0.658333 0.215625 0.656944 0.218750 0.661111 0.217969 0.677778 0.219531 0.679167 0.221094 0.680556 0.219531 0.680556 0.217969 0.683333 0.217969 0.686111 0.220312 0.688889 0.216406 0.691667 0.214844 0.694444 0.213281 0.695833 0.209375 0.697222 0.189844 0.697222 0.187500 0.695833 0.185156 0.694444 0.182812 0.690278 0.182812 0.672222 0.182031 0.669444 0.178125 0.663889 0.179688 0.662500 0.182031 0.668056 0.183594 0.663889 0.182031 0.663889 0.182812 0.661111 0.183594 0.659722 0.184375 0.655556 0.185156 0.647222 0.189062 0.634722 0.187500 0.633333 0.188281 0.623611 0.190625 0.625000 0.190625 0.594444 0.189062 0.615278 0.190625 0.625000 0.188281 0.623611 0.187500 0.622222 0.188281 0.609722 0.187500 0.602778 0.187500 0.600000 0.189062 0.581944 0.189062 0.577778 0.189062 0.562500 0.187500 0.561111 0.188281 0.540278 0.186719 0.536111 0.186719 0.533333 0.188281 0.531944 0.188281 0.525000 0.189844 0.522222 0.189844 0.518056 0.187500 0.506944 0.186719 0.441667 0.186719 0.433333 0.186719 0.429167 0.185156 0.431944 0.183594 0.429167 0.183594 0.420833 0.185156 0.419444 0.185938 0.415278 0.182812 0.416667 0.182812 0.411111 0.185156 0.409722 0.184375 0.408333 0.185938 0.405556 0.182812 0.401389 0.183594 0.395833 0.182812 0.394444 0.183594 0.387500 0.186719 0.384722 0.185938 0.383333 0.186719 0.373611 0.185156 0.363889 0.184375 0.354167 0.184375 0.348611 0.185156 0.347222 0.184375 0.340278 0.184375 0.337500 0.185938 0.329167 0.185156 0.319444 0.185156 0.312500 0.181250 0.306944 0.181250 0.302778 0.182812 0.301389 0.181250 0.298611 0.181250 0.288889 0.183594 0.280556 0.182812 0.276389 0.182031 0.272222 0.180469 0.268056 0.184375 0.258333 0.185938 0.256944 0.185938 0.251389 0.183594 0.251389 0.183594 0.245833 0.183594 0.240278 0.184375 0.241667 0.184375 0.233333 0.183594 0.223611 0.182031 0.212500 0.182031 0.209722 0.183594 0.201389 0.183594 0.195833 0.182031 0.194444 0.182812 0.191667 0.181250 0.188889 0.182031 0.183333 0.182031 0.172222 0.182031 0.168056 0.180469 0.161111 0.180469 0.158333 0.181250 0.155556 0.181250 0.152778 0.181250 0.140278 0.181250 0.134722 0.179688 0.127778 0.181250 0.118056 0.181250 0.115278 0.179688 0.113889 0.179688 0.109722 0.178906 0.106944 0.180469 0.106944 0.180469 0.100000 0.178906 0.097222 0.180469 0.088889 0.179688 0.083333 0.178125 0.083333 0.177344 0.077778 0.178125 0.072222 0.181250 0.061111 0.180469 0.066667 0.180469 0.059722 0.178125 0.058333 0.178125 0.044444 0.180469 0.044444 0.180469 0.036111 0.178125 0.034722 0.178125 0.031944 0.179688 0.033333 0.180469 0.029167 0.178906 0.026389 0.178125 0.022222 0.179688 0.020833 0.179688 0.016667 0.178125 0.013889 0.178906 0.012500 0.178906 0.009722 0.178906 0.001389 0.178125 0.004167 0.179688 0.006944 0.180469 0.000000 0.188281 0.000000
24 0.040625 0.004167 0.041406 0.000000 0.057813 0.000000 0.058594 0.001389 0.061719 0.002778 0.057813 0.004167 0.056250 0.006944 0.056250 0.018056 0.057031 0.025000 0.058594 0.030556 0.059375 0.040278 0.059375 0.052778 0.060156 0.054167 0.061719 0.055556 0.062500 0.066667 0.062500 0.087500 0.062500 0.095833 0.064062 0.102778 0.063281 0.111111 0.064062 0.122222 0.065625 0.129167 0.067969 0.127778 0.067969 0.131944 0.067187 0.133333 0.067187 0.137500 0.067969 0.138889 0.067969 0.144444 0.067969 0.140278 0.066406 0.137500 0.065625 0.130556 0.064844 0.141667 0.065625 0.150000 0.067969 0.155556 0.066406 0.162500 0.067187 0.172222 0.067969 0.165278 0.067187 0.176389 0.067187 0.190278 0.067969 0.220833 0.069531 0.223611 0.068750 0.229167 0.070312 0.233333 0.069531 0.244444 0.069531 0.247222 0.070312 0.284722 0.071875 0.295833 0.071875 0.326389 0.072656 0.343056 0.074219 0.354167 0.075781 0.348611 0.075781 0.354167 0.075000 0.355556 0.074219 0.368056 0.074219 0.372222 0.075000 0.409722 0.073438 0.411111 0.073438 0.413889 0.072656 0.419444 0.074219 0.426389 0.075000 0.429167 0.078906 0.429167 0.076563 0.426389 0.075000 0.429167 0.074219 0.426389 0.075781 0.423611 0.079687 0.423611 0.081250 0.426389 0.082812 0.434722 0.082812 0.444444 0.079687 0.447222 0.078906 0.448611 0.077344 0.454167 0.076563 0.452778 0.075781 0.481944 0.078125 0.490278 0.078125 0.506944 0.079687 0.513889 0.079687 0.538889 0.081250 0.562500 0.082031 0.594444 0.082812 0.622222 0.082812 0.643056 0.081250 0.644444 0.080469 0.644444 0.080469 0.620833 0.076563 0.616667 0.073438 0.616667 0.071875 0.619444 0.071875 0.626389 0.073438 0.630556 0.073438 0.637500 0.075781 0.641667 0.078125 0.644444 0.080469 0.644444 0.081250 0.644444 0.082031 0.652778 0.081250 0.655556 0.078906 0.656944 0.076563 0.659722 0.072656 0.661111 0.061719 0.661111 0.060156 0.659722 0.058594 0.658333 0.057031 0.654167 0.056250 0.651389 0.056250 0.633333 0.054688 0.620833 0.054688 0.611111 0.055469 0.570833 0.053906 0.531944 0.053906 0.529167 0.054688 0.522222 0.053125 0.519444 0.053125 0.495833 0.054688 0.493056 0.055469 0.487500 0.055469 0.483333 0.053906 0.481944 0.053906 0.477778 0.054688 0.476389 0.054688 0.472222 0.053125 0.470833 0.053906 0.462500 0.053906 0.459722 0.052344 0.441667 0.052344 0.438889 0.052344 0.426389 0.053125 0.419444 0.052344 0.418056 0.051562 0.412500 0.050000 0.413889 0.051562 0.412500 0.052344 0.401389 0.052344 0.376389 0.051562 0.356944 0.050781 0.375000 0.050000 0.345833 0.050000 0.333333 0.051562 0.325000 0.050781 0.298611 0.050000 0.316667 0.050000 0.297222 0.050781 0.295833 0.050781 0.275000 0.050000 0.266667 0.048438 0.265278 0.049219 0.251389 0.047656 0.250000 0.046875 0.234722 0.046875 0.225000 0.048438 0.219444 0.049219 0.212500 0.048438 0.202778 0.047656 0.208333 0.046875 0.179167 0.047656 0.166667 0.047656 0.162500 0.046094 0.162500 0.046875 0.148611 0.045312 0.140278 0.044531 0.120833 0.045312 0.113889 0.043750 0.097222 0.042969 0.076389 0.042969 0.068056 0.043750 0.051389 0.042188 0.034722 0.041406 0.040278 0.042188 0.027778 0.042188 0.022222 0.042188 0.012500 0.039844 0.009722 0.039844 0.000000 0.040625 0.004167
25 0.162500 0.613889 0.160938 0.615278 0.159375 0.618056 0.157812 0.620833 0.157812 0.622222 0.156250 0.625000 0.157812 0.623611 0.158594 0.622222 0.160938 0.622222 0.161719 0.620833 0.163281 0.620833 0.164062 0.622222 0.166406 0.622222 0.167969 0.623611 0.169531 0.625000 0.171875 0.627778 0.174219 0.631944 0.177344 0.636111 0.183594 0.634722 0.188281 0.634722 0.189062 0.631944 0.187500 0.630556 0.185938 0.629167 0.184375 0.629167 0.182031 0.626389 0.178906 0.631944 0.177344 0.633333 0.175000 0.631944 0.174219 0.629167 0.174219 0.626389 0.171875 0.623611 0.167969 0.622222 0.165625 0.618056 0.164844 0.613889 0.162500 0.613889
25 0.190625 0.595833 0.189844 0.615278 0.190625 0.623611 0.190625 0.595833
25 0.211719 0.584722 0.214844 0.588889 0.217969 0.593056 0.218750 0.595833 0.217969 0.600000 0.216406 0.597222 0.212500 0.598611 0.211719 0.602778 0.217188 0.602778 0.217969 0.600000 0.218750 0.595833 0.220312 0.595833 0.221875 0.600000 0.222656 0.602778 0.223438 0.605556 0.223438 0.608333 0.225000 0.612500 0.224219 0.613889 0.222656 0.611111 0.221094 0.613889 0.221094 0.618056 0.218750 0.619444 0.221875 0.620833 0.225781 0.618056 0.226562 0.616667 0.228125 0.615278 0.224219 0.613889 0.225000 0.612500 0.231250 0.612500 0.231250 0.615278 0.232813 0.613889 0.230469 0.619444 0.223438 0.619444 0.219531 0.625000 0.214844 0.625000 0.213281 0.623611 0.214844 0.622222 0.212500 0.620833 0.211719 0.616667 0.210938 0.615278 0.207031 0.616667 0.207813 0.598611 0.207031 0.586111 0.211719 0.584722
25 0.995313 0.545833 0.996875 0.550000 0.999219 0.550000 0.999219 0.547222 0.995313 0.545833
25 0.997656 0.456944 0.999219 0.458333 0.999219 0.520833 0.996094 0.520833 0.994531 0.522222 0.991406 0.527778 0.989844 0.526389 0.989844 0.522222 0.988281 0.519444 0.987500 0.511111 0.986719 0.509722 0.989062 0.508333 0.986719 0.504167 0.986719 0.504167 0.987500 0.500000 0.985156 0.498611 0.984375 0.502778 0.986719 0.504167 0.986719 0.504167 0.984375 0.506944 0.985938 0.508333 0.986719 0.509722 0.987500 0.511111 0.986719 0.520833 0.985156 0.522222 0.985938 0.525000 0.984375 0.525000 0.983594 0.523611 0.981250 0.523611 0.978125 0.520833 0.975000 0.520833 0.973437 0.522222 0.968750 0.515278 0.970313 0.512500 0.969531 0.508333 0.967969 0.505556 0.966406 0.505556 0.965625 0.512500 0.967187 0.515278 0.968750 0.515278 0.973437 0.522222 0.971875 0.525000 0.971094 0.527778 0.971094 0.533333 0.972656 0.537500 0.968750 0.538889 0.967969 0.540278 0.966406 0.541667 0.969531 0.544444 0.973437 0.541667 0.976562 0.541667 0.984375 0.543056 0.981250 0.543056 0.979688 0.545833 0.977344 0.545833 0.975000 0.543056 0.971875 0.545833 0.965625 0.545833 0.964844 0.547222 0.963281 0.548611 0.964844 0.550000 0.965625 0.551389 0.967969 0.551389 0.974219 0.551389 0.977344 0.551389 0.978906 0.551389 0.972656 0.550000 0.967969 0.552778 0.960938 0.551389 0.960938 0.550000 0.959375 0.547222 0.957812 0.547222 0.957031 0.547222 0.957031 0.541667 0.955469 0.544444 0.957031 0.547222 0.957812 0.547222 0.957031 0.550000 0.954688 0.547222 0.953906 0.544444 0.953125 0.538889 0.950000 0.537500 0.947656 0.536111 0.926562 0.537500 0.922656 0.537500 0.922656 0.533333 0.924219 0.530556 0.922656 0.523611 0.921875 0.520833 0.923438 0.519444 0.922656 0.516667 0.921875 0.516667 0.920312 0.511111 0.924219 0.505556 0.924219 0.500000 0.922656 0.494444 0.924219 0.494444 0.926562 0.497222 0.928906 0.494444 0.933594 0.501389 0.935156 0.501389 0.937500 0.498611 0.939063 0.501389 0.940625 0.501389 0.944531 0.498611 0.946094 0.495833 0.947656 0.493056 0.948438 0.491667 0.949219 0.487500 0.950000 0.484722 0.953125 0.484722 0.954688 0.477778 0.953906 0.475000 0.953906 0.472222 0.953906 0.475000 0.954688 0.477778 0.957812 0.480556 0.960938 0.479167 0.961719 0.476389 0.961719 0.468056 0.963281 0.472222 0.964844 0.469444 0.967187 0.469444 0.970313 0.463889 0.971875 0.466667 0.973437 0.466667 0.974219 0.463889 0.975781 0.466667 0.976562 0.459722 0.978125 0.462500 0.983594 0.463889 0.985156 0.465278 0.985938 0.469444 0.988281 0.468056 0.990625 0.469444 0.992188 0.472222 0.994531 0.472222 0.996094 0.469444 0.995313 0.461111 0.996094 0.458333 0.997656 0.456944
25 0.311719 0.433333 0.312500 0.436111 0.314063 0.440278 0.310937 0.441667 0.306250 0.441667 0.304688 0.443056 0.303125 0.444444 0.310937 0.444444 0.316406 0.441667 0.321875 0.440278 0.334375 0.440278 0.336719 0.437500 0.338281 0.437500 0.336719 0.437500 0.335938 0.436111 0.332031 0.434722 0.325781 0.436111 0.323437 0.433333 0.320312 0.433333 0.318750 0.436111 0.315625 0.436111 0.313281 0.434722 0.311719 0.433333
25 0.340625 0.405556 0.342187 0.408333 0.342187 0.413889 0.339844 0.418056 0.338281 0.418056 0.336719 0.419444 0.333594 0.423611 0.333594 0.427778 0.335156 0.431944 0.337500 0.431944 0.340625 0.429167 0.350000 0.426389 0.351562 0.425000 0.350781 0.420833 0.351562 0.418056 0.349219 0.413889 0.346875 0.413889 0.345313 0.411111 0.345313 0.405556 0.340625 0.405556
25 0.320312 0.404167 0.314063 0.405556 0.312500 0.408333 0.310937 0.412500 0.310156 0.413889 0.307031 0.418056 0.303906 0.418056 0.301563 0.420833 0.298438 0.419444 0.295312 0.422222 0.289062 0.422222 0.285156 0.422222 0.278125 0.419444 0.278125 0.416667 0.278906 0.415278 0.278906 0.411111 0.278906 0.413889 0.278125 0.415278 0.278125 0.419444 0.278906 0.422222 0.280469 0.426389 0.283594 0.430556 0.290625 0.430556 0.295312 0.429167 0.300781 0.425000 0.305469 0.425000 0.307812 0.420833 0.310156 0.420833 0.313281 0.418056 0.314844 0.415278 0.316406 0.409722 0.318750 0.405556 0.320312 0.404167
25 0.332813 0.400000 0.334375 0.401389 0.335938 0.401389 0.334375 0.400000 0.332813 0.400000
25 0.664062 0.387500 0.667188 0.388889 0.667188 0.391667 0.667969 0.387500 0.664062 0.387500
25 0.699219 0.377778 0.698438 0.380556 0.699219 0.383333 0.692969 0.386111 0.687500 0.386111 0.685156 0.384722 0.683594 0.383333 0.680469 0.384722 0.677344 0.388889 0.675000 0.387500 0.675781 0.384722 0.674219 0.388889 0.671875 0.390278 0.673438 0.388889 0.675781 0.390278 0.674219 0.393056 0.672656 0.394444 0.670312 0.395833 0.667969 0.395833 0.659375 0.394444 0.657813 0.395833 0.659375 0.397222 0.654687 0.398611 0.652344 0.401389 0.650781 0.398611 0.652344 0.395833 0.650781 0.397222 0.649219 0.397222 0.646875 0.401389 0.642969 0.402778 0.642969 0.404167 0.640625 0.405556 0.642969 0.404167 0.648438 0.404167 0.649219 0.406944 0.645312 0.412500 0.642969 0.419444 0.642188 0.413889 0.640625 0.408333 0.638281 0.406944 0.635938 0.406944 0.635938 0.409722 0.638281 0.408333 0.641406 0.412500 0.639062 0.416667 0.635156 0.416667 0.635156 0.420833 0.635938 0.433333 0.636719 0.437500 0.637500 0.440278 0.641406 0.448611 0.642969 0.447222 0.642188 0.444444 0.639844 0.440278 0.641406 0.436111 0.640625 0.427778 0.640625 0.422222 0.642188 0.419444 0.642969 0.433333 0.646875 0.440278 0.649219 0.443056 0.651563 0.443056 0.653906 0.445833 0.656250 0.447222 0.659375 0.448611 0.667188 0.450000 0.669531 0.452778 0.671875 0.454167 0.672656 0.456944 0.673438 0.461111 0.675000 0.462500 0.677344 0.462500 0.685937 0.461111 0.689844 0.459722 0.694531 0.456944 0.695312 0.454167 0.697656 0.454167 0.698438 0.450000 0.699219 0.454167 0.700000 0.455556 0.700781 0.458333 0.700000 0.455556 0.701562 0.454167 0.701562 0.450000 0.703125 0.447222 0.705469 0.447222 0.705469 0.430556 0.700781 0.438889 0.700000 0.441667 0.699219 0.451389 0.698438 0.438889 0.698438 0.436111 0.700000 0.433333 0.700000 0.431944 0.700781 0.430556 0.701562 0.430556 0.703125 0.427778 0.703906 0.425000 0.704688 0.420833 0.704688 0.418056 0.704688 0.402778 0.704688 0.397222 0.703906 0.387500 0.703125 0.384722 0.698438 0.381944 0.699219 0.377778
25 0.728906 0.373611 0.730469 0.376389 0.731250 0.373611 0.734375 0.375000 0.732812 0.376389 0.735938 0.379167 0.736719 0.377778 0.738281 0.379167 0.739062 0.383333 0.738281 0.386111 0.741406 0.388889 0.742969 0.388889 0.738281 0.390278 0.735938 0.391667 0.732031 0.397222 0.729688 0.398611 0.728125 0.400000 0.727344 0.404167 0.727344 0.412500 0.730469 0.418056 0.729688 0.419444 0.728125 0.416667 0.727344 0.419444 0.727344 0.420833 0.726562 0.418056 0.726562 0.411111 0.725000 0.412500 0.724219 0.416667 0.725000 0.423611 0.727344 0.420833 0.727344 0.419444 0.729688 0.419444 0.730469 0.418056 0.731250 0.423611 0.732031 0.426389 0.732812 0.429167 0.733594 0.430556 0.735156 0.431944 0.737500 0.433333 0.739844 0.438889 0.743750 0.444444 0.747656 0.443056 0.748437 0.444444 0.750000 0.445833 0.749219 0.448611 0.751563 0.447222 0.753125 0.448611 0.753125 0.450000 0.755469 0.452778 0.753125 0.450000 0.751563 0.448611 0.750781 0.452778 0.749219 0.454167 0.749219 0.451389 0.747656 0.450000 0.746094 0.450000 0.744531 0.448611 0.742969 0.444444 0.739844 0.443056 0.731250 0.440278 0.729688 0.443056 0.730469 0.450000 0.737500 0.447222 0.739844 0.447222 0.740625 0.448611 0.742969 0.448611 0.743750 0.452778 0.746094 0.456944 0.749219 0.456944 0.750000 0.459722 0.753125 0.459722 0.752344 0.463889 0.750000 0.468056 0.750000 0.470833 0.747656 0.475000 0.748437 0.477778 0.750781 0.479167 0.753125 0.483333 0.753906 0.486111 0.751563 0.484722 0.750000 0.483333 0.748437 0.480556 0.745313 0.479167 0.747656 0.475000 0.746875 0.472222 0.746094 0.473611 0.743750 0.472222 0.741406 0.476389 0.741406 0.481944 0.733594 0.483333 0.732031 0.480556 0.729688 0.480556 0.728906 0.479167 0.727344 0.479167 0.725000 0.480556 0.724219 0.483333 0.721875 0.479167 0.723437 0.477778 0.721094 0.472222 0.718750 0.475000 0.720313 0.470833 0.721875 0.470833 0.722656 0.469444 0.727344 0.468056 0.728125 0.461111 0.731250 0.461111 0.728906 0.456944 0.728125 0.456944 0.725781 0.454167 0.727344 0.452778 0.725000 0.450000 0.723437 0.450000 0.721875 0.454167 0.724219 0.458333 0.728125 0.456944 0.728906 0.456944 0.728125 0.461111 0.727344 0.468056 0.721094 0.465278 0.719531 0.466667 0.717969 0.468056 0.717969 0.459722 0.720313 0.459722 0.722656 0.458333 0.722656 0.458333 0.721094 0.462500 0.723437 0.463889 0.722656 0.458333 0.722656 0.458333 0.721094 0.455556 0.721094 0.451389 0.721875 0.450000 0.721875 0.447222 0.718750 0.441667 0.711719 0.431944 0.712500 0.426389 0.712500 0.426389 0.711719 0.430556 0.713281 0.433333 0.714844 0.433333 0.721094 0.443056 0.721875 0.444444 0.721875 0.445833 0.724219 0.447222 0.725781 0.441667 0.728125 0.440278 0.728125 0.429167 0.725000 0.425000 0.723437 0.422222 0.717187 0.423611 0.715625 0.426389 0.714063 0.427778 0.712500 0.426389 0.712500 0.426389 0.710938 0.420833 0.710156 0.420833 0.708594 0.409722 0.708594 0.393056 0.710156 0.391667 0.710938 0.384722 0.710938 0.377778 0.714844 0.377778 0.718750 0.377778 0.721094 0.375000 0.725000 0.376389 0.725781 0.373611 0.728906 0.373611
25 0.785156 0.369444 0.784375 0.372222 0.783594 0.377778 0.781250 0.376389 0.777344 0.380556 0.772656 0.381944 0.772656 0.383333 0.771094 0.387500 0.779687 0.386111 0.781250 0.384722 0.781250 0.381944 0.782813 0.377778 0.787500 0.379167 0.789062 0.377778 0.789062 0.373611 0.787500 0.369444 0.785156 0.369444
25 0.943750 0.344444 0.939844 0.345833 0.938281 0.348611 0.935937 0.347222 0.932031 0.350000 0.921875 0.354167 0.915625 0.354167 0.913281 0.351389 0.908594 0.351389 0.902344 0.352778 0.898438 0.355556 0.894531 0.355556 0.891406 0.356944 0.887500 0.359722 0.883594 0.363889 0.881250 0.363889 0.879687 0.368056 0.876563 0.366667 0.875000 0.370833 0.874219 0.377778 0.875781 0.380556 0.877344 0.380556 0.887500 0.379167 0.889844 0.377778 0.891406 0.375000 0.892188 0.370833 0.893750 0.369444 0.897656 0.369444 0.900000 0.372222 0.911719 0.370833 0.913281 0.370833 0.914844 0.372222 0.915625 0.376389 0.922656 0.376389 0.924219 0.376389 0.928906 0.375000 0.932813 0.372222 0.939063 0.373611 0.941406 0.372222 0.945312 0.375000 0.958594 0.373611 0.962500 0.370833 0.967187 0.370833 0.967969 0.366667 0.971875 0.368056 0.973437 0.369444 0.975000 0.372222 0.976562 0.372222 0.977344 0.370833 0.980469 0.369444 0.982812 0.369444 0.988281 0.373611 0.989844 0.375000 0.991406 0.377778 0.992188 0.383333 0.993750 0.386111 0.999219 0.386111 0.999219 0.354167 0.997656 0.354167 0.989062 0.347222 0.985938 0.345833 0.976562 0.345833 0.972656 0.348611 0.967969 0.350000 0.966406 0.348611 0.962500 0.351389 0.954688 0.347222 0.953125 0.348611 0.950000 0.344444 0.948438 0.344444 0.947656 0.345833 0.946094 0.345833 0.945312 0.344444 0.943750 0.344444
25 0.986719 0.197222 0.986719 0.201389 0.987500 0.202778 0.986719 0.208333 0.989062 0.202778 0.988281 0.200000 0.986719 0.197222
25 0.903125 0.000000 0.903125 0.011111 0.903906 0.013889 0.906250 0.018056 0.907031 0.018056 0.909375 0.022222 0.910156 0.026389 0.910156 0.031944 0.912500 0.040278 0.912500 0.044444 0.914062 0.051389 0.916406 0.052778 0.919531 0.052778 0.921094 0.054167 0.922656 0.055556 0.925000 0.059722 0.926562 0.066667 0.926562 0.070833 0.927344 0.073611 0.931250 0.081944 0.933594 0.086111 0.935937 0.086111 0.938281 0.081944 0.939844 0.080556 0.942187 0.081944 0.936719 0.088889 0.939063 0.088889 0.940625 0.087500 0.942187 0.084722 0.946094 0.083333 0.947656 0.083333 0.948438 0.084722 0.950781 0.084722 0.953125 0.083333 0.942969 0.080556 0.946875 0.076389 0.953125 0.079167 0.960156 0.079167 0.962500 0.080556 0.964063 0.083333 0.964844 0.086111 0.964063 0.087500 0.964844 0.091667 0.960938 0.104167 0.960156 0.108333 0.960156 0.122222 0.962500 0.133333 0.962500 0.141667 0.964063 0.145833 0.964063 0.148611 0.961719 0.152778 0.957812 0.152778 0.954688 0.155556 0.954688 0.158333 0.956250 0.161111 0.957812 0.162500 0.959375 0.162500 0.961719 0.166667 0.962500 0.169444 0.962500 0.177778 0.964063 0.187500 0.962500 0.190278 0.965625 0.190278 0.967187 0.193056 0.970313 0.200000 0.973437 0.204167 0.975000 0.204167 0.975781 0.206944 0.978125 0.206944 0.983594 0.204167 0.983594 0.200000 0.982812 0.198611 0.982812 0.195833 0.983594 0.188889 0.984375 0.186111 0.985156 0.183333 0.988281 0.180556 0.990625 0.180556 0.992969 0.177778 0.996094 0.177778 0.996875 0.176389 0.999219 0.176389 0.999219 0.000000 0.903125 0.000000
25 0.261719 0.000000 0.261719 0.004167 0.262500 0.006944 0.263281 0.009722 0.265625 0.015278 0.267188 0.018056 0.270313 0.012500 0.268750 0.011111 0.267969 0.009722 0.266406 0.009722 0.265625 0.000000 0.283594 0.000000 0.283594 0.002778 0.280469 0.002778 0.276562 0.005556 0.274219 0.006944 0.272656 0.011111 0.271094 0.012500 0.274219 0.013889 0.279687 0.009722 0.283594 0.009722 0.286719 0.006944 0.287500 0.012500 0.289844 0.011111 0.288281 0.012500 0.289844 0.015278 0.291406 0.015278 0.289844 0.023611 0.290625 0.031944 0.291406 0.027778 0.292187 0.030556 0.296875 0.038889 0.296875 0.040278 0.296094 0.037500 0.294531 0.034722 0.292969 0.036111 0.294531 0.040278 0.295312 0.052778 0.296094 0.050000 0.296875 0.048611 0.296875 0.040278 0.296875 0.038889 0.297656 0.043056 0.297656 0.047222 0.298438 0.051389 0.300781 0.055556 0.300781 0.058333 0.303125 0.062500 0.303906 0.065278 0.301563 0.061111 0.300000 0.059722 0.298438 0.061111 0.301563 0.066667 0.302344 0.070833 0.303125 0.079167 0.304688 0.076389 0.305469 0.072222 0.305469 0.079167 0.307812 0.079167 0.309375 0.084722 0.311719 0.087500 0.308594 0.088889 0.311719 0.091667 0.310156 0.093056 0.311719 0.112500 0.310937 0.120833 0.313281 0.119444 0.312500 0.123611 0.311719 0.129167 0.314844 0.136111 0.315625 0.138889 0.315625 0.141667 0.317188 0.145833 0.320312 0.151389 0.321875 0.152778 0.323437 0.152778 0.325781 0.155556 0.318750 0.158333 0.324219 0.159722 0.324219 0.162500 0.325000 0.163889 0.325000 0.170833 0.324219 0.175000 0.320312 0.181944 0.319531 0.184722 0.321875 0.186111 0.322656 0.181944 0.324219 0.179167 0.325781 0.177778 0.322656 0.183333 0.323437 0.190278 0.322656 0.193056 0.320312 0.193056 0.319531 0.198611 0.320312 0.206944 0.319531 0.211111 0.317188 0.215278 0.314844 0.215278 0.312500 0.219444 0.318750 0.219444 0.317969 0.223611 0.314063 0.231944 0.314844 0.233333 0.314063 0.236111 0.316406 0.241667 0.317188 0.245833 0.317969 0.245833 0.320312 0.248611 0.323437 0.250000 0.321875 0.251389 0.325781 0.252778 0.327344 0.255556 0.327344 0.256944 0.328125 0.258333 0.333594 0.266667 0.331250 0.258333 0.335938 0.266667 0.335938 0.270833 0.335156 0.268056 0.334375 0.265278 0.333594 0.270833 0.334375 0.275000 0.338281 0.283333 0.340625 0.287500 0.342187 0.287500 0.341406 0.294444 0.338281 0.294444 0.331250 0.300000 0.328906 0.304167 0.332813 0.302778 0.335156 0.301389 0.338281 0.300000 0.341406 0.298611 0.341406 0.301389 0.338281 0.302778 0.335156 0.305556 0.333594 0.306944 0.333594 0.316667 0.331250 0.320833 0.332031 0.327778 0.331250 0.330556 0.330469 0.333333 0.330469 0.329167 0.329688 0.327778 0.330469 0.315278 0.328906 0.304167 0.328125 0.306944 0.327344 0.308333 0.327344 0.316667 0.327344 0.319444 0.325000 0.319444 0.323437 0.322222 0.324219 0.329167 0.322656 0.327778 0.321875 0.331944 0.320312 0.338889 0.322656 0.340278 0.321875 0.347222 0.321094 0.354167 0.323437 0.356944 0.320312 0.358333 0.318750 0.361111 0.319531 0.362500 0.315625 0.363889 0.316406 0.361111 0.298438 0.361111 0.300000 0.363889 0.303125 0.363889 0.307812 0.366667 0.314063 0.365278 0.313281 0.368056 0.316406 0.372222 0.317969 0.373611 0.319531 0.373611 0.317969 0.373611 0.317188 0.372222 0.314063 0.370833 0.310156 0.370833 0.306250 0.368056 0.304688 0.368056 0.300781 0.369444 0.302344 0.368056 0.300781 0.365278 0.296094 0.362500 0.293750 0.362500 0.292969 0.361111 0.290625 0.362500 0.292187 0.363889 0.287500 0.363889 0.283594 0.365278 0.285938 0.370833 0.292187 0.372222 0.305469 0.372222 0.314844 0.376389 0.322656 0.377778 0.324219 0.377778 0.328906 0.376389 0.332813 0.369444 0.333594 0.366667 0.333594 0.363889 0.332813 0.361111 0.331250 0.358333 0.329688 0.351389 0.334375 0.358333 0.336719 0.361111 0.338281 0.361111 0.339844 0.362500 0.342969 0.366667 0.341406 0.369444 0.342969 0.373611 0.342969 0.380556 0.347656 0.387500 0.343750 0.390278 0.343750 0.394444 0.345313 0.395833 0.342187 0.394444 0.341406 0.391667 0.338281 0.390278 0.328125 0.390278 0.325781 0.387500 0.320312 0.386111 0.319531 0.383333 0.317969 0.381944 0.315625 0.380556 0.311719 0.379167 0.303906 0.380556 0.303906 0.381944 0.298438 0.383333 0.294531 0.380556 0.293750 0.384722 0.288281 0.384722 0.285156 0.388889 0.281250 0.388889 0.282031 0.384722 0.284375 0.380556 0.285156 0.376389 0.286719 0.375000 0.288281 0.375000 0.289062 0.373611 0.290625 0.372222 0.278906 0.372222 0.281250 0.375000 0.279687 0.376389 0.279687 0.377778 0.278906 0.380556 0.278906 0.377778 0.277344 0.383333 0.275781 0.387500 0.275781 0.388889 0.273438 0.390278 0.272656 0.398611 0.271094 0.406944 0.271094 0.409722 0.271094 0.413889 0.274219 0.412500 0.274219 0.415278 0.272656 0.418056 0.271875 0.420833 0.271875 0.423611 0.273438 0.426389 0.275000 0.427778 0.277344 0.427778 0.275781 0.427778 0.274219 0.430556 0.275781 0.431944 0.272656 0.433333 0.274219 0.436111 0.282031 0.434722 0.282813 0.433333 0.284375 0.433333 0.281250 0.434722 0.280469 0.436111 0.277344 0.436111 0.278906 0.440278 0.279687 0.438889 0.282031 0.438889 0.280469 0.440278 0.276562 0.440278 0.274219 0.443056 0.270313 0.444444 0.264844 0.444444 0.260156 0.445833 0.257812 0.448611 0.259375 0.452778 0.261719 0.454167 0.260156 0.454167 0.256250 0.448611 0.253906 0.448611 0.252344 0.451389 0.250000 0.451389 0.237500 0.451389 0.235937 0.450000 0.235156 0.455556 0.233594 0.455556 0.232813 0.454167 0.231250 0.454167 0.228906 0.455556 0.229687 0.459722 0.229687 0.462500 0.228125 0.463889 0.226562 0.463889 0.225781 0.462500 0.223438 0.462500 0.220312 0.465278 0.221094 0.468056 0.219531 0.466667 0.217969 0.469444 0.218750 0.473611 0.217969 0.479167 0.215625 0.483333 0.215625 0.488889 0.216406 0.493056 0.217969 0.495833 0.216406 0.500000 0.216406 0.505556 0.218750 0.509722 0.220312 0.506944 0.221875 0.513889 0.218750 0.513889 0.217188 0.516667 0.216406 0.525000 0.215625 0.525000 0.214844 0.533333 0.214062 0.534722 0.212500 0.536111 0.214062 0.543056 0.214062 0.544444 0.216406 0.547222 0.216406 0.561111 0.214844 0.563889 0.213281 0.561111 0.211719 0.561111 0.209375 0.565278 0.211719 0.566667 0.211719 0.572222 0.210938 0.576389 0.209375 0.575000 0.208594 0.581944 0.208594 0.577778 0.207813 0.576389 0.207031 0.568056 0.207031 0.563889 0.207813 0.562500 0.207813 0.558333 0.207031 0.556944 0.207813 0.552778 0.206250 0.551389 0.205469 0.544444 0.206250 0.538889 0.205469 0.526389 0.207031 0.523611 0.205469 0.520833 0.205469 0.516667 0.206250 0.513889 0.208594 0.511111 0.209375 0.511111 0.210156 0.502778 0.214062 0.495833 0.214062 0.491667 0.214844 0.486111 0.213281 0.477778 0.212500 0.465278 0.211719 0.437500 0.210156 0.459722 0.210156 0.488889 0.209375 0.494444 0.207813 0.498611 0.207813 0.502778 0.207031 0.504167 0.207031 0.506944 0.207031 0.500000 0.206250 0.493056 0.205469 0.491667 0.205469 0.487500 0.205469 0.476389 0.205469 0.470833 0.206250 0.445833 0.207031 0.438889 0.207813 0.434722 0.208594 0.431944 0.210938 0.437500 0.211719 0.433333 0.211719 0.423611 0.210156 0.416667 0.207031 0.409722 0.205469 0.411111 0.204687 0.404167 0.205469 0.400000 0.203906 0.393056 0.203125 0.379167 0.203125 0.370833 0.203906 0.356944 0.202344 0.350000 0.202344 0.333333 0.200781 0.329167 0.201563 0.309722 0.201563 0.293056 0.200781 0.287500 0.201563 0.284722 0.201563 0.288889 0.202344 0.290278 0.202344 0.302778 0.205469 0.305556 0.206250 0.300000 0.205469 0.265278 0.203906 0.250000 0.202344 0.252778 0.202344 0.263889 0.201563 0.238889 0.200000 0.233333 0.200000 0.227778 0.199219 0.222222 0.196875 0.213889 0.196875 0.208333 0.197656 0.206944 0.197656 0.202778 0.196875 0.169444 0.195312 0.162500 0.194531 0.151389 0.194531 0.148611 0.195312 0.140278 0.194531 0.134722 0.193750 0.133333 0.193750 0.130556 0.195312 0.130556 0.196094 0.127778 0.194531 0.120833 0.193750 0.113889 0.192969 0.116667 0.192969 0.109722 0.193750 0.113889 0.194531 0.105556 0.193750 0.104167 0.193750 0.097222 0.194531 0.095833 0.194531 0.087500 0.192969 0.083333 0.192969 0.079167 0.193750 0.055556 0.192188 0.051389 0.191406 0.045833 0.191406 0.034722 0.189844 0.031944 0.190625 0.020833 0.190625 0.012500 0.189062 0.000000 0.261719 0.000000
25 0.179688 0.000000 0.179688 0.005556 0.179688 0.001389 0.178125 0.009722 0.178125 0.012500 0.177344 0.013889 0.177344 0.016667 0.178906 0.016667 0.178906 0.020833 0.177344 0.022222 0.178125 0.025000 0.179688 0.026389 0.179688 0.029167 0.179688 0.031944 0.178125 0.030556 0.178125 0.036111 0.180469 0.037500 0.180469 0.043056 0.178125 0.043056 0.177344 0.058333 0.179688 0.059722 0.180469 0.068056 0.181250 0.062500 0.181250 0.070833 0.177344 0.072222 0.176563 0.077778 0.177344 0.083333 0.179688 0.084722 0.180469 0.087500 0.178906 0.086111 0.178125 0.097222 0.179688 0.100000 0.179688 0.106944 0.178125 0.106944 0.178906 0.109722 0.178906 0.113889 0.180469 0.115278 0.180469 0.118056 0.178906 0.126389 0.180469 0.134722 0.180469 0.140278 0.180469 0.152778 0.180469 0.155556 0.179688 0.158333 0.179688 0.161111 0.181250 0.168056 0.181250 0.172222 0.181250 0.181944 0.180469 0.188889 0.182031 0.191667 0.181250 0.194444 0.182812 0.195833 0.182812 0.201389 0.181250 0.209722 0.181250 0.212500 0.182812 0.223611 0.182031 0.233333 0.184375 0.234722 0.184375 0.240278 0.182031 0.241667 0.182812 0.245833 0.182031 0.250000 0.185156 0.251389 0.185156 0.256944 0.183594 0.258333 0.183594 0.265278 0.179688 0.266667 0.181250 0.272222 0.181250 0.276389 0.182812 0.277778 0.182812 0.280556 0.180469 0.288889 0.180469 0.298611 0.182031 0.301389 0.180469 0.305556 0.181250 0.308333 0.184375 0.312500 0.184375 0.319444 0.185938 0.326389 0.185156 0.329167 0.184375 0.329167 0.184375 0.327778 0.182031 0.322222 0.179688 0.323611 0.178906 0.329167 0.181250 0.333333 0.182812 0.331944 0.183594 0.330556 0.184375 0.329167 0.185156 0.329167 0.183594 0.337500 0.183594 0.340278 0.184375 0.347222 0.183594 0.348611 0.183594 0.354167 0.184375 0.363889 0.185938 0.373611 0.185938 0.381944 0.185938 0.384722 0.183594 0.386111 0.182031 0.388889 0.182031 0.394444 0.182812 0.395833 0.182031 0.401389 0.183594 0.402778 0.185156 0.405556 0.184375 0.409722 0.182812 0.409722 0.182812 0.418056 0.185156 0.415278 0.186719 0.412500 0.184375 0.416667 0.184375 0.419444 0.182812 0.420833 0.182812 0.429167 0.185156 0.433333 0.186719 0.430556 0.185938 0.441667 0.186719 0.506944 0.189062 0.518056 0.189062 0.522222 0.187500 0.525000 0.186719 0.531944 0.185938 0.536111 0.187500 0.540278 0.186719 0.559722 0.188281 0.562500 0.188281 0.577778 0.188281 0.581944 0.186719 0.600000 0.186719 0.602778 0.187500 0.609722 0.186719 0.619444 0.178906 0.620833 0.178906 0.618056 0.176563 0.618056 0.175000 0.618056 0.175781 0.613889 0.172656 0.609722 0.169531 0.612500 0.165625 0.606944 0.162500 0.608333 0.158594 0.611111 0.155469 0.611111 0.155469 0.613889 0.155469 0.611111 0.153125 0.609722 0.150000 0.613889 0.146094 0.611111 0.144531 0.613889 0.140625 0.613889 0.142187 0.611111 0.143750 0.609722 0.143750 0.606944 0.142187 0.602778 0.141406 0.605556 0.142187 0.611111 0.140625 0.613889 0.135937 0.609722 0.134375 0.608333 0.137500 0.602778 0.135937 0.597222 0.135937 0.591667 0.128125 0.576389 0.125781 0.572222 0.124219 0.572222 0.119531 0.573611 0.110156 0.556944 0.109375 0.554167 0.108594 0.548611 0.108594 0.543056 0.110156 0.540278 0.105469 0.531944 0.100781 0.513889 0.100000 0.509722 0.100000 0.494444 0.103906 0.487500 0.100000 0.476389 0.098437 0.468056 0.096875 0.465278 0.092188 0.463889 0.087500 0.463889 0.084375 0.465278 0.082031 0.468056 0.080469 0.468056 0.078125 0.466667 0.079687 0.459722 0.081250 0.461111 0.083594 0.465278 0.084375 0.462500 0.085156 0.461111 0.085938 0.454167 0.085938 0.438889 0.083594 0.436111 0.082812 0.433333 0.082812 0.427778 0.081250 0.425000 0.080469 0.423611 0.075000 0.423611 0.075781 0.426389 0.078125 0.429167 0.075781 0.429167 0.075000 0.426389 0.074219 0.423611 0.073438 0.420833 0.075000 0.416667 0.074219 0.411111 0.075781 0.409722 0.075000 0.372222 0.075000 0.368056 0.076563 0.354167 0.075781 0.347222 0.074219 0.350000 0.074219 0.352778 0.074219 0.344444 0.073438 0.343056 0.072656 0.326389 0.072656 0.295833 0.071094 0.284722 0.070312 0.247222 0.070312 0.244444 0.070312 0.237500 0.069531 0.230556 0.070312 0.223611 0.068750 0.220833 0.067969 0.190278 0.067969 0.176389 0.067969 0.163889 0.067187 0.170833 0.067187 0.162500 0.066406 0.161111 0.066406 0.158333 0.067187 0.162500 0.068750 0.155556 0.066406 0.150000 0.065625 0.141667 0.065625 0.131944 0.065625 0.137500 0.067187 0.140278 0.067969 0.145833 0.068750 0.138889 0.067969 0.137500 0.067969 0.133333 0.068750 0.131944 0.068750 0.127778 0.065625 0.127778 0.065625 0.123611 0.064844 0.122222 0.064062 0.111111 0.064844 0.104167 0.063281 0.095833 0.063281 0.087500 0.063281 0.066667 0.062500 0.059722 0.060156 0.052778 0.060156 0.040278 0.059375 0.030556 0.057813 0.025000 0.057031 0.018056 0.057031 0.006944 0.060156 0.005556 0.060937 0.004167 0.062500 0.002778 0.060937 0.000000 0.058594 0.000000 0.179688 0.000000
25 0.000000 0.000000 0.000000 0.272222 0.001563 0.273611 0.001563 0.276389 0.003125 0.279167 0.003125 0.283333 0.002344 0.288889 0.000000 0.293056 0.000000 0.319444 0.003125 0.325000 0.002344 0.327778 0.000000 0.329167 0.000000 0.486111 0.006250 0.486111 0.009375 0.484722 0.014844 0.481944 0.017188 0.480556 0.024219 0.473611 0.027344 0.466667 0.028906 0.465278 0.032813 0.465278 0.035156 0.466667 0.037500 0.469444 0.039844 0.472222 0.050000 0.484722 0.053125 0.488889 0.053125 0.462500 0.053125 0.459722 0.051562 0.441667 0.051562 0.438889 0.051562 0.425000 0.052344 0.419444 0.051562 0.418056 0.050000 0.411111 0.051562 0.411111 0.051562 0.401389 0.050781 0.377778 0.051562 0.376389 0.051562 0.358333 0.050781 0.376389 0.049219 0.345833 0.049219 0.333333 0.050781 0.325000 0.050781 0.300000 0.050000 0.318056 0.049219 0.297222 0.050000 0.295833 0.050000 0.275000 0.049219 0.273611 0.049219 0.266667 0.047656 0.265278 0.048438 0.251389 0.046875 0.250000 0.046094 0.234722 0.046094 0.225000 0.047656 0.219444 0.048438 0.212500 0.048438 0.204167 0.047656 0.209722 0.046094 0.179167 0.046875 0.166667 0.046875 0.162500 0.046094 0.148611 0.044531 0.140278 0.043750 0.120833 0.044531 0.113889 0.042969 0.097222 0.042188 0.076389 0.042188 0.068056 0.042969 0.051389 0.042188 0.050000 0.042188 0.036111 0.041406 0.041667 0.041406 0.027778 0.041406 0.022222 0.040625 0.011111 0.039062 0.009722 0.039062 0.000000 0.000000 0.000000
27 0.464844 0.391667 0.464062 0.393056 0.458594 0.393056 0.464844 0.393056 0.465625 0.391667 0.471875 0.391667 0.464844 0.391667
27 0.521094 0.379167 0.514062 0.380556 0.509375 0.383333 0.503125 0.383333 0.498437 0.384722 0.497656 0.386111 0.495312 0.386111 0.500000 0.386111 0.500781 0.384722 0.507031 0.384722 0.514062 0.383333 0.519531 0.380556 0.527344 0.380556 0.528125 0.381944 0.531250 0.381944 0.528125 0.381944 0.525000 0.379167 0.521094 0.379167
27 0.710938 0.376389 0.714063 0.377778 0.712500 0.377778 0.710938 0.376389
27 0.861719 0.366667 0.864844 0.368056 0.867969 0.373611 0.868750 0.377778 0.870313 0.377778 0.868750 0.373611 0.868750 0.370833 0.867188 0.368056 0.865625 0.366667 0.861719 0.366667
27 0.627344 0.358333 0.626563 0.365278 0.627344 0.366667 0.626563 0.373611 0.626563 0.376389 0.627344 0.388889 0.627344 0.358333
27 0.703906 0.329167 0.704688 0.331944 0.704688 0.326389 0.703906 0.329167
27 0.645312 0.325000 0.643750 0.326389 0.641406 0.329167 0.641406 0.331944 0.642188 0.329167 0.642969 0.327778 0.645312 0.327778 0.645312 0.325000
27 0.650000 0.320833 0.648438 0.323611 0.646875 0.323611 0.648438 0.325000 0.650000 0.320833
27 0.703125 0.295833 0.703906 0.301389 0.704688 0.297222 0.703125 0.295833
27 0.902344 0.000000 0.902344 0.011111 0.903125 0.013889 0.907031 0.019444 0.908594 0.022222 0.909375 0.026389 0.909375 0.031944 0.911719 0.040278 0.911719 0.044444 0.912500 0.050000 0.914062 0.052778 0.916406 0.054167 0.919531 0.054167 0.921094 0.055556 0.922656 0.056944 0.924219 0.059722 0.925781 0.066667 0.925781 0.070833 0.926562 0.073611 0.930469 0.080556 0.930469 0.081944 0.933594 0.087500 0.935937 0.087500 0.938281 0.083333 0.939844 0.081944 0.941406 0.081944 0.935937 0.088889 0.939063 0.090278 0.940625 0.088889 0.942187 0.086111 0.946094 0.084722 0.947656 0.084722 0.948438 0.086111 0.950781 0.086111 0.953906 0.083333 0.952344 0.080556 0.943750 0.080556 0.945312 0.079167 0.946875 0.077778 0.953125 0.080556 0.960156 0.080556 0.963281 0.083333 0.964063 0.086111 0.963281 0.087500 0.964063 0.091667 0.960156 0.104167 0.959375 0.108333 0.959375 0.122222 0.961719 0.133333 0.961719 0.141667 0.963281 0.145833 0.963281 0.148611 0.961719 0.151389 0.957812 0.151389 0.955469 0.152778 0.953906 0.155556 0.953906 0.158333 0.956250 0.162500 0.957812 0.163889 0.959375 0.163889 0.960938 0.166667 0.961719 0.169444 0.961719 0.177778 0.963281 0.186111 0.961719 0.190278 0.966406 0.193056 0.970313 0.201389 0.973437 0.205556 0.975000 0.205556 0.975781 0.208333 0.978125 0.208333 0.982812 0.206944 0.984375 0.204167 0.984375 0.200000 0.985938 0.201389 0.986719 0.202778 0.987500 0.208333 0.989844 0.204167 0.989062 0.200000 0.986719 0.195833 0.985938 0.201389 0.984375 0.200000 0.983594 0.198611 0.983594 0.195833 0.984375 0.188889 0.985156 0.186111 0.985938 0.183333 0.987500 0.183333 0.988281 0.181944 0.990625 0.181944 0.992969 0.179167 0.996094 0.179167 0.996875 0.177778 0.999219 0.177778 0.999219 0.352778 0.997656 0.352778 0.995313 0.351389 0.989062 0.345833 0.985938 0.344444 0.976562 0.344444 0.972656 0.347222 0.967969 0.348611 0.966406 0.347222 0.962500 0.350000 0.961719 0.347222 0.954688 0.345833 0.953125 0.347222 0.950000 0.343056 0.948438 0.343056 0.947656 0.344444 0.946094 0.344444 0.945312 0.343056 0.943750 0.343056 0.942187 0.345833 0.939063 0.347222 0.935937 0.345833 0.932031 0.348611 0.921875 0.352778 0.915625 0.352778 0.913281 0.350000 0.908594 0.350000 0.902344 0.351389 0.898438 0.354167 0.894531 0.354167 0.891406 0.355556 0.887500 0.358333 0.884375 0.362500 0.882812 0.363889 0.881250 0.362500 0.880469 0.365278 0.874219 0.365278 0.872656 0.368056 0.870313 0.365278 0.864062 0.359722 0.860938 0.356944 0.857031 0.355556 0.853906 0.361111 0.851562 0.362500 0.842969 0.361111 0.839844 0.359722 0.838281 0.362500 0.839844 0.365278 0.840625 0.372222 0.841406 0.375000 0.842187 0.377778 0.843750 0.380556 0.845313 0.380556 0.847656 0.379167 0.850781 0.375000 0.853906 0.369444 0.856250 0.366667 0.860156 0.366667 0.857812 0.370833 0.857812 0.372222 0.856250 0.375000 0.854688 0.376389 0.849219 0.380556 0.846875 0.380556 0.846094 0.381944 0.844531 0.381944 0.842969 0.380556 0.842187 0.379167 0.842187 0.377778 0.841406 0.376389 0.840625 0.376389 0.838281 0.376389 0.838281 0.368056 0.837500 0.362500 0.832812 0.361111 0.832031 0.373611 0.830469 0.376389 0.830469 0.363889 0.828125 0.363889 0.825000 0.369444 0.822656 0.370833 0.817969 0.372222 0.814063 0.373611 0.799219 0.373611 0.795312 0.372222 0.794531 0.369444 0.792969 0.369444 0.792188 0.375000 0.791406 0.377778 0.789844 0.377778 0.789844 0.373611 0.788281 0.369444 0.789844 0.372222 0.789062 0.366667 0.787500 0.366667 0.785937 0.368056 0.787500 0.366667 0.778125 0.366667 0.778125 0.369444 0.778125 0.370833 0.775781 0.372222 0.775000 0.370833 0.773438 0.370833 0.773438 0.373611 0.771875 0.375000 0.771094 0.376389 0.769531 0.377778 0.769531 0.383333 0.768750 0.383333 0.766406 0.387500 0.770312 0.380556 0.767969 0.379167 0.767188 0.381944 0.763281 0.383333 0.755469 0.386111 0.750781 0.387500 0.746875 0.386111 0.742969 0.384722 0.740625 0.380556 0.739062 0.381944 0.740625 0.384722 0.739062 0.381944 0.739844 0.380556 0.738281 0.377778 0.737500 0.380556 0.735156 0.376389 0.733594 0.376389 0.735156 0.375000 0.733594 0.372222 0.731250 0.372222 0.730469 0.375000 0.728906 0.372222 0.726562 0.372222 0.725781 0.372222 0.725000 0.373611 0.725000 0.375000 0.723437 0.376389 0.725000 0.375000 0.721094 0.373611 0.718750 0.376389 0.715625 0.375000 0.714844 0.372222 0.714844 0.366667 0.714063 0.362500 0.712500 0.359722 0.711719 0.359722 0.710156 0.354167 0.709375 0.361111 0.709375 0.358333 0.708594 0.356944 0.708594 0.336111 0.709375 0.341667 0.710938 0.336111 0.712500 0.333333 0.712500 0.330556 0.712500 0.320833 0.710156 0.313889 0.710156 0.308333 0.710938 0.311111 0.712500 0.298611 0.710938 0.295833 0.710156 0.291667 0.711719 0.287500 0.710156 0.280556 0.705469 0.277778 0.703906 0.279167 0.703125 0.279167 0.702344 0.280556 0.701562 0.283333 0.701562 0.284722 0.700000 0.288889 0.700781 0.293056 0.699219 0.297222 0.699219 0.302778 0.700781 0.305556 0.700781 0.308333 0.702344 0.308333 0.700781 0.311111 0.700781 0.319444 0.701562 0.320833 0.701562 0.330556 0.700781 0.337500 0.699219 0.343056 0.702344 0.344444 0.702344 0.348611 0.703125 0.350000 0.703125 0.358333 0.701562 0.362500 0.700000 0.366667 0.698438 0.370833 0.697656 0.380556 0.698438 0.383333 0.701562 0.379167 0.703906 0.377778 0.701562 0.381944 0.698438 0.383333 0.692969 0.384722 0.687500 0.384722 0.685156 0.383333 0.680469 0.383333 0.678906 0.384722 0.677344 0.387500 0.675781 0.387500 0.676562 0.384722 0.674219 0.387500 0.672656 0.387500 0.671094 0.390278 0.673438 0.390278 0.675781 0.391667 0.673438 0.391667 0.673438 0.394444 0.671094 0.393056 0.670312 0.394444 0.667969 0.394444 0.667969 0.391667 0.667969 0.390278 0.663281 0.387500 0.666406 0.388889 0.665625 0.391667 0.667969 0.391667 0.667969 0.394444 0.659375 0.393056 0.658594 0.394444 0.657031 0.395833 0.658594 0.397222 0.654687 0.397222 0.652344 0.400000 0.652344 0.400000 0.651563 0.398611 0.653125 0.395833 0.650781 0.395833 0.649219 0.395833 0.646875 0.400000 0.643750 0.400000 0.642188 0.402778 0.643750 0.406944 0.647656 0.406944 0.652344 0.400000 0.652344 0.400000 0.650000 0.402778 0.648438 0.405556 0.648438 0.406944 0.646875 0.409722 0.642188 0.408333 0.641406 0.406944 0.639062 0.406944 0.642969 0.405556 0.636719 0.402778 0.634375 0.398611 0.635156 0.383333 0.635156 0.375000 0.632812 0.366667 0.632031 0.362500 0.634375 0.358333 0.634375 0.348611 0.638281 0.343056 0.639062 0.341667 0.640625 0.336111 0.642188 0.334722 0.646094 0.334722 0.647656 0.333333 0.650000 0.327778 0.652344 0.326389 0.654687 0.322222 0.657031 0.319444 0.660156 0.319444 0.662500 0.318056 0.664062 0.316667 0.665625 0.312500 0.667188 0.315278 0.669531 0.315278 0.671875 0.311111 0.670312 0.306944 0.672656 0.305556 0.673438 0.301389 0.666406 0.300000 0.664062 0.302778 0.659375 0.304167 0.654687 0.304167 0.651563 0.305556 0.649219 0.308333 0.646094 0.313889 0.642969 0.315278 0.641406 0.316667 0.640625 0.318056 0.640625 0.319444 0.639062 0.322222 0.639062 0.323611 0.639062 0.326389 0.636719 0.326389 0.636719 0.329167 0.636719 0.326389 0.634375 0.327778 0.632812 0.330556 0.631250 0.329167 0.630469 0.331944 0.626563 0.331944 0.625000 0.333333 0.624219 0.334722 0.623437 0.336111 0.622656 0.343056 0.624219 0.347222 0.623437 0.354167 0.623437 0.358333 0.625000 0.361111 0.624219 0.387500 0.623437 0.391667 0.617969 0.394444 0.619531 0.395833 0.614062 0.398611 0.606250 0.395833 0.606250 0.394444 0.604688 0.393056 0.603906 0.391667 0.601562 0.393056 0.603125 0.394444 0.603906 0.395833 0.606250 0.394444 0.606250 0.395833 0.602344 0.398611 0.603906 0.397222 0.596875 0.397222 0.593750 0.397222 0.592969 0.394444 0.590625 0.394444 0.597656 0.393056 0.585938 0.390278 0.580469 0.391667 0.578906 0.388889 0.574219 0.387500 0.559375 0.388889 0.559375 0.386111 0.555469 0.384722 0.549219 0.383333 0.543750 0.381944 0.542188 0.383333 0.537500 0.381944 0.534375 0.380556 0.532031 0.377778 0.529687 0.377778 0.527344 0.375000 0.505469 0.373611 0.498437 0.376389 0.490625 0.377778 0.482031 0.376389 0.478906 0.379167 0.474219 0.379167 0.471875 0.384722 0.470313 0.384722 0.469531 0.386111 0.464062 0.387500 0.457031 0.387500 0.452344 0.388889 0.449219 0.391667 0.446094 0.391667 0.445312 0.393056 0.443750 0.394444 0.446094 0.395833 0.446875 0.394444 0.450000 0.394444 0.450781 0.393056 0.453125 0.393056 0.453906 0.394444 0.455469 0.394444 0.453125 0.394444 0.450781 0.397222 0.447656 0.397222 0.445312 0.401389 0.444531 0.405556 0.442969 0.409722 0.441406 0.412500 0.437500 0.416667 0.436719 0.415278 0.435156 0.419444 0.432812 0.419444 0.431250 0.416667 0.429688 0.416667 0.428125 0.419444 0.425781 0.419444 0.423438 0.422222 0.415625 0.422222 0.414844 0.423611 0.411719 0.423611 0.412500 0.420833 0.413281 0.418056 0.415625 0.418056 0.416406 0.416667 0.424219 0.416667 0.425781 0.413889 0.434375 0.413889 0.435937 0.412500 0.437500 0.408333 0.439063 0.406944 0.441406 0.406944 0.442969 0.404167 0.442188 0.397222 0.439063 0.401389 0.435156 0.404167 0.431250 0.404167 0.428125 0.402778 0.425781 0.401389 0.422656 0.397222 0.417969 0.397222 0.416406 0.398611 0.414844 0.400000 0.413281 0.402778 0.413281 0.404167 0.412500 0.405556 0.408594 0.409722 0.398438 0.411111 0.399219 0.413889 0.397656 0.413889 0.396875 0.415278 0.392969 0.416667 0.386719 0.418056 0.381250 0.419444 0.366406 0.420833 0.360938 0.423611 0.352344 0.423611 0.352344 0.419444 0.349219 0.412500 0.346875 0.412500 0.345313 0.404167 0.340625 0.406944 0.336719 0.401389 0.335156 0.400000 0.334375 0.398611 0.332031 0.400000 0.333594 0.401389 0.334375 0.402778 0.336719 0.401389 0.340625 0.406944 0.341406 0.413889 0.339844 0.416667 0.336719 0.418056 0.333594 0.422222 0.332813 0.426389 0.328906 0.425000 0.326562 0.423611 0.325781 0.422222 0.324219 0.419444 0.324219 0.411111 0.322656 0.408333 0.321094 0.408333 0.319531 0.411111 0.324219 0.411111 0.324219 0.419444 0.321875 0.420833 0.321094 0.419444 0.319531 0.419444 0.317969 0.422222 0.312500 0.423611 0.312500 0.423611 0.312500 0.419444 0.314844 0.416667 0.315625 0.418056 0.317188 0.415278 0.315625 0.413889 0.317188 0.411111 0.317188 0.409722 0.318750 0.406944 0.320312 0.405556 0.314063 0.404167 0.313281 0.406944 0.310156 0.412500 0.307031 0.416667 0.303906 0.416667 0.302344 0.419444 0.298438 0.418056 0.295312 0.420833 0.289062 0.420833 0.285156 0.420833 0.278906 0.419444 0.279687 0.425000 0.279687 0.426389 0.280469 0.427778 0.283594 0.431944 0.290625 0.431944 0.295312 0.430556 0.298438 0.427778 0.300781 0.426389 0.302344 0.427778 0.303906 0.427778 0.305469 0.426389 0.307812 0.422222 0.312500 0.423611 0.312500 0.423611 0.311719 0.426389 0.309375 0.427778 0.307031 0.427778 0.304688 0.430556 0.302344 0.430556 0.300781 0.433333 0.303906 0.434722 0.304688 0.433333 0.307031 0.434722 0.305469 0.433333 0.303125 0.436111 0.300781 0.433333 0.297656 0.434722 0.299219 0.436111 0.297656 0.437500 0.296875 0.438889 0.292969 0.440278 0.281250 0.440278 0.282813 0.438889 0.279687 0.437500 0.278906 0.438889 0.277344 0.438889 0.281250 0.436111 0.283594 0.436111 0.285156 0.433333 0.282813 0.431944 0.273438 0.433333 0.276562 0.431944 0.275000 0.430556 0.278125 0.427778 0.275000 0.426389 0.273438 0.425000 0.272656 0.420833 0.273438 0.418056 0.275000 0.415278 0.277344 0.415278 0.278125 0.420833 0.279687 0.415278 0.278906 0.409722 0.277344 0.415278 0.275000 0.415278 0.274219 0.411111 0.271875 0.413889 0.271875 0.409722 0.271875 0.406944 0.273438 0.398611 0.273438 0.391667 0.275000 0.391667 0.276562 0.388889 0.278125 0.384722 0.277344 0.377778 0.278906 0.381944 0.280469 0.377778 0.282031 0.375000 0.279687 0.372222 0.289844 0.372222 0.286719 0.373611 0.285156 0.375000 0.284375 0.376389 0.283594 0.380556 0.281250 0.384722 0.280469 0.387500 0.285156 0.390278 0.288281 0.386111 0.292187 0.387500 0.294531 0.384722 0.294531 0.381944 0.298438 0.384722 0.303125 0.384722 0.304688 0.380556 0.311719 0.380556 0.315625 0.381944 0.317969 0.383333 0.319531 0.384722 0.321094 0.388889 0.325781 0.388889 0.328125 0.391667 0.338281 0.391667 0.339062 0.393056 0.341406 0.393056 0.342969 0.395833 0.344531 0.398611 0.345313 0.393056 0.344531 0.390278 0.346875 0.390278 0.348438 0.387500 0.343750 0.380556 0.343750 0.373611 0.342187 0.370833 0.343750 0.366667 0.342187 0.363889 0.339844 0.361111 0.338281 0.359722 0.336719 0.359722 0.334375 0.356944 0.330469 0.350000 0.330469 0.358333 0.332031 0.361111 0.332813 0.363889 0.332813 0.366667 0.332031 0.369444 0.328906 0.375000 0.324219 0.376389 0.322656 0.376389 0.314844 0.375000 0.305469 0.370833 0.292187 0.370833 0.285938 0.369444 0.285156 0.368056 0.283594 0.368056 0.287500 0.365278 0.292187 0.366667 0.291406 0.362500 0.292969 0.362500 0.293750 0.363889 0.296094 0.363889 0.298438 0.365278 0.301563 0.368056 0.300000 0.369444 0.304688 0.369444 0.306250 0.369444 0.310156 0.372222 0.314063 0.372222 0.314844 0.373611 0.317969 0.372222 0.316406 0.370833 0.315625 0.368056 0.314844 0.366667 0.314063 0.363889 0.309375 0.366667 0.307812 0.365278 0.303125 0.362500 0.299219 0.361111 0.315625 0.361111 0.314844 0.363889 0.318750 0.365278 0.320312 0.362500 0.319531 0.361111 0.322656 0.359722 0.324219 0.356944 0.321875 0.354167 0.322656 0.347222 0.323437 0.340278 0.321094 0.338889 0.323437 0.334722 0.322656 0.331944 0.322656 0.329167 0.324219 0.330556 0.324219 0.322222 0.328125 0.319444 0.327344 0.318056 0.328125 0.308333 0.328906 0.305556 0.331250 0.301389 0.331250 0.302778 0.329688 0.304167 0.329688 0.313889 0.328906 0.327778 0.330469 0.334722 0.332031 0.331944 0.332813 0.329167 0.332031 0.320833 0.334375 0.316667 0.333594 0.308333 0.338281 0.304167 0.340625 0.304167 0.342187 0.301389 0.341406 0.297222 0.338281 0.298611 0.335156 0.300000 0.332813 0.301389 0.331250 0.302778 0.331250 0.301389 0.338281 0.295833 0.341406 0.295833 0.342969 0.287500 0.340625 0.286111 0.339062 0.283333 0.335156 0.275000 0.334375 0.266667 0.333594 0.265278 0.335938 0.272222 0.336719 0.266667 0.334375 0.262500 0.333594 0.265278 0.334375 0.266667 0.328125 0.256944 0.325781 0.251389 0.322656 0.251389 0.324219 0.250000 0.320312 0.245833 0.318750 0.245833 0.317188 0.244444 0.314844 0.236111 0.315625 0.233333 0.314844 0.231944 0.316406 0.227778 0.317188 0.225000 0.318750 0.223611 0.318750 0.222222 0.318750 0.218056 0.313281 0.219444 0.314844 0.216667 0.317188 0.216667 0.320312 0.211111 0.321094 0.206944 0.321094 0.200000 0.320312 0.198611 0.320312 0.194444 0.321875 0.195833 0.323437 0.193056 0.324219 0.190278 0.323437 0.183333 0.325781 0.179167 0.321875 0.181944 0.321094 0.186111 0.321094 0.181944 0.325000 0.175000 0.325781 0.170833 0.325781 0.163889 0.325000 0.159722 0.319531 0.158333 0.325000 0.158333 0.326562 0.155556 0.323437 0.151389 0.321875 0.151389 0.320312 0.150000 0.317969 0.145833 0.316406 0.141667 0.316406 0.138889 0.315625 0.136111 0.314063 0.134722 0.313281 0.131944 0.312500 0.129167 0.314063 0.127778 0.314063 0.125000 0.311719 0.122222 0.312500 0.112500 0.310937 0.093056 0.312500 0.091667 0.310937 0.088889 0.305469 0.086111 0.309375 0.088889 0.312500 0.087500 0.310937 0.086111 0.310156 0.084722 0.309375 0.080556 0.306250 0.079167 0.305469 0.070833 0.303906 0.073611 0.303125 0.077778 0.303125 0.070833 0.302344 0.066667 0.299219 0.061111 0.300781 0.062500 0.301563 0.062500 0.303125 0.065278 0.301563 0.058333 0.301563 0.055556 0.299219 0.051389 0.298438 0.047222 0.298438 0.043056 0.297656 0.038889 0.296094 0.036111 0.296094 0.048611 0.295312 0.051389 0.295312 0.040278 0.294531 0.037500 0.292187 0.033333 0.293750 0.036111 0.295312 0.034722 0.292969 0.030556 0.292969 0.027778 0.290625 0.030556 0.290625 0.023611 0.292187 0.015278 0.289062 0.012500 0.290625 0.011111 0.287500 0.011111 0.287500 0.006944 0.283594 0.008333 0.279687 0.008333 0.274219 0.012500 0.271875 0.012500 0.273438 0.011111 0.273438 0.009722 0.276562 0.006944 0.280469 0.004167 0.283594 0.004167 0.284375 0.000000 0.902344 0.000000
27 0.262500 0.000000 0.262500 0.004167 0.263281 0.006944 0.264062 0.009722 0.267188 0.016667 0.269531 0.012500 0.267969 0.011111 0.266406 0.011111 0.264844 0.008333 0.264844 0.000000 0.262500 0.000000
2 0.798438 0.495833 0.774219 0.497222 0.753125 0.498611 0.748437 0.501389 0.742188 0.501389 0.735156 0.502778 0.732812 0.504167 0.726562 0.509722 0.720313 0.520833 0.718750 0.527778 0.717187 0.530556 0.717187 0.531944 0.716406 0.533333 0.715625 0.533333 0.714063 0.536111 0.710938 0.544444 0.709375 0.547222 0.704688 0.554167 0.703125 0.558333 0.702344 0.565278 0.703125 0.576389 0.703125 0.579167 0.702344 0.605556 0.703125 0.619444 0.703906 0.623611 0.708594 0.640278 0.710156 0.643056 0.711719 0.644444 0.714844 0.645833 0.718750 0.647222 0.720313 0.647222 0.721875 0.645833 0.723437 0.641667 0.724219 0.637500 0.727344 0.631944 0.728906 0.630556 0.732031 0.629167 0.739062 0.630556 0.743750 0.626389 0.747656 0.627778 0.749219 0.626389 0.752344 0.623611 0.759375 0.623611 0.760938 0.623611 0.761719 0.625000 0.763281 0.625000 0.775781 0.623611 0.778906 0.625000 0.781250 0.627778 0.783594 0.629167 0.792969 0.633333 0.799219 0.634722 0.807031 0.634722 0.808594 0.636111 0.810156 0.637500 0.812500 0.641667 0.814844 0.641667 0.816406 0.638889 0.817187 0.638889 0.817969 0.637500 0.818750 0.634722 0.819531 0.630556 0.823438 0.623611 0.825781 0.622222 0.829688 0.622222 0.833594 0.615278 0.834375 0.608333 0.834375 0.576389 0.833594 0.565278 0.832812 0.559722 0.832031 0.555556 0.830469 0.552778 0.829688 0.552778 0.828906 0.551389 0.828125 0.548611 0.828125 0.545833 0.825781 0.541667 0.821875 0.540278 0.820312 0.537500 0.820312 0.534722 0.814844 0.525000 0.809375 0.513889 0.807813 0.508333 0.802344 0.498611 0.800781 0.497222 0.798438 0.495833
19 0.011719 0.730556 0.010937 0.733333 0.012500 0.733333 0.014063 0.734722 0.015625 0.737500 0.016406 0.741667 0.018750 0.743056 0.021875 0.743056 0.021875 0.745833 0.024219 0.747222 0.025781 0.747222 0.030469 0.743056 0.028906 0.741667 0.028125 0.740278 0.025000 0.740278 0.023438 0.737500 0.021875 0.736111 0.016406 0.736111 0.013281 0.733333 0.014844 0.731944 0.014063 0.727778 0.011719 0.730556
19 0.092969 0.712500 0.092188 0.715278 0.082812 0.713889 0.073438 0.715278 0.068750 0.718056 0.060937 0.719444 0.064062 0.720833 0.068750 0.719444 0.072656 0.716667 0.079687 0.716667 0.091406 0.719444 0.093750 0.715278 0.095312 0.713889 0.098437 0.712500 0.092969 0.712500
19 0.130469 0.706944 0.126562 0.708333 0.125781 0.709722 0.123438 0.709722 0.114062 0.708333 0.107031 0.709722 0.106250 0.711111 0.100000 0.711111 0.107031 0.709722 0.107813 0.712500 0.112500 0.712500 0.114062 0.709722 0.123438 0.709722 0.126562 0.712500 0.128125 0.711111 0.130469 0.708333 0.132031 0.708333 0.132812 0.709722 0.134375 0.709722 0.135156 0.708333 0.136719 0.706944 0.130469 0.706944
19 0.177344 0.694444 0.169531 0.698611 0.162500 0.698611 0.155469 0.700000 0.150781 0.702778 0.146875 0.702778 0.146094 0.704167 0.144531 0.705556 0.150000 0.706944 0.154688 0.705556 0.157031 0.702778 0.161719 0.701389 0.165625 0.701389 0.169531 0.698611 0.180469 0.697222 0.182812 0.698611 0.182812 0.695833 0.181250 0.695833 0.180469 0.694444 0.177344 0.694444
19 0.996094 0.686111 0.989844 0.687500 0.989844 0.697222 0.995313 0.704167 0.996875 0.705556 0.999219 0.705556 0.996094 0.698611 0.993750 0.693056 0.994531 0.686111 0.996094 0.686111 0.998437 0.686111 0.999219 0.681944 0.996094 0.686111
19 0.989844 0.669444 0.989844 0.673611 0.992188 0.670833 0.989844 0.669444
19 0.995313 0.669444 0.996875 0.669444 0.996875 0.666667 0.995313 0.669444
19 0.162500 0.663889 0.152344 0.666667 0.137500 0.666667 0.130469 0.668056 0.119531 0.672222 0.111719 0.673611 0.103906 0.673611 0.098437 0.675000 0.092969 0.677778 0.085156 0.679167 0.070312 0.681944 0.059375 0.680556 0.055469 0.683333 0.049219 0.684722 0.042969 0.686111 0.032031 0.686111 0.021875 0.687500 0.007031 0.691667 0.000000 0.691667 0.000000 0.725000 0.010156 0.725000 0.014063 0.722222 0.016406 0.722222 0.028125 0.723611 0.035156 0.722222 0.041406 0.720833 0.046094 0.719444 0.048438 0.718056 0.054688 0.711111 0.057031 0.709722 0.060156 0.708333 0.064844 0.706944 0.074219 0.706944 0.081250 0.704167 0.087500 0.705556 0.089844 0.705556 0.096875 0.704167 0.100781 0.706944 0.099219 0.705556 0.106250 0.705556 0.107813 0.705556 0.111719 0.702778 0.118750 0.704167 0.121094 0.704167 0.127344 0.702778 0.131250 0.701389 0.134375 0.698611 0.139063 0.697222 0.143750 0.697222 0.146875 0.695833 0.150000 0.693056 0.153125 0.691667 0.156250 0.690278 0.160938 0.688889 0.162500 0.688889 0.163281 0.690278 0.164844 0.690278 0.167969 0.688889 0.171875 0.687500 0.174219 0.686111 0.176563 0.681944 0.177344 0.677778 0.176563 0.675000 0.175000 0.672222 0.172656 0.670833 0.169531 0.665278 0.167969 0.663889 0.162500 0.663889
19 0.174219 0.659722 0.168750 0.661111 0.180469 0.662500 0.180469 0.663889 0.182812 0.666667 0.182031 0.662500 0.182812 0.659722 0.175000 0.661111 0.174219 0.659722
19 0.575000 0.569444 0.575000 0.572222 0.576562 0.572222 0.575000 0.569444
19 0.997656 0.568056 0.996094 0.570833 0.995313 0.573611 0.995313 0.577778 0.996875 0.573611 0.999219 0.573611 0.999219 0.568056 0.997656 0.568056
19 0.533594 0.569444 0.536719 0.569444 0.537500 0.570833 0.543750 0.572222 0.554688 0.572222 0.553125 0.570833 0.565625 0.570833 0.567969 0.570833 0.573438 0.569444 0.556250 0.568056 0.547656 0.568056 0.546094 0.568056 0.545312 0.569444 0.543750 0.569444 0.533594 0.569444
19 0.851562 0.558333 0.851562 0.561111 0.850000 0.561111 0.854688 0.561111 0.853125 0.561111 0.853125 0.558333 0.851562 0.558333
19 0.832812 0.558333 0.833594 0.563889 0.833594 0.561111 0.835156 0.558333 0.832812 0.558333
19 0.859375 0.556944 0.860938 0.559722 0.867188 0.558333 0.864844 0.558333 0.864062 0.556944 0.859375 0.556944
19 0.843750 0.554167 0.841406 0.561111 0.842969 0.559722 0.844531 0.561111 0.844531 0.558333 0.843750 0.554167
19 0.871875 0.552778 0.871094 0.555556 0.868750 0.556944 0.872656 0.556944 0.872656 0.554167 0.876563 0.552778 0.871875 0.552778
19 0.879687 0.548611 0.880469 0.552778 0.882031 0.552778 0.883594 0.550000 0.882031 0.548611 0.879687 0.548611
19 0.971875 0.540278 0.968750 0.540278 0.967187 0.541667 0.969531 0.543056 0.972656 0.541667 0.973437 0.540278 0.975000 0.540278 0.974219 0.537500 0.971875 0.540278
19 0.994531 0.540278 0.995313 0.541667 0.996875 0.543056 0.999219 0.543056 0.994531 0.545833 0.996094 0.550000 0.999219 0.551389 0.999219 0.556944 0.996094 0.558333 0.994531 0.566667 0.992188 0.568056 0.991406 0.572222 0.989062 0.579167 0.989062 0.583333 0.987500 0.586111 0.989062 0.588889 0.989844 0.593056 0.990625 0.606944 0.991406 0.601389 0.992969 0.595833 0.992188 0.591667 0.992969 0.588889 0.992969 0.586111 0.994531 0.583333 0.994531 0.580556 0.994531 0.587500 0.993750 0.588889 0.993750 0.598611 0.992969 0.611111 0.991406 0.615278 0.990625 0.630556 0.991406 0.648611 0.990625 0.656944 0.989844 0.652778 0.989062 0.651389 0.989062 0.644444 0.989844 0.643056 0.990625 0.633333 0.989844 0.606944 0.989062 0.612500 0.988281 0.616667 0.985938 0.622222 0.985938 0.627778 0.985938 0.623611 0.982812 0.625000 0.983594 0.663889 0.982812 0.677778 0.983594 0.679167 0.982812 0.691667 0.986719 0.704167 0.987500 0.709722 0.988281 0.709722 0.990625 0.712500 0.993750 0.718056 0.996875 0.718056 0.997656 0.719444 0.999219 0.719444 0.999219 0.893056 0.993750 0.893056 0.992969 0.891667 0.972656 0.888889 0.903125 0.873611 0.875000 0.868056 0.860938 0.866667 0.765625 0.856944 0.738281 0.854167 0.702344 0.852778 0.593750 0.848611 0.429688 0.848611 0.351562 0.850000 0.273438 0.851389 0.174219 0.855556 0.140625 0.856944 0.046094 0.869444 0.022656 0.872222 0.010937 0.873611 0.000000 0.873611 0.000000 0.762500 0.005469 0.762500 0.006250 0.761111 0.014063 0.761111 0.018750 0.758333 0.024219 0.758333 0.028125 0.755556 0.035156 0.755556 0.047656 0.751389 0.053906 0.750000 0.060937 0.750000 0.066406 0.747222 0.080469 0.747222 0.084375 0.744444 0.090625 0.743056 0.096875 0.743056 0.101562 0.740278 0.115625 0.740278 0.125000 0.736111 0.130469 0.736111 0.135156 0.733333 0.144531 0.733333 0.150000 0.731944 0.153906 0.729167 0.161719 0.729167 0.167187 0.726389 0.177344 0.726389 0.180469 0.723611 0.185156 0.722222 0.189062 0.722222 0.197656 0.718056 0.204687 0.718056 0.216406 0.715278 0.221875 0.713889 0.231250 0.709722 0.236719 0.708333 0.243750 0.708333 0.250781 0.705556 0.260156 0.705556 0.263281 0.702778 0.267188 0.702778 0.268750 0.700000 0.271875 0.698611 0.274219 0.698611 0.276562 0.697222 0.277344 0.695833 0.278906 0.694444 0.277344 0.693056 0.276562 0.691667 0.268750 0.691667 0.273438 0.690278 0.275000 0.687500 0.271875 0.686111 0.271094 0.687500 0.268750 0.687500 0.265625 0.681944 0.263281 0.681944 0.261719 0.684722 0.257812 0.686111 0.251563 0.687500 0.245312 0.687500 0.237500 0.683333 0.232031 0.684722 0.229687 0.684722 0.228125 0.681944 0.225781 0.680556 0.221875 0.680556 0.220312 0.679167 0.218750 0.677778 0.220312 0.662500 0.218750 0.659722 0.215625 0.659722 0.217188 0.659722 0.217969 0.655556 0.221094 0.652778 0.228125 0.651389 0.239844 0.648611 0.260156 0.644444 0.267969 0.643056 0.275781 0.643056 0.283594 0.641667 0.291406 0.638889 0.299219 0.638889 0.306250 0.636111 0.314063 0.636111 0.320312 0.633333 0.327344 0.631944 0.334375 0.631944 0.340625 0.630556 0.344531 0.629167 0.348438 0.626389 0.354687 0.625000 0.371094 0.622222 0.376563 0.620833 0.381250 0.619444 0.385937 0.616667 0.396875 0.615278 0.400000 0.612500 0.407031 0.609722 0.412500 0.608333 0.417187 0.606944 0.424219 0.606944 0.423438 0.602778 0.428906 0.604167 0.430469 0.604167 0.431250 0.602778 0.433594 0.602778 0.436719 0.600000 0.443750 0.598611 0.455469 0.598611 0.458594 0.597222 0.460938 0.594444 0.466406 0.593056 0.471094 0.594444 0.473438 0.591667 0.478906 0.590278 0.485938 0.588889 0.499219 0.588889 0.505469 0.586111 0.511719 0.586111 0.517188 0.584722 0.522656 0.583333 0.527344 0.580556 0.537500 0.579167 0.555469 0.579167 0.560156 0.576389 0.574219 0.576389 0.587500 0.573611 0.585938 0.572222 0.594531 0.572222 0.595313 0.573611 0.610156 0.572222 0.600000 0.570833 0.614062 0.570833 0.625781 0.572222 0.627344 0.575000 0.628906 0.576389 0.632812 0.576389 0.635156 0.575000 0.636719 0.572222 0.638281 0.570833 0.654687 0.569444 0.637500 0.568056 0.664844 0.568056 0.665625 0.569444 0.696875 0.568056 0.667188 0.566667 0.697656 0.566667 0.700781 0.568056 0.702344 0.576389 0.702344 0.579167 0.701562 0.605556 0.702344 0.619444 0.703125 0.623611 0.706250 0.634722 0.707812 0.640278 0.710156 0.644444 0.711719 0.645833 0.714844 0.647222 0.718750 0.648611 0.720313 0.648611 0.721875 0.647222 0.722656 0.645833 0.722656 0.644444 0.724219 0.641667 0.725000 0.637500 0.727344 0.633333 0.728906 0.631944 0.732031 0.630556 0.739062 0.631944 0.743750 0.627778 0.746875 0.629167 0.750000 0.626389 0.751563 0.625000 0.759375 0.625000 0.760938 0.625000 0.761719 0.626389 0.763281 0.626389 0.775781 0.625000 0.778906 0.626389 0.781250 0.629167 0.783594 0.630556 0.792969 0.634722 0.799219 0.636111 0.807031 0.636111 0.808594 0.637500 0.810156 0.638889 0.812500 0.643056 0.814844 0.643056 0.817187 0.640278 0.818750 0.637500 0.820312 0.630556 0.823438 0.625000 0.825781 0.623611 0.829688 0.623611 0.834375 0.615278 0.835156 0.608333 0.835156 0.576389 0.834375 0.575000 0.834375 0.569444 0.836719 0.570833 0.838281 0.570833 0.837500 0.566667 0.842969 0.565278 0.843750 0.563889 0.860156 0.562500 0.875781 0.561111 0.879687 0.562500 0.881250 0.562500 0.882812 0.559722 0.885156 0.558333 0.880469 0.558333 0.874219 0.556944 0.890625 0.556944 0.891406 0.556944 0.892969 0.559722 0.895312 0.558333 0.893750 0.556944 0.891406 0.556944 0.890625 0.556944 0.891406 0.554167 0.893750 0.551389 0.893750 0.555556 0.905469 0.556944 0.910156 0.558333 0.910937 0.559722 0.911719 0.561111 0.914062 0.562500 0.914844 0.561111 0.916406 0.559722 0.914844 0.556944 0.911719 0.556944 0.914844 0.555556 0.911719 0.554167 0.910937 0.551389 0.911719 0.547222 0.914062 0.548611 0.915625 0.551389 0.916406 0.555556 0.918750 0.554167 0.920312 0.554167 0.936719 0.556944 0.939063 0.556944 0.940625 0.554167 0.946875 0.554167 0.949219 0.554167 0.950000 0.555556 0.953125 0.554167 0.952344 0.550000 0.953125 0.541667 0.953125 0.545833 0.953906 0.547222 0.953906 0.551389 0.957031 0.552778 0.957812 0.548611 0.959375 0.548611 0.959375 0.552778 0.967969 0.554167 0.971875 0.551389 0.979688 0.551389 0.978125 0.548611 0.977344 0.550000 0.974219 0.550000 0.967969 0.550000 0.965625 0.550000 0.964063 0.548611 0.965625 0.547222 0.971875 0.547222 0.975000 0.544444 0.977344 0.547222 0.979688 0.547222 0.981250 0.544444 0.984375 0.544444 0.985938 0.543056 0.986719 0.541667 0.986719 0.540278 0.985938 0.536111 0.992969 0.534722 0.994531 0.540278
