20 0.957812 0.486111 0.959375 0.486111 0.967187 0.484722 0.970313 0.486111 0.975000 0.490278 0.977344 0.494444 0.978906 0.498611 0.981250 0.505556 0.983594 0.515278 0.982812 0.519444 0.981250 0.520833 0.978906 0.522222 0.974219 0.529167 0.971875 0.531944 0.970313 0.533333 0.968750 0.533333 0.967187 0.534722 0.953906 0.558333 0.953125 0.561111 0.952344 0.565278 0.951562 0.570833 0.950781 0.566667 0.951562 0.556944 0.953906 0.552778 0.956250 0.551389 0.957031 0.547222 0.957812 0.545833 0.959375 0.544444 0.957812 0.541667 0.954688 0.540278 0.954688 0.522222 0.953906 0.519444 0.952344 0.516667 0.950781 0.516667 0.950781 0.509722 0.953125 0.509722 0.954688 0.512500 0.956250 0.511111 0.957031 0.506944 0.956250 0.505556 0.956250 0.501389 0.954688 0.498611 0.953906 0.501389 0.953125 0.502778 0.953125 0.509722 0.950781 0.509722 0.950000 0.508333 0.950781 0.497222 0.950000 0.490278 0.950000 0.487500 0.950781 0.484722 0.952344 0.484722 0.954688 0.487500 0.955469 0.483333 0.957812 0.486111
20 0.101562 0.443056 0.099219 0.445833 0.096875 0.445833 0.094531 0.448611 0.092188 0.454167 0.093750 0.455556 0.095312 0.456944 0.096875 0.458333 0.095312 0.454167 0.096094 0.450000 0.098437 0.445833 0.100000 0.444444 0.101562 0.443056 0.103125 0.443056 0.101562 0.443056
20 0.233594 0.433333 0.230469 0.437500 0.229687 0.443056 0.228125 0.445833 0.226562 0.447222 0.225000 0.447222 0.226562 0.448611 0.228125 0.451389 0.229687 0.452778 0.233594 0.454167 0.250781 0.452778 0.252344 0.452778 0.257031 0.454167 0.257812 0.452778 0.259375 0.452778 0.239844 0.452778 0.232813 0.450000 0.231250 0.445833 0.231250 0.440278 0.234375 0.438889 0.236719 0.438889 0.239844 0.441667 0.240625 0.436111 0.239063 0.436111 0.235156 0.437500 0.233594 0.433333
20 0.128906 0.437500 0.132031 0.438889 0.139063 0.437500 0.139844 0.438889 0.142969 0.438889 0.141406 0.440278 0.136719 0.441667 0.145313 0.443056 0.146094 0.447222 0.147656 0.451389 0.148438 0.455556 0.146094 0.458333 0.146875 0.459722 0.143750 0.463889 0.144531 0.466667 0.141406 0.469444 0.143750 0.473611 0.144531 0.473611 0.146094 0.476389 0.146875 0.479167 0.148438 0.476389 0.148438 0.472222 0.149219 0.469444 0.149219 0.477778 0.153125 0.477778 0.154688 0.479167 0.150000 0.480556 0.147656 0.477778 0.147656 0.488889 0.148438 0.495833 0.150781 0.501389 0.149219 0.502778 0.149219 0.505556 0.149219 0.511111 0.146094 0.509722 0.143750 0.512500 0.141406 0.512500 0.136719 0.520833 0.139063 0.525000 0.141406 0.523611 0.142969 0.520833 0.148438 0.522222 0.149219 0.523611 0.152344 0.523611 0.153906 0.520833 0.151562 0.519444 0.150000 0.515278 0.149219 0.518056 0.146875 0.516667 0.147656 0.512500 0.149219 0.511111 0.149219 0.505556 0.152344 0.506944 0.156250 0.504167 0.160156 0.504167 0.164062 0.501389 0.167969 0.500000 0.175000 0.498611 0.175000 0.500000 0.174219 0.502778 0.176563 0.502778 0.178125 0.502778 0.181250 0.502778 0.179688 0.500000 0.175000 0.500000 0.175000 0.498611 0.178906 0.498611 0.180469 0.500000 0.183594 0.504167 0.183594 0.504167 0.182031 0.502778 0.180469 0.505556 0.180469 0.509722 0.178906 0.512500 0.181250 0.512500 0.183594 0.512500 0.185156 0.511111 0.183594 0.504167 0.183594 0.504167 0.185156 0.504167 0.186719 0.505556 0.188281 0.508333 0.188281 0.512500 0.186719 0.513889 0.187500 0.516667 0.184375 0.516667 0.182031 0.518056 0.180469 0.520833 0.176563 0.520833 0.173437 0.522222 0.170313 0.525000 0.167187 0.525000 0.164062 0.526389 0.161719 0.529167 0.157812 0.530556 0.150000 0.531944 0.141406 0.533333 0.133594 0.534722 0.129688 0.534722 0.125000 0.531944 0.120313 0.531944 0.118750 0.530556 0.119531 0.522222 0.117188 0.518056 0.116406 0.518056 0.114844 0.515278 0.114844 0.513889 0.112500 0.509722 0.111719 0.506944 0.111719 0.504167 0.109375 0.500000 0.108594 0.497222 0.108594 0.493056 0.107031 0.486111 0.104688 0.480556 0.104688 0.477778 0.103906 0.475000 0.103125 0.472222 0.100781 0.468056 0.100781 0.465278 0.098437 0.459722 0.099219 0.452778 0.103906 0.454167 0.108594 0.452778 0.110156 0.451389 0.111719 0.448611 0.112500 0.445833 0.107813 0.444444 0.109375 0.444444 0.110156 0.443056 0.114062 0.444444 0.116406 0.440278 0.117969 0.438889 0.119531 0.437500 0.121875 0.436111 0.127344 0.436111 0.128125 0.433333 0.128906 0.437500
20 0.612500 0.419444 0.611719 0.426389 0.611719 0.429167 0.610938 0.430556 0.610156 0.433333 0.609375 0.430556 0.608594 0.429167 0.608594 0.426389 0.606250 0.422222 0.606250 0.427778 0.605469 0.429167 0.604688 0.440278 0.605469 0.448611 0.607031 0.448611 0.607812 0.450000 0.614062 0.450000 0.612500 0.443056 0.612500 0.419444
20 0.629687 0.408333 0.629687 0.423611 0.628906 0.425000 0.629687 0.444444 0.629687 0.447222 0.628906 0.448611 0.628906 0.451389 0.632812 0.454167 0.635156 0.455556 0.639062 0.455556 0.642188 0.458333 0.638281 0.459722 0.626563 0.456944 0.625000 0.456944 0.618750 0.459722 0.601562 0.459722 0.603906 0.461111 0.607031 0.463889 0.613281 0.461111 0.617969 0.459722 0.623437 0.461111 0.628906 0.465278 0.632812 0.466667 0.636719 0.468056 0.638281 0.468056 0.641406 0.463889 0.646094 0.465278 0.650000 0.462500 0.653125 0.462500 0.654687 0.463889 0.656250 0.465278 0.658594 0.470833 0.664062 0.470833 0.664844 0.472222 0.671875 0.472222 0.664844 0.472222 0.663281 0.469444 0.676562 0.468056 0.676562 0.465278 0.677344 0.461111 0.681250 0.452778 0.684375 0.443056 0.685156 0.440278 0.684375 0.437500 0.681250 0.444444 0.677344 0.444444 0.675781 0.443056 0.674219 0.440278 0.674219 0.434722 0.671875 0.429167 0.671875 0.416667 0.671094 0.415278 0.670312 0.409722 0.671094 0.419444 0.669531 0.423611 0.668750 0.427778 0.667188 0.431944 0.665625 0.434722 0.664062 0.434722 0.663281 0.433333 0.660937 0.433333 0.658594 0.429167 0.657813 0.425000 0.657813 0.419444 0.657031 0.413889 0.656250 0.409722 0.642188 0.411111 0.641406 0.409722 0.639844 0.409722 0.640625 0.426389 0.639844 0.429167 0.639062 0.431944 0.634375 0.440278 0.632812 0.438889 0.632031 0.437500 0.631250 0.434722 0.630469 0.431944 0.629687 0.423611 0.629687 0.408333
20 0.587500 0.408333 0.592187 0.406944 0.592187 0.415278 0.590625 0.419444 0.592187 0.426389 0.592187 0.436111 0.592187 0.441667 0.588281 0.440278 0.589063 0.445833 0.587500 0.447222 0.591406 0.448611 0.591406 0.451389 0.593750 0.455556 0.594531 0.458333 0.587500 0.456944 0.584375 0.454167 0.581250 0.454167 0.579688 0.451389 0.571094 0.451389 0.570312 0.450000 0.568750 0.450000 0.568750 0.443056 0.569531 0.441667 0.569531 0.438889 0.571875 0.438889 0.575000 0.441667 0.579688 0.441667 0.580469 0.444444 0.578906 0.447222 0.582812 0.447222 0.580469 0.444444 0.579688 0.441667 0.583594 0.443056 0.584375 0.444444 0.586719 0.444444 0.586719 0.440278 0.585156 0.438889 0.582812 0.438889 0.579688 0.434722 0.578906 0.431944 0.578125 0.431944 0.575781 0.429167 0.573438 0.425000 0.576562 0.420833 0.578906 0.419444 0.579688 0.418056 0.580469 0.415278 0.580469 0.408333 0.582031 0.409722 0.585938 0.406944 0.587500 0.408333
21 0.957031 0.687500 0.955469 0.690278 0.954688 0.693056 0.961719 0.693056 0.962500 0.694444 0.964844 0.694444 0.962500 0.693056 0.961719 0.690278 0.959375 0.687500 0.957031 0.687500
21 0.086719 0.686111 0.094531 0.687500 0.097656 0.691667 0.100000 0.691667 0.104688 0.695833 0.106250 0.697222 0.107813 0.702778 0.101562 0.704167 0.100000 0.702778 0.089844 0.705556 0.078906 0.706944 0.067969 0.706944 0.067187 0.708333 0.056250 0.706944 0.055469 0.704167 0.060937 0.701389 0.067969 0.698611 0.069531 0.697222 0.074219 0.698611 0.075000 0.697222 0.081250 0.695833 0.074219 0.694444 0.069531 0.697222 0.067969 0.698611 0.065625 0.697222 0.062500 0.691667 0.066406 0.691667 0.067187 0.690278 0.071875 0.690278 0.075000 0.687500 0.079687 0.688889 0.081250 0.688889 0.085156 0.686111 0.086719 0.686111
21 0.098437 0.441667 0.097656 0.444444 0.099219 0.444444 0.100781 0.447222 0.103906 0.447222 0.107031 0.450000 0.110937 0.448611 0.111719 0.445833 0.104688 0.445833 0.098437 0.441667
21 0.160156 0.431944 0.162500 0.431944 0.164062 0.429167 0.165625 0.427778 0.164062 0.426389 0.162500 0.425000 0.160156 0.431944
21 0.062500 0.415278 0.063281 0.418056 0.064844 0.419444 0.065625 0.425000 0.065625 0.429167 0.067969 0.429167 0.066406 0.423611 0.065625 0.419444 0.064062 0.415278 0.062500 0.415278
21 0.943750 0.412500 0.945312 0.416667 0.948438 0.416667 0.952344 0.425000 0.954688 0.429167 0.957812 0.429167 0.960156 0.427778 0.964063 0.423611 0.967969 0.422222 0.970313 0.419444 0.971875 0.419444 0.971875 0.430556 0.972656 0.434722 0.973437 0.437500 0.977344 0.447222 0.978125 0.450000 0.978906 0.452778 0.978906 0.461111 0.982812 0.468056 0.984375 0.468056 0.988281 0.466667 0.990625 0.479167 0.988281 0.483333 0.989844 0.487500 0.992188 0.487500 0.993750 0.486111 0.995313 0.483333 0.993750 0.479167 0.990625 0.479167 0.988281 0.466667 0.999219 0.466667 0.999219 0.504167 0.996094 0.505556 0.990625 0.512500 0.989062 0.513889 0.985938 0.515278 0.984375 0.518056 0.984375 0.515278 0.982031 0.505556 0.979688 0.498611 0.978125 0.494444 0.975000 0.488889 0.970313 0.484722 0.967187 0.483333 0.959375 0.484722 0.957812 0.484722 0.956250 0.483333 0.956250 0.480556 0.957812 0.475000 0.955469 0.470833 0.951562 0.472222 0.950781 0.475000 0.950781 0.477778 0.950781 0.468056 0.950000 0.461111 0.949219 0.456944 0.947656 0.454167 0.948438 0.445833 0.947656 0.433333 0.945312 0.427778 0.945312 0.423611 0.942969 0.418056 0.942187 0.412500 0.943750 0.412500
21 0.442188 0.391667 0.442188 0.395833 0.440625 0.398611 0.442969 0.397222 0.442969 0.394444 0.442188 0.391667
21 0.345313 0.372222 0.343750 0.373611 0.350781 0.373611 0.351562 0.372222 0.357812 0.373611 0.359375 0.373611 0.365625 0.372222 0.345313 0.372222
21 0.208594 0.369444 0.207031 0.370833 0.205469 0.375000 0.203906 0.375000 0.200781 0.372222 0.197656 0.377778 0.195312 0.379167 0.192188 0.379167 0.196875 0.379167 0.200781 0.377778 0.203125 0.375000 0.211719 0.375000 0.210156 0.373611 0.210156 0.372222 0.208594 0.369444
21 0.405469 0.363889 0.401562 0.366667 0.407813 0.366667 0.413281 0.369444 0.411719 0.366667 0.407813 0.366667 0.407031 0.363889 0.405469 0.363889
21 0.604688 0.348611 0.604688 0.351389 0.603906 0.354167 0.603125 0.356944 0.602344 0.358333 0.600781 0.359722 0.599219 0.361111 0.595313 0.359722 0.594531 0.352778 0.593750 0.355556 0.592969 0.356944 0.592969 0.365278 0.596094 0.372222 0.598437 0.369444 0.597656 0.363889 0.599219 0.361111 0.606250 0.361111 0.604688 0.358333 0.603906 0.355556 0.605469 0.354167 0.604688 0.351389 0.604688 0.348611
21 0.294531 0.311111 0.296875 0.306944 0.304688 0.309722 0.305469 0.312500 0.306250 0.316667 0.307031 0.318056 0.309375 0.319444 0.315625 0.330556 0.317188 0.330556 0.318750 0.331944 0.319531 0.333333 0.322656 0.338889 0.323437 0.340278 0.324219 0.343056 0.325000 0.345833 0.323437 0.352778 0.323437 0.361111 0.325000 0.363889 0.325781 0.366667 0.324219 0.369444 0.325781 0.372222 0.328125 0.370833 0.325781 0.366667 0.325000 0.363889 0.326562 0.361111 0.326562 0.356944 0.328906 0.361111 0.330469 0.361111 0.332031 0.368056 0.331250 0.370833 0.332813 0.372222 0.323437 0.375000 0.321875 0.376389 0.320312 0.375000 0.319531 0.363889 0.318750 0.368056 0.317188 0.369444 0.316406 0.373611 0.318750 0.376389 0.320312 0.375000 0.321875 0.376389 0.317188 0.386111 0.310937 0.379167 0.310937 0.376389 0.309375 0.376389 0.308594 0.377778 0.306250 0.377778 0.305469 0.380556 0.300781 0.381944 0.296875 0.377778 0.295312 0.380556 0.293750 0.380556 0.292969 0.383333 0.292187 0.379167 0.296094 0.373611 0.293750 0.372222 0.292969 0.373611 0.291406 0.373611 0.291406 0.366667 0.289844 0.359722 0.289844 0.355556 0.289062 0.350000 0.287500 0.348611 0.287500 0.344444 0.289062 0.343056 0.289062 0.329167 0.287500 0.327778 0.287500 0.320833 0.288281 0.316667 0.289844 0.313889 0.291406 0.313889 0.292969 0.311111 0.292187 0.305556 0.292969 0.304167 0.293750 0.301389 0.294531 0.311111
21 0.614844 0.295833 0.614844 0.300000 0.614062 0.302778 0.615625 0.301389 0.616406 0.297222 0.614844 0.295833
21 0.272656 0.240278 0.271875 0.243056 0.272656 0.240278 0.275000 0.240278 0.275000 0.244444 0.277344 0.243056 0.277344 0.240278 0.274219 0.238889 0.272656 0.240278
21 0.473438 0.183333 0.467969 0.184722 0.484375 0.184722 0.488281 0.187500 0.485156 0.188889 0.488281 0.188889 0.489063 0.190278 0.491406 0.190278 0.488281 0.187500 0.489844 0.184722 0.475000 0.183333 0.473438 0.183333
21 0.022656 0.134722 0.022656 0.140278 0.023438 0.141667 0.023438 0.175000 0.025781 0.169444 0.023438 0.166667 0.023438 0.161111 0.025781 0.156944 0.025781 0.152778 0.024219 0.150000 0.024219 0.141667 0.022656 0.137500 0.022656 0.134722
21 0.798438 0.095833 0.796875 0.098611 0.801562 0.098611 0.803906 0.102778 0.803906 0.105556 0.803906 0.100000 0.802344 0.097222 0.800781 0.095833 0.798438 0.095833
21 0.600000 0.093056 0.603125 0.095833 0.601562 0.093056 0.600000 0.093056
21 0.370312 0.086111 0.374219 0.091667 0.373437 0.097222 0.377344 0.098611 0.379688 0.101389 0.381250 0.104167 0.382031 0.106944 0.380469 0.116667 0.382812 0.119444 0.381250 0.122222 0.383594 0.125000 0.382812 0.127778 0.382812 0.130556 0.378906 0.131944 0.382031 0.137500 0.382812 0.140278 0.382812 0.144444 0.378906 0.144444 0.375781 0.148611 0.372656 0.141667 0.362500 0.159722 0.362500 0.165278 0.363281 0.172222 0.364063 0.176389 0.367188 0.183333 0.368750 0.186111 0.371094 0.187500 0.378125 0.200000 0.380469 0.201389 0.382031 0.204167 0.381250 0.206944 0.385937 0.206944 0.389062 0.209722 0.389062 0.211111 0.390625 0.213889 0.391406 0.218056 0.392188 0.219444 0.393750 0.220833 0.397656 0.222222 0.400000 0.225000 0.408594 0.238889 0.408594 0.241667 0.413281 0.244444 0.414844 0.248611 0.415625 0.251389 0.416406 0.251389 0.417187 0.252778 0.417969 0.255556 0.418750 0.259722 0.421094 0.263889 0.421875 0.268056 0.421875 0.273611 0.422656 0.276389 0.423438 0.277778 0.426563 0.280556 0.431250 0.290278 0.434375 0.291667 0.436719 0.294444 0.439063 0.298611 0.443750 0.302778 0.446094 0.304167 0.447656 0.304167 0.450000 0.301389 0.454688 0.294444 0.453125 0.284722 0.453125 0.277778 0.454688 0.273611 0.453125 0.268056 0.453125 0.250000 0.453906 0.245833 0.454688 0.243056 0.456250 0.245833 0.456250 0.256944 0.454688 0.270833 0.454688 0.275000 0.456250 0.280556 0.455469 0.287500 0.457813 0.291667 0.460938 0.287500 0.460938 0.283333 0.460156 0.244444 0.464844 0.236111 0.473438 0.255556 0.473438 0.258333 0.475781 0.259722 0.476562 0.254167 0.473438 0.255556 0.464844 0.236111 0.465625 0.225000 0.464844 0.212500 0.465625 0.209722 0.465625 0.206944 0.463281 0.200000 0.464062 0.200000 0.465625 0.202778 0.469531 0.202778 0.474219 0.200000 0.471094 0.198611 0.468750 0.195833 0.466406 0.194444 0.463281 0.197222 0.464062 0.200000 0.463281 0.200000 0.460938 0.198611 0.459375 0.200000 0.461719 0.197222 0.461719 0.191667 0.463281 0.191667 0.464844 0.191667 0.465625 0.193056 0.477344 0.194444 0.478906 0.198611 0.475000 0.200000 0.478125 0.202778 0.482812 0.201389 0.478906 0.198611 0.477344 0.194444 0.489844 0.194444 0.492188 0.197222 0.498437 0.195833 0.499219 0.197222 0.504687 0.195833 0.503125 0.194444 0.502344 0.193056 0.499219 0.191667 0.492969 0.190278 0.493750 0.188889 0.492188 0.183333 0.495312 0.177778 0.496875 0.170833 0.498437 0.168056 0.501563 0.166667 0.505469 0.168056 0.509375 0.166667 0.511719 0.165278 0.515625 0.161111 0.517969 0.161111 0.523438 0.151389 0.524219 0.148611 0.525000 0.143056 0.525781 0.138889 0.527344 0.136111 0.528906 0.137500 0.530469 0.129167 0.531250 0.126389 0.532813 0.126389 0.534375 0.123611 0.535937 0.122222 0.539062 0.120833 0.542188 0.120833 0.545312 0.122222 0.546094 0.123611 0.548438 0.126389 0.552344 0.125000 0.556250 0.119444 0.567969 0.119444 0.574219 0.113889 0.576562 0.112500 0.579688 0.111111 0.584375 0.112500 0.590625 0.118056 0.594531 0.122222 0.596094 0.122222 0.599219 0.118056 0.601562 0.118056 0.603125 0.115278 0.603125 0.123611 0.603906 0.125000 0.604688 0.134722 0.603125 0.141667 0.603125 0.155556 0.604688 0.158333 0.606250 0.113889 0.603906 0.108333 0.603906 0.102778 0.603906 0.098611 0.604688 0.111111 0.606250 0.113889 0.607031 0.137500 0.607031 0.154167 0.606250 0.155556 0.606250 0.159722 0.604688 0.161111 0.604688 0.158333 0.601562 0.156944 0.599219 0.154167 0.596094 0.155556 0.595313 0.159722 0.589063 0.162500 0.587500 0.158333 0.585156 0.156944 0.583594 0.159722 0.578125 0.159722 0.576562 0.166667 0.575000 0.169444 0.572656 0.172222 0.567969 0.172222 0.566406 0.170833 0.566406 0.166667 0.561719 0.169444 0.559375 0.169444 0.558594 0.165278 0.556250 0.163889 0.555469 0.169444 0.551562 0.170833 0.550781 0.166667 0.549219 0.165278 0.546094 0.166667 0.546094 0.168056 0.542188 0.169444 0.541406 0.173611 0.539844 0.170833 0.537500 0.169444 0.535937 0.172222 0.538281 0.175000 0.539844 0.177778 0.539062 0.180556 0.537500 0.181944 0.536719 0.179167 0.535156 0.180556 0.534375 0.183333 0.530469 0.180556 0.528906 0.181944 0.526563 0.187500 0.525000 0.190278 0.523438 0.190278 0.521875 0.193056 0.522656 0.197222 0.521094 0.198611 0.520312 0.198611 0.521875 0.195833 0.515625 0.195833 0.517969 0.197222 0.518750 0.198611 0.520312 0.198611 0.521094 0.198611 0.517188 0.198611 0.510156 0.198611 0.513281 0.200000 0.512500 0.204167 0.514062 0.208333 0.514844 0.202778 0.521094 0.202778 0.521094 0.205556 0.517969 0.208333 0.515625 0.209722 0.513281 0.209722 0.512500 0.208333 0.510938 0.205556 0.510938 0.211111 0.512500 0.208333 0.513281 0.209722 0.510156 0.212500 0.510156 0.213889 0.508594 0.216667 0.511719 0.219444 0.513281 0.222222 0.510938 0.226389 0.509375 0.226389 0.507031 0.230556 0.507031 0.233333 0.507031 0.241667 0.506250 0.244444 0.503125 0.251389 0.500781 0.259722 0.500000 0.263889 0.499219 0.276389 0.498437 0.281944 0.496875 0.286111 0.496875 0.298611 0.493750 0.294444 0.490625 0.294444 0.489844 0.297222 0.489063 0.297222 0.489063 0.305556 0.492188 0.301389 0.493750 0.294444 0.496875 0.298611 0.496094 0.304167 0.493750 0.311111 0.492188 0.318056 0.491406 0.330556 0.486719 0.331944 0.484375 0.329167 0.484375 0.322222 0.486719 0.322222 0.485156 0.319444 0.484375 0.322222 0.484375 0.329167 0.483594 0.331944 0.486719 0.331944 0.491406 0.330556 0.492969 0.337500 0.494531 0.338889 0.497656 0.345833 0.499219 0.345833 0.500000 0.348611 0.496875 0.347222 0.496875 0.351389 0.497656 0.355556 0.498437 0.356944 0.499219 0.358333 0.499219 0.361111 0.500781 0.363889 0.503125 0.365278 0.498437 0.366667 0.496875 0.366667 0.495312 0.365278 0.492969 0.361111 0.493750 0.355556 0.491406 0.365278 0.489844 0.365278 0.489063 0.366667 0.485938 0.365278 0.478906 0.365278 0.476562 0.365278 0.469531 0.366667 0.462500 0.368056 0.460938 0.369444 0.458594 0.373611 0.457813 0.370833 0.456250 0.373611 0.455469 0.379167 0.455469 0.375000 0.454688 0.372222 0.453125 0.369444 0.453125 0.341667 0.452344 0.337500 0.451562 0.333333 0.450781 0.330556 0.448437 0.329167 0.448437 0.326389 0.450000 0.325000 0.447656 0.322222 0.445312 0.318056 0.445312 0.315278 0.443750 0.312500 0.443750 0.311111 0.442969 0.309722 0.442188 0.309722 0.440625 0.306944 0.439063 0.305556 0.435156 0.305556 0.432812 0.304167 0.431250 0.302778 0.429688 0.300000 0.428906 0.297222 0.428125 0.294444 0.428125 0.287500 0.427344 0.291667 0.425000 0.288889 0.423438 0.284722 0.422656 0.281944 0.421094 0.275000 0.421094 0.270833 0.420312 0.266667 0.419531 0.265278 0.418750 0.262500 0.417969 0.265278 0.416406 0.263889 0.415625 0.255556 0.414844 0.251389 0.414062 0.247222 0.412500 0.244444 0.410156 0.241667 0.407031 0.240278 0.404687 0.236111 0.402344 0.234722 0.400781 0.231944 0.398438 0.226389 0.396875 0.223611 0.393750 0.222222 0.392188 0.220833 0.391406 0.219444 0.391406 0.218056 0.389062 0.211111 0.382031 0.209722 0.378906 0.208333 0.377344 0.206944 0.375781 0.204167 0.374219 0.197222 0.373437 0.194444 0.372656 0.193056 0.371875 0.193056 0.367969 0.187500 0.367188 0.187500 0.366406 0.186111 0.364063 0.180556 0.362500 0.180556 0.361719 0.177778 0.360938 0.173611 0.360156 0.163889 0.359375 0.159722 0.358594 0.155556 0.356250 0.151389 0.355469 0.147222 0.357812 0.144444 0.358594 0.147222 0.359375 0.148611 0.360938 0.150000 0.365625 0.150000 0.368750 0.144444 0.369531 0.141667 0.369531 0.134722 0.369531 0.109722 0.369531 0.104167 0.367188 0.100000 0.360938 0.100000 0.358594 0.104167 0.357812 0.106944 0.357031 0.120833 0.357031 0.136111 0.357812 0.144444 0.355469 0.147222 0.352344 0.141667 0.348438 0.131944 0.348438 0.126389 0.346875 0.122222 0.345313 0.123611 0.343750 0.122222 0.342187 0.116667 0.343750 0.113889 0.345313 0.112500 0.343750 0.111111 0.346094 0.111111 0.349219 0.104167 0.351562 0.102778 0.352344 0.100000 0.353125 0.102778 0.355469 0.100000 0.357031 0.100000 0.360938 0.091667 0.364844 0.087500 0.367969 0.086111 0.369531 0.081944 0.370312 0.086111
21 0.635156 0.048611 0.635156 0.052778 0.638281 0.059722 0.639844 0.055556 0.639844 0.051389 0.638281 0.048611 0.635156 0.048611
21 0.010156 0.052778 0.013281 0.052778 0.014844 0.055556 0.014844 0.059722 0.013281 0.062500 0.010937 0.059722 0.005469 0.059722 0.003906 0.061111 0.000000 0.061111 0.000000 0.376389 0.002344 0.376389 0.009375 0.375000 0.011719 0.373611 0.013281 0.370833 0.015625 0.369444 0.021875 0.369444 0.017969 0.368056 0.021094 0.362500 0.021875 0.359722 0.021875 0.352778 0.019531 0.355556 0.018750 0.351389 0.019531 0.347222 0.021875 0.343056 0.023438 0.343056 0.025000 0.340278 0.025781 0.352778 0.026562 0.354167 0.026562 0.358333 0.026562 0.354167 0.025781 0.352778 0.025781 0.347222 0.026562 0.345833 0.026562 0.338889 0.025000 0.331944 0.025781 0.319444 0.026562 0.326389 0.026562 0.318056 0.025781 0.316667 0.026562 0.308333 0.025000 0.305556 0.025000 0.302778 0.025781 0.294444 0.025000 0.293056 0.025000 0.288889 0.023438 0.287500 0.022656 0.280556 0.021875 0.273611 0.023438 0.265278 0.024219 0.254167 0.024219 0.193056 0.023438 0.191667 0.023438 0.188889 0.022656 0.200000 0.022656 0.208333 0.021875 0.205556 0.021094 0.204167 0.021875 0.195833 0.021875 0.193056 0.020313 0.190278 0.017969 0.188889 0.017969 0.186111 0.016406 0.181944 0.016406 0.175000 0.014844 0.169444 0.014844 0.159722 0.015625 0.138889 0.017969 0.134722 0.020313 0.133333 0.021094 0.113889 0.019531 0.109722 0.019531 0.101389 0.020313 0.094444 0.021094 0.093056 0.021094 0.090278 0.019531 0.088889 0.018750 0.081944 0.017969 0.075000 0.018750 0.068056 0.018750 0.063889 0.017969 0.062500 0.017969 0.056944 0.017188 0.055556 0.017188 0.052778 0.014063 0.048611 0.010156 0.052778
21 0.967187 0.018056 0.965625 0.018056 0.964844 0.019444 0.963281 0.020833 0.965625 0.022222 0.967187 0.023611 0.970313 0.030556 0.972656 0.029167 0.974219 0.033333 0.975781 0.027778 0.978125 0.026389 0.981250 0.030556 0.981250 0.043056 0.980469 0.045833 0.983594 0.044444 0.981250 0.043056 0.981250 0.030556 0.982812 0.030556 0.982812 0.031944 0.985156 0.033333 0.985156 0.029167 0.982812 0.031944 0.982812 0.030556 0.988281 0.020833 0.990625 0.020833 0.992188 0.025000 0.994531 0.022222 0.994531 0.019444 0.989844 0.018056 0.993750 0.015278 0.995313 0.016667 0.996094 0.019444 0.996094 0.023611 0.997656 0.026389 0.999219 0.026389 0.999219 0.029167 0.997656 0.030556 0.998437 0.033333 0.998437 0.100000 0.996875 0.101389 0.996875 0.101389 0.993750 0.095833 0.992188 0.098611 0.996875 0.101389 0.996875 0.101389 0.992969 0.104167 0.990625 0.102778 0.988281 0.105556 0.986719 0.108333 0.985938 0.109722 0.985156 0.112500 0.984375 0.119444 0.985156 0.133333 0.983594 0.137500 0.983594 0.140278 0.987500 0.148611 0.992969 0.150000 0.993750 0.147222 0.996094 0.148611 0.996875 0.145833 0.999219 0.148611 0.999219 0.343056 0.996875 0.343056 0.996875 0.340278 0.996094 0.338889 0.996094 0.329167 0.995313 0.326389 0.994531 0.323611 0.991406 0.318056 0.989844 0.316667 0.987500 0.316667 0.985938 0.318056 0.985156 0.319444 0.985156 0.320833 0.983594 0.323611 0.982812 0.330556 0.979688 0.343056 0.978125 0.344444 0.976562 0.344444 0.975000 0.345833 0.974219 0.347222 0.973437 0.350000 0.972656 0.354167 0.972656 0.358333 0.971875 0.359722 0.971094 0.362500 0.967969 0.355556 0.964844 0.354167 0.965625 0.347222 0.967187 0.345833 0.967969 0.343056 0.967969 0.336111 0.968750 0.333333 0.972656 0.326389 0.974219 0.322222 0.975781 0.318056 0.976562 0.313889 0.976562 0.308333 0.975781 0.304167 0.975000 0.301389 0.974219 0.300000 0.971875 0.298611 0.970313 0.295833 0.970313 0.294444 0.969531 0.293056 0.966406 0.288889 0.962500 0.287500 0.957812 0.287500 0.953125 0.284722 0.950781 0.283333 0.949219 0.280556 0.947656 0.279167 0.945312 0.279167 0.941406 0.280556 0.935156 0.276389 0.925000 0.276389 0.924219 0.273611 0.927344 0.273611 0.925781 0.270833 0.924219 0.273611 0.925000 0.276389 0.921875 0.273611 0.917969 0.272222 0.907813 0.272222 0.904687 0.269444 0.901563 0.268056 0.899219 0.268056 0.889062 0.269444 0.887500 0.268056 0.888281 0.250000 0.889844 0.240278 0.889062 0.222222 0.890625 0.204167 0.889844 0.197222 0.888281 0.194444 0.892969 0.194444 0.893750 0.193056 0.911719 0.193056 0.914062 0.191667 0.915625 0.190278 0.917188 0.187500 0.917969 0.184722 0.918750 0.170833 0.918750 0.162500 0.917969 0.155556 0.916406 0.152778 0.914062 0.151389 0.903906 0.151389 0.873437 0.152778 0.861719 0.155556 0.857031 0.154167 0.855469 0.155556 0.853906 0.158333 0.853125 0.162500 0.853125 0.187500 0.853906 0.190278 0.856250 0.194444 0.876563 0.194444 0.876563 0.209722 0.875781 0.220833 0.874219 0.227778 0.874219 0.237500 0.875000 0.266667 0.877344 0.270833 0.863281 0.272222 0.859375 0.275000 0.857031 0.276389 0.850781 0.275000 0.843750 0.276389 0.835938 0.279167 0.821875 0.279167 0.814063 0.283333 0.808594 0.290278 0.805469 0.291667 0.804688 0.294444 0.801562 0.305556 0.800781 0.309722 0.800000 0.313889 0.800000 0.322222 0.798438 0.327778 0.798438 0.330556 0.792969 0.330556 0.792188 0.331944 0.785937 0.331944 0.782813 0.329167 0.779687 0.331944 0.778906 0.333333 0.772656 0.334722 0.769531 0.334722 0.768750 0.333333 0.765625 0.333333 0.764844 0.334722 0.760938 0.334722 0.751563 0.333333 0.749219 0.337500 0.749219 0.341667 0.747656 0.344444 0.742969 0.344444 0.737500 0.347222 0.735156 0.348611 0.732031 0.352778 0.728125 0.352778 0.716406 0.330556 0.717969 0.327778 0.718750 0.322222 0.720313 0.301389 0.725000 0.300000 0.725000 0.295833 0.725781 0.291667 0.725000 0.288889 0.718750 0.287500 0.715625 0.288889 0.714844 0.293056 0.713281 0.295833 0.712500 0.295833 0.714844 0.297222 0.716406 0.297222 0.717969 0.300000 0.720313 0.301389 0.718750 0.322222 0.714063 0.320833 0.713281 0.323611 0.708594 0.329167 0.710156 0.330556 0.710938 0.331944 0.714844 0.331944 0.716406 0.330556 0.728125 0.352778 0.725781 0.356944 0.725781 0.359722 0.728125 0.363889 0.726562 0.369444 0.724219 0.375000 0.722656 0.373611 0.720313 0.368056 0.718750 0.373611 0.716406 0.373611 0.710938 0.384722 0.709375 0.387500 0.704688 0.394444 0.702344 0.398611 0.702344 0.400000 0.700000 0.404167 0.699219 0.408333 0.699219 0.412500 0.698438 0.415278 0.698438 0.412500 0.699219 0.411111 0.700000 0.404167 0.700000 0.388889 0.698438 0.383333 0.698438 0.376389 0.697656 0.373611 0.696094 0.370833 0.693750 0.369444 0.690625 0.369444 0.687500 0.370833 0.684375 0.375000 0.682813 0.369444 0.681250 0.366667 0.676562 0.366667 0.675000 0.369444 0.673438 0.372222 0.672656 0.373611 0.672656 0.375000 0.671094 0.377778 0.670312 0.387500 0.671094 0.402778 0.671094 0.408333 0.669531 0.390278 0.669531 0.381944 0.668750 0.377778 0.667969 0.375000 0.667188 0.372222 0.664844 0.368056 0.661719 0.366667 0.660156 0.369444 0.657813 0.377778 0.656250 0.384722 0.655469 0.391667 0.655469 0.398611 0.656250 0.400000 0.656250 0.408333 0.642188 0.409722 0.641406 0.408333 0.639844 0.408333 0.639844 0.402778 0.641406 0.386111 0.639844 0.380556 0.639844 0.377778 0.639062 0.375000 0.634375 0.373611 0.631250 0.379167 0.630469 0.383333 0.629687 0.388889 0.629687 0.400000 0.629687 0.395833 0.628906 0.394444 0.628906 0.390278 0.628125 0.387500 0.627344 0.384722 0.626563 0.383333 0.624219 0.381944 0.623437 0.377778 0.619531 0.380556 0.617969 0.380556 0.615625 0.379167 0.615625 0.376389 0.614844 0.375000 0.614844 0.366667 0.617969 0.363889 0.614844 0.362500 0.614844 0.359722 0.616406 0.358333 0.616406 0.350000 0.614844 0.345833 0.615625 0.340278 0.614844 0.316667 0.614062 0.312500 0.617188 0.311111 0.619531 0.312500 0.625000 0.309722 0.629687 0.311111 0.633594 0.309722 0.635156 0.308333 0.636719 0.301389 0.639062 0.297222 0.639062 0.287500 0.635156 0.277778 0.634375 0.273611 0.632812 0.276389 0.632812 0.279167 0.631250 0.276389 0.629687 0.276389 0.629687 0.273611 0.627344 0.270833 0.628906 0.268056 0.629687 0.263889 0.631250 0.268056 0.632812 0.269444 0.636719 0.261111 0.638281 0.259722 0.641406 0.262500 0.647656 0.262500 0.650781 0.262500 0.653125 0.261111 0.654687 0.255556 0.653906 0.245833 0.655469 0.245833 0.657813 0.244444 0.659375 0.244444 0.660937 0.241667 0.661719 0.238889 0.661719 0.230556 0.658594 0.225000 0.656250 0.226389 0.656250 0.222222 0.657031 0.220833 0.654687 0.215278 0.655469 0.209722 0.654687 0.206944 0.655469 0.202778 0.657813 0.205556 0.660156 0.202778 0.660156 0.200000 0.657813 0.190278 0.657031 0.184722 0.652344 0.176389 0.650000 0.173611 0.648438 0.172222 0.646875 0.170833 0.638281 0.170833 0.635938 0.168056 0.633594 0.168056 0.626563 0.175000 0.622656 0.175000 0.619531 0.173611 0.621094 0.172222 0.621875 0.168056 0.619531 0.163889 0.618750 0.159722 0.615625 0.161111 0.616406 0.166667 0.618750 0.168056 0.621094 0.172222 0.619531 0.173611 0.617188 0.172222 0.615625 0.170833 0.612500 0.166667 0.611719 0.165278 0.610938 0.162500 0.610156 0.158333 0.609375 0.148611 0.609375 0.137500 0.610156 0.111111 0.614062 0.111111 0.615625 0.109722 0.618750 0.104167 0.619531 0.093056 0.617969 0.088889 0.617969 0.088889 0.619531 0.087500 0.617969 0.084722 0.616406 0.086111 0.617969 0.088889 0.617969 0.088889 0.615625 0.090278 0.616406 0.086111 0.620313 0.084722 0.621875 0.083333 0.622656 0.081944 0.622656 0.080556 0.624219 0.079167 0.623437 0.083333 0.625000 0.084722 0.625000 0.090278 0.626563 0.093056 0.626563 0.094444 0.629687 0.095833 0.631250 0.093056 0.631250 0.088889 0.633594 0.087500 0.632031 0.077778 0.632031 0.054167 0.632031 0.051389 0.633594 0.051389 0.632812 0.061111 0.633594 0.063889 0.634375 0.065278 0.635938 0.066667 0.638281 0.068056 0.639062 0.070833 0.639062 0.075000 0.640625 0.077778 0.642969 0.080556 0.646094 0.081944 0.646875 0.086111 0.650000 0.088889 0.653906 0.090278 0.655469 0.088889 0.656250 0.087500 0.657031 0.083333 0.658594 0.080556 0.661719 0.080556 0.663281 0.083333 0.664844 0.079167 0.669531 0.079167 0.667188 0.084722 0.667188 0.088889 0.668750 0.091667 0.671094 0.087500 0.671094 0.084722 0.672656 0.087500 0.673438 0.084722 0.675781 0.087500 0.680469 0.088889 0.681250 0.093056 0.680469 0.097222 0.678125 0.093056 0.675781 0.094444 0.678906 0.098611 0.680469 0.097222 0.681250 0.093056 0.683594 0.091667 0.685937 0.095833 0.686719 0.097222 0.687500 0.100000 0.687500 0.105556 0.688281 0.111111 0.686719 0.112500 0.686719 0.116667 0.686719 0.118056 0.691406 0.115278 0.686719 0.112500 0.688281 0.111111 0.692969 0.112500 0.695312 0.113889 0.694531 0.116667 0.696875 0.118056 0.695312 0.113889 0.692969 0.112500 0.696094 0.109722 0.701562 0.109722 0.711719 0.112500 0.714063 0.112500 0.716406 0.111111 0.717969 0.108333 0.719531 0.101389 0.721094 0.098611 0.721094 0.097222 0.721875 0.095833 0.722656 0.095833 0.724219 0.095833 0.725000 0.088889 0.725781 0.087500 0.725781 0.083333 0.726562 0.086111 0.729688 0.080556 0.733594 0.076389 0.731250 0.072222 0.728906 0.076389 0.727344 0.077778 0.729688 0.072222 0.731250 0.070833 0.735938 0.072222 0.737500 0.066667 0.738281 0.066667 0.739062 0.065278 0.740625 0.058333 0.742969 0.055556 0.746875 0.054167 0.748437 0.054167 0.749219 0.056944 0.751563 0.058333 0.749219 0.061111 0.750000 0.068056 0.752344 0.065278 0.751563 0.062500 0.753906 0.062500 0.755469 0.059722 0.755469 0.056944 0.749219 0.056944 0.748437 0.054167 0.757031 0.055556 0.760156 0.058333 0.762500 0.058333 0.763281 0.061111 0.763281 0.063889 0.771094 0.065278 0.772656 0.066667 0.774219 0.070833 0.771875 0.076389 0.771094 0.076389 0.768750 0.072222 0.766406 0.072222 0.764844 0.073611 0.762500 0.076389 0.766406 0.079167 0.770312 0.079167 0.772656 0.081944 0.771875 0.076389 0.774219 0.070833 0.776563 0.072222 0.778125 0.075000 0.778125 0.076389 0.779687 0.079167 0.784375 0.080556 0.786719 0.084722 0.787500 0.087500 0.786719 0.091667 0.788281 0.094444 0.787500 0.087500 0.786719 0.084722 0.790625 0.093056 0.790625 0.095833 0.792969 0.100000 0.794531 0.105556 0.796094 0.101389 0.800000 0.105556 0.800781 0.106944 0.801562 0.109722 0.800781 0.111111 0.803125 0.115278 0.806250 0.119444 0.807031 0.119444 0.808594 0.122222 0.808594 0.125000 0.810156 0.126389 0.810156 0.130556 0.811719 0.130556 0.812500 0.134722 0.814063 0.137500 0.815625 0.138889 0.817187 0.138889 0.818750 0.140278 0.821094 0.143056 0.821875 0.145833 0.824219 0.143056 0.831250 0.144444 0.835156 0.144444 0.837500 0.143056 0.841406 0.138889 0.844531 0.140278 0.846094 0.138889 0.846875 0.137500 0.847656 0.136111 0.849219 0.136111 0.851562 0.131944 0.853906 0.130556 0.857031 0.126389 0.858594 0.123611 0.859375 0.122222 0.860156 0.120833 0.867188 0.106944 0.867188 0.106944 0.866406 0.108333 0.867188 0.112500 0.868750 0.111111 0.868750 0.106944 0.867969 0.102778 0.867188 0.106944 0.867188 0.106944 0.867188 0.101389 0.870313 0.098611 0.871094 0.094444 0.873437 0.091667 0.874219 0.087500 0.874219 0.084722 0.876563 0.088889 0.876563 0.083333 0.879687 0.086111 0.882812 0.086111 0.884375 0.084722 0.885156 0.083333 0.888281 0.076389 0.889844 0.075000 0.892188 0.080556 0.893750 0.072222 0.896094 0.068056 0.896875 0.063889 0.896875 0.058333 0.899219 0.055556 0.902344 0.056944 0.903906 0.055556 0.906250 0.052778 0.906250 0.047222 0.904687 0.045833 0.900781 0.045833 0.903125 0.044444 0.903906 0.043056 0.907031 0.041667 0.909375 0.044444 0.910156 0.050000 0.910937 0.052778 0.913281 0.056944 0.921875 0.058333 0.925000 0.056944 0.923438 0.055556 0.928125 0.054167 0.929688 0.054167 0.931250 0.052778 0.931250 0.050000 0.935156 0.048611 0.942969 0.050000 0.946875 0.048611 0.950000 0.045833 0.952344 0.040278 0.953906 0.036111 0.953906 0.034722 0.954688 0.033333 0.959375 0.027778 0.960938 0.023611 0.966406 0.015278 0.967187 0.018056
21 0.353906 0.000000 0.353906 0.018056 0.355469 0.031944 0.355469 0.045833 0.356250 0.061111 0.357812 0.072222 0.360156 0.069444 0.364063 0.068056 0.366406 0.069444 0.367969 0.070833 0.364844 0.072222 0.362500 0.075000 0.358594 0.080556 0.357812 0.080556 0.357031 0.084722 0.355469 0.087500 0.353125 0.090278 0.350000 0.094444 0.347656 0.095833 0.346094 0.100000 0.342187 0.102778 0.338281 0.108333 0.334375 0.112500 0.332031 0.112500 0.332031 0.108333 0.330469 0.105556 0.329688 0.105556 0.328125 0.102778 0.329688 0.100000 0.332813 0.102778 0.334375 0.098611 0.328125 0.098611 0.329688 0.100000 0.328125 0.102778 0.327344 0.108333 0.326562 0.111111 0.325000 0.109722 0.323437 0.106944 0.324219 0.101389 0.321875 0.105556 0.318750 0.104167 0.319531 0.100000 0.321094 0.098611 0.318750 0.097222 0.318750 0.104167 0.321875 0.105556 0.321094 0.112500 0.318750 0.113889 0.317969 0.119444 0.315625 0.120833 0.314063 0.122222 0.315625 0.120833 0.314063 0.118056 0.312500 0.113889 0.309375 0.113889 0.309375 0.115278 0.309375 0.119444 0.312500 0.113889 0.314063 0.118056 0.312500 0.119444 0.312500 0.120833 0.310937 0.123611 0.311719 0.126389 0.313281 0.127778 0.310937 0.130556 0.310937 0.133333 0.310937 0.137500 0.310156 0.137500 0.309375 0.141667 0.310156 0.143056 0.310156 0.147222 0.310937 0.148611 0.310156 0.152778 0.306250 0.150000 0.304688 0.151389 0.303125 0.152778 0.302344 0.148611 0.303125 0.145833 0.300000 0.144444 0.298438 0.147222 0.299219 0.150000 0.302344 0.148611 0.303125 0.152778 0.301563 0.154167 0.300781 0.158333 0.299219 0.161111 0.298438 0.161111 0.296094 0.165278 0.294531 0.165278 0.293750 0.169444 0.294531 0.180556 0.293750 0.186111 0.292969 0.188889 0.290625 0.193056 0.287500 0.193056 0.285938 0.191667 0.285938 0.187500 0.284375 0.190278 0.285156 0.194444 0.285938 0.191667 0.287500 0.193056 0.288281 0.200000 0.287500 0.202778 0.286719 0.202778 0.285938 0.204167 0.285156 0.206944 0.285156 0.209722 0.285938 0.211111 0.285938 0.213889 0.283594 0.219444 0.281250 0.222222 0.280469 0.216667 0.278125 0.219444 0.278125 0.222222 0.280469 0.222222 0.281250 0.222222 0.283594 0.219444 0.286719 0.220833 0.285938 0.223611 0.285938 0.226389 0.286719 0.230556 0.283594 0.230556 0.281250 0.233333 0.279687 0.233333 0.278906 0.230556 0.278125 0.233333 0.276562 0.230556 0.275000 0.231944 0.271875 0.234722 0.270313 0.236111 0.269531 0.240278 0.267188 0.243056 0.268750 0.245833 0.268750 0.250000 0.265625 0.250000 0.264062 0.252778 0.264844 0.256944 0.265625 0.256944 0.267188 0.259722 0.265625 0.263889 0.266406 0.266667 0.266406 0.268056 0.268750 0.269444 0.268750 0.275000 0.271094 0.276389 0.271094 0.279167 0.268750 0.281944 0.268750 0.284722 0.269531 0.287500 0.272656 0.288889 0.273438 0.291667 0.275000 0.290278 0.275781 0.287500 0.278125 0.290278 0.277344 0.294444 0.278125 0.297222 0.280469 0.300000 0.281250 0.313889 0.281250 0.318056 0.280469 0.331944 0.281250 0.361111 0.279687 0.365278 0.280469 0.372222 0.279687 0.376389 0.279687 0.379167 0.280469 0.381944 0.281250 0.386111 0.279687 0.386111 0.278906 0.390278 0.275781 0.393056 0.270313 0.391667 0.269531 0.398611 0.266406 0.400000 0.262500 0.406944 0.264844 0.411111 0.263281 0.415278 0.261719 0.416667 0.257812 0.416667 0.255469 0.420833 0.255469 0.426389 0.256250 0.427778 0.255469 0.436111 0.256250 0.441667 0.251563 0.438889 0.250781 0.437500 0.249219 0.437500 0.246094 0.433333 0.244531 0.430556 0.239844 0.436111 0.238281 0.434722 0.239844 0.433333 0.236719 0.431944 0.235156 0.429167 0.232813 0.430556 0.232031 0.427778 0.231250 0.429167 0.229687 0.425000 0.228906 0.418056 0.228906 0.405556 0.228125 0.402778 0.226562 0.400000 0.226562 0.398611 0.225781 0.397222 0.225000 0.397222 0.222656 0.394444 0.219531 0.388889 0.218750 0.388889 0.216406 0.384722 0.218750 0.383333 0.219531 0.380556 0.220312 0.375000 0.223438 0.375000 0.225781 0.370833 0.227344 0.373611 0.229687 0.373611 0.228125 0.370833 0.227344 0.373611 0.225781 0.370833 0.225781 0.363889 0.227344 0.361111 0.227344 0.359722 0.231250 0.356944 0.234375 0.355556 0.234375 0.355556 0.232031 0.359722 0.231250 0.362500 0.232031 0.365278 0.234375 0.361111 0.236719 0.359722 0.234375 0.355556 0.234375 0.355556 0.243750 0.355556 0.242188 0.359722 0.241406 0.358333 0.240625 0.355556 0.239063 0.358333 0.239844 0.362500 0.241406 0.365278 0.242188 0.359722 0.243750 0.355556 0.246094 0.356944 0.251563 0.351389 0.254688 0.348611 0.256250 0.345833 0.257031 0.330556 0.257031 0.313889 0.256250 0.308333 0.255469 0.305556 0.254688 0.302778 0.250000 0.290278 0.246875 0.284722 0.242969 0.280556 0.241406 0.276389 0.238281 0.273611 0.239063 0.272222 0.242188 0.269444 0.238281 0.266667 0.236719 0.269444 0.239063 0.272222 0.238281 0.273611 0.232031 0.273611 0.225000 0.269444 0.220312 0.269444 0.214844 0.265278 0.203125 0.265278 0.200781 0.266667 0.199219 0.268056 0.197656 0.269444 0.195312 0.273611 0.192969 0.276389 0.189062 0.276389 0.188281 0.273611 0.185938 0.273611 0.184375 0.276389 0.182812 0.277778 0.180469 0.276389 0.179688 0.277778 0.177344 0.277778 0.175000 0.276389 0.172656 0.273611 0.169531 0.272222 0.165625 0.272222 0.161719 0.276389 0.160156 0.276389 0.158594 0.276389 0.157031 0.273611 0.154688 0.275000 0.153906 0.277778 0.150781 0.280556 0.151562 0.283333 0.147656 0.291667 0.148438 0.286111 0.146875 0.281944 0.146094 0.284722 0.148438 0.286111 0.147656 0.291667 0.146875 0.294444 0.142187 0.291667 0.141406 0.286111 0.140625 0.290278 0.142187 0.291667 0.146875 0.294444 0.146094 0.297222 0.145313 0.301389 0.143750 0.302778 0.141406 0.304167 0.139063 0.308333 0.138281 0.312500 0.138281 0.318056 0.139063 0.319444 0.139844 0.327778 0.139063 0.340278 0.139063 0.345833 0.139063 0.356944 0.135937 0.359722 0.132812 0.361111 0.133594 0.363889 0.135937 0.359722 0.139063 0.356944 0.139844 0.368056 0.140625 0.370833 0.142187 0.373611 0.143750 0.373611 0.149219 0.373611 0.147656 0.380556 0.146094 0.383333 0.142187 0.387500 0.143750 0.390278 0.148438 0.391667 0.149219 0.387500 0.148438 0.386111 0.147656 0.380556 0.149219 0.373611 0.154688 0.372222 0.157031 0.373611 0.159375 0.375000 0.160938 0.376389 0.161719 0.383333 0.162500 0.383333 0.163281 0.384722 0.163281 0.386111 0.164062 0.388889 0.160938 0.383333 0.160156 0.391667 0.163281 0.397222 0.164844 0.395833 0.161719 0.398611 0.161719 0.400000 0.158594 0.402778 0.154688 0.404167 0.150781 0.409722 0.150000 0.409722 0.149219 0.411111 0.148438 0.413889 0.148438 0.420833 0.147656 0.427778 0.146875 0.430556 0.143750 0.433333 0.138281 0.436111 0.132031 0.437500 0.129688 0.437500 0.129688 0.434722 0.128125 0.431944 0.121875 0.434722 0.119531 0.436111 0.117969 0.437500 0.116406 0.438889 0.114062 0.443056 0.111719 0.441667 0.114062 0.433333 0.114062 0.419444 0.113281 0.412500 0.112500 0.409722 0.107813 0.398611 0.104688 0.395833 0.102344 0.394444 0.099219 0.393056 0.095312 0.394444 0.093750 0.397222 0.092188 0.397222 0.087500 0.388889 0.083594 0.384722 0.079687 0.384722 0.075781 0.381944 0.053125 0.383333 0.046094 0.383333 0.044531 0.380556 0.045312 0.368056 0.045312 0.363889 0.043750 0.358333 0.044531 0.351389 0.044531 0.347222 0.042969 0.344444 0.042188 0.333333 0.041406 0.308333 0.042969 0.291667 0.062500 0.300000 0.063281 0.306944 0.064062 0.311111 0.064844 0.315278 0.065625 0.318056 0.068750 0.323611 0.071094 0.325000 0.074219 0.326389 0.078125 0.326389 0.081250 0.325000 0.082812 0.323611 0.084375 0.322222 0.087500 0.316667 0.088281 0.313889 0.088281 0.291667 0.087500 0.288889 0.085156 0.284722 0.083594 0.283333 0.081250 0.281944 0.076563 0.280556 0.067969 0.280556 0.065625 0.283333 0.064062 0.286111 0.063281 0.288889 0.062500 0.300000 0.042969 0.291667 0.042188 0.275000 0.041406 0.283333 0.041406 0.268056 0.040625 0.266667 0.039844 0.231944 0.040625 0.215278 0.039844 0.195833 0.042188 0.188889 0.042188 0.179167 0.041406 0.172222 0.039844 0.165278 0.039844 0.155556 0.041406 0.154167 0.042188 0.148611 0.042188 0.143056 0.040625 0.137500 0.039062 0.136111 0.038281 0.136111 0.036719 0.120833 0.036719 0.083333 0.035156 0.073611 0.035937 0.062500 0.035937 0.058333 0.035156 0.056944 0.035937 0.051389 0.034375 0.044444 0.035156 0.038889 0.037500 0.036111 0.039844 0.034722 0.046875 0.034722 0.047656 0.033333 0.049219 0.031944 0.047656 0.029167 0.046094 0.027778 0.042969 0.026389 0.040625 0.026389 0.041406 0.020833 0.039062 0.016667 0.040625 0.015278 0.042188 0.012500 0.040625 0.009722 0.036719 0.009722 0.036719 0.006944 0.037500 0.004167 0.039844 0.002778 0.041406 0.000000 0.353906 0.000000
22 0.990625 0.480556 0.989844 0.486111 0.992188 0.486111 0.993750 0.484722 0.993750 0.480556 0.990625 0.480556
23 0.166406 0.429167 0.164062 0.430556 0.162500 0.433333 0.164844 0.430556 0.166406 0.429167
24 0.596094 0.338889 0.596094 0.341667 0.594531 0.345833 0.594531 0.351389 0.595313 0.344444 0.596875 0.347222 0.596875 0.354167 0.597656 0.351389 0.597656 0.341667 0.596094 0.338889
24 0.606250 0.263889 0.605469 0.265278 0.603125 0.265278 0.603906 0.268056 0.605469 0.273611 0.604688 0.277778 0.606250 0.266667 0.606250 0.281944 0.606250 0.284722 0.606250 0.293056 0.604688 0.293056 0.605469 0.302778 0.606250 0.297222 0.607812 0.300000 0.607812 0.312500 0.606250 0.319444 0.604688 0.319444 0.603125 0.320833 0.600781 0.323611 0.605469 0.323611 0.607031 0.326389 0.607031 0.329167 0.606250 0.340278 0.604688 0.344444 0.604688 0.347222 0.605469 0.351389 0.606250 0.354167 0.605469 0.356944 0.607031 0.361111 0.598437 0.363889 0.599219 0.368056 0.600781 0.369444 0.602344 0.368056 0.603125 0.365278 0.605469 0.365278 0.607812 0.363889 0.607812 0.373611 0.606250 0.381944 0.607812 0.394444 0.607812 0.398611 0.606250 0.418056 0.606250 0.420833 0.607812 0.423611 0.609375 0.426389 0.610156 0.431944 0.610938 0.426389 0.610938 0.420833 0.612500 0.418056 0.613281 0.406944 0.613281 0.391667 0.617188 0.384722 0.617188 0.383333 0.618750 0.380556 0.617969 0.375000 0.617188 0.380556 0.614844 0.379167 0.614062 0.375000 0.614062 0.366667 0.615625 0.363889 0.617188 0.363889 0.614062 0.362500 0.614844 0.361111 0.614062 0.359722 0.615625 0.358333 0.615625 0.350000 0.614062 0.345833 0.614844 0.338889 0.614844 0.315278 0.613281 0.312500 0.613281 0.309722 0.613281 0.301389 0.614062 0.295833 0.615625 0.293056 0.615625 0.290278 0.614844 0.287500 0.613281 0.284722 0.613281 0.266667 0.614844 0.263889 0.606250 0.263889
24 0.289062 0.241667 0.291406 0.245833 0.290625 0.248611 0.286719 0.248611 0.285156 0.255556 0.285156 0.259722 0.285938 0.261111 0.286719 0.263889 0.287500 0.256944 0.289062 0.256944 0.289844 0.255556 0.292969 0.255556 0.293750 0.258333 0.292969 0.262500 0.292187 0.266667 0.290625 0.269444 0.289062 0.268056 0.288281 0.273611 0.285938 0.275000 0.285938 0.281944 0.287500 0.287500 0.290625 0.291667 0.291406 0.291667 0.292969 0.294444 0.292969 0.301389 0.291406 0.305556 0.292187 0.311111 0.289844 0.312500 0.287500 0.316667 0.286719 0.320833 0.286719 0.327778 0.288281 0.343056 0.286719 0.344444 0.287500 0.350000 0.288281 0.354167 0.289062 0.359722 0.291406 0.365278 0.289844 0.377778 0.291406 0.379167 0.291406 0.384722 0.289844 0.386111 0.289844 0.391667 0.291406 0.394444 0.292969 0.394444 0.292969 0.397222 0.292969 0.397222 0.291406 0.400000 0.292969 0.402778 0.292969 0.397222 0.292969 0.397222 0.293750 0.398611 0.293750 0.404167 0.295312 0.405556 0.292969 0.411111 0.292969 0.413889 0.293750 0.416667 0.296094 0.419444 0.293750 0.422222 0.292187 0.422222 0.290625 0.423611 0.289062 0.426389 0.287500 0.430556 0.285938 0.434722 0.285938 0.440278 0.284375 0.443056 0.282813 0.444444 0.281250 0.443056 0.279687 0.440278 0.279687 0.429167 0.280469 0.413889 0.281250 0.408333 0.282031 0.406944 0.282031 0.404167 0.279687 0.402778 0.282031 0.401389 0.282813 0.398611 0.282813 0.390278 0.279687 0.388889 0.281250 0.384722 0.281250 0.381944 0.280469 0.379167 0.280469 0.375000 0.280469 0.365278 0.282031 0.361111 0.281250 0.331944 0.282031 0.318056 0.281250 0.312500 0.280469 0.315278 0.281250 0.312500 0.282031 0.294444 0.281250 0.291667 0.278125 0.288889 0.279687 0.288889 0.281250 0.275000 0.281250 0.269444 0.279687 0.245833 0.279687 0.241667 0.289062 0.241667
24 0.539844 0.206944 0.542188 0.206944 0.544531 0.209722 0.548438 0.209722 0.553906 0.212500 0.556250 0.215278 0.559375 0.216667 0.561719 0.216667 0.564844 0.218056 0.567187 0.220833 0.571875 0.222222 0.574219 0.223611 0.578906 0.227778 0.581250 0.229167 0.585938 0.230556 0.590625 0.234722 0.592969 0.234722 0.596875 0.237500 0.593750 0.236111 0.591406 0.234722 0.582812 0.227778 0.580469 0.227778 0.575781 0.223611 0.571094 0.220833 0.567969 0.220833 0.563281 0.216667 0.557813 0.215278 0.553125 0.211111 0.550000 0.211111 0.549219 0.208333 0.546094 0.209722 0.542969 0.206944 0.539844 0.206944
24 0.877344 0.194444 0.877344 0.209722 0.876563 0.220833 0.875000 0.227778 0.875000 0.237500 0.875781 0.266667 0.876563 0.269444 0.878125 0.272222 0.880469 0.272222 0.891406 0.270833 0.889062 0.270833 0.888281 0.269444 0.886719 0.268056 0.887500 0.250000 0.889062 0.238889 0.888281 0.222222 0.889844 0.202778 0.889062 0.197222 0.887500 0.194444 0.877344 0.194444
24 0.461719 0.186111 0.459375 0.191667 0.460938 0.191667 0.464844 0.190278 0.477344 0.193056 0.489844 0.193056 0.492969 0.195833 0.498437 0.194444 0.499219 0.195833 0.503906 0.195833 0.502344 0.194444 0.499219 0.193056 0.493750 0.193056 0.492188 0.190278 0.492969 0.188889 0.492188 0.186111 0.489063 0.187500 0.490625 0.187500 0.492188 0.190278 0.489063 0.191667 0.488281 0.190278 0.484375 0.188889 0.487500 0.187500 0.474219 0.186111 0.463281 0.186111 0.461719 0.186111
24 0.605469 0.125000 0.604688 0.127778 0.605469 0.134722 0.603906 0.141667 0.605469 0.156944 0.605469 0.125000
24 0.615625 0.084722 0.614844 0.087500 0.614062 0.087500 0.612500 0.090278 0.612500 0.093056 0.613281 0.090278 0.614062 0.091667 0.615625 0.087500 0.615625 0.084722
24 0.367188 0.072222 0.364844 0.073611 0.357812 0.081944 0.357031 0.086111 0.356250 0.087500 0.355469 0.088889 0.352344 0.091667 0.350000 0.095833 0.347656 0.097222 0.346875 0.098611 0.346875 0.100000 0.346094 0.101389 0.344531 0.102778 0.342187 0.104167 0.338281 0.109722 0.334375 0.113889 0.333594 0.115278 0.335156 0.116667 0.337500 0.122222 0.339062 0.120833 0.339844 0.112500 0.341406 0.112500 0.342969 0.115278 0.344531 0.112500 0.342969 0.111111 0.346094 0.109722 0.349219 0.102778 0.350781 0.101389 0.352344 0.098611 0.353125 0.101389 0.355469 0.098611 0.357031 0.098611 0.360156 0.091667 0.360938 0.090278 0.363281 0.088889 0.364844 0.086111 0.368750 0.083333 0.369531 0.080556 0.369531 0.076389 0.368750 0.075000 0.368750 0.072222 0.367188 0.072222
24 0.595313 0.072222 0.595313 0.075000 0.596875 0.077778 0.597656 0.077778 0.598437 0.086111 0.600000 0.088889 0.600000 0.091667 0.601562 0.091667 0.603906 0.095833 0.603125 0.098611 0.603906 0.095833 0.603125 0.093056 0.600781 0.086111 0.600781 0.081944 0.600000 0.077778 0.599219 0.075000 0.598437 0.072222 0.595313 0.072222
24 0.532031 0.016667 0.534375 0.022222 0.535937 0.020833 0.542188 0.023611 0.560156 0.023611 0.563281 0.022222 0.567187 0.025000 0.569531 0.023611 0.571875 0.027778 0.574219 0.027778 0.579688 0.033333 0.582031 0.033333 0.585938 0.037500 0.586719 0.038889 0.586719 0.040278 0.591406 0.048611 0.592969 0.048611 0.594531 0.045833 0.594531 0.051389 0.596875 0.055556 0.600000 0.054167 0.600000 0.056944 0.599219 0.058333 0.599219 0.061111 0.601562 0.065278 0.601562 0.055556 0.605469 0.059722 0.606250 0.062500 0.605469 0.068056 0.603125 0.068056 0.603906 0.073611 0.605469 0.080556 0.605469 0.086111 0.607031 0.088889 0.607812 0.094444 0.608594 0.100000 0.609375 0.111111 0.608594 0.137500 0.608594 0.148611 0.609375 0.158333 0.610156 0.162500 0.610938 0.165278 0.613281 0.168056 0.612500 0.175000 0.612500 0.188889 0.611719 0.172222 0.610938 0.176389 0.609375 0.177778 0.608594 0.180556 0.610156 0.183333 0.610938 0.194444 0.610938 0.216667 0.612500 0.218056 0.610938 0.220833 0.610938 0.230556 0.613281 0.230556 0.614062 0.236111 0.613281 0.237500 0.613281 0.241667 0.614844 0.245833 0.613281 0.245833 0.612500 0.236111 0.611719 0.245833 0.607031 0.245833 0.603125 0.243056 0.601562 0.240278 0.598437 0.238889 0.600000 0.240278 0.601562 0.238889 0.606250 0.240278 0.607031 0.183333 0.608594 0.176389 0.607031 0.173611 0.607812 0.169444 0.608594 0.169444 0.608594 0.165278 0.606250 0.166667 0.604688 0.168056 0.605469 0.161111 0.607031 0.159722 0.607812 0.154167 0.607812 0.137500 0.607031 0.113889 0.606250 0.095833 0.604688 0.091667 0.604688 0.087500 0.602344 0.076389 0.601562 0.073611 0.600000 0.070833 0.599219 0.068056 0.600781 0.068056 0.603125 0.068056 0.599219 0.059722 0.597656 0.056944 0.592187 0.047222 0.588281 0.045833 0.585156 0.040278 0.583594 0.038889 0.582812 0.043056 0.582812 0.045833 0.582031 0.043056 0.582031 0.038889 0.579688 0.034722 0.578125 0.033333 0.577344 0.036111 0.575781 0.037500 0.575000 0.033333 0.570312 0.034722 0.571875 0.033333 0.571875 0.029167 0.570312 0.027778 0.567969 0.026389 0.564063 0.025000 0.541406 0.025000 0.540625 0.023611 0.532813 0.023611 0.528125 0.022222 0.526563 0.025000 0.537500 0.026389 0.540625 0.023611 0.541406 0.025000 0.536719 0.029167 0.534375 0.029167 0.532031 0.031944 0.525781 0.030556 0.525000 0.027778 0.525000 0.022222 0.530469 0.020833 0.532031 0.016667
24 0.040625 0.000000 0.037500 0.002778 0.036719 0.004167 0.035937 0.006944 0.035937 0.009722 0.041406 0.012500 0.039062 0.013889 0.038281 0.019444 0.040625 0.020833 0.040625 0.023611 0.039844 0.026389 0.038281 0.027778 0.038281 0.029167 0.039062 0.034722 0.037500 0.034722 0.035937 0.037500 0.035156 0.037500 0.033594 0.044444 0.035156 0.050000 0.034375 0.056944 0.035156 0.058333 0.035156 0.062500 0.034375 0.073611 0.035937 0.083333 0.035937 0.120833 0.036719 0.134722 0.038281 0.137500 0.039062 0.138889 0.040625 0.138889 0.041406 0.143056 0.041406 0.148611 0.040625 0.150000 0.040625 0.154167 0.039062 0.155556 0.039062 0.165278 0.041406 0.179167 0.041406 0.188889 0.039062 0.195833 0.039844 0.213889 0.039062 0.231944 0.039844 0.266667 0.041406 0.284722 0.042188 0.276389 0.042188 0.291667 0.040625 0.308333 0.041406 0.333333 0.042188 0.344444 0.043750 0.347222 0.043750 0.351389 0.042969 0.358333 0.044531 0.363889 0.044531 0.368056 0.043750 0.380556 0.045312 0.381944 0.042969 0.387500 0.042188 0.391667 0.042188 0.408333 0.040625 0.413889 0.039062 0.415278 0.037500 0.416667 0.032813 0.416667 0.030469 0.412500 0.029687 0.402778 0.029687 0.384722 0.028906 0.377778 0.028125 0.375000 0.027344 0.372222 0.025000 0.368056 0.018750 0.368056 0.021875 0.362500 0.022656 0.359722 0.021875 0.351389 0.019531 0.354167 0.019531 0.351389 0.020313 0.350000 0.020313 0.347222 0.021875 0.344444 0.023438 0.344444 0.025000 0.341667 0.025781 0.354167 0.027344 0.345833 0.027344 0.338889 0.025781 0.331944 0.025781 0.320833 0.026562 0.327778 0.026562 0.316667 0.027344 0.309722 0.025781 0.305556 0.025781 0.302778 0.026562 0.294444 0.025781 0.288889 0.024219 0.287500 0.024219 0.281944 0.022656 0.273611 0.024219 0.265278 0.025000 0.254167 0.025000 0.193056 0.023438 0.187500 0.021875 0.200000 0.022656 0.206944 0.021875 0.204167 0.022656 0.195833 0.022656 0.193056 0.020313 0.188889 0.018750 0.188889 0.017188 0.181944 0.017188 0.175000 0.015625 0.169444 0.015625 0.159722 0.016406 0.138889 0.017969 0.136111 0.020313 0.134722 0.021875 0.131944 0.022656 0.133333 0.021875 0.140278 0.023438 0.176389 0.026562 0.170833 0.025781 0.168056 0.024219 0.166667 0.024219 0.161111 0.026562 0.156944 0.026562 0.152778 0.025000 0.150000 0.025000 0.141667 0.022656 0.133333 0.021875 0.131944 0.021875 0.113889 0.020313 0.109722 0.020313 0.101389 0.021094 0.094444 0.021875 0.093056 0.021875 0.090278 0.020313 0.088889 0.019531 0.081944 0.018750 0.075000 0.018750 0.069444 0.019531 0.068056 0.018750 0.062500 0.021094 0.056944 0.021094 0.041667 0.021875 0.034722 0.022656 0.033333 0.022656 0.029167 0.021094 0.025000 0.020313 0.019444 0.020313 0.013889 0.021094 0.002778 0.017188 0.000000 0.040625 0.000000
29 0.460938 0.200000 0.460156 0.201389 0.458594 0.201389 0.457813 0.204167 0.457031 0.211111 0.457813 0.222222 0.457031 0.229167 0.457031 0.233333 0.457813 0.236111 0.462500 0.237500 0.464062 0.234722 0.464062 0.205556 0.462500 0.200000 0.460938 0.200000
29 0.360938 0.101389 0.359375 0.104167 0.358594 0.106944 0.357812 0.120833 0.357812 0.136111 0.358594 0.144444 0.359375 0.147222 0.360938 0.148611 0.365625 0.148611 0.367969 0.144444 0.368750 0.141667 0.368750 0.134722 0.368750 0.109722 0.368750 0.104167 0.367188 0.101389 0.360938 0.101389
30 0.067969 0.281944 0.066406 0.284722 0.065625 0.284722 0.064844 0.286111 0.064062 0.288889 0.063281 0.301389 0.064062 0.306944 0.064844 0.311111 0.065625 0.315278 0.066406 0.318056 0.068750 0.322222 0.071094 0.323611 0.074219 0.325000 0.078125 0.325000 0.081250 0.323611 0.082812 0.322222 0.084375 0.320833 0.086719 0.316667 0.087500 0.313889 0.087500 0.291667 0.086719 0.288889 0.085156 0.286111 0.083594 0.284722 0.081250 0.283333 0.076563 0.281944 0.067969 0.281944
30 0.601562 0.244444 0.600000 0.245833 0.597656 0.250000 0.596875 0.252778 0.597656 0.259722 0.599219 0.261111 0.601562 0.262500 0.621094 0.262500 0.622656 0.259722 0.622656 0.245833 0.615625 0.245833 0.614844 0.247222 0.607031 0.247222 0.604688 0.244444 0.601562 0.244444
30 0.903906 0.152778 0.873437 0.154167 0.860938 0.156944 0.857031 0.155556 0.855469 0.156944 0.853906 0.162500 0.853906 0.187500 0.854688 0.190278 0.856250 0.193056 0.892969 0.193056 0.911719 0.191667 0.914062 0.190278 0.915625 0.188889 0.916406 0.187500 0.917188 0.184722 0.917969 0.170833 0.917969 0.162500 0.916406 0.154167 0.914062 0.152778 0.903906 0.152778
25 0.052344 0.708333 0.049219 0.709722 0.056250 0.709722 0.055469 0.705556 0.052344 0.708333
25 0.107813 0.698611 0.108594 0.702778 0.112500 0.702778 0.111719 0.698611 0.107813 0.698611
25 0.018750 0.690278 0.020313 0.691667 0.021875 0.690278 0.018750 0.690278
25 0.000000 0.688889 0.000000 0.715278 0.010937 0.715278 0.021875 0.713889 0.022656 0.712500 0.029687 0.712500 0.027344 0.711111 0.026562 0.708333 0.027344 0.706944 0.025000 0.702778 0.024219 0.698611 0.022656 0.695833 0.020313 0.700000 0.018750 0.697222 0.017969 0.693056 0.016406 0.691667 0.009375 0.691667 0.006250 0.688889 0.000000 0.688889
25 0.021875 0.588889 0.014063 0.594444 0.003906 0.593056 0.000000 0.593056 0.000000 0.595833 0.015625 0.595833 0.016406 0.594444 0.019531 0.594444 0.020313 0.591667 0.021875 0.591667 0.022656 0.593056 0.024219 0.593056 0.028125 0.591667 0.028906 0.590278 0.030469 0.590278 0.024219 0.588889 0.021875 0.588889
25 0.147656 0.381944 0.146094 0.384722 0.145313 0.384722 0.142969 0.387500 0.148438 0.390278 0.148438 0.387500 0.147656 0.386111 0.147656 0.381944
25 0.323437 0.376389 0.321875 0.377778 0.317188 0.387500 0.312500 0.379167 0.310937 0.380556 0.310937 0.377778 0.309375 0.377778 0.308594 0.379167 0.306250 0.379167 0.305469 0.381944 0.300000 0.383333 0.296875 0.379167 0.295312 0.381944 0.293750 0.381944 0.292187 0.383333 0.290625 0.386111 0.291406 0.393056 0.293750 0.394444 0.293750 0.397222 0.291406 0.401389 0.292969 0.401389 0.293750 0.397222 0.294531 0.404167 0.296094 0.406944 0.293750 0.411111 0.293750 0.413889 0.294531 0.416667 0.295312 0.418056 0.296875 0.419444 0.293750 0.423611 0.292187 0.423611 0.290625 0.425000 0.289844 0.426389 0.289844 0.427778 0.286719 0.434722 0.286719 0.440278 0.284375 0.444444 0.282813 0.445833 0.281250 0.444444 0.278906 0.440278 0.278906 0.429167 0.279687 0.413889 0.280469 0.408333 0.281250 0.406944 0.281250 0.404167 0.278906 0.402778 0.281250 0.400000 0.282031 0.398611 0.281250 0.388889 0.279687 0.390278 0.275781 0.394444 0.270313 0.393056 0.270313 0.398611 0.268750 0.401389 0.266406 0.401389 0.262500 0.409722 0.265625 0.411111 0.264062 0.412500 0.263281 0.416667 0.261719 0.418056 0.257812 0.418056 0.256250 0.420833 0.256250 0.426389 0.257812 0.443056 0.259375 0.437500 0.274219 0.437500 0.276562 0.438889 0.278125 0.441667 0.277344 0.448611 0.278906 0.451389 0.284375 0.451389 0.289844 0.451389 0.292187 0.448611 0.293750 0.451389 0.300781 0.451389 0.300000 0.447222 0.301563 0.444444 0.300781 0.436111 0.301563 0.426389 0.302344 0.422222 0.303125 0.418056 0.305469 0.409722 0.315625 0.388889 0.318750 0.386111 0.321875 0.379167 0.324219 0.376389 0.328906 0.376389 0.323437 0.376389
25 0.293750 0.373611 0.292969 0.375000 0.291406 0.375000 0.290625 0.377778 0.292969 0.377778 0.295312 0.373611 0.293750 0.373611
25 0.325000 0.368056 0.325781 0.370833 0.327344 0.370833 0.325000 0.368056
25 0.319531 0.365278 0.319531 0.368056 0.317969 0.369444 0.317188 0.373611 0.318750 0.375000 0.320312 0.373611 0.319531 0.365278
25 0.605469 0.366667 0.603125 0.368056 0.604688 0.370833 0.604688 0.375000 0.605469 0.376389 0.606250 0.379167 0.606250 0.375000 0.607031 0.373611 0.607031 0.363889 0.605469 0.366667
25 0.964063 0.355556 0.961719 0.359722 0.958594 0.361111 0.957031 0.363889 0.957031 0.366667 0.958594 0.370833 0.957031 0.373611 0.954688 0.375000 0.953906 0.377778 0.953906 0.383333 0.950000 0.390278 0.937500 0.390278 0.936719 0.391667 0.935156 0.391667 0.935156 0.394444 0.936719 0.398611 0.939063 0.402778 0.939063 0.405556 0.940625 0.408333 0.940625 0.409722 0.943750 0.411111 0.944531 0.413889 0.948438 0.415278 0.953125 0.425000 0.954688 0.427778 0.957812 0.427778 0.960156 0.426389 0.964063 0.422222 0.967969 0.420833 0.971875 0.418056 0.971875 0.404167 0.972656 0.402778 0.972656 0.388889 0.971094 0.381944 0.971875 0.362500 0.969531 0.361111 0.969531 0.359722 0.967969 0.356944 0.966406 0.355556 0.964063 0.355556
25 0.491406 0.366667 0.489844 0.366667 0.496094 0.366667 0.492188 0.361111 0.492969 0.355556 0.491406 0.366667
25 0.309375 0.325000 0.309375 0.327778 0.310937 0.329167 0.309375 0.325000
25 0.485156 0.320833 0.484375 0.323611 0.486719 0.323611 0.485156 0.320833
25 0.491406 0.294444 0.491406 0.295833 0.489063 0.298611 0.489063 0.304167 0.488281 0.305556 0.488281 0.308333 0.488281 0.305556 0.493750 0.301389 0.492188 0.300000 0.492969 0.293056 0.491406 0.294444
25 0.278125 0.291667 0.278906 0.297222 0.280469 0.298611 0.281250 0.294444 0.280469 0.291667 0.278125 0.291667
25 0.718750 0.288889 0.717969 0.290278 0.715625 0.290278 0.715625 0.293056 0.712500 0.297222 0.711719 0.301389 0.712500 0.298611 0.713281 0.298611 0.714844 0.295833 0.716406 0.295833 0.717969 0.298611 0.720313 0.300000 0.724219 0.300000 0.722656 0.298611 0.724219 0.295833 0.725000 0.291667 0.724219 0.288889 0.718750 0.288889
25 0.140625 0.288889 0.142187 0.290278 0.141406 0.287500 0.140625 0.288889
25 0.237500 0.269444 0.239063 0.270833 0.241406 0.269444 0.237500 0.269444
25 0.214844 0.266667 0.220312 0.270833 0.225000 0.270833 0.232031 0.275000 0.238281 0.275000 0.239844 0.276389 0.241406 0.277778 0.242188 0.279167 0.242969 0.281944 0.246875 0.286111 0.249219 0.290278 0.253906 0.302778 0.254688 0.305556 0.255469 0.308333 0.256250 0.313889 0.256250 0.330556 0.254688 0.347222 0.253906 0.347222 0.251563 0.350000 0.247656 0.356944 0.246094 0.355556 0.243750 0.354167 0.233594 0.355556 0.236719 0.356944 0.234375 0.359722 0.231250 0.365278 0.232031 0.362500 0.234375 0.356944 0.231250 0.355556 0.228125 0.356944 0.226562 0.359722 0.225000 0.363889 0.225000 0.370833 0.223438 0.373611 0.220312 0.373611 0.219531 0.377778 0.218750 0.380556 0.217969 0.383333 0.214062 0.383333 0.210156 0.380556 0.191406 0.381944 0.191406 0.379167 0.196875 0.380556 0.200781 0.379167 0.203125 0.376389 0.212500 0.375000 0.210938 0.373611 0.208594 0.368056 0.207031 0.369444 0.206250 0.370833 0.206250 0.372222 0.203906 0.373611 0.201563 0.370833 0.197656 0.376389 0.195312 0.377778 0.191406 0.379167 0.191406 0.381944 0.183594 0.380556 0.181250 0.381944 0.175000 0.383333 0.173437 0.384722 0.171875 0.387500 0.168750 0.388889 0.167187 0.390278 0.166406 0.388889 0.168750 0.386111 0.166406 0.384722 0.166406 0.388889 0.167187 0.390278 0.166406 0.391667 0.166406 0.393056 0.165625 0.394444 0.164844 0.394444 0.160938 0.391667 0.160938 0.384722 0.162500 0.387500 0.162500 0.388889 0.164062 0.384722 0.161719 0.381944 0.160938 0.375000 0.159375 0.373611 0.157031 0.372222 0.154688 0.370833 0.150000 0.372222 0.143750 0.372222 0.141406 0.370833 0.140625 0.368056 0.139844 0.358333 0.139844 0.345833 0.139844 0.340278 0.140625 0.327778 0.139844 0.319444 0.139063 0.318056 0.139063 0.312500 0.139844 0.308333 0.141406 0.305556 0.145313 0.302778 0.146875 0.300000 0.147656 0.294444 0.148438 0.291667 0.150000 0.287500 0.152344 0.283333 0.151562 0.280556 0.153906 0.279167 0.155469 0.275000 0.157031 0.275000 0.160156 0.277778 0.161719 0.277778 0.165625 0.273611 0.169531 0.273611 0.172656 0.275000 0.175000 0.277778 0.177344 0.279167 0.179688 0.279167 0.180469 0.277778 0.182812 0.279167 0.184375 0.277778 0.185938 0.275000 0.188281 0.275000 0.189062 0.277778 0.192969 0.277778 0.195312 0.275000 0.197656 0.270833 0.199219 0.269444 0.200781 0.268056 0.203125 0.266667 0.214844 0.266667
25 0.278906 0.219444 0.278906 0.222222 0.281250 0.219444 0.278906 0.219444
25 0.635938 0.169444 0.638281 0.172222 0.646875 0.172222 0.648438 0.173611 0.650000 0.175000 0.652344 0.177778 0.656250 0.184722 0.657031 0.187500 0.657031 0.190278 0.658594 0.191667 0.660156 0.197222 0.659375 0.200000 0.659375 0.202778 0.655469 0.201389 0.653906 0.204167 0.653906 0.206944 0.653906 0.215278 0.655469 0.222222 0.656250 0.225000 0.658594 0.226389 0.660937 0.230556 0.660937 0.238889 0.660156 0.241667 0.657813 0.243056 0.653125 0.245833 0.653906 0.255556 0.653125 0.256944 0.653125 0.259722 0.650781 0.261111 0.647656 0.261111 0.641406 0.261111 0.639062 0.258333 0.636719 0.259722 0.632812 0.268056 0.631250 0.266667 0.631250 0.263889 0.628906 0.263889 0.626563 0.270833 0.628125 0.273611 0.628906 0.276389 0.631250 0.277778 0.632812 0.280556 0.634375 0.275000 0.634375 0.277778 0.638281 0.286111 0.638281 0.297222 0.635938 0.301389 0.635156 0.306944 0.633594 0.308333 0.630469 0.309722 0.625000 0.308333 0.625000 0.294444 0.628125 0.294444 0.626563 0.291667 0.625000 0.294444 0.625000 0.308333 0.619531 0.311111 0.616406 0.311111 0.614844 0.311111 0.614062 0.306944 0.614844 0.305556 0.614844 0.302778 0.616406 0.301389 0.617188 0.297222 0.615625 0.294444 0.616406 0.290278 0.614062 0.283333 0.614062 0.276389 0.615625 0.273611 0.614844 0.265278 0.621094 0.263889 0.623437 0.259722 0.623437 0.245833 0.615625 0.244444 0.614062 0.241667 0.614062 0.237500 0.614844 0.236111 0.614844 0.233333 0.614062 0.231944 0.613281 0.229167 0.611719 0.230556 0.612500 0.220833 0.612500 0.216667 0.611719 0.194444 0.610938 0.183333 0.609375 0.180556 0.610156 0.177778 0.611719 0.176389 0.611719 0.173611 0.612500 0.190278 0.613281 0.175000 0.614062 0.173611 0.614844 0.170833 0.619531 0.175000 0.622656 0.176389 0.626563 0.176389 0.633594 0.169444 0.635938 0.169444
25 0.616406 0.161111 0.616406 0.165278 0.618750 0.166667 0.621094 0.170833 0.621094 0.168056 0.618750 0.163889 0.617969 0.159722 0.616406 0.161111
25 0.599219 0.155556 0.601562 0.158333 0.603906 0.158333 0.603906 0.168056 0.606250 0.168056 0.608594 0.166667 0.606250 0.170833 0.606250 0.173611 0.607812 0.176389 0.606250 0.183333 0.606250 0.238889 0.601562 0.237500 0.599219 0.240278 0.593750 0.234722 0.589063 0.230556 0.582812 0.226389 0.580469 0.226389 0.575781 0.222222 0.571094 0.219444 0.567969 0.219444 0.563281 0.215278 0.557813 0.213889 0.553125 0.209722 0.550781 0.208333 0.548438 0.211111 0.549219 0.209722 0.546094 0.208333 0.542969 0.205556 0.539062 0.206944 0.542188 0.208333 0.544531 0.211111 0.549219 0.209722 0.548438 0.211111 0.551562 0.213889 0.553906 0.213889 0.556250 0.216667 0.559375 0.218056 0.561719 0.218056 0.564844 0.219444 0.567187 0.222222 0.571875 0.223611 0.574219 0.225000 0.578906 0.229167 0.581250 0.230556 0.585938 0.231944 0.590625 0.236111 0.593750 0.234722 0.599219 0.240278 0.602344 0.243056 0.600000 0.244444 0.596875 0.250000 0.596094 0.252778 0.597656 0.261111 0.599219 0.262500 0.601562 0.263889 0.605469 0.263889 0.602344 0.265278 0.604688 0.273611 0.603906 0.277778 0.606250 0.268056 0.605469 0.281944 0.605469 0.284722 0.606250 0.291667 0.604688 0.291667 0.603906 0.301389 0.605469 0.304167 0.606250 0.298611 0.607031 0.312500 0.606250 0.313889 0.606250 0.318056 0.603125 0.319444 0.601562 0.320833 0.600000 0.323611 0.605469 0.325000 0.606250 0.329167 0.605469 0.340278 0.603906 0.344444 0.603906 0.351389 0.603125 0.354167 0.602344 0.356944 0.599219 0.359722 0.596094 0.359722 0.596094 0.355556 0.596875 0.355556 0.597656 0.352778 0.598437 0.351389 0.598437 0.341667 0.596094 0.337500 0.595313 0.341667 0.596094 0.347222 0.596875 0.355556 0.596094 0.355556 0.595313 0.354167 0.594531 0.344444 0.593750 0.352778 0.592187 0.356944 0.592187 0.365278 0.596094 0.373611 0.597656 0.370833 0.600000 0.369444 0.596094 0.375000 0.593750 0.380556 0.592969 0.383333 0.592187 0.388889 0.592187 0.405556 0.587500 0.406944 0.585938 0.405556 0.581250 0.405556 0.578906 0.402778 0.576562 0.402778 0.574219 0.400000 0.571875 0.400000 0.571875 0.388889 0.574219 0.384722 0.573438 0.379167 0.575781 0.380556 0.571094 0.376389 0.570312 0.372222 0.567969 0.368056 0.564063 0.368056 0.562500 0.370833 0.562500 0.377778 0.561719 0.381944 0.560156 0.387500 0.557813 0.388889 0.556250 0.391667 0.556250 0.405556 0.554688 0.406944 0.553906 0.404167 0.552344 0.406944 0.550781 0.406944 0.550000 0.404167 0.550000 0.398611 0.549219 0.395833 0.547656 0.393056 0.544531 0.390278 0.537500 0.390278 0.532031 0.388889 0.528125 0.387500 0.527344 0.386111 0.525000 0.386111 0.523438 0.390278 0.521875 0.387500 0.521875 0.386111 0.520312 0.383333 0.519531 0.377778 0.518750 0.375000 0.516406 0.370833 0.514844 0.369444 0.512500 0.368056 0.509375 0.366667 0.505469 0.365278 0.503906 0.366667 0.502344 0.366667 0.503906 0.365278 0.502344 0.362500 0.500781 0.362500 0.500000 0.358333 0.497656 0.354167 0.497656 0.351389 0.496875 0.348611 0.500000 0.350000 0.499219 0.344444 0.497656 0.344444 0.495312 0.340278 0.493750 0.337500 0.492188 0.330556 0.492969 0.318056 0.494531 0.311111 0.496875 0.304167 0.497656 0.298611 0.497656 0.286111 0.499219 0.281944 0.500000 0.276389 0.500781 0.263889 0.501563 0.259722 0.503906 0.251389 0.507031 0.244444 0.507812 0.241667 0.508594 0.236111 0.507812 0.233333 0.507812 0.230556 0.509375 0.227778 0.510938 0.227778 0.514062 0.222222 0.511719 0.218056 0.509375 0.218056 0.510938 0.212500 0.512500 0.212500 0.513281 0.211111 0.518750 0.209722 0.521094 0.208333 0.523438 0.204167 0.521875 0.202778 0.521094 0.201389 0.514844 0.201389 0.513281 0.205556 0.514062 0.202778 0.514062 0.200000 0.511719 0.198611 0.516406 0.198611 0.517188 0.200000 0.521094 0.200000 0.522656 0.198611 0.522656 0.193056 0.520312 0.197222 0.518750 0.197222 0.517969 0.195833 0.516406 0.195833 0.521094 0.195833 0.523438 0.191667 0.525000 0.191667 0.527344 0.187500 0.527344 0.186111 0.528906 0.183333 0.530469 0.181944 0.531250 0.184722 0.534375 0.184722 0.535156 0.181944 0.536719 0.180556 0.537500 0.183333 0.539844 0.180556 0.540625 0.177778 0.538281 0.173611 0.536719 0.173611 0.537500 0.170833 0.539844 0.172222 0.540625 0.175000 0.542188 0.170833 0.545312 0.170833 0.546875 0.166667 0.549219 0.166667 0.550781 0.168056 0.550781 0.170833 0.554688 0.172222 0.556250 0.169444 0.556250 0.165278 0.557813 0.165278 0.557813 0.168056 0.559375 0.170833 0.561719 0.170833 0.565625 0.166667 0.566406 0.172222 0.567969 0.173611 0.568750 0.173611 0.567969 0.176389 0.571875 0.176389 0.568750 0.173611 0.567969 0.173611 0.572656 0.173611 0.575000 0.170833 0.577344 0.166667 0.578125 0.161111 0.583594 0.161111 0.585156 0.158333 0.586719 0.158333 0.586719 0.161111 0.588281 0.163889 0.594531 0.162500 0.596094 0.159722 0.596875 0.155556 0.599219 0.155556
25 0.299219 0.147222 0.300000 0.150000 0.301563 0.148611 0.302344 0.145833 0.299219 0.147222
25 0.686719 0.113889 0.687500 0.118056 0.690625 0.115278 0.686719 0.113889
25 0.310156 0.113889 0.309375 0.118056 0.311719 0.113889 0.310156 0.113889
25 0.324219 0.105556 0.322656 0.106944 0.324219 0.108333 0.325000 0.111111 0.326562 0.109722 0.327344 0.109722 0.328125 0.104167 0.329688 0.106944 0.330469 0.106944 0.331250 0.115278 0.332813 0.118056 0.334375 0.118056 0.335156 0.118056 0.336719 0.120833 0.337500 0.123611 0.339062 0.122222 0.339844 0.113889 0.341406 0.113889 0.341406 0.118056 0.342187 0.120833 0.343750 0.123611 0.344531 0.123611 0.346094 0.123611 0.347656 0.126389 0.347656 0.131944 0.351562 0.141667 0.354687 0.147222 0.355469 0.151389 0.357812 0.155556 0.358594 0.159722 0.359375 0.163889 0.360156 0.173611 0.360938 0.177778 0.361719 0.180556 0.364063 0.181944 0.365625 0.184722 0.365625 0.186111 0.367188 0.188889 0.370312 0.191667 0.372656 0.194444 0.375000 0.204167 0.377344 0.208333 0.378906 0.209722 0.382031 0.211111 0.388281 0.211111 0.390625 0.219444 0.392188 0.222222 0.397656 0.226389 0.400000 0.231944 0.402344 0.236111 0.404687 0.237500 0.406250 0.240278 0.406250 0.241667 0.410156 0.243056 0.411719 0.245833 0.412500 0.245833 0.414062 0.251389 0.414844 0.255556 0.414844 0.262500 0.416406 0.265278 0.417969 0.266667 0.417969 0.262500 0.418750 0.265278 0.419531 0.266667 0.420312 0.270833 0.420312 0.275000 0.421875 0.281944 0.422656 0.284722 0.424219 0.288889 0.426563 0.293056 0.428125 0.288889 0.427344 0.294444 0.428906 0.300000 0.431250 0.304167 0.432812 0.305556 0.435156 0.306944 0.439063 0.306944 0.440625 0.308333 0.442969 0.311111 0.444531 0.315278 0.444531 0.318056 0.447656 0.323611 0.449219 0.323611 0.447656 0.326389 0.447656 0.329167 0.450000 0.330556 0.450781 0.333333 0.451562 0.337500 0.452344 0.341667 0.452344 0.369444 0.454688 0.375000 0.455469 0.380556 0.456250 0.376389 0.457031 0.375000 0.457813 0.372222 0.457813 0.376389 0.456250 0.380556 0.455469 0.386111 0.454688 0.386111 0.453125 0.388889 0.451562 0.394444 0.451562 0.398611 0.450000 0.402778 0.447656 0.406944 0.446875 0.411111 0.440625 0.411111 0.439063 0.406944 0.439063 0.404167 0.439844 0.398611 0.442188 0.400000 0.443750 0.397222 0.443750 0.394444 0.442188 0.376389 0.441406 0.395833 0.439844 0.398611 0.439063 0.404167 0.435156 0.398611 0.434375 0.394444 0.432812 0.391667 0.429688 0.388889 0.426563 0.388889 0.424219 0.387500 0.424219 0.383333 0.424219 0.381944 0.421875 0.381944 0.422656 0.384722 0.424219 0.387500 0.426563 0.388889 0.423438 0.394444 0.422656 0.398611 0.422656 0.394444 0.421875 0.390278 0.419531 0.384722 0.419531 0.379167 0.418750 0.376389 0.414062 0.369444 0.414062 0.368056 0.413281 0.366667 0.411719 0.365278 0.407813 0.363889 0.405469 0.362500 0.403125 0.363889 0.402344 0.365278 0.400781 0.366667 0.407813 0.368056 0.408594 0.369444 0.412500 0.369444 0.407031 0.369444 0.406250 0.368056 0.388281 0.368056 0.385937 0.372222 0.384375 0.379167 0.384375 0.387500 0.380469 0.380556 0.379688 0.375000 0.381250 0.373611 0.379688 0.370833 0.378125 0.370833 0.375781 0.370833 0.374219 0.372222 0.379688 0.375000 0.380469 0.380556 0.376563 0.376389 0.371094 0.375000 0.366406 0.372222 0.345313 0.370833 0.344531 0.372222 0.342969 0.373611 0.342969 0.373611 0.341406 0.370833 0.339844 0.373611 0.342969 0.373611 0.342969 0.373611 0.351562 0.373611 0.357812 0.375000 0.359375 0.375000 0.366406 0.372222 0.371094 0.375000 0.332813 0.375000 0.333594 0.372222 0.332031 0.370833 0.332813 0.368056 0.332031 0.362500 0.330469 0.359722 0.328906 0.359722 0.326562 0.355556 0.325000 0.362500 0.324219 0.352778 0.325781 0.345833 0.324219 0.340278 0.322656 0.337500 0.321875 0.337500 0.320312 0.334722 0.320312 0.333333 0.318750 0.330556 0.317188 0.329167 0.315625 0.329167 0.309375 0.318056 0.307812 0.318056 0.306250 0.315278 0.306250 0.312500 0.305469 0.309722 0.303125 0.308333 0.300781 0.305556 0.294531 0.309722 0.295312 0.304167 0.293750 0.300000 0.293750 0.294444 0.291406 0.290278 0.287500 0.286111 0.286719 0.281944 0.286719 0.275000 0.288281 0.275000 0.289062 0.269444 0.290625 0.270833 0.292969 0.266667 0.293750 0.262500 0.294531 0.258333 0.293750 0.255556 0.289844 0.254167 0.287500 0.255556 0.286719 0.262500 0.285938 0.259722 0.285938 0.255556 0.286719 0.254167 0.286719 0.250000 0.291406 0.248611 0.292187 0.245833 0.289062 0.240278 0.279687 0.240278 0.278906 0.245833 0.278906 0.245833 0.278125 0.240278 0.275000 0.238889 0.275000 0.243056 0.274219 0.244444 0.275781 0.247222 0.278906 0.245833 0.278906 0.245833 0.280469 0.269444 0.280469 0.275000 0.280469 0.288889 0.275781 0.286111 0.274219 0.290278 0.272656 0.287500 0.270313 0.287500 0.269531 0.284722 0.270313 0.280556 0.271094 0.280556 0.271094 0.275000 0.268750 0.273611 0.267188 0.268056 0.266406 0.265278 0.267969 0.261111 0.264844 0.255556 0.264844 0.252778 0.268750 0.251389 0.269531 0.245833 0.267969 0.243056 0.270313 0.240278 0.270313 0.241667 0.271875 0.244444 0.273438 0.241667 0.270313 0.241667 0.270313 0.240278 0.270313 0.237500 0.271875 0.236111 0.274219 0.236111 0.275000 0.234722 0.275781 0.231944 0.278125 0.234722 0.280469 0.233333 0.281250 0.234722 0.285938 0.230556 0.286719 0.231944 0.286719 0.226389 0.287500 0.222222 0.286719 0.219444 0.284375 0.220833 0.286719 0.213889 0.286719 0.211111 0.285938 0.209722 0.285938 0.206944 0.286719 0.204167 0.289062 0.201389 0.287500 0.194444 0.290625 0.194444 0.293750 0.188889 0.294531 0.186111 0.295312 0.180556 0.294531 0.169444 0.294531 0.166667 0.296094 0.166667 0.299219 0.162500 0.301563 0.158333 0.301563 0.155556 0.303125 0.154167 0.304688 0.154167 0.305469 0.151389 0.310156 0.154167 0.311719 0.151389 0.311719 0.148611 0.310937 0.147222 0.310937 0.143056 0.310156 0.141667 0.310156 0.138889 0.312500 0.136111 0.311719 0.133333 0.311719 0.130556 0.314063 0.127778 0.311719 0.125000 0.313281 0.119444 0.315625 0.122222 0.317188 0.120833 0.317969 0.120833 0.318750 0.115278 0.320312 0.115278 0.321875 0.112500 0.322656 0.105556 0.324219 0.102778 0.324219 0.105556
25 0.328906 0.098611 0.330469 0.100000 0.332031 0.098611 0.332813 0.101389 0.333594 0.098611 0.328906 0.098611
25 0.318750 0.098611 0.318750 0.102778 0.320312 0.098611 0.318750 0.098611
25 0.990625 0.097222 0.992188 0.097222 0.992969 0.100000 0.997656 0.101389 0.992969 0.105556 0.991406 0.105556 0.989062 0.105556 0.986719 0.109722 0.985938 0.112500 0.985156 0.120833 0.985938 0.133333 0.984375 0.137500 0.984375 0.140278 0.988281 0.148611 0.992969 0.148611 0.993750 0.145833 0.996875 0.144444 0.998437 0.148611 0.999219 0.100000 0.997656 0.101389 0.996875 0.098611 0.993750 0.097222 0.992969 0.098611 0.990625 0.097222
25 0.676562 0.094444 0.678906 0.097222 0.680469 0.098611 0.678125 0.094444 0.676562 0.094444
25 0.617969 0.080556 0.616406 0.084722 0.618750 0.081944 0.620313 0.083333 0.621875 0.081944 0.617969 0.080556
25 0.766406 0.073611 0.764062 0.076389 0.762500 0.077778 0.765625 0.076389 0.770312 0.077778 0.772656 0.080556 0.771875 0.077778 0.771094 0.077778 0.768750 0.073611 0.766406 0.073611
25 0.750000 0.056944 0.752344 0.058333 0.750000 0.061111 0.750000 0.066667 0.751563 0.065278 0.750781 0.062500 0.752344 0.059722 0.753906 0.061111 0.754687 0.056944 0.750000 0.056944
25 0.628125 0.052778 0.627344 0.055556 0.626563 0.056944 0.625000 0.058333 0.623437 0.058333 0.622656 0.061111 0.628125 0.061111 0.630469 0.063889 0.630469 0.056944 0.629687 0.054167 0.628125 0.052778
25 0.576562 0.043056 0.575000 0.044444 0.572656 0.047222 0.574219 0.048611 0.575781 0.051389 0.575781 0.055556 0.578906 0.052778 0.580469 0.052778 0.583594 0.055556 0.586719 0.055556 0.589844 0.056944 0.592969 0.062500 0.593750 0.066667 0.593750 0.059722 0.587500 0.048611 0.582812 0.048611 0.583594 0.045833 0.582031 0.048611 0.582031 0.045833 0.579688 0.043056 0.576562 0.043056
25 0.566406 0.031944 0.564844 0.036111 0.565625 0.037500 0.564844 0.040278 0.567187 0.044444 0.567969 0.047222 0.568750 0.052778 0.570312 0.055556 0.570312 0.058333 0.571875 0.059722 0.573438 0.058333 0.573438 0.055556 0.572656 0.052778 0.571875 0.050000 0.568750 0.044444 0.567187 0.040278 0.568750 0.038889 0.571875 0.040278 0.573438 0.037500 0.575000 0.037500 0.577344 0.037500 0.575000 0.037500 0.575000 0.034722 0.570312 0.036111 0.569531 0.031944 0.567969 0.030556 0.566406 0.031944
25 0.985938 0.029167 0.983594 0.031944 0.985156 0.031944 0.985938 0.029167
25 0.039062 0.027778 0.039062 0.033333 0.048438 0.031944 0.046875 0.030556 0.046094 0.029167 0.042969 0.027778 0.039062 0.027778
25 0.999219 0.000000 0.999219 0.025000 0.997656 0.025000 0.996875 0.019444 0.996094 0.016667 0.995313 0.015278 0.993750 0.013889 0.990625 0.015278 0.989062 0.018056 0.993750 0.019444 0.993750 0.022222 0.991406 0.022222 0.991406 0.020833 0.988281 0.019444 0.982812 0.029167 0.981250 0.029167 0.978125 0.025000 0.975000 0.027778 0.974219 0.031944 0.973437 0.029167 0.967969 0.023611 0.967187 0.022222 0.965625 0.020833 0.963281 0.019444 0.963281 0.019444 0.965625 0.019444 0.967187 0.019444 0.966406 0.013889 0.963281 0.019444 0.963281 0.019444 0.960938 0.022222 0.960156 0.023611 0.959375 0.026389 0.954688 0.031944 0.953125 0.034722 0.951562 0.040278 0.949219 0.045833 0.947656 0.045833 0.946875 0.047222 0.942969 0.048611 0.935156 0.047222 0.931250 0.048611 0.931250 0.051389 0.929688 0.052778 0.928125 0.052778 0.924219 0.056944 0.921875 0.056944 0.913281 0.055556 0.911719 0.052778 0.910156 0.044444 0.907813 0.040278 0.903906 0.041667 0.901563 0.043056 0.900000 0.045833 0.904687 0.047222 0.906250 0.048611 0.906250 0.051389 0.904687 0.051389 0.902344 0.054167 0.901563 0.056944 0.899219 0.054167 0.898438 0.059722 0.896875 0.056944 0.896094 0.063889 0.895312 0.068056 0.892969 0.072222 0.892188 0.076389 0.892188 0.079167 0.891406 0.076389 0.889844 0.073611 0.888281 0.075000 0.884375 0.083333 0.882812 0.084722 0.879687 0.084722 0.876563 0.081944 0.876563 0.087500 0.878125 0.090278 0.875781 0.086111 0.875781 0.084722 0.871875 0.093056 0.870313 0.094444 0.869531 0.097222 0.867969 0.098611 0.866406 0.101389 0.867188 0.108333 0.867969 0.104167 0.867969 0.106944 0.868750 0.109722 0.867188 0.111111 0.866406 0.106944 0.859375 0.120833 0.857812 0.123611 0.857031 0.125000 0.853906 0.129167 0.851562 0.130556 0.849219 0.134722 0.847656 0.134722 0.845313 0.138889 0.841406 0.137500 0.837500 0.141667 0.835156 0.143056 0.831250 0.143056 0.824219 0.141667 0.821875 0.144444 0.820312 0.141667 0.818750 0.138889 0.817187 0.137500 0.815625 0.137500 0.814063 0.136111 0.813281 0.134722 0.812500 0.130556 0.810937 0.130556 0.810156 0.125000 0.809375 0.122222 0.807031 0.118056 0.803125 0.113889 0.801562 0.111111 0.802344 0.109722 0.801562 0.106944 0.800000 0.104167 0.799219 0.104167 0.796875 0.100000 0.796094 0.098611 0.801562 0.100000 0.803125 0.102778 0.803906 0.106944 0.804688 0.100000 0.802344 0.095833 0.800781 0.094444 0.798438 0.094444 0.796094 0.098611 0.796875 0.100000 0.794531 0.104167 0.793750 0.100000 0.791406 0.095833 0.791406 0.093056 0.789844 0.090278 0.789062 0.093056 0.788281 0.087500 0.787500 0.084722 0.786719 0.083333 0.785156 0.080556 0.783594 0.077778 0.778906 0.076389 0.776563 0.070833 0.772656 0.065278 0.771094 0.063889 0.764062 0.063889 0.763281 0.058333 0.760156 0.056944 0.757031 0.054167 0.748437 0.052778 0.746875 0.052778 0.742969 0.054167 0.741406 0.056944 0.740625 0.056944 0.739844 0.058333 0.738281 0.065278 0.735938 0.068056 0.735938 0.070833 0.731250 0.069444 0.729688 0.070833 0.726562 0.076389 0.727344 0.079167 0.728906 0.077778 0.731250 0.073611 0.732812 0.076389 0.729688 0.079167 0.726562 0.084722 0.725781 0.081944 0.724219 0.088889 0.724219 0.094444 0.721875 0.094444 0.720313 0.097222 0.718750 0.101389 0.717969 0.105556 0.717187 0.108333 0.714063 0.111111 0.711719 0.111111 0.701562 0.108333 0.696094 0.108333 0.692969 0.111111 0.689063 0.111111 0.689063 0.106944 0.688281 0.105556 0.688281 0.100000 0.687500 0.097222 0.685156 0.094444 0.683594 0.090278 0.682813 0.093056 0.681250 0.088889 0.675781 0.086111 0.674219 0.083333 0.672656 0.084722 0.670312 0.087500 0.668750 0.090278 0.667969 0.084722 0.670312 0.080556 0.669531 0.077778 0.664844 0.077778 0.663281 0.081944 0.661719 0.079167 0.658594 0.079167 0.656250 0.083333 0.655469 0.087500 0.653906 0.088889 0.650000 0.087500 0.649219 0.086111 0.647656 0.086111 0.646875 0.081944 0.642969 0.079167 0.641406 0.076389 0.640625 0.076389 0.639844 0.070833 0.639062 0.068056 0.637500 0.065278 0.635938 0.065278 0.634375 0.063889 0.633594 0.061111 0.634375 0.052778 0.634375 0.052778 0.638281 0.061111 0.640625 0.055556 0.640625 0.051389 0.638281 0.047222 0.635156 0.047222 0.634375 0.052778 0.634375 0.052778 0.632031 0.050000 0.631250 0.041667 0.628906 0.044444 0.629687 0.041667 0.628125 0.038889 0.626563 0.038889 0.625781 0.045833 0.625000 0.047222 0.625000 0.050000 0.623437 0.051389 0.621875 0.051389 0.620313 0.054167 0.620313 0.058333 0.619531 0.055556 0.615625 0.054167 0.613281 0.059722 0.611719 0.061111 0.610938 0.056944 0.608594 0.056944 0.608594 0.058333 0.607812 0.059722 0.606250 0.061111 0.604688 0.059722 0.603125 0.056944 0.603125 0.055556 0.600000 0.052778 0.596094 0.051389 0.594531 0.052778 0.595313 0.055556 0.596875 0.058333 0.598437 0.059722 0.602344 0.068056 0.600781 0.066667 0.598437 0.065278 0.595313 0.065278 0.595313 0.062500 0.596094 0.061111 0.595313 0.056944 0.591406 0.051389 0.591406 0.050000 0.590625 0.048611 0.589063 0.047222 0.588281 0.040278 0.585938 0.036111 0.583594 0.034722 0.581250 0.030556 0.578906 0.029167 0.575781 0.026389 0.573438 0.025000 0.571875 0.025000 0.574219 0.019444 0.577344 0.019444 0.579688 0.022222 0.581250 0.019444 0.581250 0.015278 0.582812 0.022222 0.584375 0.023611 0.585938 0.025000 0.587500 0.025000 0.592969 0.023611 0.590625 0.026389 0.587500 0.030556 0.585938 0.031944 0.582812 0.033333 0.585938 0.036111 0.590625 0.043056 0.591406 0.047222 0.594531 0.052778 0.595313 0.029167 0.596875 0.025000 0.594531 0.018056 0.594531 0.015278 0.593750 0.012500 0.592187 0.009722 0.592187 0.008333 0.589844 0.006944 0.588281 0.009722 0.587500 0.009722 0.586719 0.018056 0.584375 0.016667 0.586719 0.009722 0.586719 0.004167 0.585156 0.001389 0.584375 0.004167 0.584375 0.001389 0.999219 0.000000
25 0.581250 0.000000 0.582031 0.004167 0.582812 0.000000 0.581250 0.000000
25 0.000000 0.000000 0.000781 0.052778 0.000000 0.059722 0.003125 0.061111 0.005469 0.058333 0.010937 0.058333 0.013281 0.061111 0.013281 0.054167 0.010156 0.050000 0.014063 0.047222 0.017188 0.051389 0.018750 0.056944 0.018750 0.059722 0.020313 0.056944 0.020313 0.041667 0.021094 0.034722 0.021875 0.033333 0.021875 0.029167 0.020313 0.025000 0.019531 0.019444 0.019531 0.013889 0.020313 0.002778 0.016406 0.000000 0.000000 0.000000
26 0.042969 0.698611 0.037500 0.700000 0.036719 0.704167 0.033594 0.709722 0.033594 0.712500 0.044531 0.711111 0.048438 0.709722 0.052344 0.706944 0.053906 0.705556 0.055469 0.702778 0.053125 0.702778 0.052344 0.701389 0.047656 0.701389 0.042969 0.698611
26 0.046094 0.688889 0.038281 0.688889 0.037500 0.690278 0.032031 0.690278 0.031250 0.693056 0.031250 0.697222 0.028906 0.701389 0.025000 0.700000 0.025781 0.702778 0.027344 0.705556 0.032031 0.704167 0.032813 0.701389 0.032813 0.695833 0.033594 0.693056 0.037500 0.690278 0.040625 0.688889 0.046875 0.688889 0.052344 0.691667 0.057813 0.693056 0.061719 0.690278 0.059375 0.690278 0.055469 0.687500 0.049219 0.686111 0.046094 0.688889
26 0.261719 0.451389 0.260156 0.452778 0.262500 0.452778 0.263281 0.454167 0.266406 0.455556 0.270313 0.456944 0.275781 0.456944 0.278906 0.454167 0.281250 0.454167 0.278125 0.454167 0.277344 0.452778 0.261719 0.451389
26 0.264844 0.438889 0.266406 0.440278 0.269531 0.443056 0.277344 0.441667 0.274219 0.438889 0.264844 0.438889
26 0.071875 0.431944 0.072656 0.433333 0.075781 0.440278 0.079687 0.445833 0.082031 0.447222 0.084375 0.450000 0.086719 0.447222 0.090625 0.451389 0.090625 0.454167 0.097656 0.459722 0.099219 0.462500 0.100000 0.465278 0.100000 0.468056 0.102344 0.472222 0.100781 0.475000 0.104688 0.481944 0.106250 0.486111 0.107813 0.493056 0.107813 0.497222 0.108594 0.500000 0.110937 0.504167 0.110937 0.506944 0.111719 0.509722 0.114062 0.513889 0.115625 0.518056 0.116406 0.531944 0.117969 0.530556 0.120313 0.533333 0.119531 0.533333 0.117969 0.536111 0.121094 0.536111 0.119531 0.533333 0.120313 0.533333 0.125000 0.533333 0.128906 0.534722 0.131250 0.536111 0.128125 0.538889 0.125781 0.543056 0.124219 0.544444 0.121875 0.544444 0.120313 0.545833 0.120313 0.548611 0.115625 0.550000 0.112500 0.551389 0.106250 0.555556 0.100781 0.555556 0.096875 0.558333 0.095312 0.556944 0.091406 0.559722 0.080469 0.558333 0.075781 0.565278 0.074219 0.566667 0.067969 0.556944 0.064844 0.555556 0.061719 0.555556 0.059375 0.558333 0.056250 0.558333 0.050000 0.569444 0.046094 0.569444 0.042969 0.570833 0.040625 0.572222 0.039062 0.575000 0.038281 0.580556 0.036719 0.583333 0.035156 0.584722 0.032031 0.584722 0.032031 0.588889 0.024219 0.587500 0.021875 0.587500 0.014063 0.593056 0.004687 0.593056 0.003906 0.591667 0.000000 0.591667 0.000000 0.458333 0.001563 0.458333 0.004687 0.454167 0.006250 0.452778 0.008594 0.451389 0.014063 0.451389 0.017188 0.454167 0.024219 0.451389 0.029687 0.451389 0.036719 0.452778 0.037500 0.451389 0.043750 0.451389 0.052344 0.451389 0.059375 0.452778 0.063281 0.445833 0.065625 0.440278 0.065625 0.437500 0.066406 0.434722 0.066406 0.430556 0.068750 0.429167 0.071875 0.431944
27 0.474219 0.255556 0.474219 0.258333 0.475781 0.258333 0.475781 0.254167 0.474219 0.255556
27 0.475781 0.200000 0.477344 0.200000 0.478125 0.201389 0.482031 0.201389 0.479687 0.201389 0.478906 0.200000 0.475781 0.200000
27 0.466406 0.195833 0.464062 0.197222 0.464844 0.200000 0.469531 0.201389 0.470313 0.200000 0.473438 0.200000 0.471094 0.200000 0.468750 0.197222 0.466406 0.195833
27 0.600781 0.055556 0.600000 0.058333 0.600000 0.061111 0.601562 0.063889 0.600781 0.055556
27 0.628125 0.040278 0.628125 0.044444 0.631250 0.043056 0.631250 0.054167 0.630469 0.054167 0.629687 0.052778 0.628125 0.051389 0.626563 0.055556 0.625000 0.056944 0.622656 0.058333 0.621875 0.061111 0.628125 0.062500 0.629687 0.065278 0.631250 0.056944 0.630469 0.054167 0.631250 0.054167 0.632031 0.055556 0.632031 0.076389 0.631250 0.087500 0.630469 0.093056 0.627344 0.094444 0.625781 0.090278 0.625781 0.084722 0.623437 0.081944 0.623437 0.080556 0.625000 0.079167 0.623437 0.076389 0.621875 0.077778 0.623437 0.080556 0.623437 0.081944 0.622656 0.079167 0.621875 0.080556 0.617188 0.080556 0.616406 0.083333 0.614844 0.086111 0.611719 0.090278 0.612500 0.094444 0.614844 0.091667 0.617969 0.090278 0.618750 0.093056 0.617969 0.104167 0.615625 0.108333 0.614062 0.109722 0.609375 0.109722 0.609375 0.100000 0.608594 0.094444 0.607812 0.088889 0.606250 0.086111 0.606250 0.080556 0.604688 0.073611 0.603125 0.069444 0.605469 0.069444 0.606250 0.063889 0.607031 0.061111 0.609375 0.056944 0.610938 0.061111 0.614062 0.059722 0.614062 0.058333 0.615625 0.055556 0.618750 0.055556 0.618750 0.058333 0.621094 0.054167 0.625000 0.051389 0.626563 0.045833 0.626563 0.040278 0.628125 0.040278
27 0.527344 0.025000 0.537500 0.025000 0.538281 0.023611 0.539844 0.023611 0.532813 0.025000 0.528906 0.025000 0.527344 0.025000
27 0.578125 0.000000 0.578906 0.006944 0.579688 0.000000 0.580469 0.004167 0.582812 0.004167 0.584375 0.000000 0.584375 0.005556 0.585156 0.002778 0.585938 0.009722 0.583594 0.015278 0.584375 0.018056 0.585156 0.018056 0.587500 0.011111 0.589844 0.008333 0.591406 0.008333 0.592969 0.012500 0.593750 0.015278 0.593750 0.018056 0.596094 0.023611 0.594531 0.029167 0.593750 0.041667 0.592187 0.038889 0.593750 0.036111 0.590625 0.036111 0.592187 0.038889 0.593750 0.041667 0.594531 0.044444 0.593750 0.047222 0.591406 0.044444 0.591406 0.043056 0.590625 0.041667 0.585938 0.034722 0.583594 0.033333 0.585938 0.033333 0.590625 0.027778 0.592187 0.027778 0.593750 0.025000 0.587500 0.023611 0.585938 0.023611 0.582812 0.020833 0.582812 0.018056 0.582031 0.016667 0.581250 0.013889 0.579688 0.020833 0.577344 0.018056 0.574219 0.018056 0.571094 0.023611 0.573438 0.026389 0.571875 0.026389 0.570312 0.025000 0.569531 0.022222 0.567187 0.023611 0.564063 0.020833 0.560156 0.022222 0.542188 0.022222 0.535937 0.019444 0.534375 0.020833 0.532813 0.018056 0.532813 0.016667 0.532031 0.015278 0.533594 0.012500 0.532813 0.009722 0.531250 0.012500 0.532031 0.015278 0.532813 0.016667 0.530469 0.019444 0.525781 0.019444 0.524219 0.022222 0.524219 0.027778 0.525000 0.030556 0.526563 0.033333 0.532031 0.033333 0.534375 0.030556 0.536719 0.030556 0.541406 0.026389 0.564063 0.026389 0.567969 0.027778 0.570312 0.029167 0.571875 0.030556 0.570312 0.031944 0.568750 0.034722 0.570312 0.031944 0.568750 0.030556 0.565625 0.031944 0.564844 0.033333 0.564063 0.036111 0.564063 0.038889 0.566406 0.044444 0.566406 0.045833 0.567969 0.052778 0.569531 0.055556 0.570312 0.059722 0.571875 0.061111 0.573438 0.059722 0.574219 0.055556 0.572656 0.050000 0.568750 0.043056 0.567187 0.043056 0.566406 0.045833 0.566406 0.044444 0.567969 0.041667 0.568750 0.040278 0.571094 0.041667 0.573438 0.038889 0.575000 0.038889 0.578125 0.037500 0.578125 0.034722 0.579688 0.037500 0.581250 0.038889 0.581250 0.043056 0.582031 0.047222 0.582031 0.047222 0.580469 0.044444 0.580469 0.043056 0.576562 0.041667 0.575000 0.043056 0.571875 0.047222 0.573438 0.050000 0.574219 0.050000 0.575781 0.056944 0.578906 0.054167 0.580469 0.054167 0.583594 0.056944 0.586719 0.056944 0.589844 0.058333 0.592187 0.062500 0.592187 0.065278 0.593750 0.068056 0.594531 0.059722 0.587500 0.047222 0.584375 0.048611 0.582031 0.047222 0.582031 0.047222 0.583594 0.048611 0.582812 0.041667 0.585938 0.043056 0.586719 0.044444 0.586719 0.045833 0.587500 0.047222 0.590625 0.050000 0.592969 0.054167 0.595313 0.058333 0.595313 0.061111 0.594531 0.062500 0.593750 0.068056 0.596094 0.068056 0.598437 0.066667 0.600781 0.073611 0.601562 0.076389 0.603906 0.087500 0.603906 0.091667 0.605469 0.095833 0.604688 0.112500 0.604688 0.112500 0.605469 0.101389 0.604688 0.095833 0.601562 0.086111 0.601562 0.081944 0.600781 0.077778 0.600000 0.075000 0.599219 0.072222 0.597656 0.069444 0.596094 0.070833 0.595313 0.070833 0.594531 0.075000 0.596875 0.079167 0.597656 0.086111 0.599219 0.088889 0.599219 0.093056 0.602344 0.098611 0.603125 0.102778 0.603125 0.108333 0.603906 0.109722 0.604688 0.112500 0.604688 0.112500 0.605469 0.123611 0.604688 0.126389 0.603906 0.123611 0.603125 0.113889 0.601562 0.116667 0.599219 0.116667 0.596094 0.120833 0.594531 0.120833 0.587500 0.113889 0.584375 0.111111 0.579688 0.109722 0.576562 0.111111 0.574219 0.112500 0.567969 0.118056 0.556250 0.118056 0.552344 0.123611 0.548438 0.125000 0.547656 0.122222 0.545312 0.120833 0.542188 0.119444 0.539062 0.119444 0.535937 0.120833 0.534375 0.122222 0.532813 0.125000 0.530469 0.126389 0.529687 0.129167 0.528125 0.134722 0.525000 0.138889 0.524219 0.143056 0.523438 0.148611 0.522656 0.151389 0.517969 0.159722 0.515625 0.159722 0.511719 0.163889 0.509375 0.165278 0.505469 0.166667 0.502344 0.165278 0.498437 0.166667 0.496094 0.170833 0.494531 0.177778 0.492188 0.184722 0.490625 0.186111 0.489844 0.183333 0.475000 0.181944 0.473438 0.181944 0.467969 0.183333 0.463281 0.184722 0.461719 0.184722 0.458594 0.190278 0.459375 0.193056 0.460938 0.197222 0.457813 0.201389 0.457031 0.204167 0.456250 0.211111 0.457031 0.222222 0.456250 0.229167 0.456250 0.233333 0.457031 0.236111 0.458594 0.238889 0.462500 0.238889 0.464062 0.236111 0.459375 0.244444 0.460156 0.283333 0.460156 0.287500 0.458594 0.290278 0.456250 0.287500 0.457031 0.280556 0.455469 0.275000 0.455469 0.270833 0.457031 0.256944 0.457031 0.245833 0.454688 0.241667 0.453906 0.244444 0.453125 0.245833 0.452344 0.250000 0.452344 0.268056 0.453906 0.273611 0.452344 0.277778 0.452344 0.284722 0.453906 0.294444 0.450000 0.300000 0.447656 0.302778 0.446094 0.302778 0.443750 0.301389 0.439063 0.297222 0.436719 0.293056 0.434375 0.290278 0.431250 0.288889 0.427344 0.280556 0.426563 0.279167 0.423438 0.276389 0.422656 0.273611 0.422656 0.268056 0.421875 0.263889 0.419531 0.259722 0.417969 0.252778 0.415625 0.250000 0.414062 0.244444 0.410938 0.238889 0.407813 0.237500 0.400000 0.223611 0.397656 0.220833 0.393750 0.219444 0.392188 0.218056 0.389844 0.209722 0.388281 0.206944 0.385937 0.205556 0.383594 0.205556 0.380469 0.200000 0.378125 0.198611 0.371094 0.186111 0.368750 0.184722 0.367969 0.183333 0.364844 0.176389 0.364063 0.172222 0.363281 0.165278 0.363281 0.159722 0.372656 0.143056 0.375781 0.150000 0.378906 0.145833 0.382812 0.145833 0.383594 0.140278 0.382812 0.137500 0.379688 0.131944 0.381250 0.131944 0.382812 0.131944 0.383594 0.127778 0.382031 0.122222 0.383594 0.119444 0.381250 0.116667 0.382812 0.115278 0.382812 0.106944 0.382031 0.104167 0.379688 0.100000 0.377344 0.097222 0.374219 0.097222 0.375000 0.091667 0.370312 0.084722 0.370312 0.076389 0.369531 0.072222 0.367969 0.069444 0.364844 0.066667 0.360156 0.068056 0.357812 0.070833 0.357812 0.062500 0.357031 0.061111 0.357031 0.047222 0.356250 0.045833 0.356250 0.031944 0.354687 0.018056 0.354687 0.000000 0.578125 0.000000
28 0.634375 0.375000 0.632031 0.379167 0.631250 0.383333 0.630469 0.388889 0.629687 0.405556 0.628906 0.395833 0.628125 0.390278 0.626563 0.384722 0.624219 0.383333 0.623437 0.381944 0.622656 0.377778 0.618750 0.381944 0.617969 0.383333 0.614062 0.391667 0.613281 0.408333 0.613281 0.443056 0.614062 0.448611 0.614844 0.451389 0.617188 0.454167 0.619531 0.455556 0.623437 0.455556 0.625781 0.454167 0.628125 0.450000 0.628906 0.447222 0.628906 0.444444 0.628125 0.425000 0.629687 0.406944 0.630469 0.423611 0.631250 0.431944 0.632812 0.437500 0.634375 0.438889 0.638281 0.431944 0.639062 0.429167 0.639844 0.426389 0.639062 0.409722 0.639062 0.402778 0.640625 0.384722 0.639062 0.377778 0.638281 0.375000 0.634375 0.375000
28 0.601562 0.369444 0.599219 0.370833 0.596875 0.375000 0.594531 0.380556 0.593750 0.383333 0.592969 0.388889 0.592969 0.415278 0.591406 0.420833 0.592969 0.426389 0.592187 0.434722 0.592969 0.445833 0.593750 0.454167 0.594531 0.456944 0.595313 0.458333 0.596875 0.459722 0.600000 0.459722 0.601562 0.458333 0.603906 0.454167 0.604688 0.447222 0.603906 0.440278 0.606250 0.416667 0.607031 0.398611 0.607031 0.394444 0.606250 0.383333 0.605469 0.379167 0.603906 0.375000 0.603125 0.369444 0.601562 0.369444
28 0.563281 0.370833 0.563281 0.377778 0.561719 0.386111 0.560156 0.388889 0.557813 0.390278 0.557031 0.448611 0.557813 0.452778 0.558594 0.455556 0.564844 0.456944 0.566406 0.455556 0.567969 0.448611 0.568750 0.441667 0.568750 0.430556 0.570312 0.426389 0.571094 0.412500 0.570312 0.405556 0.571094 0.388889 0.573438 0.384722 0.572656 0.379167 0.569531 0.375000 0.569531 0.372222 0.567969 0.369444 0.563281 0.370833
28 0.675781 0.369444 0.673438 0.373611 0.671875 0.377778 0.671094 0.387500 0.671094 0.401389 0.671875 0.415278 0.672656 0.429167 0.675000 0.434722 0.675781 0.441667 0.677344 0.443056 0.681250 0.443056 0.684375 0.436111 0.685156 0.438889 0.685937 0.434722 0.687500 0.433333 0.689844 0.431944 0.692969 0.425000 0.695312 0.423611 0.696094 0.422222 0.696875 0.419444 0.697656 0.416667 0.698438 0.411111 0.699219 0.404167 0.699219 0.388889 0.697656 0.383333 0.697656 0.376389 0.696875 0.373611 0.693750 0.370833 0.690625 0.370833 0.687500 0.372222 0.684375 0.376389 0.682813 0.373611 0.682031 0.369444 0.675781 0.369444
28 0.661719 0.368056 0.660156 0.373611 0.658594 0.377778 0.657031 0.384722 0.656250 0.391667 0.656250 0.398611 0.657031 0.412500 0.658594 0.425000 0.659375 0.429167 0.660937 0.431944 0.663281 0.431944 0.664062 0.433333 0.666406 0.431944 0.666406 0.430556 0.667969 0.427778 0.670312 0.419444 0.668750 0.406944 0.668750 0.390278 0.668750 0.381944 0.667969 0.377778 0.666406 0.372222 0.664844 0.369444 0.661719 0.368056
28 0.987500 0.318056 0.985938 0.319444 0.984375 0.323611 0.983594 0.330556 0.980469 0.340278 0.979688 0.344444 0.978125 0.345833 0.976562 0.345833 0.975000 0.347222 0.974219 0.350000 0.973437 0.354167 0.971875 0.363889 0.971875 0.381944 0.973437 0.388889 0.973437 0.402778 0.972656 0.430556 0.973437 0.434722 0.974219 0.437500 0.978125 0.447222 0.978906 0.450000 0.979688 0.452778 0.979688 0.461111 0.982812 0.466667 0.984375 0.466667 0.985938 0.468056 0.988281 0.465278 0.999219 0.465278 0.999219 0.344444 0.996094 0.343056 0.995313 0.338889 0.995313 0.329167 0.994531 0.326389 0.993750 0.323611 0.991406 0.319444 0.989844 0.318056 0.987500 0.318056
2 0.997656 0.505556 0.996094 0.506944 0.990625 0.513889 0.989062 0.515278 0.985938 0.516667 0.978906 0.523611 0.974219 0.530556 0.971875 0.533333 0.970313 0.534722 0.968750 0.534722 0.967187 0.536111 0.954688 0.558333 0.953906 0.561111 0.951562 0.572222 0.951562 0.579167 0.950781 0.584722 0.949219 0.591667 0.946875 0.595833 0.944531 0.604167 0.944531 0.615278 0.946094 0.619444 0.946875 0.643056 0.948438 0.647222 0.947656 0.655556 0.950000 0.659722 0.950781 0.669444 0.953125 0.675000 0.957031 0.677778 0.965625 0.679167 0.976562 0.679167 0.981250 0.683333 0.989062 0.684722 0.990625 0.684722 0.999219 0.683333 0.999219 0.505556 0.997656 0.505556
2 0.954688 0.500000 0.953906 0.502778 0.954688 0.511111 0.956250 0.509722 0.956250 0.506944 0.955469 0.505556 0.954688 0.500000
2 0.192188 0.381944 0.182031 0.383333 0.175000 0.384722 0.173437 0.386111 0.171875 0.388889 0.167187 0.391667 0.164062 0.398611 0.160938 0.402778 0.158594 0.404167 0.157031 0.404167 0.154688 0.405556 0.152344 0.408333 0.150000 0.411111 0.149219 0.413889 0.149219 0.420833 0.148438 0.427778 0.147656 0.431944 0.146875 0.434722 0.147656 0.441667 0.148438 0.447222 0.150000 0.452778 0.151562 0.452778 0.152344 0.454167 0.153906 0.454167 0.153906 0.448611 0.154688 0.444444 0.156250 0.440278 0.156250 0.431944 0.157812 0.429167 0.162500 0.423611 0.164062 0.425000 0.165625 0.426389 0.167969 0.430556 0.168750 0.430556 0.170313 0.433333 0.171094 0.436111 0.171875 0.443056 0.172656 0.445833 0.174219 0.448611 0.176563 0.450000 0.180469 0.452778 0.183594 0.452778 0.192969 0.450000 0.201563 0.451389 0.203906 0.450000 0.210156 0.444444 0.216406 0.444444 0.219531 0.447222 0.221094 0.447222 0.223438 0.445833 0.225000 0.444444 0.227344 0.440278 0.229687 0.433333 0.229687 0.426389 0.228125 0.418056 0.228125 0.405556 0.227344 0.402778 0.225781 0.398611 0.222656 0.395833 0.219531 0.390278 0.215625 0.384722 0.213281 0.383333 0.210156 0.381944 0.192188 0.381944
2 0.388281 0.369444 0.386719 0.372222 0.385156 0.379167 0.384375 0.388889 0.380469 0.381944 0.376563 0.377778 0.371094 0.376389 0.329688 0.376389 0.324219 0.377778 0.321875 0.380556 0.319531 0.384722 0.317969 0.387500 0.317188 0.388889 0.306250 0.409722 0.303906 0.418056 0.303125 0.422222 0.302344 0.426389 0.302344 0.434722 0.301563 0.436111 0.301563 0.443056 0.302344 0.462500 0.303125 0.470833 0.303906 0.476389 0.304688 0.481944 0.307031 0.486111 0.309375 0.487500 0.311719 0.487500 0.314844 0.486111 0.316406 0.484722 0.321875 0.473611 0.325781 0.475000 0.329688 0.479167 0.338281 0.479167 0.341406 0.476389 0.342969 0.476389 0.343750 0.477778 0.345313 0.477778 0.353906 0.476389 0.357031 0.477778 0.359375 0.479167 0.362500 0.480556 0.364844 0.484722 0.367188 0.486111 0.374219 0.486111 0.378906 0.488889 0.384375 0.490278 0.385937 0.488889 0.392188 0.477778 0.393750 0.476389 0.395313 0.476389 0.396875 0.475000 0.397656 0.472222 0.398438 0.469444 0.399219 0.463889 0.400000 0.455556 0.400000 0.445833 0.399219 0.444444 0.400000 0.434722 0.402344 0.437500 0.412500 0.437500 0.417187 0.441667 0.419531 0.443056 0.421875 0.441667 0.423438 0.440278 0.424219 0.433333 0.425781 0.433333 0.426563 0.434722 0.428125 0.434722 0.435156 0.434722 0.438281 0.431944 0.439063 0.426389 0.439063 0.408333 0.438281 0.404167 0.435156 0.400000 0.434375 0.398611 0.433594 0.394444 0.432812 0.393056 0.431250 0.391667 0.429688 0.390278 0.426563 0.390278 0.424219 0.394444 0.422656 0.400000 0.421875 0.394444 0.421094 0.390278 0.418750 0.384722 0.418750 0.379167 0.417969 0.376389 0.415625 0.372222 0.414062 0.370833 0.406250 0.369444 0.388281 0.369444
2 0.022656 0.369444 0.015625 0.370833 0.013281 0.372222 0.011719 0.375000 0.009375 0.376389 0.003125 0.376389 0.002344 0.377778 0.000000 0.377778 0.000000 0.456944 0.001563 0.456944 0.004687 0.452778 0.006250 0.451389 0.008594 0.450000 0.014063 0.450000 0.017188 0.452778 0.024219 0.450000 0.029687 0.450000 0.036719 0.451389 0.037500 0.450000 0.043750 0.450000 0.052344 0.450000 0.059375 0.451389 0.062500 0.445833 0.064844 0.440278 0.064844 0.437500 0.066406 0.433333 0.064844 0.429167 0.064062 0.423611 0.062500 0.413889 0.064844 0.415278 0.064844 0.416667 0.066406 0.419444 0.067969 0.426389 0.069531 0.429167 0.071875 0.430556 0.073438 0.433333 0.075781 0.438889 0.076563 0.438889 0.079687 0.444444 0.083594 0.447222 0.087500 0.445833 0.089844 0.450000 0.091406 0.451389 0.092969 0.450000 0.095312 0.447222 0.098437 0.440278 0.103125 0.441667 0.107031 0.444444 0.109375 0.443056 0.110937 0.441667 0.111719 0.440278 0.112500 0.437500 0.113281 0.433333 0.113281 0.419444 0.112500 0.412500 0.111719 0.409722 0.109375 0.404167 0.107031 0.398611 0.104688 0.397222 0.102344 0.395833 0.099219 0.394444 0.095312 0.395833 0.093750 0.398611 0.092188 0.398611 0.087500 0.390278 0.083594 0.386111 0.079687 0.386111 0.075781 0.383333 0.053906 0.383333 0.053125 0.384722 0.044531 0.384722 0.043750 0.387500 0.042969 0.391667 0.042969 0.408333 0.042188 0.412500 0.040625 0.415278 0.039062 0.416667 0.037500 0.418056 0.032813 0.418056 0.029687 0.412500 0.028906 0.402778 0.028906 0.384722 0.028125 0.377778 0.026562 0.372222 0.025000 0.369444 0.022656 0.369444
2 0.476562 0.366667 0.469531 0.368056 0.462500 0.369444 0.459375 0.372222 0.458594 0.376389 0.457031 0.380556 0.457031 0.384722 0.455469 0.387500 0.454688 0.387500 0.453906 0.388889 0.453125 0.391667 0.452344 0.394444 0.452344 0.398611 0.450781 0.402778 0.448437 0.406944 0.446094 0.413889 0.445312 0.419444 0.444531 0.430556 0.443750 0.445833 0.442969 0.459722 0.442969 0.462500 0.443750 0.490278 0.444531 0.495833 0.446094 0.498611 0.450781 0.500000 0.452344 0.497222 0.454688 0.495833 0.458594 0.494444 0.464062 0.494444 0.474219 0.490278 0.481250 0.488889 0.487500 0.490278 0.490625 0.490278 0.499219 0.487500 0.504687 0.487500 0.510156 0.488889 0.513281 0.490278 0.515625 0.493056 0.517969 0.495833 0.521094 0.502778 0.530469 0.502778 0.532813 0.498611 0.533594 0.486111 0.533594 0.448611 0.533594 0.438889 0.542188 0.441667 0.549219 0.441667 0.550781 0.438889 0.551562 0.436111 0.551562 0.423611 0.550000 0.405556 0.549219 0.398611 0.548438 0.395833 0.547656 0.394444 0.546094 0.393056 0.544531 0.391667 0.537500 0.391667 0.532031 0.390278 0.528125 0.388889 0.527344 0.387500 0.525000 0.387500 0.523438 0.391667 0.521094 0.387500 0.519531 0.383333 0.517969 0.375000 0.516406 0.372222 0.514844 0.370833 0.512500 0.369444 0.509375 0.368056 0.501563 0.366667 0.485938 0.366667 0.478906 0.366667 0.476562 0.366667
2 0.714063 0.322222 0.712500 0.325000 0.709375 0.329167 0.710938 0.330556 0.714844 0.330556 0.716406 0.329167 0.717969 0.322222 0.714063 0.322222
2 0.899219 0.269444 0.891406 0.272222 0.880469 0.273611 0.863281 0.273611 0.857031 0.277778 0.850781 0.276389 0.843750 0.277778 0.835938 0.280556 0.821875 0.280556 0.817187 0.283333 0.814063 0.284722 0.810156 0.290278 0.807813 0.291667 0.806250 0.293056 0.805469 0.294444 0.804688 0.297222 0.802344 0.305556 0.801562 0.309722 0.800781 0.313889 0.800781 0.322222 0.800000 0.326389 0.798438 0.331944 0.792188 0.333333 0.785937 0.333333 0.782813 0.330556 0.780469 0.334722 0.772656 0.336111 0.769531 0.336111 0.768750 0.334722 0.765625 0.334722 0.764844 0.336111 0.760938 0.336111 0.751563 0.334722 0.750000 0.337500 0.750000 0.341667 0.747656 0.345833 0.742969 0.345833 0.737500 0.348611 0.735156 0.350000 0.732031 0.354167 0.728125 0.354167 0.726562 0.356944 0.726562 0.359722 0.728906 0.365278 0.727344 0.369444 0.724219 0.376389 0.722656 0.375000 0.721875 0.373611 0.721875 0.372222 0.720313 0.369444 0.719531 0.373611 0.716406 0.375000 0.711719 0.384722 0.709375 0.388889 0.703906 0.397222 0.703125 0.398611 0.700781 0.404167 0.700000 0.408333 0.700000 0.412500 0.699219 0.415278 0.696875 0.422222 0.694531 0.426389 0.692187 0.427778 0.690625 0.430556 0.690625 0.431944 0.689063 0.434722 0.686719 0.436111 0.685937 0.438889 0.685156 0.443056 0.680469 0.455556 0.679688 0.458333 0.678906 0.461111 0.678125 0.465278 0.677344 0.469444 0.677344 0.480556 0.676562 0.481944 0.675781 0.495833 0.676562 0.506944 0.675781 0.508333 0.675781 0.518056 0.676562 0.533333 0.677344 0.540278 0.678906 0.543056 0.678906 0.544444 0.679688 0.545833 0.681250 0.547222 0.682813 0.548611 0.685156 0.548611 0.687500 0.551389 0.693750 0.551389 0.695312 0.550000 0.696875 0.548611 0.701562 0.541667 0.704688 0.540278 0.709375 0.541667 0.716406 0.545833 0.718750 0.548611 0.721875 0.548611 0.725000 0.550000 0.728125 0.554167 0.729688 0.554167 0.731250 0.555556 0.732812 0.556944 0.733594 0.558333 0.733594 0.559722 0.735156 0.562500 0.735938 0.565278 0.735938 0.572222 0.737500 0.576389 0.737500 0.586111 0.739844 0.591667 0.742188 0.595833 0.744531 0.598611 0.746875 0.600000 0.749219 0.600000 0.751563 0.602778 0.754687 0.601389 0.757812 0.600000 0.760156 0.597222 0.763281 0.591667 0.763281 0.586111 0.764062 0.583333 0.767188 0.579167 0.768750 0.570833 0.771094 0.569444 0.782813 0.570833 0.788281 0.570833 0.789062 0.569444 0.794531 0.569444 0.813281 0.570833 0.831250 0.573611 0.837500 0.572222 0.857031 0.575000 0.865625 0.573611 0.876563 0.573611 0.882812 0.576389 0.888281 0.577778 0.889844 0.575000 0.892188 0.573611 0.893750 0.573611 0.909375 0.575000 0.914844 0.576389 0.919531 0.579167 0.921875 0.576389 0.927344 0.576389 0.931250 0.580556 0.940625 0.581944 0.944531 0.581944 0.947656 0.579167 0.948438 0.572222 0.950781 0.565278 0.950781 0.556944 0.953906 0.551389 0.955469 0.551389 0.956250 0.547222 0.958594 0.544444 0.957031 0.543056 0.956250 0.541667 0.953906 0.540278 0.953906 0.522222 0.953125 0.519444 0.950000 0.516667 0.949219 0.508333 0.950000 0.497222 0.949219 0.490278 0.949219 0.487500 0.950000 0.484722 0.952344 0.483333 0.954688 0.486111 0.954688 0.483333 0.956250 0.479167 0.957031 0.475000 0.955469 0.472222 0.952344 0.472222 0.951562 0.475000 0.950781 0.479167 0.950000 0.468056 0.949219 0.461111 0.948438 0.456944 0.946875 0.454167 0.947656 0.445833 0.946875 0.433333 0.944531 0.427778 0.944531 0.423611 0.943750 0.420833 0.942187 0.418056 0.942187 0.413889 0.938281 0.405556 0.938281 0.402778 0.935937 0.398611 0.934375 0.394444 0.935156 0.390278 0.937500 0.388889 0.950000 0.388889 0.953125 0.383333 0.953125 0.377778 0.953906 0.375000 0.954688 0.373611 0.957812 0.370833 0.956250 0.366667 0.956250 0.363889 0.958594 0.359722 0.963281 0.356944 0.964063 0.354167 0.964063 0.348611 0.966406 0.345833 0.967187 0.343056 0.967187 0.336111 0.967969 0.333333 0.971875 0.326389 0.973437 0.322222 0.975000 0.318056 0.975781 0.313889 0.975781 0.308333 0.975000 0.304167 0.974219 0.301389 0.971875 0.300000 0.969531 0.294444 0.966406 0.290278 0.962500 0.288889 0.957812 0.288889 0.953125 0.286111 0.950781 0.284722 0.949219 0.281944 0.947656 0.280556 0.945312 0.280556 0.941406 0.281944 0.935156 0.277778 0.925000 0.277778 0.921875 0.275000 0.917969 0.273611 0.907813 0.273611 0.904687 0.270833 0.901563 0.269444 0.899219 0.269444
19 0.074219 0.695833 0.070312 0.697222 0.068750 0.698611 0.070312 0.697222 0.075000 0.695833 0.080469 0.695833 0.074219 0.695833
19 0.040625 0.690278 0.036719 0.693056 0.034375 0.693056 0.033594 0.695833 0.033594 0.701389 0.032813 0.704167 0.031250 0.706944 0.027344 0.708333 0.028125 0.711111 0.030469 0.712500 0.032813 0.712500 0.032813 0.709722 0.035937 0.704167 0.036719 0.700000 0.042969 0.697222 0.047656 0.700000 0.053125 0.701389 0.063281 0.701389 0.065625 0.698611 0.067187 0.698611 0.065625 0.698611 0.061719 0.693056 0.057813 0.694444 0.052344 0.693056 0.046875 0.690278 0.040625 0.690278
19 0.116406 0.519444 0.116406 0.530556 0.118750 0.529167 0.118750 0.522222 0.116406 0.519444
19 0.146094 0.511111 0.143750 0.513889 0.141406 0.513889 0.137500 0.520833 0.139844 0.523611 0.141406 0.522222 0.143750 0.519444 0.146094 0.520833 0.148438 0.520833 0.149219 0.522222 0.153125 0.520833 0.151562 0.520833 0.150000 0.516667 0.147656 0.518056 0.146875 0.518056 0.146875 0.513889 0.148438 0.511111 0.146094 0.511111
19 0.182031 0.504167 0.181250 0.509722 0.179688 0.512500 0.181250 0.511111 0.183594 0.511111 0.185156 0.509722 0.183594 0.505556 0.182812 0.506944 0.182031 0.504167
19 0.175000 0.501389 0.174219 0.504167 0.176563 0.501389 0.178125 0.501389 0.180469 0.502778 0.175000 0.501389
19 0.604688 0.448611 0.604688 0.454167 0.602344 0.458333 0.618750 0.458333 0.625000 0.455556 0.626563 0.455556 0.637500 0.456944 0.638281 0.458333 0.641406 0.458333 0.639844 0.458333 0.639062 0.456944 0.635156 0.456944 0.632812 0.455556 0.630469 0.452778 0.628125 0.451389 0.625781 0.455556 0.623437 0.456944 0.619531 0.456944 0.617188 0.455556 0.612500 0.450000 0.607812 0.451389 0.604688 0.448611
19 0.098437 0.447222 0.096875 0.450000 0.096094 0.454167 0.096875 0.456944 0.098437 0.456944 0.100000 0.451389 0.103906 0.452778 0.104688 0.451389 0.108594 0.451389 0.107031 0.451389 0.106250 0.450000 0.103906 0.448611 0.100000 0.447222 0.098437 0.447222
19 0.588281 0.441667 0.589844 0.445833 0.588281 0.447222 0.592187 0.448611 0.592969 0.452778 0.592969 0.447222 0.592187 0.445833 0.592187 0.443056 0.588281 0.441667
19 0.554688 0.408333 0.556250 0.406944 0.556250 0.448611 0.557031 0.452778 0.557813 0.455556 0.559375 0.458333 0.564844 0.458333 0.566406 0.456944 0.567969 0.454167 0.568750 0.451389 0.571094 0.452778 0.579688 0.452778 0.581250 0.455556 0.584375 0.455556 0.587500 0.458333 0.593750 0.458333 0.596875 0.461111 0.600781 0.459722 0.602344 0.462500 0.606250 0.465278 0.613281 0.462500 0.617969 0.461111 0.623437 0.462500 0.628906 0.466667 0.632812 0.468056 0.636719 0.469444 0.638281 0.469444 0.641406 0.465278 0.646094 0.466667 0.650000 0.463889 0.653125 0.463889 0.654687 0.465278 0.656250 0.466667 0.657813 0.469444 0.657813 0.470833 0.664844 0.470833 0.676562 0.469444 0.678125 0.463889 0.678906 0.459722 0.678125 0.463889 0.676562 0.469444 0.676562 0.480556 0.675781 0.481944 0.675000 0.494444 0.675781 0.506944 0.675000 0.508333 0.675000 0.518056 0.675781 0.533333 0.676562 0.540278 0.678125 0.544444 0.679688 0.547222 0.682813 0.550000 0.685156 0.550000 0.687500 0.552778 0.693750 0.552778 0.695312 0.551389 0.696875 0.550000 0.701562 0.543056 0.704688 0.541667 0.709375 0.543056 0.716406 0.547222 0.718750 0.550000 0.721875 0.550000 0.725000 0.551389 0.728125 0.555556 0.729688 0.555556 0.731250 0.556944 0.732812 0.558333 0.734375 0.562500 0.735156 0.565278 0.735156 0.572222 0.736719 0.576389 0.736719 0.586111 0.739062 0.591667 0.742188 0.597222 0.744531 0.600000 0.746875 0.601389 0.749219 0.601389 0.751563 0.604167 0.754687 0.602778 0.757812 0.601389 0.760156 0.598611 0.764062 0.591667 0.764062 0.586111 0.764844 0.583333 0.767188 0.580556 0.768750 0.575000 0.768750 0.572222 0.770312 0.572222 0.771094 0.570833 0.782813 0.572222 0.788281 0.572222 0.789062 0.570833 0.794531 0.570833 0.813281 0.572222 0.831250 0.575000 0.837500 0.573611 0.857031 0.576389 0.865625 0.575000 0.876563 0.575000 0.882812 0.577778 0.888281 0.579167 0.889844 0.576389 0.892188 0.575000 0.893750 0.575000 0.909375 0.576389 0.914844 0.577778 0.919531 0.580556 0.921875 0.577778 0.927344 0.577778 0.931250 0.581944 0.940625 0.583333 0.944531 0.583333 0.946875 0.581944 0.948438 0.579167 0.949219 0.572222 0.950000 0.570833 0.950781 0.568056 0.950781 0.579167 0.950000 0.584722 0.948438 0.591667 0.946094 0.595833 0.943750 0.604167 0.943750 0.615278 0.945312 0.619444 0.946094 0.643056 0.947656 0.647222 0.946875 0.655556 0.949219 0.659722 0.950000 0.669444 0.952344 0.673611 0.952344 0.675000 0.953906 0.677778 0.957031 0.679167 0.965625 0.680556 0.976562 0.680556 0.981250 0.684722 0.989062 0.686111 0.990625 0.686111 0.999219 0.684722 0.999219 0.697222 0.988281 0.697222 0.975000 0.695833 0.965625 0.694444 0.964063 0.691667 0.962500 0.691667 0.960938 0.688889 0.959375 0.686111 0.957031 0.686111 0.954688 0.691667 0.950000 0.693056 0.937500 0.691667 0.924219 0.690278 0.898438 0.686111 0.882812 0.684722 0.867969 0.683333 0.821875 0.679167 0.775781 0.675000 0.760156 0.673611 0.730469 0.672222 0.671875 0.669444 0.642188 0.668056 0.612500 0.666667 0.481250 0.665278 0.460938 0.666667 0.378125 0.672222 0.357031 0.673611 0.281250 0.680556 0.250781 0.683333 0.235156 0.684722 0.153125 0.697222 0.132812 0.700000 0.122656 0.701389 0.112500 0.700000 0.111719 0.697222 0.107031 0.697222 0.100000 0.690278 0.097656 0.690278 0.094531 0.686111 0.086719 0.684722 0.085156 0.684722 0.081250 0.687500 0.079687 0.687500 0.075000 0.686111 0.071875 0.688889 0.067187 0.688889 0.066406 0.690278 0.062500 0.690278 0.055469 0.686111 0.049219 0.684722 0.046094 0.687500 0.038281 0.687500 0.031250 0.690278 0.030469 0.693056 0.030469 0.697222 0.028906 0.700000 0.025000 0.698611 0.024219 0.697222 0.022656 0.694444 0.021875 0.697222 0.019531 0.697222 0.018750 0.693056 0.017969 0.691667 0.017969 0.690278 0.019531 0.691667 0.020313 0.693056 0.021875 0.693056 0.017969 0.690278 0.017969 0.691667 0.016406 0.690278 0.009375 0.690278 0.006250 0.687500 0.000000 0.687500 0.000000 0.597222 0.015625 0.597222 0.019531 0.595833 0.020313 0.593056 0.021875 0.593056 0.022656 0.594444 0.024219 0.594444 0.028125 0.593056 0.030469 0.591667 0.031250 0.590278 0.032813 0.588889 0.032031 0.586111 0.035156 0.586111 0.036719 0.584722 0.037500 0.583333 0.038281 0.581944 0.039062 0.577778 0.039844 0.575000 0.042969 0.572222 0.046094 0.570833 0.050000 0.570833 0.056250 0.559722 0.059375 0.559722 0.061719 0.556944 0.064844 0.556944 0.067969 0.558333 0.073438 0.568056 0.075781 0.566667 0.079687 0.559722 0.091406 0.561111 0.095312 0.558333 0.096875 0.559722 0.100781 0.556944 0.106250 0.556944 0.112500 0.552778 0.118750 0.551389 0.121094 0.548611 0.121875 0.545833 0.124219 0.545833 0.125781 0.544444 0.128125 0.540278 0.132031 0.536111 0.134375 0.534722 0.142187 0.533333 0.150000 0.533333 0.157812 0.531944 0.161719 0.530556 0.164062 0.527778 0.167187 0.526389 0.170313 0.526389 0.173437 0.523611 0.176563 0.522222 0.180469 0.522222 0.182031 0.519444 0.184375 0.518056 0.188281 0.516667 0.187500 0.513889 0.189062 0.512500 0.188281 0.506944 0.187500 0.505556 0.186719 0.504167 0.185156 0.502778 0.183594 0.502778 0.180469 0.498611 0.178906 0.497222 0.175000 0.497222 0.167969 0.498611 0.164062 0.500000 0.160156 0.502778 0.156250 0.502778 0.152344 0.505556 0.150000 0.505556 0.150000 0.502778 0.151562 0.501389 0.149219 0.495833 0.148438 0.488889 0.148438 0.481944 0.148438 0.480556 0.150000 0.481944 0.155469 0.479167 0.153125 0.476389 0.150000 0.477778 0.149219 0.468056 0.148438 0.470833 0.147656 0.472222 0.146875 0.477778 0.148438 0.480556 0.148438 0.481944 0.147656 0.479167 0.146875 0.476389 0.144531 0.472222 0.143750 0.472222 0.142187 0.469444 0.145313 0.466667 0.145313 0.462500 0.146094 0.462500 0.147656 0.459722 0.146875 0.458333 0.148438 0.456944 0.146875 0.444444 0.145313 0.441667 0.137500 0.441667 0.141406 0.441667 0.142187 0.440278 0.143750 0.438889 0.139063 0.436111 0.141406 0.434722 0.143750 0.434722 0.144531 0.433333 0.146875 0.431944 0.146875 0.441667 0.147656 0.447222 0.148438 0.450000 0.149219 0.452778 0.152344 0.455556 0.153906 0.455556 0.154688 0.448611 0.157031 0.440278 0.157031 0.431944 0.160156 0.433333 0.161719 0.433333 0.164844 0.431944 0.166406 0.430556 0.167969 0.431944 0.168750 0.431944 0.169531 0.433333 0.170313 0.436111 0.171094 0.443056 0.171875 0.445833 0.174219 0.450000 0.176563 0.451389 0.180469 0.454167 0.183594 0.454167 0.192969 0.451389 0.201563 0.452778 0.203906 0.451389 0.210156 0.445833 0.216406 0.445833 0.219531 0.448611 0.221094 0.448611 0.223438 0.447222 0.225000 0.445833 0.228125 0.440278 0.230469 0.433333 0.230469 0.429167 0.232031 0.429167 0.232813 0.431944 0.236719 0.433333 0.239063 0.433333 0.235156 0.436111 0.233594 0.431944 0.230469 0.436111 0.228906 0.438889 0.228125 0.444444 0.224219 0.447222 0.225781 0.450000 0.228125 0.452778 0.229687 0.454167 0.233594 0.455556 0.250781 0.454167 0.252344 0.454167 0.257031 0.455556 0.257812 0.454167 0.262500 0.454167 0.270313 0.458333 0.275781 0.458333 0.278906 0.455556 0.282031 0.454167 0.277344 0.451389 0.261719 0.450000 0.239844 0.451389 0.239063 0.450000 0.233594 0.450000 0.231250 0.444444 0.231250 0.441667 0.233594 0.441667 0.234375 0.440278 0.236719 0.440278 0.239844 0.443056 0.240625 0.434722 0.243750 0.431944 0.248438 0.436111 0.249219 0.438889 0.251563 0.440278 0.255469 0.440278 0.256250 0.443056 0.257812 0.444444 0.259375 0.441667 0.259375 0.438889 0.264062 0.438889 0.269531 0.444444 0.277344 0.444444 0.276562 0.448611 0.278906 0.452778 0.284375 0.452778 0.289844 0.452778 0.291406 0.450000 0.293750 0.452778 0.300781 0.452778 0.301563 0.445833 0.301563 0.462500 0.302344 0.470833 0.303125 0.476389 0.303906 0.481944 0.307031 0.487500 0.309375 0.488889 0.311719 0.488889 0.314844 0.487500 0.316406 0.486111 0.321875 0.475000 0.325781 0.476389 0.329688 0.480556 0.338281 0.480556 0.341406 0.477778 0.342969 0.477778 0.343750 0.479167 0.345313 0.479167 0.353906 0.477778 0.357031 0.479167 0.359375 0.480556 0.362500 0.481944 0.364844 0.486111 0.367188 0.487500 0.374219 0.487500 0.378906 0.490278 0.383594 0.491667 0.385937 0.490278 0.392188 0.479167 0.393750 0.477778 0.395313 0.477778 0.396875 0.476389 0.397656 0.475000 0.398438 0.472222 0.399219 0.469444 0.400000 0.463889 0.400781 0.455556 0.400781 0.445833 0.400000 0.444444 0.400000 0.436111 0.402344 0.438889 0.412500 0.438889 0.417187 0.443056 0.419531 0.444444 0.421875 0.443056 0.423438 0.441667 0.424219 0.434722 0.425781 0.434722 0.426563 0.436111 0.428125 0.436111 0.435156 0.436111 0.437500 0.434722 0.439063 0.431944 0.439844 0.426389 0.439844 0.409722 0.446094 0.412500 0.444531 0.419444 0.443750 0.430556 0.442969 0.445833 0.442188 0.459722 0.442188 0.462500 0.442969 0.490278 0.443750 0.495833 0.446094 0.500000 0.450781 0.501389 0.452344 0.498611 0.454688 0.497222 0.458594 0.495833 0.464062 0.495833 0.474219 0.491667 0.481250 0.490278 0.487500 0.491667 0.490625 0.491667 0.499219 0.488889 0.504687 0.488889 0.510156 0.490278 0.513281 0.491667 0.515625 0.494444 0.517969 0.497222 0.520312 0.502778 0.530469 0.504167 0.533594 0.498611 0.534375 0.486111 0.534375 0.448611 0.533594 0.443056 0.532813 0.440278 0.542188 0.443056 0.549219 0.443056 0.551562 0.438889 0.552344 0.436111 0.552344 0.423611 0.551562 0.415278 0.550781 0.413889 0.550781 0.408333 0.552344 0.408333 0.553906 0.405556 0.554688 0.408333
19 0.571875 0.401389 0.571875 0.404167 0.571094 0.405556 0.571875 0.412500 0.571094 0.426389 0.569531 0.430556 0.569531 0.437500 0.572656 0.438889 0.575000 0.440278 0.579688 0.440278 0.583594 0.441667 0.584375 0.443056 0.586719 0.441667 0.585156 0.440278 0.582031 0.438889 0.578906 0.433333 0.575781 0.430556 0.572656 0.425000 0.576562 0.419444 0.578906 0.418056 0.579688 0.415278 0.579688 0.409722 0.580469 0.406944 0.583594 0.406944 0.581250 0.406944 0.578906 0.404167 0.576562 0.404167 0.574219 0.401389 0.571875 0.401389
