20 0.635938 0.588889 0.635938 0.591667 0.633594 0.594444 0.635938 0.597222 0.642969 0.601389 0.648438 0.600000 0.646094 0.600000 0.642969 0.597222 0.639062 0.597222 0.638281 0.595833 0.636719 0.594444 0.638281 0.587500 0.635938 0.588889
21 0.457031 0.595833 0.472656 0.595833 0.466406 0.594444 0.457031 0.595833
21 0.432031 0.594444 0.432031 0.597222 0.433594 0.598611 0.436719 0.598611 0.443750 0.597222 0.435156 0.597222 0.432031 0.594444
21 0.474219 0.594444 0.476562 0.595833 0.476562 0.593056 0.474219 0.594444
21 0.161719 0.588889 0.160938 0.590278 0.157812 0.590278 0.165625 0.590278 0.166406 0.588889 0.169531 0.588889 0.161719 0.588889
21 0.174219 0.584722 0.172656 0.586111 0.171094 0.587500 0.173437 0.587500 0.175000 0.584722 0.177344 0.584722 0.174219 0.584722
21 0.186719 0.579167 0.184375 0.583333 0.180469 0.583333 0.184375 0.583333 0.187500 0.581944 0.189062 0.580556 0.189062 0.577778 0.186719 0.579167
21 0.508594 0.559722 0.507031 0.562500 0.511719 0.562500 0.512500 0.561111 0.521094 0.561111 0.523438 0.562500 0.525000 0.563889 0.528125 0.568056 0.530469 0.572222 0.531250 0.577778 0.532031 0.580556 0.532813 0.581944 0.534375 0.583333 0.535937 0.581944 0.537500 0.587500 0.539062 0.587500 0.541406 0.583333 0.539062 0.579167 0.539062 0.576389 0.536719 0.576389 0.532813 0.573611 0.532031 0.569444 0.530469 0.566667 0.525781 0.562500 0.523438 0.561111 0.518750 0.559722 0.508594 0.559722
21 0.359375 0.558333 0.358594 0.561111 0.354687 0.563889 0.354687 0.568056 0.356250 0.569444 0.357812 0.569444 0.359375 0.572222 0.359375 0.573611 0.363281 0.575000 0.364063 0.570833 0.366406 0.569444 0.368750 0.568056 0.372656 0.568056 0.373437 0.565278 0.372656 0.558333 0.367188 0.558333 0.366406 0.556944 0.359375 0.558333
21 0.603906 0.545833 0.605469 0.548611 0.607031 0.550000 0.609375 0.545833 0.611719 0.547222 0.612500 0.550000 0.614844 0.551389 0.617188 0.551389 0.618750 0.554167 0.619531 0.554167 0.620313 0.555556 0.621094 0.558333 0.621094 0.561111 0.617969 0.565278 0.617969 0.568056 0.613281 0.576389 0.611719 0.576389 0.610156 0.573611 0.610156 0.572222 0.607812 0.568056 0.607031 0.569444 0.605469 0.568056 0.601562 0.568056 0.599219 0.572222 0.596875 0.573611 0.595313 0.572222 0.596094 0.569444 0.597656 0.568056 0.598437 0.568056 0.600000 0.566667 0.600781 0.561111 0.601562 0.559722 0.603125 0.559722 0.605469 0.563889 0.607031 0.565278 0.608594 0.565278 0.611719 0.559722 0.610938 0.556944 0.609375 0.554167 0.607812 0.552778 0.604688 0.552778 0.603125 0.555556 0.603125 0.559722 0.601562 0.559722 0.601562 0.556944 0.600781 0.554167 0.600000 0.552778 0.599219 0.552778 0.600000 0.547222 0.601562 0.544444 0.603125 0.543056 0.603906 0.545833
21 0.196875 0.515278 0.196875 0.537500 0.198437 0.554167 0.199219 0.554167 0.200000 0.569444 0.203125 0.569444 0.208594 0.568056 0.210938 0.566667 0.212500 0.565278 0.214062 0.559722 0.214062 0.555556 0.213281 0.547222 0.211719 0.543056 0.211719 0.537500 0.210938 0.534722 0.208594 0.527778 0.203906 0.519444 0.202344 0.518056 0.200781 0.516667 0.198437 0.515278 0.196875 0.515278
21 0.185938 0.512500 0.187500 0.512500 0.187500 0.508333 0.185938 0.512500
21 0.338281 0.498611 0.339062 0.502778 0.336719 0.506944 0.337500 0.512500 0.341406 0.509722 0.341406 0.513889 0.342187 0.515278 0.342187 0.527778 0.342969 0.537500 0.346094 0.543056 0.348438 0.544444 0.347656 0.547222 0.345313 0.548611 0.343750 0.551389 0.348438 0.552778 0.349219 0.556944 0.349219 0.558333 0.346875 0.558333 0.345313 0.559722 0.346875 0.561111 0.349219 0.558333 0.349219 0.556944 0.350781 0.555556 0.352344 0.558333 0.352344 0.573611 0.351562 0.575000 0.351562 0.579167 0.349219 0.579167 0.348438 0.576389 0.346094 0.579167 0.345313 0.576389 0.346094 0.573611 0.347656 0.570833 0.344531 0.572222 0.345313 0.576389 0.346094 0.579167 0.343750 0.577778 0.342969 0.576389 0.341406 0.573611 0.340625 0.576389 0.335938 0.573611 0.335156 0.575000 0.330469 0.575000 0.328906 0.577778 0.328906 0.580556 0.328906 0.583333 0.328125 0.579167 0.325000 0.577778 0.323437 0.581944 0.324219 0.579167 0.323437 0.569444 0.322656 0.577778 0.319531 0.580556 0.310937 0.584722 0.310937 0.583333 0.311719 0.573611 0.310156 0.570833 0.309375 0.580556 0.310937 0.583333 0.310937 0.584722 0.304688 0.586111 0.304688 0.580556 0.305469 0.575000 0.303906 0.577778 0.304688 0.580556 0.304688 0.586111 0.296875 0.584722 0.291406 0.581944 0.289844 0.586111 0.288281 0.583333 0.284375 0.587500 0.282813 0.591667 0.281250 0.591667 0.280469 0.588889 0.278125 0.588889 0.278906 0.584722 0.275000 0.580556 0.273438 0.587500 0.270313 0.584722 0.267188 0.583333 0.266406 0.580556 0.266406 0.577778 0.264844 0.575000 0.262500 0.577778 0.262500 0.580556 0.262500 0.576389 0.260156 0.575000 0.257812 0.575000 0.256250 0.575000 0.255469 0.579167 0.253906 0.577778 0.255469 0.576389 0.244531 0.575000 0.242969 0.577778 0.242969 0.580556 0.235937 0.580556 0.235156 0.577778 0.235937 0.576389 0.235937 0.566667 0.234375 0.563889 0.232813 0.566667 0.231250 0.563889 0.232031 0.547222 0.231250 0.543056 0.232031 0.538889 0.232813 0.536111 0.233594 0.533333 0.235156 0.533333 0.235156 0.529167 0.239063 0.529167 0.242969 0.525000 0.246094 0.525000 0.246875 0.523611 0.249219 0.523611 0.251563 0.526389 0.253125 0.525000 0.253906 0.525000 0.254688 0.520833 0.257812 0.516667 0.265625 0.509722 0.267188 0.509722 0.274219 0.509722 0.279687 0.506944 0.283594 0.506944 0.288281 0.508333 0.292187 0.511111 0.289062 0.515278 0.290625 0.518056 0.292969 0.518056 0.293750 0.513889 0.295312 0.516667 0.297656 0.515278 0.296094 0.516667 0.302344 0.518056 0.306250 0.520833 0.312500 0.520833 0.314063 0.519444 0.315625 0.516667 0.314844 0.513889 0.315625 0.511111 0.315625 0.513889 0.317188 0.516667 0.318750 0.518056 0.323437 0.512500 0.319531 0.508333 0.317969 0.506944 0.316406 0.504167 0.318750 0.502778 0.321094 0.502778 0.319531 0.505556 0.322656 0.506944 0.323437 0.504167 0.325000 0.505556 0.327344 0.508333 0.328125 0.509722 0.325781 0.508333 0.325000 0.512500 0.325781 0.513889 0.326562 0.516667 0.328125 0.513889 0.328125 0.509722 0.327344 0.508333 0.329688 0.506944 0.332031 0.502778 0.334375 0.502778 0.335156 0.500000 0.338281 0.498611
21 0.743750 0.491667 0.739844 0.497222 0.735938 0.498611 0.734375 0.501389 0.732812 0.502778 0.730469 0.502778 0.729688 0.501389 0.728125 0.501389 0.727344 0.505556 0.725000 0.506944 0.722656 0.511111 0.722656 0.512500 0.721094 0.515278 0.720313 0.515278 0.718750 0.520833 0.718750 0.529167 0.717187 0.537500 0.717969 0.531944 0.717969 0.550000 0.718750 0.558333 0.720313 0.561111 0.727344 0.561111 0.749219 0.559722 0.756250 0.562500 0.760156 0.562500 0.763281 0.556944 0.764844 0.562500 0.766406 0.563889 0.768750 0.561111 0.771094 0.561111 0.772656 0.556944 0.771875 0.551389 0.770312 0.544444 0.765625 0.537500 0.766406 0.526389 0.767969 0.529167 0.765625 0.525000 0.764844 0.522222 0.764062 0.518056 0.764062 0.505556 0.764062 0.518056 0.762500 0.520833 0.759375 0.523611 0.755469 0.522222 0.753125 0.518056 0.752344 0.512500 0.751563 0.495833 0.753906 0.491667 0.743750 0.491667
21 0.651563 0.491667 0.653125 0.495833 0.655469 0.490278 0.656250 0.493056 0.656250 0.494444 0.659375 0.493056 0.660937 0.494444 0.662500 0.494444 0.664844 0.497222 0.667969 0.502778 0.669531 0.502778 0.671094 0.504167 0.675000 0.512500 0.676562 0.512500 0.678125 0.513889 0.678125 0.518056 0.678906 0.522222 0.680469 0.522222 0.682031 0.525000 0.681250 0.527778 0.680469 0.531944 0.678906 0.529167 0.678125 0.531944 0.680469 0.531944 0.681250 0.527778 0.684375 0.525000 0.686719 0.525000 0.687500 0.522222 0.689063 0.522222 0.688281 0.525000 0.689844 0.529167 0.691406 0.525000 0.693750 0.525000 0.692187 0.522222 0.695312 0.522222 0.696094 0.516667 0.698438 0.515278 0.700781 0.516667 0.702344 0.518056 0.703125 0.522222 0.702344 0.525000 0.702344 0.527778 0.704688 0.529167 0.706250 0.526389 0.705469 0.522222 0.705469 0.525000 0.707031 0.526389 0.707812 0.529167 0.707812 0.551389 0.708594 0.554167 0.707031 0.551389 0.705469 0.550000 0.699219 0.551389 0.697656 0.554167 0.703906 0.555556 0.700781 0.555556 0.699219 0.556944 0.698438 0.556944 0.697656 0.558333 0.697656 0.559722 0.693750 0.561111 0.692187 0.558333 0.685937 0.556944 0.681250 0.559722 0.680469 0.558333 0.679688 0.555556 0.678125 0.552778 0.675000 0.554167 0.673438 0.556944 0.670312 0.558333 0.680469 0.558333 0.681250 0.559722 0.686719 0.561111 0.692187 0.558333 0.693750 0.561111 0.691406 0.563889 0.689063 0.561111 0.683594 0.561111 0.681250 0.566667 0.677344 0.565278 0.674219 0.566667 0.671875 0.569444 0.660937 0.569444 0.660156 0.566667 0.659375 0.562500 0.660156 0.561111 0.657813 0.561111 0.658594 0.558333 0.657813 0.545833 0.657031 0.552778 0.656250 0.555556 0.655469 0.558333 0.653906 0.558333 0.653906 0.550000 0.653125 0.548611 0.653125 0.538889 0.651563 0.531944 0.650781 0.516667 0.653125 0.516667 0.654687 0.520833 0.654687 0.525000 0.657031 0.533333 0.657813 0.522222 0.658594 0.519444 0.660156 0.516667 0.665625 0.520833 0.668750 0.520833 0.669531 0.522222 0.672656 0.520833 0.667969 0.515278 0.666406 0.513889 0.661719 0.512500 0.660156 0.511111 0.660156 0.505556 0.658594 0.502778 0.654687 0.504167 0.652344 0.500000 0.650781 0.502778 0.650781 0.505556 0.651563 0.506944 0.652344 0.509722 0.653906 0.506944 0.655469 0.512500 0.653125 0.516667 0.650781 0.516667 0.650000 0.511111 0.648438 0.506944 0.647656 0.500000 0.646875 0.509722 0.647656 0.511111 0.647656 0.520833 0.650781 0.548611 0.650781 0.559722 0.649219 0.561111 0.645312 0.562500 0.642969 0.561111 0.641406 0.562500 0.639844 0.562500 0.635938 0.566667 0.634375 0.566667 0.633594 0.561111 0.631250 0.559722 0.629687 0.558333 0.629687 0.551389 0.632812 0.547222 0.634375 0.547222 0.633594 0.550000 0.634375 0.552778 0.632812 0.552778 0.632031 0.558333 0.633594 0.561111 0.636719 0.554167 0.639062 0.552778 0.640625 0.550000 0.642188 0.550000 0.643750 0.548611 0.646094 0.544444 0.646875 0.534722 0.646875 0.529167 0.646094 0.527778 0.644531 0.509722 0.644531 0.501389 0.645312 0.498611 0.647656 0.493056 0.648438 0.491667 0.650000 0.490278 0.651563 0.491667
21 0.185938 0.480556 0.185938 0.483333 0.184375 0.487500 0.184375 0.497222 0.185938 0.498611 0.187500 0.498611 0.187500 0.480556 0.185938 0.480556
21 0.127344 0.444444 0.125781 0.444444 0.120313 0.452778 0.131250 0.454167 0.131250 0.461111 0.132031 0.463889 0.132812 0.466667 0.135937 0.473611 0.136719 0.469444 0.135937 0.458333 0.137500 0.461111 0.137500 0.469444 0.138281 0.473611 0.140625 0.479167 0.140625 0.481944 0.141406 0.484722 0.142969 0.487500 0.146094 0.490278 0.146875 0.495833 0.150781 0.502778 0.152344 0.502778 0.153906 0.505556 0.154688 0.509722 0.154688 0.512500 0.150781 0.511111 0.149219 0.512500 0.151562 0.516667 0.152344 0.522222 0.154688 0.526389 0.167187 0.525000 0.174219 0.527778 0.175000 0.526389 0.180469 0.527778 0.185938 0.530556 0.186719 0.533333 0.186719 0.536111 0.185156 0.540278 0.185938 0.555556 0.185156 0.566667 0.184375 0.566667 0.182812 0.569444 0.181250 0.570833 0.177344 0.573611 0.175000 0.575000 0.171094 0.575000 0.170313 0.576389 0.167187 0.576389 0.166406 0.575000 0.163281 0.575000 0.160938 0.586111 0.159375 0.587500 0.155469 0.588889 0.150000 0.588889 0.149219 0.591667 0.148438 0.590278 0.145313 0.594444 0.140625 0.594444 0.137500 0.598611 0.134375 0.598611 0.132812 0.595833 0.124219 0.595833 0.121094 0.597222 0.111719 0.597222 0.107813 0.598611 0.106250 0.601389 0.105469 0.605556 0.103125 0.606944 0.101562 0.609722 0.099219 0.609722 0.097656 0.606944 0.095312 0.606944 0.095312 0.611111 0.096875 0.609722 0.095312 0.611111 0.091406 0.612500 0.094531 0.606944 0.093750 0.604167 0.090625 0.601389 0.089844 0.598611 0.089844 0.595833 0.084375 0.595833 0.078906 0.593056 0.073438 0.593056 0.071094 0.590278 0.068750 0.588889 0.067187 0.588889 0.067187 0.584722 0.066406 0.581944 0.064062 0.580556 0.061719 0.583333 0.060156 0.586111 0.059375 0.590278 0.059375 0.600000 0.060156 0.601389 0.060156 0.609722 0.058594 0.609722 0.057031 0.612500 0.057031 0.609722 0.058594 0.605556 0.058594 0.600000 0.057813 0.598611 0.058594 0.594444 0.057031 0.591667 0.056250 0.595833 0.057813 0.598611 0.058594 0.600000 0.053906 0.598611 0.055469 0.594444 0.054688 0.590278 0.053125 0.587500 0.053125 0.586111 0.042969 0.583333 0.039062 0.583333 0.034375 0.584722 0.032813 0.586111 0.031250 0.590278 0.030469 0.591667 0.028125 0.593056 0.027344 0.595833 0.026562 0.600000 0.026562 0.606944 0.028906 0.611111 0.032813 0.613889 0.035156 0.612500 0.030469 0.613889 0.029687 0.615278 0.021094 0.616667 0.015625 0.612500 0.014063 0.609722 0.008594 0.608333 0.001563 0.595833 0.000000 0.595833 0.000000 0.465278 0.010156 0.463889 0.006250 0.462500 0.007812 0.461111 0.009375 0.458333 0.013281 0.463889 0.017188 0.461111 0.020313 0.463889 0.028125 0.463889 0.032031 0.461111 0.035937 0.462500 0.042969 0.459722 0.049219 0.459722 0.053906 0.462500 0.055469 0.462500 0.069531 0.461111 0.074219 0.458333 0.082812 0.456944 0.084375 0.456944 0.090625 0.459722 0.107031 0.458333 0.110156 0.455556 0.114844 0.455556 0.118750 0.450000 0.122656 0.448611 0.125000 0.445833 0.127344 0.444444
21 0.881250 0.355556 0.882031 0.356944 0.885938 0.358333 0.892969 0.356944 0.893750 0.359722 0.898438 0.361111 0.900000 0.359722 0.903906 0.366667 0.904687 0.375000 0.906250 0.377778 0.906250 0.381944 0.907813 0.383333 0.906250 0.386111 0.909375 0.398611 0.913281 0.405556 0.914062 0.406944 0.912500 0.404167 0.912500 0.409722 0.914062 0.406944 0.913281 0.405556 0.914062 0.409722 0.918750 0.411111 0.929688 0.416667 0.936719 0.415278 0.937500 0.413889 0.942969 0.415278 0.942187 0.416667 0.944531 0.418056 0.945312 0.422222 0.946875 0.423611 0.947656 0.427778 0.946094 0.430556 0.947656 0.433333 0.947656 0.436111 0.946875 0.443056 0.948438 0.451389 0.947656 0.470833 0.948438 0.476389 0.948438 0.479167 0.947656 0.483333 0.942187 0.493056 0.940625 0.494444 0.939063 0.491667 0.928125 0.493056 0.927344 0.491667 0.917188 0.491667 0.913281 0.493056 0.905469 0.497222 0.895312 0.498611 0.890625 0.497222 0.886719 0.494444 0.881250 0.494444 0.874219 0.498611 0.871094 0.498611 0.868750 0.497222 0.866406 0.494444 0.860156 0.483333 0.857812 0.480556 0.854688 0.477778 0.851562 0.476389 0.848437 0.472222 0.845313 0.468056 0.840625 0.459722 0.838281 0.451389 0.838281 0.441667 0.839063 0.437500 0.841406 0.429167 0.842187 0.426389 0.842969 0.425000 0.843750 0.425000 0.848437 0.415278 0.850781 0.406944 0.851562 0.398611 0.850781 0.394444 0.849219 0.397222 0.850000 0.394444 0.850000 0.391667 0.852344 0.386111 0.853125 0.384722 0.853906 0.384722 0.855469 0.381944 0.857812 0.381944 0.860156 0.379167 0.862500 0.375000 0.867969 0.370833 0.874219 0.359722 0.876563 0.356944 0.878906 0.355556 0.881250 0.355556
21 0.893750 0.281944 0.892969 0.283333 0.890625 0.283333 0.888281 0.286111 0.885156 0.287500 0.884375 0.290278 0.884375 0.294444 0.886719 0.298611 0.889844 0.302778 0.893750 0.306944 0.895312 0.306944 0.896875 0.309722 0.900000 0.309722 0.903125 0.305556 0.903906 0.302778 0.903906 0.293056 0.903125 0.291667 0.903125 0.288889 0.900781 0.286111 0.899219 0.284722 0.897656 0.283333 0.895312 0.281944 0.893750 0.281944
21 0.903125 0.000000 0.903125 0.011111 0.903906 0.013889 0.905469 0.016667 0.910156 0.020833 0.914844 0.027778 0.917969 0.031944 0.919531 0.031944 0.922656 0.037500 0.922656 0.041667 0.923438 0.044444 0.925000 0.045833 0.927344 0.045833 0.930469 0.048611 0.933594 0.052778 0.935156 0.052778 0.946875 0.065278 0.948438 0.065278 0.950781 0.069444 0.954688 0.072222 0.957031 0.072222 0.959375 0.073611 0.965625 0.080556 0.972656 0.083333 0.975781 0.088889 0.978125 0.090278 0.979688 0.090278 0.982031 0.091667 0.986719 0.101389 0.987500 0.102778 0.990625 0.106944 0.999219 0.106944 0.999219 0.000000 0.903125 0.000000
22 0.068750 0.611111 0.067969 0.613889 0.067187 0.616667 0.067187 0.654167 0.072656 0.654167 0.077344 0.651389 0.076563 0.647222 0.075781 0.644444 0.071094 0.645833 0.070312 0.643056 0.071094 0.626389 0.075781 0.626389 0.078125 0.623611 0.081250 0.623611 0.078125 0.619444 0.074219 0.622222 0.072656 0.622222 0.071875 0.620833 0.069531 0.616667 0.071094 0.616667 0.068750 0.611111
22 0.054688 0.616667 0.054688 0.627778 0.052344 0.640278 0.051562 0.647222 0.051562 0.650000 0.053125 0.651389 0.056250 0.651389 0.057031 0.652778 0.059375 0.652778 0.060156 0.620833 0.060156 0.618056 0.059375 0.611111 0.054688 0.616667
22 0.264062 0.593056 0.261719 0.594444 0.259375 0.598611 0.258594 0.601389 0.257812 0.608333 0.258594 0.611111 0.259375 0.608333 0.260937 0.612500 0.259375 0.616667 0.259375 0.626389 0.264062 0.626389 0.266406 0.625000 0.267969 0.623611 0.269531 0.622222 0.271875 0.616667 0.267969 0.611111 0.270313 0.598611 0.267188 0.593056 0.264062 0.593056
23 0.023438 0.616667 0.023438 0.619444 0.020313 0.625000 0.020313 0.651389 0.021875 0.656944 0.030469 0.658333 0.035937 0.658333 0.042188 0.656944 0.044531 0.655556 0.047656 0.651389 0.049219 0.652778 0.050781 0.650000 0.051562 0.645833 0.053906 0.627778 0.053906 0.616667 0.050000 0.616667 0.037500 0.619444 0.028125 0.619444 0.025781 0.618056 0.023438 0.616667
23 0.185156 0.590278 0.189062 0.591667 0.190625 0.594444 0.192188 0.600000 0.192188 0.605556 0.193750 0.611111 0.192969 0.634722 0.193750 0.644444 0.188281 0.644444 0.187500 0.645833 0.167969 0.645833 0.159375 0.648611 0.141406 0.648611 0.139063 0.651389 0.122656 0.651389 0.119531 0.650000 0.117969 0.652778 0.100781 0.651389 0.092969 0.652778 0.085938 0.655556 0.078906 0.655556 0.077344 0.650000 0.077344 0.647222 0.076563 0.644444 0.071875 0.645833 0.071094 0.643056 0.071094 0.627778 0.075781 0.627778 0.078125 0.625000 0.082031 0.623611 0.078906 0.618056 0.075000 0.619444 0.074219 0.620833 0.072656 0.620833 0.071875 0.615278 0.068750 0.609722 0.068750 0.609722 0.070312 0.612500 0.072656 0.613889 0.075000 0.613889 0.074219 0.608333 0.075000 0.604167 0.074219 0.598611 0.072656 0.598611 0.071094 0.600000 0.069531 0.602778 0.068750 0.605556 0.068750 0.609722 0.068750 0.609722 0.069531 0.600000 0.067969 0.598611 0.070312 0.598611 0.073438 0.595833 0.071094 0.594444 0.078906 0.594444 0.083594 0.595833 0.084375 0.597222 0.089063 0.595833 0.089844 0.601389 0.091406 0.604167 0.092969 0.604167 0.093750 0.606944 0.092188 0.609722 0.091406 0.609722 0.092188 0.615278 0.094531 0.615278 0.096094 0.612500 0.095312 0.608333 0.097656 0.608333 0.099219 0.611111 0.101562 0.611111 0.105469 0.606944 0.108594 0.601389 0.110937 0.600000 0.123438 0.600000 0.125781 0.604167 0.128125 0.605556 0.134375 0.605556 0.137500 0.600000 0.139844 0.598611 0.142187 0.597222 0.146094 0.597222 0.147656 0.595833 0.149219 0.593056 0.150781 0.591667 0.183594 0.590278 0.185156 0.590278
23 0.203906 0.583333 0.200000 0.584722 0.198437 0.587500 0.197656 0.597222 0.197656 0.602778 0.198437 0.636111 0.199219 0.640278 0.201563 0.643056 0.207031 0.640278 0.220312 0.641667 0.220312 0.638889 0.221094 0.637500 0.221875 0.627778 0.223438 0.625000 0.225000 0.625000 0.226562 0.627778 0.226562 0.633333 0.228125 0.638889 0.232813 0.638889 0.238281 0.636111 0.243750 0.636111 0.249219 0.634722 0.256250 0.630556 0.257812 0.629167 0.258594 0.616667 0.260156 0.611111 0.257031 0.605556 0.256250 0.602778 0.256250 0.597222 0.257812 0.593056 0.257031 0.590278 0.250000 0.591667 0.242969 0.587500 0.242188 0.588889 0.239844 0.587500 0.239063 0.584722 0.237500 0.583333 0.225781 0.584722 0.222656 0.584722 0.221875 0.583333 0.219531 0.583333 0.213281 0.584722 0.203906 0.583333
23 0.324219 0.580556 0.327344 0.579167 0.328125 0.583333 0.328906 0.584722 0.327344 0.587500 0.328125 0.590278 0.329688 0.587500 0.328906 0.584722 0.328125 0.583333 0.329688 0.580556 0.329688 0.577778 0.335156 0.576389 0.335938 0.575000 0.340625 0.577778 0.341406 0.575000 0.344531 0.580556 0.346094 0.580556 0.346875 0.576389 0.348438 0.577778 0.349219 0.580556 0.351562 0.580556 0.352344 0.583333 0.352344 0.586111 0.354687 0.591667 0.358594 0.594444 0.360156 0.595833 0.361719 0.600000 0.363281 0.598611 0.364063 0.597222 0.365625 0.591667 0.367188 0.594444 0.370312 0.595833 0.376563 0.594444 0.377344 0.597222 0.389062 0.598611 0.390625 0.597222 0.391406 0.594444 0.395313 0.593056 0.400000 0.591667 0.402344 0.593056 0.403125 0.595833 0.404687 0.594444 0.407031 0.595833 0.407031 0.601389 0.405469 0.604167 0.407031 0.606944 0.408594 0.608333 0.414062 0.605556 0.412500 0.608333 0.410156 0.609722 0.403125 0.612500 0.395313 0.612500 0.391406 0.612500 0.389062 0.616667 0.384375 0.616667 0.373437 0.615278 0.371094 0.612500 0.368750 0.611111 0.360156 0.612500 0.363281 0.612500 0.364063 0.611111 0.365625 0.609722 0.360938 0.608333 0.364063 0.606944 0.353125 0.605556 0.357031 0.604167 0.357812 0.602778 0.362500 0.602778 0.371094 0.604167 0.376563 0.605556 0.378906 0.608333 0.385937 0.609722 0.388281 0.606944 0.385156 0.605556 0.384375 0.602778 0.382031 0.602778 0.379688 0.600000 0.377344 0.598611 0.363281 0.598611 0.353125 0.601389 0.351562 0.598611 0.350000 0.601389 0.350000 0.605556 0.337500 0.608333 0.337500 0.602778 0.335156 0.604167 0.333594 0.601389 0.332031 0.601389 0.330469 0.602778 0.329688 0.600000 0.330469 0.595833 0.328906 0.593056 0.327344 0.598611 0.325781 0.598611 0.325781 0.595833 0.323437 0.595833 0.322656 0.598611 0.317969 0.595833 0.317969 0.595833 0.319531 0.593056 0.320312 0.590278 0.321875 0.587500 0.316406 0.586111 0.315625 0.588889 0.320312 0.590278 0.319531 0.593056 0.316406 0.593056 0.317969 0.595833 0.317969 0.595833 0.311719 0.597222 0.307812 0.597222 0.306250 0.597222 0.303125 0.600000 0.299219 0.598611 0.296875 0.600000 0.297656 0.601389 0.292969 0.604167 0.288281 0.608333 0.283594 0.609722 0.278125 0.609722 0.276562 0.611111 0.275781 0.612500 0.275781 0.613889 0.272656 0.616667 0.268750 0.611111 0.270313 0.600000 0.271094 0.597222 0.274219 0.594444 0.275781 0.594444 0.278125 0.591667 0.280469 0.590278 0.281250 0.593056 0.283594 0.591667 0.284375 0.588889 0.288281 0.584722 0.289062 0.587500 0.290625 0.583333 0.296875 0.586111 0.304688 0.587500 0.309375 0.584722 0.310156 0.587500 0.311719 0.586111 0.313281 0.584722 0.314063 0.583333 0.319531 0.581944 0.321875 0.580556 0.323437 0.577778 0.323437 0.570833 0.324219 0.580556
24 0.072656 0.600000 0.071094 0.601389 0.070312 0.602778 0.069531 0.605556 0.070312 0.611111 0.072656 0.612500 0.075000 0.612500 0.073438 0.608333 0.073438 0.604167 0.075000 0.602778 0.074219 0.600000 0.072656 0.600000
24 0.064062 0.581944 0.062500 0.584722 0.061719 0.584722 0.060156 0.590278 0.060156 0.600000 0.060937 0.601389 0.060156 0.611111 0.060937 0.618056 0.060937 0.620833 0.060156 0.662500 0.061719 0.673611 0.063281 0.673611 0.065625 0.672222 0.066406 0.665278 0.066406 0.616667 0.067969 0.612500 0.067187 0.598611 0.070312 0.597222 0.071094 0.595833 0.072656 0.595833 0.070312 0.594444 0.072656 0.593056 0.069531 0.591667 0.066406 0.588889 0.066406 0.584722 0.065625 0.581944 0.064062 0.581944
24 0.216406 0.512500 0.216406 0.518056 0.217188 0.519444 0.217969 0.522222 0.216406 0.512500
24 0.648438 0.508333 0.648438 0.520833 0.648438 0.516667 0.649219 0.515278 0.648438 0.508333
24 0.806250 0.484722 0.806250 0.491667 0.807031 0.493056 0.807031 0.506944 0.807813 0.509722 0.807813 0.500000 0.807031 0.498611 0.807031 0.487500 0.806250 0.484722
24 0.696875 0.429167 0.696094 0.431944 0.698438 0.430556 0.698438 0.427778 0.696875 0.429167
24 0.636719 0.404167 0.637500 0.408333 0.635938 0.411111 0.638281 0.413889 0.639062 0.419444 0.639844 0.408333 0.637500 0.406944 0.636719 0.404167
24 0.198437 0.383333 0.196875 0.384722 0.198437 0.383333 0.200781 0.383333 0.202344 0.384722 0.200781 0.381944 0.198437 0.383333
24 0.686719 0.351389 0.690625 0.352778 0.689063 0.351389 0.686719 0.351389
24 0.189062 0.347222 0.188281 0.350000 0.187500 0.361111 0.188281 0.363889 0.186719 0.366667 0.185938 0.366667 0.184375 0.369444 0.186719 0.369444 0.186719 0.373611 0.184375 0.373611 0.185156 0.376389 0.187500 0.377778 0.186719 0.411111 0.185938 0.411111 0.187500 0.415278 0.185156 0.422222 0.183594 0.420833 0.182031 0.418056 0.182812 0.420833 0.184375 0.425000 0.185938 0.426389 0.186719 0.441667 0.186719 0.454167 0.188281 0.458333 0.188281 0.468056 0.186719 0.468056 0.186719 0.470833 0.186719 0.480556 0.188281 0.480556 0.188281 0.512500 0.186719 0.513889 0.185938 0.518056 0.188281 0.520833 0.186719 0.523611 0.186719 0.526389 0.185938 0.529167 0.187500 0.533333 0.187500 0.536111 0.185938 0.540278 0.185938 0.554167 0.186719 0.555556 0.186719 0.565278 0.188281 0.565278 0.189844 0.572222 0.190625 0.593056 0.192969 0.600000 0.192969 0.605556 0.194531 0.611111 0.193750 0.634722 0.194531 0.645833 0.195312 0.648611 0.196875 0.650000 0.198437 0.647222 0.199219 0.641667 0.197656 0.636111 0.196875 0.602778 0.196875 0.597222 0.198437 0.586111 0.197656 0.580556 0.197656 0.577778 0.199219 0.572222 0.199219 0.555556 0.196875 0.552778 0.196094 0.537500 0.196875 0.508333 0.195312 0.508333 0.194531 0.483333 0.196094 0.476389 0.194531 0.475000 0.193750 0.443056 0.194531 0.425000 0.196094 0.425000 0.196875 0.423611 0.198437 0.423611 0.196094 0.423611 0.194531 0.422222 0.193750 0.419444 0.192188 0.413889 0.192188 0.411111 0.192969 0.409722 0.192969 0.393056 0.192188 0.395833 0.192188 0.383333 0.192969 0.390278 0.193750 0.386111 0.195312 0.387500 0.194531 0.380556 0.193750 0.380556 0.193750 0.365278 0.192188 0.359722 0.195312 0.358333 0.194531 0.355556 0.192188 0.352778 0.191406 0.348611 0.189062 0.347222
24 0.696875 0.329167 0.696875 0.331944 0.698438 0.345833 0.698438 0.352778 0.696875 0.354167 0.697656 0.356944 0.699219 0.362500 0.698438 0.368056 0.696094 0.368056 0.696094 0.370833 0.696875 0.375000 0.695312 0.375000 0.697656 0.376389 0.699219 0.379167 0.698438 0.381944 0.695312 0.386111 0.695312 0.390278 0.697656 0.398611 0.698438 0.405556 0.697656 0.422222 0.699219 0.420833 0.699219 0.425000 0.701562 0.426389 0.702344 0.429167 0.701562 0.443056 0.703125 0.444444 0.702344 0.451389 0.702344 0.454167 0.703125 0.466667 0.703906 0.476389 0.704688 0.477778 0.706250 0.484722 0.705469 0.497222 0.702344 0.506944 0.700000 0.512500 0.699219 0.515278 0.700781 0.515278 0.702344 0.516667 0.703125 0.518056 0.703906 0.519444 0.704688 0.527778 0.707031 0.520833 0.707031 0.525000 0.708594 0.529167 0.708594 0.551389 0.709375 0.556944 0.710156 0.558333 0.709375 0.562500 0.707812 0.559722 0.707031 0.555556 0.704688 0.555556 0.704688 0.558333 0.706250 0.561111 0.706250 0.562500 0.709375 0.565278 0.710156 0.568056 0.711719 0.573611 0.711719 0.577778 0.714844 0.577778 0.716406 0.575000 0.717187 0.565278 0.717187 0.559722 0.716406 0.551389 0.717187 0.550000 0.717187 0.543056 0.715625 0.536111 0.714844 0.527778 0.714844 0.518056 0.714063 0.513889 0.711719 0.508333 0.710938 0.491667 0.710156 0.476389 0.709375 0.454167 0.710156 0.451389 0.708594 0.445833 0.710156 0.447222 0.710938 0.440278 0.710156 0.429167 0.709375 0.416667 0.707812 0.412500 0.707031 0.402778 0.706250 0.388889 0.706250 0.368056 0.704688 0.361111 0.705469 0.354167 0.704688 0.347222 0.703906 0.341667 0.703125 0.337500 0.701562 0.334722 0.701562 0.329167 0.699219 0.329167 0.696875 0.329167
30 0.756250 0.490278 0.753125 0.493056 0.752344 0.497222 0.753125 0.512500 0.753906 0.518056 0.755469 0.520833 0.759375 0.522222 0.760938 0.520833 0.762500 0.519444 0.763281 0.504167 0.762500 0.494444 0.760156 0.490278 0.756250 0.490278
25 0.914844 0.641667 0.914062 0.647222 0.914844 0.650000 0.916406 0.654167 0.916406 0.647222 0.914844 0.641667
25 0.915625 0.620833 0.914062 0.623611 0.913281 0.626389 0.912500 0.630556 0.914062 0.633333 0.914062 0.626389 0.914844 0.623611 0.915625 0.622222 0.917188 0.620833 0.918750 0.619444 0.915625 0.620833
25 0.942969 0.618056 0.944531 0.619444 0.950000 0.619444 0.947656 0.619444 0.946875 0.618056 0.942969 0.618056
25 0.922656 0.618056 0.921094 0.619444 0.939844 0.618056 0.922656 0.618056
25 0.110156 0.600000 0.107031 0.601389 0.106250 0.604167 0.108594 0.600000 0.111719 0.598611 0.110156 0.600000
25 0.123438 0.598611 0.125781 0.602778 0.128125 0.604167 0.134375 0.604167 0.136719 0.600000 0.134375 0.600000 0.132812 0.597222 0.123438 0.598611
25 0.000000 0.597222 0.000000 0.662500 0.007031 0.659722 0.014063 0.661111 0.016406 0.661111 0.017969 0.658333 0.019531 0.659722 0.021094 0.655556 0.019531 0.651389 0.019531 0.625000 0.021094 0.619444 0.022656 0.619444 0.022656 0.616667 0.018750 0.615278 0.015625 0.613889 0.014063 0.611111 0.008594 0.609722 0.001563 0.597222 0.000000 0.597222
25 0.148438 0.591667 0.146875 0.594444 0.145313 0.595833 0.140625 0.595833 0.139844 0.597222 0.138281 0.598611 0.139844 0.597222 0.142187 0.595833 0.146094 0.595833 0.147656 0.594444 0.148438 0.591667
25 0.034375 0.586111 0.032813 0.587500 0.032031 0.591667 0.030469 0.593056 0.028906 0.593056 0.028125 0.595833 0.027344 0.600000 0.027344 0.606944 0.028906 0.609722 0.032813 0.612500 0.035156 0.611111 0.035156 0.615278 0.029687 0.616667 0.024219 0.616667 0.028125 0.618056 0.038281 0.618056 0.049219 0.616667 0.056250 0.613889 0.056250 0.609722 0.057813 0.605556 0.057813 0.600000 0.053125 0.598611 0.054688 0.593056 0.053906 0.590278 0.052344 0.586111 0.042969 0.584722 0.039062 0.584722 0.034375 0.586111
25 0.533594 0.583333 0.535156 0.586111 0.536719 0.590278 0.536719 0.587500 0.535937 0.584722 0.533594 0.583333
25 0.345313 0.572222 0.345313 0.575000 0.346875 0.570833 0.345313 0.572222
25 0.187500 0.568056 0.189062 0.572222 0.189062 0.576389 0.186719 0.577778 0.184375 0.581944 0.188281 0.581944 0.189844 0.591667 0.185156 0.588889 0.183594 0.588889 0.166406 0.590278 0.170313 0.588889 0.169531 0.587500 0.173437 0.588889 0.175000 0.586111 0.178125 0.584722 0.174219 0.583333 0.169531 0.587500 0.170313 0.588889 0.168750 0.586111 0.164062 0.586111 0.160938 0.588889 0.157031 0.590278 0.150000 0.591667 0.150781 0.588889 0.155469 0.590278 0.159375 0.588889 0.160938 0.587500 0.162500 0.584722 0.163281 0.580556 0.163281 0.576389 0.166406 0.576389 0.167187 0.577778 0.170313 0.577778 0.171094 0.576389 0.175000 0.576389 0.177344 0.575000 0.181250 0.572222 0.182812 0.570833 0.184375 0.568056 0.185938 0.566667 0.187500 0.565278 0.187500 0.568056
25 0.346094 0.559722 0.347656 0.561111 0.348438 0.561111 0.349219 0.563889 0.348438 0.561111 0.348438 0.558333 0.346094 0.559722
25 0.603906 0.555556 0.603906 0.559722 0.605469 0.562500 0.607031 0.563889 0.608594 0.563889 0.610938 0.559722 0.610156 0.556944 0.609375 0.555556 0.607812 0.554167 0.603906 0.555556
25 0.657813 0.547222 0.657813 0.552778 0.657031 0.554167 0.657813 0.558333 0.657813 0.547222
25 0.703125 0.520833 0.703906 0.523611 0.703906 0.527778 0.703125 0.520833
25 0.649219 0.529167 0.650000 0.536111 0.651563 0.543056 0.652344 0.562500 0.653125 0.551389 0.652344 0.540278 0.650781 0.534722 0.650781 0.525000 0.650000 0.523611 0.650000 0.516667 0.649219 0.529167
25 0.652344 0.501389 0.652344 0.508333 0.654687 0.505556 0.656250 0.508333 0.656250 0.512500 0.653906 0.516667 0.655469 0.520833 0.655469 0.525000 0.657031 0.529167 0.657031 0.531944 0.657031 0.522222 0.657813 0.519444 0.660937 0.515278 0.665625 0.519444 0.668750 0.519444 0.669531 0.520833 0.671875 0.520833 0.669531 0.519444 0.667969 0.516667 0.666406 0.515278 0.664062 0.513889 0.661719 0.513889 0.660156 0.512500 0.658594 0.509722 0.659375 0.505556 0.657813 0.504167 0.654687 0.505556 0.652344 0.501389
25 0.328125 0.498611 0.328906 0.502778 0.327344 0.504167 0.327344 0.506944 0.328906 0.505556 0.329688 0.501389 0.332813 0.500000 0.330469 0.500000 0.329688 0.497222 0.328125 0.498611
25 0.196094 0.419444 0.202344 0.425000 0.206250 0.425000 0.210156 0.427778 0.212500 0.426389 0.214062 0.430556 0.213281 0.433333 0.210938 0.429167 0.209375 0.431944 0.212500 0.436111 0.212500 0.447222 0.213281 0.441667 0.213281 0.447222 0.212500 0.448611 0.210938 0.450000 0.210156 0.451389 0.211719 0.444444 0.209375 0.445833 0.207813 0.443056 0.207813 0.447222 0.207813 0.448611 0.208594 0.450000 0.210156 0.451389 0.210938 0.450000 0.208594 0.454167 0.209375 0.456944 0.209375 0.462500 0.210938 0.465278 0.212500 0.463889 0.210938 0.454167 0.210938 0.450000 0.212500 0.448611 0.213281 0.452778 0.214062 0.450000 0.214062 0.454167 0.213281 0.455556 0.213281 0.461111 0.214062 0.470833 0.215625 0.473611 0.221094 0.473611 0.220312 0.477778 0.222656 0.480556 0.229687 0.487500 0.230469 0.488889 0.231250 0.491667 0.232813 0.495833 0.235156 0.495833 0.236719 0.491667 0.239844 0.490278 0.247656 0.491667 0.249219 0.490278 0.253125 0.481944 0.254688 0.483333 0.256250 0.483333 0.255469 0.486111 0.260156 0.484722 0.266406 0.486111 0.268750 0.490278 0.271094 0.491667 0.271094 0.494444 0.273438 0.491667 0.277344 0.493056 0.278125 0.497222 0.276562 0.497222 0.275781 0.498611 0.274219 0.500000 0.278906 0.500000 0.278906 0.501389 0.278125 0.504167 0.280469 0.504167 0.278906 0.501389 0.278906 0.500000 0.282031 0.502778 0.282031 0.505556 0.285156 0.505556 0.286719 0.504167 0.286719 0.506944 0.292187 0.506944 0.292969 0.506944 0.292187 0.509722 0.294531 0.509722 0.292969 0.506944 0.292187 0.506944 0.292969 0.502778 0.295312 0.504167 0.297656 0.504167 0.297656 0.504167 0.296094 0.505556 0.299219 0.508333 0.300000 0.504167 0.300000 0.502778 0.301563 0.505556 0.303125 0.502778 0.300000 0.502778 0.300000 0.504167 0.297656 0.504167 0.297656 0.504167 0.298438 0.498611 0.305469 0.502778 0.306250 0.498611 0.308594 0.500000 0.314063 0.498611 0.314063 0.502778 0.315625 0.505556 0.316406 0.505556 0.318750 0.508333 0.315625 0.509722 0.314844 0.511111 0.314063 0.513889 0.314063 0.518056 0.312500 0.519444 0.306250 0.519444 0.302344 0.516667 0.296875 0.516667 0.293750 0.512500 0.292969 0.516667 0.289844 0.515278 0.291406 0.515278 0.292969 0.512500 0.290625 0.509722 0.288281 0.506944 0.284375 0.505556 0.279687 0.505556 0.274219 0.508333 0.268750 0.509722 0.267188 0.508333 0.265625 0.508333 0.257812 0.515278 0.253125 0.520833 0.253906 0.523611 0.252344 0.525000 0.249219 0.522222 0.246875 0.522222 0.246094 0.523611 0.242969 0.523611 0.239063 0.527778 0.235937 0.527778 0.234375 0.529167 0.235156 0.531944 0.232813 0.533333 0.232031 0.536111 0.231250 0.538889 0.230469 0.543056 0.231250 0.547222 0.230469 0.563889 0.231250 0.566667 0.233594 0.565278 0.235156 0.566667 0.234375 0.577778 0.235156 0.580556 0.242969 0.581944 0.243750 0.577778 0.253125 0.577778 0.254688 0.580556 0.256250 0.576389 0.258594 0.575000 0.260156 0.576389 0.261719 0.576389 0.260937 0.579167 0.262500 0.581944 0.263281 0.577778 0.266406 0.583333 0.267969 0.586111 0.270313 0.586111 0.273438 0.588889 0.275000 0.586111 0.275000 0.581944 0.276562 0.584722 0.278906 0.586111 0.277344 0.588889 0.278906 0.590278 0.277344 0.591667 0.275781 0.593056 0.274219 0.593056 0.271875 0.595833 0.270313 0.597222 0.267188 0.591667 0.264062 0.591667 0.261719 0.593056 0.258594 0.598611 0.257812 0.601389 0.257812 0.605556 0.257031 0.602778 0.257031 0.597222 0.258594 0.593056 0.257031 0.588889 0.250000 0.590278 0.242969 0.586111 0.242188 0.587500 0.239844 0.586111 0.237500 0.581944 0.225781 0.583333 0.222656 0.583333 0.221875 0.581944 0.219531 0.581944 0.213281 0.583333 0.203906 0.581944 0.199219 0.584722 0.198437 0.580556 0.198437 0.577778 0.199219 0.573611 0.200000 0.570833 0.203125 0.570833 0.208594 0.569444 0.210938 0.568056 0.212500 0.566667 0.214062 0.563889 0.214844 0.559722 0.214844 0.555556 0.214062 0.547222 0.212500 0.543056 0.212500 0.537500 0.211719 0.534722 0.209375 0.527778 0.216406 0.520833 0.217969 0.523611 0.218750 0.513889 0.217188 0.511111 0.215625 0.518056 0.216406 0.520833 0.209375 0.527778 0.203906 0.518056 0.202344 0.516667 0.200781 0.515278 0.198437 0.513889 0.196875 0.513889 0.196875 0.509722 0.196094 0.508333 0.195312 0.483333 0.196875 0.476389 0.194531 0.443056 0.194531 0.437500 0.197656 0.431944 0.198437 0.433333 0.197656 0.437500 0.199219 0.443056 0.200781 0.444444 0.203125 0.443056 0.201563 0.440278 0.201563 0.436111 0.200000 0.433333 0.198437 0.433333 0.197656 0.431944 0.196875 0.425000 0.199219 0.423611 0.196094 0.422222 0.194531 0.420833 0.196094 0.419444
25 0.637500 0.388889 0.636719 0.390278 0.633594 0.391667 0.630469 0.398611 0.627344 0.398611 0.628906 0.398611 0.631250 0.402778 0.631250 0.405556 0.629687 0.408333 0.628906 0.408333 0.626563 0.412500 0.627344 0.415278 0.629687 0.419444 0.630469 0.419444 0.634375 0.425000 0.635156 0.434722 0.635156 0.431944 0.635938 0.430556 0.635938 0.422222 0.634375 0.419444 0.634375 0.416667 0.630469 0.411111 0.632031 0.406944 0.632031 0.402778 0.633594 0.395833 0.635156 0.393056 0.635156 0.391667 0.642969 0.390278 0.639844 0.390278 0.639062 0.388889 0.637500 0.388889
25 0.692187 0.386111 0.692969 0.388889 0.693750 0.386111 0.694531 0.390278 0.696094 0.394444 0.696875 0.398611 0.697656 0.405556 0.696875 0.422222 0.699219 0.422222 0.698438 0.425000 0.699219 0.427778 0.696094 0.429167 0.695312 0.431944 0.697656 0.433333 0.699219 0.430556 0.699219 0.427778 0.698438 0.425000 0.700781 0.426389 0.701562 0.429167 0.700781 0.443056 0.702344 0.444444 0.701562 0.451389 0.701562 0.454167 0.702344 0.466667 0.703906 0.477778 0.704688 0.475000 0.703906 0.477778 0.703906 0.483333 0.705469 0.484722 0.704688 0.497222 0.700781 0.509722 0.699219 0.513889 0.697656 0.515278 0.696094 0.515278 0.695312 0.520833 0.691406 0.522222 0.692969 0.525000 0.691406 0.523611 0.689844 0.527778 0.689063 0.525000 0.689844 0.522222 0.687500 0.520833 0.686719 0.523611 0.683594 0.525000 0.683594 0.526389 0.682031 0.527778 0.682813 0.525000 0.681250 0.523611 0.679688 0.522222 0.678906 0.518056 0.678125 0.512500 0.676562 0.511111 0.675000 0.511111 0.671875 0.504167 0.671094 0.502778 0.669531 0.501389 0.667969 0.501389 0.664844 0.495833 0.662500 0.493056 0.660937 0.493056 0.657031 0.494444 0.655469 0.488889 0.654687 0.495833 0.651563 0.490278 0.652344 0.490278 0.653906 0.487500 0.653125 0.484722 0.651563 0.481944 0.649219 0.480556 0.647656 0.480556 0.647656 0.480556 0.649219 0.479167 0.650781 0.477778 0.649219 0.472222 0.648438 0.472222 0.646875 0.469444 0.645312 0.470833 0.646094 0.477778 0.647656 0.480556 0.647656 0.480556 0.646094 0.487500 0.650000 0.487500 0.652344 0.490278 0.651563 0.490278 0.650000 0.488889 0.648438 0.490278 0.646875 0.493056 0.646875 0.494444 0.644531 0.498611 0.643750 0.501389 0.643750 0.509722 0.645312 0.527778 0.646094 0.529167 0.646094 0.534722 0.645312 0.544444 0.643750 0.547222 0.642188 0.548611 0.640625 0.548611 0.636719 0.552778 0.635938 0.554167 0.632812 0.561111 0.633594 0.559722 0.632812 0.554167 0.634375 0.554167 0.634375 0.550000 0.635156 0.547222 0.632812 0.545833 0.629687 0.550000 0.628906 0.554167 0.629687 0.559722 0.631250 0.561111 0.633594 0.559722 0.632812 0.561111 0.632812 0.565278 0.634375 0.568056 0.631250 0.569444 0.628906 0.572222 0.625000 0.570833 0.622656 0.573611 0.621094 0.572222 0.617969 0.573611 0.615625 0.576389 0.614062 0.576389 0.618750 0.568056 0.618750 0.565278 0.621094 0.562500 0.621875 0.558333 0.621094 0.555556 0.619531 0.552778 0.617188 0.550000 0.614844 0.550000 0.614062 0.548611 0.612500 0.548611 0.611719 0.545833 0.610938 0.545833 0.607031 0.548611 0.605469 0.547222 0.604688 0.545833 0.604688 0.544444 0.603125 0.541667 0.601562 0.543056 0.600781 0.544444 0.597656 0.550000 0.600000 0.554167 0.600781 0.556944 0.600781 0.559722 0.600000 0.565278 0.596094 0.568056 0.594531 0.570833 0.595313 0.573611 0.596875 0.575000 0.598437 0.575000 0.601562 0.569444 0.605469 0.569444 0.606250 0.575000 0.607812 0.573611 0.607812 0.569444 0.609375 0.572222 0.610938 0.579167 0.612500 0.581944 0.614062 0.581944 0.625000 0.581944 0.628125 0.581944 0.629687 0.581944 0.632812 0.579167 0.632031 0.577778 0.635938 0.576389 0.639062 0.575000 0.639844 0.570833 0.643750 0.569444 0.650000 0.566667 0.653906 0.568056 0.655469 0.565278 0.657813 0.562500 0.659375 0.566667 0.656250 0.570833 0.653125 0.572222 0.650781 0.575000 0.649219 0.573611 0.648438 0.576389 0.646875 0.576389 0.646094 0.577778 0.642969 0.579167 0.638281 0.577778 0.635938 0.580556 0.632812 0.580556 0.631250 0.583333 0.633594 0.584722 0.631250 0.586111 0.630469 0.587500 0.627344 0.587500 0.624219 0.590278 0.621094 0.590278 0.620313 0.587500 0.622656 0.587500 0.623437 0.583333 0.611719 0.581944 0.603906 0.581944 0.593750 0.584722 0.584375 0.586111 0.583594 0.584722 0.581250 0.586111 0.582031 0.581944 0.579688 0.580556 0.579688 0.586111 0.573438 0.586111 0.575781 0.586111 0.575000 0.580556 0.573438 0.580556 0.571875 0.584722 0.571094 0.581944 0.569531 0.579167 0.568750 0.581944 0.567969 0.583333 0.567969 0.586111 0.567187 0.581944 0.565625 0.579167 0.564844 0.586111 0.561719 0.587500 0.557031 0.584722 0.557031 0.581944 0.554688 0.583333 0.552344 0.587500 0.545312 0.588889 0.543750 0.588889 0.539844 0.587500 0.542188 0.583333 0.539844 0.579167 0.539844 0.576389 0.535937 0.573611 0.533594 0.573611 0.532813 0.569444 0.530469 0.565278 0.532813 0.562500 0.534375 0.559722 0.534375 0.556944 0.531250 0.558333 0.532813 0.562500 0.530469 0.565278 0.525781 0.561111 0.523438 0.559722 0.518750 0.558333 0.508594 0.558333 0.506250 0.562500 0.496875 0.563889 0.492969 0.562500 0.490625 0.562500 0.486719 0.566667 0.483594 0.572222 0.482812 0.575000 0.482031 0.580556 0.480469 0.583333 0.480469 0.586111 0.478125 0.593056 0.476562 0.600000 0.475000 0.600000 0.474219 0.598611 0.471094 0.598611 0.470313 0.600000 0.468750 0.600000 0.470313 0.600000 0.471094 0.598611 0.475781 0.598611 0.477344 0.595833 0.477344 0.593056 0.473438 0.594444 0.466406 0.593056 0.457031 0.594444 0.453125 0.595833 0.455469 0.600000 0.463281 0.600000 0.467187 0.598611 0.465625 0.600000 0.464062 0.601389 0.452344 0.602778 0.441406 0.602778 0.431250 0.604167 0.429688 0.605556 0.431250 0.604167 0.429688 0.602778 0.432031 0.601389 0.431250 0.595833 0.431250 0.598611 0.432812 0.601389 0.443750 0.601389 0.452344 0.598611 0.443750 0.595833 0.435156 0.595833 0.433594 0.594444 0.432031 0.593056 0.427344 0.584722 0.424219 0.586111 0.421094 0.583333 0.411719 0.583333 0.410156 0.584722 0.407031 0.590278 0.406250 0.594444 0.404687 0.593056 0.403125 0.594444 0.401562 0.591667 0.395313 0.591667 0.391406 0.593056 0.389844 0.597222 0.376563 0.597222 0.376563 0.593056 0.370312 0.594444 0.367188 0.593056 0.365625 0.590278 0.364844 0.581944 0.364844 0.575000 0.363281 0.577778 0.363281 0.576389 0.364063 0.572222 0.365625 0.572222 0.368750 0.569444 0.373437 0.568056 0.374219 0.565278 0.373437 0.558333 0.366406 0.555556 0.360156 0.555556 0.360938 0.547222 0.362500 0.544444 0.359375 0.544444 0.360938 0.547222 0.360156 0.555556 0.358594 0.559722 0.357031 0.561111 0.355469 0.561111 0.353906 0.563889 0.354687 0.569444 0.356250 0.570833 0.358594 0.572222 0.358594 0.573611 0.360156 0.576389 0.363281 0.576389 0.363281 0.577778 0.364844 0.581944 0.365625 0.590278 0.363281 0.597222 0.361719 0.598611 0.360938 0.595833 0.360156 0.594444 0.358594 0.593056 0.355469 0.591667 0.353125 0.586111 0.352344 0.581944 0.352344 0.575000 0.353125 0.558333 0.350781 0.554167 0.349219 0.552778 0.344531 0.551389 0.346875 0.550000 0.348438 0.547222 0.349219 0.544444 0.346094 0.541667 0.343750 0.537500 0.342969 0.527778 0.342969 0.515278 0.341406 0.508333 0.337500 0.511111 0.337500 0.506944 0.339844 0.502778 0.339062 0.498611 0.334375 0.498611 0.335938 0.495833 0.337500 0.495833 0.338281 0.490278 0.340625 0.488889 0.341406 0.479167 0.342969 0.477778 0.345313 0.476389 0.342969 0.468056 0.342187 0.475000 0.342969 0.466667 0.343750 0.463889 0.344531 0.462500 0.345313 0.459722 0.346094 0.462500 0.349219 0.461111 0.346875 0.459722 0.349219 0.458333 0.350781 0.455556 0.353906 0.456944 0.355469 0.454167 0.357812 0.454167 0.361719 0.451389 0.363281 0.448611 0.365625 0.451389 0.369531 0.451389 0.371094 0.448611 0.373437 0.450000 0.375000 0.447222 0.376563 0.447222 0.378906 0.450000 0.381250 0.450000 0.382812 0.447222 0.388281 0.445833 0.392969 0.444444 0.400781 0.447222 0.403906 0.445833 0.405469 0.445833 0.408594 0.447222 0.410156 0.444444 0.411719 0.445833 0.418750 0.444444 0.420312 0.441667 0.421875 0.441667 0.421875 0.438889 0.423438 0.440278 0.425000 0.438889 0.425000 0.436111 0.428906 0.434722 0.428906 0.433333 0.431250 0.431944 0.435937 0.431944 0.443750 0.429167 0.446875 0.431944 0.453125 0.440278 0.455469 0.441667 0.456250 0.444444 0.459375 0.444444 0.460156 0.447222 0.463281 0.447222 0.461719 0.447222 0.460156 0.450000 0.461719 0.452778 0.464844 0.452778 0.466406 0.454167 0.469531 0.459722 0.466406 0.461111 0.473438 0.463889 0.482031 0.462500 0.485938 0.459722 0.490625 0.461111 0.495312 0.456944 0.497656 0.455556 0.500781 0.458333 0.501563 0.459722 0.502344 0.462500 0.503906 0.461111 0.504687 0.465278 0.505469 0.466667 0.503906 0.463889 0.503125 0.468056 0.504687 0.470833 0.506250 0.469444 0.505469 0.466667 0.504687 0.465278 0.508594 0.472222 0.509375 0.472222 0.509375 0.473611 0.508594 0.477778 0.509375 0.479167 0.510156 0.484722 0.510938 0.476389 0.509375 0.473611 0.509375 0.472222 0.512500 0.477778 0.512500 0.479167 0.515625 0.483333 0.517188 0.488889 0.518750 0.491667 0.520312 0.493056 0.521875 0.490278 0.522656 0.488889 0.525781 0.487500 0.527344 0.488889 0.528906 0.486111 0.529687 0.481944 0.532031 0.477778 0.528906 0.477778 0.531250 0.475000 0.532031 0.475000 0.533594 0.472222 0.532813 0.470833 0.535156 0.466667 0.535156 0.466667 0.533594 0.469444 0.534375 0.472222 0.535937 0.469444 0.535156 0.466667 0.535156 0.466667 0.536719 0.468056 0.537500 0.463889 0.543750 0.458333 0.546875 0.458333 0.556250 0.461111 0.558594 0.458333 0.561719 0.458333 0.562500 0.459722 0.564844 0.459722 0.565625 0.458333 0.568750 0.458333 0.570312 0.461111 0.571875 0.462500 0.573438 0.461111 0.574219 0.463889 0.577344 0.463889 0.578125 0.466667 0.579688 0.468056 0.581250 0.466667 0.581250 0.469444 0.583594 0.470833 0.586719 0.470833 0.589844 0.475000 0.591406 0.476389 0.596094 0.476389 0.596875 0.477778 0.599219 0.477778 0.597656 0.479167 0.599219 0.480556 0.598437 0.481944 0.595313 0.483333 0.593750 0.484722 0.589063 0.481944 0.585938 0.483333 0.587500 0.486111 0.591406 0.486111 0.593750 0.487500 0.595313 0.490278 0.597656 0.484722 0.598437 0.481944 0.599219 0.480556 0.605469 0.479167 0.602344 0.477778 0.604688 0.477778 0.605469 0.479167 0.607031 0.479167 0.607812 0.479167 0.604688 0.480556 0.606250 0.483333 0.610938 0.484722 0.615625 0.483333 0.617188 0.480556 0.612500 0.479167 0.611719 0.480556 0.608594 0.480556 0.607812 0.479167 0.607031 0.479167 0.610156 0.479167 0.611719 0.479167 0.618750 0.476389 0.620313 0.476389 0.621875 0.475000 0.624219 0.473611 0.628125 0.473611 0.629687 0.470833 0.632812 0.473611 0.634375 0.475000 0.637500 0.468056 0.638281 0.461111 0.635156 0.455556 0.635156 0.445833 0.635156 0.451389 0.635938 0.454167 0.637500 0.456944 0.638281 0.459722 0.639062 0.463889 0.639062 0.469444 0.636719 0.473611 0.636719 0.477778 0.641406 0.486111 0.641406 0.488889 0.639844 0.495833 0.639062 0.498611 0.637500 0.501389 0.635156 0.504167 0.633594 0.504167 0.633594 0.500000 0.635156 0.495833 0.635938 0.490278 0.633594 0.486111 0.631250 0.487500 0.632812 0.493056 0.632031 0.505556 0.633594 0.508333 0.635938 0.509722 0.637500 0.506944 0.637500 0.504167 0.639062 0.504167 0.642188 0.501389 0.642188 0.500000 0.645312 0.486111 0.644531 0.483333 0.643750 0.477778 0.643750 0.466667 0.644531 0.466667 0.648438 0.466667 0.646875 0.465278 0.644531 0.466667 0.643750 0.466667 0.642969 0.459722 0.644531 0.461111 0.647656 0.461111 0.646875 0.456944 0.644531 0.461111 0.642969 0.459722 0.642188 0.455556 0.639844 0.452778 0.641406 0.451389 0.639844 0.448611 0.640625 0.443056 0.638281 0.441667 0.637500 0.438889 0.639062 0.430556 0.639062 0.420833 0.639844 0.419444 0.639844 0.416667 0.639844 0.423611 0.640625 0.429167 0.642969 0.434722 0.642969 0.440278 0.644531 0.443056 0.645312 0.437500 0.643750 0.422222 0.643750 0.416667 0.644531 0.413889 0.646875 0.412500 0.642188 0.409722 0.640625 0.408333 0.639062 0.411111 0.639844 0.406944 0.642188 0.406944 0.642969 0.402778 0.642188 0.400000 0.639844 0.398611 0.643750 0.400000 0.646094 0.400000 0.647656 0.402778 0.650781 0.404167 0.655469 0.402778 0.657813 0.406944 0.660937 0.406944 0.662500 0.409722 0.664844 0.406944 0.663281 0.405556 0.662500 0.404167 0.662500 0.402778 0.661719 0.400000 0.664062 0.402778 0.664844 0.404167 0.666406 0.408333 0.666406 0.409722 0.673438 0.411111 0.675781 0.409722 0.676562 0.405556 0.678125 0.405556 0.679688 0.408333 0.681250 0.406944 0.682031 0.402778 0.683594 0.406944 0.685156 0.406944 0.686719 0.404167 0.686719 0.397222 0.685156 0.394444 0.683594 0.393056 0.689063 0.388889 0.690625 0.384722 0.692187 0.386111
25 0.035937 0.281944 0.035937 0.284722 0.039062 0.286111 0.045312 0.284722 0.042969 0.283333 0.045312 0.283333 0.047656 0.284722 0.047656 0.284722 0.044531 0.286111 0.046875 0.287500 0.049219 0.287500 0.047656 0.284722 0.047656 0.284722 0.050000 0.288889 0.048438 0.288889 0.050781 0.294444 0.052344 0.293056 0.051562 0.290278 0.053906 0.294444 0.053125 0.297222 0.056250 0.302778 0.057813 0.302778 0.056250 0.302778 0.058594 0.311111 0.060156 0.318056 0.060156 0.322222 0.063281 0.331944 0.064062 0.336111 0.064844 0.345833 0.065625 0.333333 0.067969 0.336111 0.068750 0.344444 0.070312 0.348611 0.072656 0.355556 0.074219 0.356944 0.076563 0.358333 0.078125 0.358333 0.079687 0.361111 0.081250 0.359722 0.082812 0.359722 0.082031 0.362500 0.083594 0.365278 0.086719 0.365278 0.088281 0.366667 0.089063 0.369444 0.090625 0.370833 0.095312 0.370833 0.096875 0.369444 0.097656 0.368056 0.098437 0.366667 0.099219 0.359722 0.100781 0.359722 0.100781 0.363889 0.102344 0.366667 0.103125 0.368056 0.105469 0.372222 0.107031 0.370833 0.104688 0.366667 0.103125 0.368056 0.102344 0.366667 0.102344 0.356944 0.103125 0.354167 0.106250 0.350000 0.108594 0.347222 0.111719 0.344444 0.109375 0.343056 0.106250 0.345833 0.103906 0.350000 0.103125 0.350000 0.101562 0.352778 0.100781 0.356944 0.100781 0.352778 0.103906 0.348611 0.103906 0.344444 0.108594 0.343056 0.110937 0.343056 0.116406 0.343056 0.117969 0.344444 0.121094 0.343056 0.121875 0.344444 0.124219 0.344444 0.121875 0.345833 0.126562 0.347222 0.126562 0.344444 0.128125 0.345833 0.128125 0.348611 0.129688 0.347222 0.132031 0.347222 0.134375 0.351389 0.136719 0.350000 0.136719 0.351389 0.138281 0.354167 0.141406 0.355556 0.142187 0.359722 0.144531 0.358333 0.146875 0.361111 0.149219 0.363889 0.150000 0.363889 0.150000 0.369444 0.152344 0.370833 0.153906 0.369444 0.158594 0.377778 0.157812 0.380556 0.160156 0.383333 0.160938 0.386111 0.161719 0.381944 0.163281 0.384722 0.162500 0.387500 0.165625 0.391667 0.167187 0.391667 0.167187 0.394444 0.164844 0.395833 0.166406 0.398611 0.170313 0.397222 0.171875 0.401389 0.174219 0.401389 0.176563 0.406944 0.180469 0.404167 0.180469 0.408333 0.185156 0.409722 0.185938 0.412500 0.185938 0.418056 0.184375 0.418056 0.181250 0.415278 0.175781 0.416667 0.175781 0.413889 0.174219 0.411111 0.172656 0.412500 0.174219 0.415278 0.175781 0.413889 0.175781 0.416667 0.179688 0.418056 0.180469 0.419444 0.182031 0.419444 0.185156 0.426389 0.185156 0.440278 0.186719 0.455556 0.185938 0.476389 0.185156 0.483333 0.183594 0.487500 0.184375 0.498611 0.187500 0.500000 0.187500 0.506944 0.185938 0.508333 0.185156 0.512500 0.185156 0.518056 0.187500 0.519444 0.185938 0.523611 0.185938 0.526389 0.181250 0.527778 0.175000 0.525000 0.174219 0.526389 0.167969 0.523611 0.154688 0.525000 0.153125 0.522222 0.152344 0.516667 0.148438 0.509722 0.150000 0.512500 0.151562 0.513889 0.154688 0.513889 0.155469 0.509722 0.154688 0.505556 0.152344 0.501389 0.150781 0.501389 0.147656 0.495833 0.146094 0.488889 0.145313 0.488889 0.143750 0.486111 0.142969 0.486111 0.142187 0.484722 0.141406 0.481944 0.141406 0.479167 0.139063 0.473611 0.138281 0.469444 0.138281 0.461111 0.135937 0.456944 0.135156 0.468056 0.135937 0.469444 0.135937 0.472222 0.133594 0.466667 0.132812 0.463889 0.132031 0.461111 0.132031 0.454167 0.121094 0.452778 0.125781 0.445833 0.122656 0.447222 0.118750 0.448611 0.114844 0.454167 0.110156 0.454167 0.107031 0.456944 0.090625 0.458333 0.084375 0.455556 0.082812 0.455556 0.074219 0.456944 0.069531 0.459722 0.055469 0.461111 0.053906 0.461111 0.049219 0.458333 0.042969 0.458333 0.036719 0.461111 0.032031 0.459722 0.028125 0.462500 0.020313 0.462500 0.017188 0.459722 0.013281 0.462500 0.009375 0.456944 0.007812 0.459722 0.007031 0.459722 0.005469 0.462500 0.009375 0.463889 0.000000 0.463889 0.000000 0.351389 0.003125 0.350000 0.003906 0.347222 0.003906 0.337500 0.001563 0.333333 0.000000 0.333333 0.000000 0.325000 0.003125 0.322222 0.003125 0.320833 0.006250 0.322222 0.007812 0.320833 0.009375 0.318056 0.008594 0.315278 0.005469 0.319444 0.003125 0.320833 0.003125 0.322222 0.000000 0.320833 0.000000 0.316667 0.004687 0.318056 0.006250 0.316667 0.008594 0.311111 0.010156 0.309722 0.013281 0.309722 0.016406 0.304167 0.016406 0.302778 0.021094 0.295833 0.021875 0.294444 0.021875 0.293056 0.023438 0.288889 0.023438 0.290278 0.024219 0.294444 0.026562 0.288889 0.025781 0.286111 0.025781 0.286111 0.028125 0.286111 0.029687 0.284722 0.027344 0.283333 0.025781 0.286111 0.025781 0.286111 0.023438 0.290278 0.023438 0.288889 0.024219 0.286111 0.025781 0.284722 0.028906 0.281944 0.035937 0.281944
25 0.889844 0.001389 0.902344 0.000000 0.902344 0.011111 0.903125 0.013889 0.905469 0.018056 0.907813 0.019444 0.910156 0.022222 0.914844 0.029167 0.917969 0.033333 0.919531 0.033333 0.921875 0.037500 0.921875 0.041667 0.922656 0.044444 0.923438 0.045833 0.925000 0.047222 0.927344 0.047222 0.930469 0.050000 0.933594 0.054167 0.935156 0.054167 0.942187 0.061111 0.946875 0.066667 0.948438 0.066667 0.950781 0.070833 0.954688 0.073611 0.957031 0.073611 0.959375 0.075000 0.965625 0.081944 0.970313 0.086111 0.975781 0.090278 0.978125 0.091667 0.979688 0.091667 0.982031 0.093056 0.985938 0.101389 0.987500 0.104167 0.988281 0.104167 0.990625 0.108333 0.999219 0.108333 0.999219 0.570833 0.985938 0.572222 0.981250 0.570833 0.978125 0.573611 0.976562 0.572222 0.978125 0.570833 0.975000 0.569444 0.959375 0.569444 0.950781 0.570833 0.946875 0.566667 0.939844 0.568056 0.937500 0.568056 0.932813 0.565278 0.921875 0.566667 0.917188 0.566667 0.909375 0.563889 0.907813 0.563889 0.906250 0.565278 0.905469 0.566667 0.905469 0.568056 0.903906 0.570833 0.900000 0.570833 0.897656 0.568056 0.885156 0.569444 0.882812 0.569444 0.878125 0.566667 0.865625 0.566667 0.845313 0.566667 0.837500 0.566667 0.824219 0.569444 0.794531 0.568056 0.807813 0.511111 0.808594 0.500000 0.807813 0.498611 0.807813 0.487500 0.839844 0.459722 0.845313 0.469444 0.848437 0.473611 0.850000 0.475000 0.850781 0.476389 0.854688 0.479167 0.857812 0.481944 0.860156 0.484722 0.866406 0.495833 0.868750 0.498611 0.871094 0.500000 0.874219 0.500000 0.881250 0.495833 0.886719 0.495833 0.890625 0.498611 0.894531 0.500000 0.905469 0.498611 0.913281 0.494444 0.917188 0.493056 0.927344 0.493056 0.928125 0.494444 0.938281 0.493056 0.940625 0.495833 0.942187 0.494444 0.948438 0.483333 0.949219 0.479167 0.949219 0.476389 0.948438 0.470833 0.949219 0.451389 0.947656 0.443056 0.948438 0.436111 0.948438 0.433333 0.946875 0.430556 0.948438 0.427778 0.946094 0.426389 0.947656 0.423611 0.946094 0.419444 0.944531 0.416667 0.943750 0.415278 0.942187 0.412500 0.937500 0.412500 0.936719 0.413889 0.930469 0.415278 0.918750 0.409722 0.914844 0.409722 0.914844 0.405556 0.912500 0.405556 0.912500 0.408333 0.913281 0.404167 0.910156 0.398611 0.907813 0.390278 0.907031 0.386111 0.908594 0.384722 0.907813 0.381944 0.907031 0.377778 0.905469 0.375000 0.904687 0.366667 0.900000 0.358333 0.898438 0.359722 0.893750 0.358333 0.892969 0.355556 0.896875 0.311111 0.900000 0.311111 0.903125 0.306944 0.903906 0.305556 0.904687 0.302778 0.904687 0.293056 0.903125 0.287500 0.902344 0.287500 0.900781 0.284722 0.899219 0.283333 0.897656 0.281944 0.895312 0.280556 0.893750 0.280556 0.892969 0.281944 0.890625 0.281944 0.886719 0.286111 0.884375 0.287500 0.883594 0.290278 0.883594 0.294444 0.886719 0.300000 0.889844 0.304167 0.893750 0.308333 0.895312 0.308333 0.896875 0.311111 0.892969 0.355556 0.885938 0.356944 0.882031 0.355556 0.881250 0.354167 0.878906 0.354167 0.876563 0.355556 0.874219 0.358333 0.867969 0.369444 0.862500 0.373611 0.860156 0.377778 0.857812 0.380556 0.855469 0.380556 0.853125 0.383333 0.851562 0.386111 0.851562 0.387500 0.849219 0.391667 0.849219 0.394444 0.849219 0.398611 0.850781 0.395833 0.850781 0.398611 0.850000 0.400000 0.850000 0.406944 0.847656 0.415278 0.843750 0.422222 0.841406 0.426389 0.838281 0.437500 0.837500 0.441667 0.837500 0.451389 0.839844 0.459722 0.807813 0.487500 0.807031 0.486111 0.806250 0.483333 0.805469 0.491667 0.806250 0.506944 0.807031 0.508333 0.807813 0.511111 0.794531 0.568056 0.789062 0.569444 0.782031 0.572222 0.771094 0.572222 0.769531 0.575000 0.766406 0.576389 0.763281 0.573611 0.760156 0.576389 0.755469 0.570833 0.753125 0.568056 0.751563 0.566667 0.747656 0.573611 0.743750 0.572222 0.739844 0.569444 0.733594 0.569444 0.728906 0.565278 0.726562 0.563889 0.717969 0.563889 0.717969 0.559722 0.717187 0.558333 0.717187 0.551389 0.717969 0.558333 0.720313 0.562500 0.727344 0.562500 0.740625 0.561111 0.744531 0.566667 0.746094 0.568056 0.748437 0.566667 0.750781 0.563889 0.756250 0.563889 0.760938 0.568056 0.764062 0.568056 0.766406 0.566667 0.767188 0.563889 0.768750 0.562500 0.771094 0.562500 0.773438 0.558333 0.772656 0.551389 0.771875 0.545833 0.770312 0.543056 0.766406 0.537500 0.767188 0.526389 0.764844 0.518056 0.764844 0.505556 0.763281 0.500000 0.763281 0.494444 0.760156 0.488889 0.755469 0.488889 0.743750 0.490278 0.739844 0.495833 0.735938 0.497222 0.734375 0.500000 0.732812 0.501389 0.729688 0.502778 0.729688 0.500000 0.728125 0.500000 0.727344 0.504167 0.725000 0.505556 0.721094 0.513889 0.720313 0.513889 0.718750 0.516667 0.717969 0.520833 0.717187 0.530556 0.717969 0.547222 0.717969 0.543056 0.717187 0.541667 0.717187 0.538889 0.717969 0.537500 0.717187 0.531944 0.716406 0.534722 0.716406 0.529167 0.715625 0.527778 0.715625 0.518056 0.714844 0.513889 0.712500 0.508333 0.711719 0.491667 0.710938 0.476389 0.710156 0.454167 0.710938 0.451389 0.709375 0.450000 0.708594 0.447222 0.710156 0.448611 0.711719 0.440278 0.710938 0.429167 0.710156 0.416667 0.710156 0.416667 0.712500 0.416667 0.710938 0.413889 0.710156 0.416667 0.710156 0.416667 0.708594 0.412500 0.707812 0.402778 0.707031 0.388889 0.707031 0.368056 0.705469 0.362500 0.706250 0.354167 0.705469 0.347222 0.704688 0.341667 0.703906 0.337500 0.702344 0.334722 0.701562 0.330556 0.702344 0.329167 0.700000 0.329167 0.696875 0.327778 0.696094 0.323611 0.694531 0.323611 0.692969 0.325000 0.693750 0.327778 0.696875 0.333333 0.696875 0.337500 0.695312 0.337500 0.696094 0.344444 0.696094 0.351389 0.697656 0.351389 0.695312 0.355556 0.695312 0.362500 0.692187 0.372222 0.692187 0.377778 0.690625 0.380556 0.686719 0.386111 0.682813 0.388889 0.681250 0.391667 0.680469 0.394444 0.680469 0.400000 0.678906 0.400000 0.676562 0.401389 0.672656 0.406944 0.669531 0.406944 0.663281 0.395833 0.660156 0.395833 0.657031 0.398611 0.655469 0.398611 0.651563 0.397222 0.650000 0.395833 0.646875 0.388889 0.645312 0.388889 0.652344 0.388889 0.653906 0.393056 0.655469 0.390278 0.657031 0.390278 0.657813 0.391667 0.659375 0.391667 0.660156 0.390278 0.661719 0.390278 0.665625 0.391667 0.667188 0.394444 0.672656 0.393056 0.675781 0.391667 0.681250 0.388889 0.683594 0.387500 0.686719 0.384722 0.690625 0.376389 0.692187 0.366667 0.692969 0.363889 0.690625 0.359722 0.691406 0.355556 0.689844 0.354167 0.693750 0.352778 0.689844 0.351389 0.690625 0.348611 0.689063 0.345833 0.689063 0.343056 0.689063 0.337500 0.691406 0.337500 0.692969 0.334722 0.693750 0.331944 0.693750 0.329167 0.691406 0.326389 0.690625 0.323611 0.692187 0.325000 0.692969 0.319444 0.688281 0.316667 0.686719 0.318056 0.686719 0.318056 0.687500 0.313889 0.687500 0.309722 0.685937 0.308333 0.685156 0.312500 0.685937 0.313889 0.686719 0.318056 0.686719 0.318056 0.688281 0.320833 0.685156 0.315278 0.684375 0.315278 0.682813 0.312500 0.682031 0.308333 0.682813 0.304167 0.683594 0.304167 0.684375 0.306944 0.687500 0.306944 0.685937 0.305556 0.685937 0.301389 0.683594 0.304167 0.682813 0.304167 0.684375 0.297222 0.687500 0.287500 0.688281 0.281944 0.688281 0.276389 0.689063 0.272222 0.691406 0.272222 0.689844 0.266667 0.691406 0.268056 0.692969 0.266667 0.696094 0.261111 0.696094 0.256944 0.698438 0.256944 0.700000 0.259722 0.703125 0.254167 0.703125 0.251389 0.709375 0.251389 0.712500 0.247222 0.712500 0.245833 0.713281 0.248611 0.715625 0.250000 0.717187 0.250000 0.718750 0.247222 0.715625 0.245833 0.714844 0.244444 0.712500 0.245833 0.712500 0.247222 0.711719 0.245833 0.714063 0.244444 0.715625 0.243056 0.719531 0.237500 0.721094 0.236111 0.722656 0.234722 0.721875 0.237500 0.724219 0.237500 0.725000 0.238889 0.724219 0.245833 0.721875 0.250000 0.724219 0.250000 0.725781 0.251389 0.728125 0.247222 0.724219 0.245833 0.725000 0.238889 0.726562 0.237500 0.728125 0.234722 0.730469 0.233333 0.728125 0.237500 0.731250 0.238889 0.733594 0.241667 0.735938 0.243056 0.739844 0.243056 0.741406 0.243056 0.739844 0.245833 0.742188 0.247222 0.742188 0.250000 0.741406 0.252778 0.742969 0.258333 0.745313 0.262500 0.745313 0.262500 0.743750 0.259722 0.743750 0.259722 0.742188 0.258333 0.741406 0.256944 0.739062 0.255556 0.738281 0.251389 0.736719 0.248611 0.735156 0.250000 0.735156 0.250000 0.732812 0.244444 0.729688 0.245833 0.732031 0.248611 0.733594 0.251389 0.735156 0.250000 0.735156 0.250000 0.733594 0.254167 0.735938 0.254167 0.738281 0.259722 0.741406 0.262500 0.743750 0.259722 0.743750 0.259722 0.742969 0.265278 0.745313 0.262500 0.745313 0.262500 0.746094 0.262500 0.747656 0.265278 0.747656 0.269444 0.746875 0.269444 0.745313 0.266667 0.743750 0.269444 0.746875 0.269444 0.747656 0.269444 0.748437 0.270833 0.748437 0.273611 0.748437 0.273611 0.746875 0.270833 0.746094 0.273611 0.748437 0.273611 0.748437 0.273611 0.747656 0.275000 0.747656 0.277778 0.749219 0.277778 0.750781 0.281944 0.751563 0.281944 0.753125 0.284722 0.754687 0.283333 0.753125 0.280556 0.751563 0.281944 0.750781 0.281944 0.752344 0.280556 0.750781 0.277778 0.753906 0.279167 0.757031 0.280556 0.758594 0.283333 0.758594 0.284722 0.762500 0.283333 0.764062 0.283333 0.761719 0.287500 0.764062 0.293056 0.764062 0.309722 0.764062 0.309722 0.760938 0.298611 0.760938 0.294444 0.759375 0.288889 0.758594 0.288889 0.757031 0.286111 0.755469 0.284722 0.754687 0.288889 0.756250 0.291667 0.758594 0.288889 0.759375 0.288889 0.757812 0.291667 0.757031 0.294444 0.758594 0.295833 0.757031 0.300000 0.760938 0.304167 0.760156 0.306944 0.761719 0.308333 0.762500 0.311111 0.761719 0.313889 0.760938 0.313889 0.760938 0.318056 0.760156 0.320833 0.761719 0.323611 0.762500 0.331944 0.764062 0.315278 0.764062 0.309722 0.764062 0.309722 0.764844 0.315278 0.765625 0.318056 0.766406 0.320833 0.762500 0.331944 0.760156 0.333333 0.761719 0.336111 0.762500 0.331944 0.766406 0.320833 0.769531 0.323611 0.771094 0.323611 0.771094 0.338889 0.774219 0.334722 0.775781 0.333333 0.776563 0.327778 0.774219 0.330556 0.774219 0.334722 0.771094 0.338889 0.770312 0.341667 0.768750 0.344444 0.771094 0.345833 0.772656 0.343056 0.771094 0.338889 0.771094 0.323611 0.773438 0.319444 0.775781 0.318056 0.778906 0.313889 0.778906 0.313889 0.778906 0.316667 0.777344 0.320833 0.775781 0.323611 0.778906 0.322222 0.779687 0.319444 0.780469 0.319444 0.780469 0.309722 0.779687 0.312500 0.778906 0.313889 0.778906 0.313889 0.779687 0.309722 0.781250 0.306944 0.781250 0.306944 0.781250 0.311111 0.784375 0.309722 0.785937 0.306944 0.785156 0.302778 0.785156 0.302778 0.789844 0.298611 0.789062 0.295833 0.789062 0.295833 0.791406 0.297222 0.791406 0.293056 0.789062 0.295833 0.789062 0.295833 0.785156 0.302778 0.785156 0.302778 0.782813 0.306944 0.781250 0.306944 0.781250 0.306944 0.782031 0.302778 0.785156 0.301389 0.785156 0.300000 0.786719 0.297222 0.789844 0.294444 0.791406 0.290278 0.793750 0.290278 0.796094 0.287500 0.796875 0.287500 0.797656 0.287500 0.798438 0.287500 0.800781 0.287500 0.797656 0.287500 0.796875 0.287500 0.798438 0.284722 0.800781 0.283333 0.801562 0.281944 0.801562 0.280556 0.805469 0.279167 0.807031 0.277778 0.807031 0.277778 0.805469 0.280556 0.807813 0.281944 0.809375 0.279167 0.807031 0.277778 0.807031 0.277778 0.809375 0.275000 0.808594 0.277778 0.811719 0.276389 0.810937 0.275000 0.811719 0.272222 0.814844 0.272222 0.815625 0.270833 0.817969 0.269444 0.819531 0.270833 0.821094 0.269444 0.822656 0.266667 0.825000 0.266667 0.825000 0.268056 0.827344 0.269444 0.827344 0.265278 0.825000 0.268056 0.825000 0.266667 0.825000 0.263889 0.828125 0.262500 0.829688 0.262500 0.831250 0.261111 0.833594 0.256944 0.832812 0.259722 0.832031 0.259722 0.830469 0.262500 0.831250 0.265278 0.831250 0.268056 0.833594 0.272222 0.834375 0.268056 0.833594 0.268056 0.831250 0.268056 0.831250 0.265278 0.838281 0.261111 0.841406 0.255556 0.841406 0.252778 0.842187 0.258333 0.843750 0.262500 0.845313 0.263889 0.846094 0.272222 0.839063 0.272222 0.841406 0.273611 0.842187 0.275000 0.843750 0.275000 0.844531 0.273611 0.846094 0.272222 0.845313 0.263889 0.848437 0.256944 0.849219 0.255556 0.854688 0.247222 0.854688 0.243056 0.853125 0.238889 0.852344 0.233333 0.853906 0.226389 0.853125 0.215278 0.852344 0.218056 0.852344 0.215278 0.853125 0.213889 0.853906 0.204167 0.853906 0.195833 0.851562 0.190278 0.852344 0.184722 0.855469 0.173611 0.857812 0.169444 0.853125 0.165278 0.851562 0.163889 0.853125 0.159722 0.855469 0.158333 0.856250 0.156944 0.857031 0.154167 0.857812 0.150000 0.860938 0.143056 0.861719 0.141667 0.862500 0.141667 0.864844 0.138889 0.869531 0.131944 0.870313 0.130556 0.870313 0.129167 0.871875 0.126389 0.872656 0.120833 0.873437 0.115278 0.872656 0.112500 0.873437 0.115278 0.875781 0.113889 0.879687 0.111111 0.882812 0.105556 0.883594 0.101389 0.884375 0.093056 0.885938 0.088889 0.889844 0.080556 0.889844 0.076389 0.890625 0.072222 0.892188 0.069444 0.895312 0.068056 0.898438 0.062500 0.899219 0.058333 0.900781 0.056944 0.904687 0.055556 0.906250 0.052778 0.907031 0.050000 0.907031 0.043056 0.906250 0.038889 0.904687 0.036111 0.903125 0.029167 0.900781 0.027778 0.898438 0.023611 0.897656 0.016667 0.896094 0.013889 0.897656 0.009722 0.899219 0.008333 0.896875 0.004167 0.896094 0.006944 0.897656 0.009722 0.896094 0.013889 0.893750 0.012500 0.891406 0.005556 0.889062 0.001389 0.885938 0.002778 0.886719 0.000000 0.889844 0.001389
26 0.067187 0.691667 0.069531 0.694444 0.075781 0.694444 0.074219 0.694444 0.070312 0.698611 0.066406 0.704167 0.063281 0.705556 0.061719 0.708333 0.060156 0.709722 0.059375 0.708333 0.057813 0.705556 0.056250 0.705556 0.055469 0.705556 0.051562 0.704167 0.047656 0.700000 0.044531 0.701389 0.045312 0.705556 0.042969 0.705556 0.042969 0.709722 0.047656 0.706944 0.055469 0.705556 0.056250 0.705556 0.054688 0.708333 0.059375 0.708333 0.060156 0.709722 0.056250 0.709722 0.053125 0.715278 0.050781 0.715278 0.049219 0.718056 0.046094 0.713889 0.040625 0.713889 0.038281 0.718056 0.032031 0.718056 0.027344 0.720833 0.022656 0.722222 0.021094 0.720833 0.017188 0.722222 0.014844 0.726389 0.011719 0.727778 0.009375 0.729167 0.006250 0.729167 0.005469 0.726389 0.003125 0.727778 0.004687 0.729167 0.003125 0.730556 0.005469 0.731944 0.002344 0.731944 0.001563 0.733333 0.000000 0.733333 0.000000 0.704167 0.001563 0.704167 0.002344 0.702778 0.006250 0.701389 0.018750 0.700000 0.030469 0.700000 0.037500 0.697222 0.042188 0.698611 0.043750 0.697222 0.044531 0.697222 0.045312 0.695833 0.045312 0.694444 0.053906 0.694444 0.056250 0.694444 0.067187 0.691667
26 0.314063 0.611111 0.309375 0.611111 0.308594 0.612500 0.300000 0.612500 0.292969 0.615278 0.303125 0.616667 0.303906 0.615278 0.311719 0.615278 0.309375 0.616667 0.321094 0.618056 0.322656 0.620833 0.325781 0.622222 0.322656 0.622222 0.321875 0.623611 0.317969 0.623611 0.319531 0.627778 0.314844 0.629167 0.311719 0.622222 0.294531 0.623611 0.305469 0.625000 0.309375 0.626389 0.313281 0.629167 0.311719 0.630556 0.308594 0.631944 0.305469 0.631944 0.303125 0.634722 0.296094 0.636111 0.290625 0.636111 0.286719 0.638889 0.279687 0.638889 0.276562 0.641667 0.273438 0.641667 0.271875 0.644444 0.271094 0.648611 0.269531 0.648611 0.267969 0.645833 0.264844 0.650000 0.263281 0.651389 0.259375 0.648611 0.257812 0.651389 0.256250 0.651389 0.254688 0.648611 0.253906 0.651389 0.251563 0.652778 0.247656 0.654167 0.249219 0.655556 0.237500 0.655556 0.232813 0.658333 0.230469 0.655556 0.227344 0.658333 0.224219 0.659722 0.218750 0.658333 0.216406 0.661111 0.214062 0.659722 0.209375 0.663889 0.200000 0.663889 0.194531 0.666667 0.189062 0.666667 0.186719 0.670833 0.185156 0.670833 0.185156 0.673611 0.183594 0.673611 0.182812 0.672222 0.180469 0.672222 0.174219 0.673611 0.171875 0.677778 0.168750 0.677778 0.167969 0.676389 0.167969 0.676389 0.171875 0.676389 0.168750 0.673611 0.167969 0.676389 0.167969 0.676389 0.164844 0.676389 0.161719 0.677778 0.159375 0.680556 0.153906 0.680556 0.150000 0.681944 0.149219 0.684722 0.147656 0.686111 0.140625 0.684722 0.133594 0.686111 0.131250 0.690278 0.126562 0.690278 0.126562 0.686111 0.128125 0.686111 0.129688 0.683333 0.130469 0.683333 0.128906 0.680556 0.126562 0.681944 0.122656 0.680556 0.126562 0.686111 0.126562 0.690278 0.123438 0.687500 0.118750 0.687500 0.116406 0.690278 0.114844 0.691667 0.117969 0.688889 0.118750 0.684722 0.114844 0.681944 0.100000 0.681944 0.099219 0.679167 0.093750 0.679167 0.085938 0.680556 0.080469 0.683333 0.088281 0.683333 0.091406 0.683333 0.100781 0.686111 0.102344 0.686111 0.113281 0.684722 0.107031 0.687500 0.104688 0.686111 0.101562 0.688889 0.094531 0.690278 0.094531 0.687500 0.092969 0.690278 0.089844 0.688889 0.089063 0.687500 0.087500 0.687500 0.086719 0.690278 0.080469 0.690278 0.077344 0.693056 0.078125 0.690278 0.076563 0.688889 0.075781 0.687500 0.073438 0.687500 0.075000 0.687500 0.075781 0.686111 0.081250 0.684722 0.075000 0.683333 0.061719 0.687500 0.054688 0.687500 0.050781 0.690278 0.045312 0.690278 0.042969 0.693056 0.037500 0.691667 0.032031 0.694444 0.025000 0.694444 0.026562 0.691667 0.007031 0.691667 0.000000 0.691667 0.000000 0.663889 0.001563 0.662500 0.007031 0.661111 0.014063 0.662500 0.016406 0.662500 0.018750 0.661111 0.021094 0.658333 0.030469 0.659722 0.035937 0.659722 0.042188 0.658333 0.044531 0.656944 0.048438 0.652778 0.050781 0.651389 0.052344 0.651389 0.056250 0.652778 0.057031 0.654167 0.059375 0.654167 0.059375 0.662500 0.060156 0.670833 0.061719 0.675000 0.062500 0.673611 0.064844 0.675000 0.066406 0.672222 0.067187 0.665278 0.067187 0.655556 0.072656 0.655556 0.076563 0.652778 0.078125 0.654167 0.078906 0.656944 0.085938 0.656944 0.092969 0.654167 0.100781 0.652778 0.117969 0.654167 0.118750 0.651389 0.122656 0.652778 0.139063 0.652778 0.141406 0.650000 0.159375 0.650000 0.167969 0.647222 0.188281 0.645833 0.194531 0.647222 0.194531 0.648611 0.195312 0.650000 0.196875 0.651389 0.199219 0.647222 0.199219 0.643056 0.207031 0.641667 0.219531 0.643056 0.221875 0.637500 0.221875 0.633333 0.222656 0.627778 0.225000 0.626389 0.225781 0.633333 0.226562 0.636111 0.227344 0.638889 0.231250 0.641667 0.232813 0.640278 0.238281 0.637500 0.243750 0.637500 0.249219 0.636111 0.256250 0.631944 0.259375 0.627778 0.264062 0.627778 0.266406 0.626389 0.267969 0.625000 0.269531 0.623611 0.273438 0.616667 0.275000 0.616667 0.276562 0.612500 0.282813 0.612500 0.291406 0.611111 0.314063 0.611111
26 0.352344 0.602778 0.350781 0.604167 0.349219 0.608333 0.339062 0.608333 0.337500 0.609722 0.336719 0.616667 0.339844 0.618056 0.336719 0.620833 0.334375 0.620833 0.344531 0.620833 0.342969 0.616667 0.344531 0.615278 0.346875 0.613889 0.349219 0.613889 0.353125 0.618056 0.350781 0.619444 0.354687 0.619444 0.355469 0.618056 0.359375 0.616667 0.355469 0.615278 0.359375 0.612500 0.355469 0.613889 0.352344 0.611111 0.353906 0.609722 0.351562 0.608333 0.353125 0.606944 0.353906 0.602778 0.355469 0.602778 0.352344 0.602778
26 0.296875 0.604167 0.292969 0.605556 0.288281 0.609722 0.284375 0.609722 0.289062 0.609722 0.289844 0.608333 0.297656 0.606944 0.307812 0.606944 0.308594 0.605556 0.313281 0.605556 0.311719 0.604167 0.306250 0.604167 0.305469 0.605556 0.300000 0.605556 0.300000 0.602778 0.298438 0.602778 0.296875 0.604167
26 0.307812 0.598611 0.303906 0.600000 0.306250 0.600000 0.307812 0.598611
26 0.646875 0.591667 0.648438 0.593056 0.647656 0.590278 0.646875 0.591667
26 0.726562 0.565278 0.728906 0.566667 0.733594 0.570833 0.739844 0.570833 0.743750 0.573611 0.747656 0.575000 0.751563 0.568056 0.753125 0.569444 0.755469 0.572222 0.757031 0.575000 0.759375 0.577778 0.762500 0.575000 0.765625 0.577778 0.769531 0.576389 0.771094 0.573611 0.782031 0.573611 0.789062 0.570833 0.794531 0.569444 0.825781 0.570833 0.837500 0.568056 0.845313 0.568056 0.864844 0.568056 0.877344 0.568056 0.882812 0.570833 0.885156 0.570833 0.897656 0.569444 0.900000 0.572222 0.903906 0.572222 0.906250 0.566667 0.907813 0.565278 0.909375 0.565278 0.917188 0.568056 0.921875 0.568056 0.932813 0.566667 0.937500 0.569444 0.939844 0.569444 0.946875 0.568056 0.950781 0.572222 0.959375 0.570833 0.974219 0.572222 0.975000 0.570833 0.977344 0.570833 0.975781 0.572222 0.978125 0.575000 0.981250 0.572222 0.985156 0.573611 0.999219 0.572222 0.999219 0.705556 0.997656 0.705556 0.996875 0.706944 0.992188 0.706944 0.989844 0.705556 0.987500 0.701389 0.985938 0.700000 0.979688 0.698611 0.975781 0.697222 0.971875 0.693056 0.967187 0.694444 0.969531 0.698611 0.975781 0.697222 0.979688 0.698611 0.980469 0.704167 0.982031 0.704167 0.982812 0.708333 0.986719 0.709722 0.987500 0.708333 0.990625 0.708333 0.992188 0.711111 0.996875 0.709722 0.999219 0.709722 0.999219 0.722222 0.993750 0.722222 0.989844 0.720833 0.980469 0.716667 0.978125 0.715278 0.975781 0.713889 0.962500 0.705556 0.958594 0.702778 0.957031 0.701389 0.955469 0.700000 0.955469 0.683333 0.957031 0.686111 0.957812 0.670833 0.956250 0.662500 0.957031 0.654167 0.955469 0.652778 0.955469 0.625000 0.953125 0.620833 0.951562 0.619444 0.950000 0.618056 0.946875 0.616667 0.942187 0.618056 0.943750 0.619444 0.940625 0.619444 0.939844 0.616667 0.922656 0.616667 0.920312 0.619444 0.917188 0.619444 0.915625 0.619444 0.913281 0.623611 0.912500 0.626389 0.911719 0.630556 0.911719 0.637500 0.913281 0.641667 0.912500 0.647222 0.914844 0.655556 0.914062 0.662500 0.916406 0.662500 0.917969 0.677778 0.917969 0.684722 0.915625 0.684722 0.914844 0.686111 0.904687 0.686111 0.903906 0.684722 0.899219 0.684722 0.899219 0.681944 0.897656 0.680556 0.898438 0.672222 0.896875 0.669444 0.892969 0.670833 0.892188 0.670833 0.888281 0.669444 0.885156 0.666667 0.881250 0.665278 0.877344 0.666667 0.881250 0.673611 0.882812 0.675000 0.887500 0.675000 0.889062 0.672222 0.892188 0.670833 0.892969 0.670833 0.896094 0.672222 0.898438 0.672222 0.897656 0.680556 0.892188 0.680556 0.885156 0.681944 0.882031 0.679167 0.877344 0.679167 0.871875 0.676389 0.867969 0.672222 0.864844 0.672222 0.862500 0.668056 0.859375 0.666667 0.857031 0.665278 0.852344 0.663889 0.839844 0.663889 0.836719 0.661111 0.832031 0.659722 0.826562 0.659722 0.822656 0.658333 0.818750 0.656944 0.815625 0.655556 0.813281 0.654167 0.811719 0.651389 0.810156 0.650000 0.807813 0.648611 0.802344 0.647222 0.794531 0.647222 0.791406 0.644444 0.786719 0.644444 0.785937 0.643056 0.783594 0.641667 0.785156 0.641667 0.785937 0.643056 0.791406 0.643056 0.796094 0.645833 0.800781 0.645833 0.804688 0.647222 0.808594 0.650000 0.811719 0.651389 0.813281 0.650000 0.815625 0.648611 0.818750 0.648611 0.824219 0.652778 0.830469 0.652778 0.833594 0.655556 0.845313 0.654167 0.845313 0.655556 0.849219 0.659722 0.853906 0.659722 0.857031 0.662500 0.864062 0.662500 0.867188 0.665278 0.868750 0.663889 0.871875 0.666667 0.875000 0.663889 0.873437 0.662500 0.872656 0.661111 0.866406 0.661111 0.863281 0.659722 0.857812 0.655556 0.853125 0.656944 0.849219 0.654167 0.845313 0.655556 0.845313 0.654167 0.836719 0.652778 0.833594 0.650000 0.826562 0.650000 0.825000 0.648611 0.823438 0.645833 0.821875 0.644444 0.817969 0.643056 0.813281 0.643056 0.810937 0.640278 0.800781 0.640278 0.798438 0.637500 0.795312 0.638889 0.795312 0.640278 0.792188 0.640278 0.793750 0.638889 0.789844 0.636111 0.785937 0.636111 0.788281 0.634722 0.786719 0.633333 0.785937 0.631944 0.783594 0.631944 0.782813 0.634722 0.779687 0.634722 0.778906 0.631944 0.775000 0.631944 0.779687 0.630556 0.775000 0.627778 0.770312 0.627778 0.769531 0.631944 0.762500 0.631944 0.760156 0.627778 0.756250 0.627778 0.754687 0.626389 0.756250 0.627778 0.760156 0.626389 0.759375 0.625000 0.762500 0.627778 0.767188 0.629167 0.768750 0.627778 0.767188 0.625000 0.764844 0.623611 0.759375 0.625000 0.760156 0.626389 0.758594 0.623611 0.749219 0.623611 0.744531 0.622222 0.739844 0.618056 0.737500 0.616667 0.730469 0.618056 0.735156 0.619444 0.735938 0.620833 0.739062 0.620833 0.735938 0.620833 0.735156 0.619444 0.731250 0.619444 0.730469 0.618056 0.726562 0.619444 0.726562 0.616667 0.726562 0.615278 0.723437 0.612500 0.720313 0.611111 0.715625 0.613889 0.721094 0.616667 0.726562 0.615278 0.726562 0.616667 0.718750 0.616667 0.706250 0.613889 0.705469 0.612500 0.700000 0.613889 0.704688 0.616667 0.709375 0.618056 0.714844 0.618056 0.719531 0.620833 0.728906 0.622222 0.733594 0.623611 0.735938 0.625000 0.737500 0.627778 0.740625 0.629167 0.742969 0.630556 0.746094 0.630556 0.748437 0.633333 0.746875 0.631944 0.738281 0.631944 0.734375 0.627778 0.728906 0.625000 0.725781 0.623611 0.720313 0.623611 0.715625 0.622222 0.712500 0.619444 0.703906 0.620833 0.701562 0.616667 0.699219 0.615278 0.695312 0.613889 0.694531 0.612500 0.692969 0.612500 0.696094 0.612500 0.696875 0.613889 0.700000 0.612500 0.696875 0.609722 0.693750 0.609722 0.692187 0.608333 0.695312 0.606944 0.693750 0.605556 0.692969 0.602778 0.687500 0.604167 0.681250 0.602778 0.678906 0.600000 0.676562 0.595833 0.674219 0.597222 0.675000 0.602778 0.676562 0.605556 0.678125 0.606944 0.681250 0.608333 0.685156 0.608333 0.688281 0.609722 0.689063 0.611111 0.691406 0.611111 0.687500 0.611111 0.686719 0.609722 0.680469 0.609722 0.676562 0.606944 0.674219 0.605556 0.672656 0.605556 0.671094 0.602778 0.669531 0.601389 0.668750 0.600000 0.664062 0.600000 0.663281 0.602778 0.671094 0.602778 0.672656 0.605556 0.666406 0.606944 0.660937 0.604167 0.653906 0.604167 0.650781 0.602778 0.649219 0.600000 0.656250 0.600000 0.657813 0.597222 0.662500 0.594444 0.653906 0.593056 0.648438 0.586111 0.644531 0.587500 0.641406 0.584722 0.639844 0.584722 0.639062 0.586111 0.636719 0.586111 0.635938 0.587500 0.633594 0.587500 0.634375 0.584722 0.632031 0.583333 0.636719 0.580556 0.638281 0.581944 0.639844 0.581944 0.634375 0.583333 0.642188 0.583333 0.646875 0.586111 0.648438 0.581944 0.648438 0.577778 0.650000 0.576389 0.653906 0.577778 0.655469 0.576389 0.657813 0.572222 0.659375 0.573611 0.660156 0.573611 0.660937 0.575000 0.661719 0.577778 0.662500 0.575000 0.664844 0.572222 0.660156 0.570833 0.671875 0.570833 0.674219 0.568056 0.676562 0.568056 0.677344 0.566667 0.678906 0.566667 0.678906 0.569444 0.680469 0.572222 0.685156 0.569444 0.686719 0.572222 0.687500 0.575000 0.689063 0.576389 0.696875 0.576389 0.700000 0.580556 0.703125 0.577778 0.704688 0.577778 0.707031 0.579167 0.708594 0.580556 0.710156 0.584722 0.712500 0.581944 0.712500 0.580556 0.714844 0.579167 0.717187 0.575000 0.717187 0.566667 0.726562 0.565278
26 0.683594 0.562500 0.682813 0.565278 0.688281 0.565278 0.689844 0.563889 0.688281 0.562500 0.683594 0.562500
26 0.761719 0.561111 0.760156 0.563889 0.757031 0.563889 0.758594 0.563889 0.760938 0.566667 0.763281 0.566667 0.764062 0.565278 0.766406 0.565278 0.764844 0.563889 0.763281 0.561111 0.761719 0.561111
26 0.741406 0.561111 0.742969 0.562500 0.744531 0.565278 0.746094 0.566667 0.748437 0.565278 0.750781 0.562500 0.755469 0.562500 0.746094 0.562500 0.745313 0.561111 0.741406 0.561111
26 0.685937 0.558333 0.685156 0.559722 0.682031 0.559722 0.686719 0.559722 0.687500 0.558333 0.691406 0.558333 0.685937 0.558333
26 0.656250 0.556944 0.655469 0.559722 0.653906 0.561111 0.652344 0.563889 0.651563 0.561111 0.650000 0.561111 0.645312 0.563889 0.641406 0.563889 0.639844 0.563889 0.636719 0.566667 0.635156 0.568056 0.634375 0.572222 0.635156 0.575000 0.637500 0.573611 0.639844 0.569444 0.650000 0.565278 0.653906 0.566667 0.657031 0.562500 0.656250 0.556944
26 0.678125 0.554167 0.677344 0.556944 0.675000 0.555556 0.673438 0.558333 0.671094 0.558333 0.679688 0.558333 0.678125 0.554167
26 0.698438 0.554167 0.707031 0.554167 0.708594 0.556944 0.709375 0.561111 0.709375 0.558333 0.708594 0.555556 0.707031 0.552778 0.705469 0.551389 0.698438 0.554167
27 0.325781 0.509722 0.326562 0.515278 0.327344 0.509722 0.325781 0.509722
27 0.316406 0.511111 0.317188 0.515278 0.317969 0.515278 0.319531 0.516667 0.323437 0.509722 0.316406 0.511111
27 0.647656 0.481944 0.646875 0.487500 0.650000 0.486111 0.653125 0.487500 0.652344 0.484722 0.650000 0.483333 0.649219 0.481944 0.647656 0.481944
27 0.623437 0.476389 0.625781 0.477778 0.628125 0.483333 0.627344 0.477778 0.625000 0.477778 0.623437 0.476389
27 0.646094 0.470833 0.648438 0.479167 0.650000 0.477778 0.649219 0.473611 0.646094 0.470833
27 0.645312 0.466667 0.647656 0.466667 0.646094 0.465278 0.645312 0.466667
27 0.645312 0.461111 0.646875 0.461111 0.646094 0.456944 0.645312 0.461111
27 0.207813 0.444444 0.208594 0.448611 0.210938 0.451389 0.209375 0.455556 0.210938 0.456944 0.210156 0.462500 0.211719 0.463889 0.210156 0.454167 0.210938 0.451389 0.210938 0.444444 0.209375 0.447222 0.207813 0.444444
27 0.194531 0.426389 0.194531 0.436111 0.196875 0.431944 0.198437 0.434722 0.199219 0.441667 0.200781 0.443056 0.202344 0.443056 0.200781 0.440278 0.200000 0.434722 0.198437 0.434722 0.196875 0.431944 0.196094 0.426389 0.194531 0.426389
27 0.639844 0.411111 0.639844 0.415278 0.640625 0.423611 0.641406 0.429167 0.643750 0.434722 0.644531 0.441667 0.644531 0.437500 0.643750 0.436111 0.642969 0.422222 0.642969 0.416667 0.643750 0.413889 0.645312 0.411111 0.646875 0.409722 0.642188 0.411111 0.639844 0.411111
27 0.171875 0.409722 0.174219 0.413889 0.176563 0.416667 0.179688 0.416667 0.181250 0.416667 0.176563 0.416667 0.174219 0.412500 0.173437 0.412500 0.171875 0.409722
27 0.771094 0.340278 0.769531 0.344444 0.771875 0.343056 0.771094 0.340278
27 0.695312 0.338889 0.696875 0.344444 0.696875 0.351389 0.697656 0.345833 0.696875 0.338889 0.695312 0.338889
27 0.000000 0.334722 0.000000 0.350000 0.002344 0.350000 0.003125 0.347222 0.003125 0.337500 0.001563 0.334722 0.000000 0.334722
27 0.774219 0.333333 0.772656 0.336111 0.775781 0.331944 0.775781 0.327778 0.774219 0.333333
27 0.693750 0.325000 0.694531 0.327778 0.696094 0.331944 0.696094 0.325000 0.693750 0.325000
27 0.010156 0.313889 0.007031 0.319444 0.003906 0.320833 0.006250 0.320833 0.007812 0.319444 0.008594 0.318056 0.008594 0.316667 0.010156 0.313889 0.013281 0.312500 0.010156 0.313889
27 0.759375 0.290278 0.757812 0.294444 0.759375 0.297222 0.757812 0.301389 0.760156 0.301389 0.761719 0.304167 0.760938 0.306944 0.762500 0.309722 0.763281 0.312500 0.760938 0.315278 0.761719 0.318056 0.760938 0.320833 0.762500 0.323611 0.762500 0.330556 0.760938 0.331944 0.761719 0.334722 0.762500 0.330556 0.763281 0.315278 0.763281 0.309722 0.760156 0.298611 0.760156 0.294444 0.759375 0.290278
27 0.755469 0.286111 0.756250 0.290278 0.757812 0.288889 0.755469 0.286111
27 0.839844 0.272222 0.841406 0.272222 0.842187 0.273611 0.843750 0.273611 0.845313 0.272222 0.839844 0.272222
27 0.728125 0.245833 0.724219 0.247222 0.722656 0.250000 0.724219 0.248611 0.725781 0.250000 0.728125 0.245833
27 0.713281 0.245833 0.713281 0.251389 0.715625 0.248611 0.717969 0.247222 0.715625 0.247222 0.714844 0.245833 0.713281 0.245833
27 0.896094 0.004167 0.896875 0.006944 0.898438 0.008333 0.896094 0.004167
27 0.885938 0.000000 0.886719 0.002778 0.889062 0.002778 0.890625 0.005556 0.890625 0.006944 0.892969 0.012500 0.893750 0.013889 0.896094 0.015278 0.897656 0.023611 0.900781 0.029167 0.903125 0.030556 0.903906 0.034722 0.905469 0.038889 0.906250 0.043056 0.906250 0.050000 0.905469 0.052778 0.900781 0.055556 0.899219 0.056944 0.898438 0.058333 0.897656 0.062500 0.895312 0.066667 0.892188 0.068056 0.889844 0.072222 0.889062 0.076389 0.889062 0.080556 0.885156 0.088889 0.883594 0.093056 0.882812 0.101389 0.882031 0.105556 0.879687 0.109722 0.874219 0.112500 0.871875 0.116667 0.871094 0.126389 0.869531 0.129167 0.870313 0.131944 0.864844 0.137500 0.861719 0.140278 0.860156 0.143056 0.857031 0.150000 0.855469 0.156944 0.853125 0.158333 0.850781 0.162500 0.849219 0.165278 0.846094 0.170833 0.849219 0.172222 0.850781 0.169444 0.849219 0.165278 0.850781 0.162500 0.851562 0.165278 0.853125 0.166667 0.855469 0.168056 0.857031 0.168056 0.854688 0.173611 0.851562 0.184722 0.850781 0.190278 0.853125 0.195833 0.853125 0.204167 0.851562 0.215278 0.852344 0.219444 0.853125 0.216667 0.852344 0.222222 0.853125 0.226389 0.851562 0.233333 0.852344 0.238889 0.853906 0.243056 0.853906 0.247222 0.849219 0.254167 0.847656 0.256944 0.847656 0.258333 0.845313 0.262500 0.843750 0.261111 0.843750 0.252778 0.842187 0.250000 0.840625 0.252778 0.839844 0.255556 0.839844 0.256944 0.838281 0.259722 0.833594 0.261111 0.831250 0.263889 0.832031 0.261111 0.831250 0.259722 0.834375 0.258333 0.833594 0.255556 0.831250 0.259722 0.832031 0.261111 0.829688 0.261111 0.828125 0.261111 0.826562 0.263889 0.825000 0.265278 0.822656 0.265278 0.821875 0.269444 0.820312 0.270833 0.817969 0.268056 0.815625 0.269444 0.812500 0.272222 0.811719 0.270833 0.810156 0.275000 0.810937 0.276389 0.807813 0.280556 0.806250 0.280556 0.808594 0.279167 0.810156 0.276389 0.805469 0.277778 0.802344 0.277778 0.800781 0.281944 0.798438 0.283333 0.796094 0.286111 0.794531 0.288889 0.794531 0.293056 0.792188 0.288889 0.790625 0.290278 0.789844 0.293056 0.789062 0.293056 0.786719 0.295833 0.783594 0.302778 0.781250 0.302778 0.781250 0.304167 0.782813 0.308333 0.790625 0.295833 0.789062 0.297222 0.785937 0.302778 0.785156 0.306944 0.782031 0.308333 0.780469 0.311111 0.780469 0.311111 0.780469 0.306944 0.778906 0.309722 0.779687 0.313889 0.780469 0.311111 0.780469 0.311111 0.780469 0.318056 0.778125 0.320833 0.778125 0.322222 0.777344 0.323611 0.775781 0.325000 0.778125 0.320833 0.779687 0.316667 0.779687 0.313889 0.775781 0.316667 0.773438 0.318056 0.771094 0.322222 0.769531 0.322222 0.768750 0.320833 0.767188 0.320833 0.765625 0.315278 0.764844 0.309722 0.764844 0.293056 0.762500 0.288889 0.764844 0.283333 0.762500 0.281944 0.759375 0.284722 0.757031 0.279167 0.753906 0.277778 0.750781 0.279167 0.752344 0.281944 0.753906 0.283333 0.751563 0.280556 0.750781 0.280556 0.749219 0.280556 0.749219 0.276389 0.748437 0.275000 0.746875 0.272222 0.748437 0.275000 0.749219 0.270833 0.748437 0.269444 0.748437 0.265278 0.746094 0.261111 0.744531 0.265278 0.743750 0.261111 0.742188 0.259722 0.739062 0.259722 0.734375 0.254167 0.735938 0.251389 0.733594 0.250000 0.732812 0.247222 0.732031 0.247222 0.730469 0.245833 0.732812 0.245833 0.733594 0.247222 0.735156 0.247222 0.736719 0.250000 0.737500 0.251389 0.738281 0.255556 0.739844 0.258333 0.741406 0.258333 0.742188 0.252778 0.742969 0.250000 0.740625 0.245833 0.742188 0.243056 0.739844 0.241667 0.735938 0.241667 0.733594 0.240278 0.731250 0.237500 0.728125 0.238889 0.730469 0.234722 0.728125 0.233333 0.726562 0.236111 0.725000 0.237500 0.724219 0.236111 0.722656 0.237500 0.722656 0.233333 0.719531 0.236111 0.715625 0.241667 0.712500 0.243056 0.711719 0.247222 0.709375 0.250000 0.703125 0.250000 0.703125 0.255556 0.700000 0.258333 0.697656 0.254167 0.695312 0.256944 0.695312 0.261111 0.692969 0.265278 0.691406 0.266667 0.689844 0.265278 0.690625 0.272222 0.689063 0.270833 0.687500 0.276389 0.687500 0.281944 0.686719 0.287500 0.683594 0.297222 0.683594 0.300000 0.685156 0.301389 0.685156 0.305556 0.686719 0.306944 0.685156 0.306944 0.684375 0.304167 0.683594 0.300000 0.682813 0.302778 0.682031 0.304167 0.681250 0.308333 0.682031 0.312500 0.684375 0.316667 0.685937 0.318056 0.686719 0.313889 0.685937 0.312500 0.685937 0.309722 0.687500 0.311111 0.687500 0.318056 0.689063 0.319444 0.692187 0.319444 0.692187 0.323611 0.689844 0.323611 0.690625 0.326389 0.691406 0.327778 0.692187 0.327778 0.692969 0.331944 0.692187 0.334722 0.688281 0.337500 0.688281 0.338889 0.688281 0.343056 0.688281 0.345833 0.689844 0.350000 0.685937 0.351389 0.687500 0.354167 0.689063 0.354167 0.690625 0.355556 0.692187 0.363889 0.689844 0.376389 0.685937 0.384722 0.681250 0.387500 0.675781 0.390278 0.672656 0.391667 0.667969 0.393056 0.665625 0.390278 0.661719 0.388889 0.660156 0.388889 0.659375 0.390278 0.657813 0.390278 0.657031 0.388889 0.655469 0.388889 0.653906 0.391667 0.652344 0.387500 0.644531 0.388889 0.643750 0.390278 0.639062 0.387500 0.637500 0.387500 0.636719 0.388889 0.634375 0.388889 0.632812 0.391667 0.632812 0.393056 0.630469 0.397222 0.626563 0.398611 0.628906 0.400000 0.630469 0.402778 0.629687 0.406944 0.625781 0.412500 0.626563 0.415278 0.629687 0.420833 0.634375 0.426389 0.635156 0.436111 0.636719 0.430556 0.636719 0.422222 0.635156 0.419444 0.634375 0.415278 0.631250 0.411111 0.632812 0.406944 0.632812 0.402778 0.634375 0.395833 0.635938 0.391667 0.643750 0.390278 0.644531 0.388889 0.646875 0.390278 0.649219 0.395833 0.650000 0.397222 0.651563 0.398611 0.655469 0.400000 0.657031 0.400000 0.660156 0.397222 0.663281 0.397222 0.669531 0.408333 0.672656 0.408333 0.676562 0.402778 0.680469 0.401389 0.681250 0.394444 0.682031 0.391667 0.682813 0.390278 0.684375 0.388889 0.686719 0.387500 0.689844 0.381944 0.690625 0.381944 0.692969 0.377778 0.692969 0.372222 0.696094 0.362500 0.696094 0.355556 0.697656 0.358333 0.698438 0.362500 0.698438 0.366667 0.696875 0.365278 0.695312 0.368056 0.695312 0.370833 0.696875 0.372222 0.694531 0.375000 0.696094 0.377778 0.698438 0.379167 0.697656 0.381944 0.696094 0.384722 0.693750 0.384722 0.693750 0.387500 0.692187 0.384722 0.690625 0.383333 0.689063 0.387500 0.685937 0.388889 0.684375 0.390278 0.682813 0.393056 0.684375 0.395833 0.685156 0.395833 0.685937 0.404167 0.683594 0.405556 0.682031 0.401389 0.681250 0.405556 0.679688 0.406944 0.678125 0.404167 0.676562 0.404167 0.675781 0.408333 0.674219 0.408333 0.673438 0.409722 0.667188 0.409722 0.665625 0.404167 0.664062 0.401389 0.663281 0.400000 0.661719 0.404167 0.664062 0.406944 0.660937 0.405556 0.657813 0.405556 0.657031 0.404167 0.656250 0.402778 0.650781 0.402778 0.647656 0.401389 0.646094 0.398611 0.643750 0.398611 0.642188 0.395833 0.640625 0.397222 0.639062 0.398611 0.641406 0.400000 0.642188 0.402778 0.642188 0.405556 0.638281 0.406944 0.637500 0.404167 0.636719 0.408333 0.635156 0.409722 0.635938 0.412500 0.637500 0.413889 0.638281 0.419444 0.638281 0.430556 0.639062 0.436111 0.639844 0.438889 0.638281 0.443056 0.639844 0.443056 0.639062 0.448611 0.639062 0.452778 0.641406 0.455556 0.642188 0.459722 0.642969 0.466667 0.642969 0.477778 0.643750 0.483333 0.642188 0.491667 0.641406 0.494444 0.641406 0.501389 0.637500 0.502778 0.635938 0.508333 0.633594 0.506944 0.633594 0.493056 0.633594 0.488889 0.632031 0.487500 0.633594 0.487500 0.635156 0.490278 0.634375 0.495833 0.632812 0.500000 0.632812 0.504167 0.635156 0.505556 0.637500 0.502778 0.639844 0.498611 0.640625 0.495833 0.642188 0.488889 0.642188 0.486111 0.637500 0.477778 0.637500 0.473611 0.639844 0.469444 0.639844 0.463889 0.639062 0.459722 0.638281 0.456944 0.636719 0.454167 0.635938 0.451389 0.635156 0.444444 0.634375 0.455556 0.637500 0.461111 0.636719 0.468056 0.634375 0.473611 0.630469 0.469444 0.628125 0.472222 0.624219 0.472222 0.621875 0.473611 0.621875 0.476389 0.620313 0.475000 0.618750 0.475000 0.611719 0.477778 0.610156 0.477778 0.607031 0.477778 0.604688 0.479167 0.608594 0.481944 0.611719 0.481944 0.612500 0.480556 0.617188 0.479167 0.615625 0.481944 0.611719 0.483333 0.606250 0.481944 0.604688 0.479167 0.600781 0.480556 0.597656 0.480556 0.596875 0.484722 0.595313 0.488889 0.593750 0.486111 0.591406 0.484722 0.588281 0.483333 0.587500 0.484722 0.585938 0.481944 0.589063 0.483333 0.592969 0.486111 0.594531 0.484722 0.595313 0.484722 0.596094 0.483333 0.596094 0.481944 0.596875 0.480556 0.600000 0.477778 0.596094 0.475000 0.591406 0.475000 0.589844 0.473611 0.586719 0.469444 0.585156 0.468056 0.583594 0.469444 0.582031 0.469444 0.581250 0.465278 0.579688 0.466667 0.578125 0.465278 0.577344 0.462500 0.573438 0.459722 0.571875 0.461111 0.570312 0.459722 0.568750 0.456944 0.565625 0.456944 0.564844 0.458333 0.562500 0.458333 0.561719 0.456944 0.558594 0.456944 0.556250 0.459722 0.546875 0.456944 0.543750 0.456944 0.539062 0.461111 0.537500 0.462500 0.536719 0.466667 0.535156 0.468056 0.534375 0.470833 0.533594 0.468056 0.532031 0.470833 0.532813 0.472222 0.531250 0.473611 0.529687 0.476389 0.532031 0.476389 0.528906 0.481944 0.528906 0.484722 0.528125 0.481944 0.527344 0.487500 0.526563 0.490278 0.527344 0.487500 0.525781 0.484722 0.525000 0.487500 0.522656 0.487500 0.520312 0.491667 0.518750 0.490278 0.517969 0.488889 0.517969 0.487500 0.516406 0.483333 0.515625 0.481944 0.513281 0.479167 0.509375 0.470833 0.507812 0.472222 0.510156 0.476389 0.510156 0.483333 0.510156 0.479167 0.509375 0.475000 0.508594 0.470833 0.505469 0.465278 0.506250 0.470833 0.504687 0.469444 0.503906 0.465278 0.503125 0.462500 0.503125 0.463889 0.504687 0.466667 0.504687 0.462500 0.504687 0.461111 0.502344 0.461111 0.503125 0.463889 0.503125 0.462500 0.502344 0.459722 0.500781 0.456944 0.499219 0.455556 0.497656 0.454167 0.495312 0.455556 0.490625 0.459722 0.485938 0.458333 0.482031 0.461111 0.474219 0.462500 0.467187 0.461111 0.470313 0.459722 0.467969 0.458333 0.466406 0.452778 0.464844 0.451389 0.462500 0.450000 0.460156 0.451389 0.461719 0.448611 0.464062 0.447222 0.460156 0.445833 0.459375 0.443056 0.456250 0.443056 0.451562 0.438889 0.451562 0.436111 0.450000 0.437500 0.449219 0.433333 0.446875 0.430556 0.445312 0.429167 0.443750 0.427778 0.435937 0.430556 0.432812 0.429167 0.431250 0.430556 0.429688 0.430556 0.428125 0.433333 0.424219 0.436111 0.423438 0.438889 0.421094 0.438889 0.420312 0.440278 0.418750 0.443056 0.411719 0.444444 0.410156 0.443056 0.408594 0.445833 0.405469 0.444444 0.403906 0.444444 0.400781 0.445833 0.393750 0.443056 0.392188 0.444444 0.388281 0.444444 0.382812 0.445833 0.381250 0.448611 0.378906 0.448611 0.376563 0.445833 0.375000 0.445833 0.373437 0.448611 0.371094 0.447222 0.369531 0.450000 0.365625 0.450000 0.363281 0.447222 0.361719 0.450000 0.357812 0.452778 0.355469 0.452778 0.353906 0.455556 0.350781 0.454167 0.349219 0.456944 0.346875 0.456944 0.348438 0.461111 0.346094 0.461111 0.345313 0.458333 0.343750 0.462500 0.341406 0.465278 0.342187 0.476389 0.342969 0.469444 0.342969 0.475000 0.344531 0.476389 0.341406 0.477778 0.340625 0.487500 0.339062 0.487500 0.338281 0.488889 0.337500 0.494444 0.335938 0.494444 0.334375 0.497222 0.335156 0.498611 0.334375 0.501389 0.332813 0.501389 0.332813 0.498611 0.330469 0.498611 0.329688 0.495833 0.327344 0.498611 0.328125 0.502778 0.326562 0.505556 0.325781 0.502778 0.325000 0.501389 0.325000 0.497222 0.322656 0.505556 0.320312 0.505556 0.318750 0.501389 0.315625 0.504167 0.314063 0.501389 0.315625 0.501389 0.314063 0.497222 0.308594 0.498611 0.306250 0.497222 0.305469 0.501389 0.303906 0.504167 0.305469 0.501389 0.299219 0.497222 0.297656 0.502778 0.299219 0.504167 0.299219 0.506944 0.296875 0.505556 0.298438 0.504167 0.296875 0.501389 0.295312 0.502778 0.292969 0.501389 0.292187 0.505556 0.286719 0.505556 0.286719 0.502778 0.282031 0.504167 0.280469 0.501389 0.279687 0.504167 0.278906 0.498611 0.275000 0.500000 0.278125 0.498611 0.278906 0.494444 0.277344 0.491667 0.274219 0.490278 0.271094 0.493056 0.270313 0.488889 0.268750 0.488889 0.267969 0.491667 0.266406 0.484722 0.260156 0.483333 0.257812 0.484722 0.256250 0.486111 0.257031 0.483333 0.254688 0.481944 0.249219 0.488889 0.247656 0.490278 0.239844 0.488889 0.236719 0.490278 0.235156 0.494444 0.233594 0.493056 0.231250 0.497222 0.232813 0.494444 0.232031 0.490278 0.231250 0.488889 0.229687 0.486111 0.225781 0.483333 0.224219 0.477778 0.223438 0.480556 0.221094 0.479167 0.220312 0.476389 0.221875 0.476389 0.221875 0.473611 0.217969 0.472222 0.216406 0.469444 0.215625 0.472222 0.215625 0.463889 0.214062 0.461111 0.214844 0.454167 0.214062 0.448611 0.213281 0.451389 0.213281 0.448611 0.214062 0.447222 0.213281 0.440278 0.212500 0.445833 0.213281 0.436111 0.210938 0.430556 0.213281 0.434722 0.214844 0.431944 0.213281 0.427778 0.213281 0.426389 0.206250 0.423611 0.202344 0.423611 0.198437 0.420833 0.196875 0.419444 0.195312 0.418056 0.192969 0.413889 0.192969 0.411111 0.192969 0.391667 0.192188 0.394444 0.192188 0.384722 0.192969 0.391667 0.193750 0.387500 0.196094 0.387500 0.195312 0.384722 0.197656 0.383333 0.199219 0.386111 0.201563 0.383333 0.199219 0.381944 0.197656 0.383333 0.195312 0.384722 0.193750 0.379167 0.194531 0.365278 0.193750 0.361111 0.195312 0.359722 0.194531 0.354167 0.193750 0.354167 0.192188 0.354167 0.192969 0.350000 0.191406 0.347222 0.189062 0.345833 0.188281 0.348611 0.187500 0.350000 0.186719 0.361111 0.187500 0.363889 0.185938 0.365278 0.184375 0.368056 0.186719 0.372222 0.185156 0.370833 0.183594 0.373611 0.184375 0.376389 0.186719 0.377778 0.186719 0.409722 0.181250 0.408333 0.180469 0.402778 0.177344 0.405556 0.174219 0.400000 0.172656 0.401389 0.172656 0.398611 0.170313 0.395833 0.167187 0.397222 0.169531 0.401389 0.167187 0.397222 0.166406 0.397222 0.164062 0.393056 0.164062 0.393056 0.165625 0.395833 0.167187 0.395833 0.167969 0.391667 0.165625 0.390278 0.164062 0.393056 0.164062 0.393056 0.165625 0.390278 0.163281 0.387500 0.162500 0.381944 0.161719 0.384722 0.160156 0.381944 0.158594 0.380556 0.158594 0.376389 0.154688 0.369444 0.152344 0.369444 0.150781 0.369444 0.147656 0.363889 0.150781 0.369444 0.151562 0.365278 0.150000 0.362500 0.147656 0.359722 0.146094 0.361111 0.144531 0.361111 0.142187 0.358333 0.142187 0.355556 0.138281 0.352778 0.137500 0.351389 0.136719 0.348611 0.134375 0.350000 0.132812 0.348611 0.132031 0.345833 0.130469 0.347222 0.129688 0.345833 0.128125 0.347222 0.127344 0.343056 0.126562 0.345833 0.122656 0.345833 0.125000 0.344444 0.121875 0.343056 0.121094 0.341667 0.117969 0.343056 0.120313 0.344444 0.118750 0.344444 0.116406 0.341667 0.111719 0.343056 0.111719 0.343056 0.108594 0.341667 0.104688 0.343056 0.103125 0.344444 0.103906 0.347222 0.100000 0.352778 0.099219 0.355556 0.101562 0.356944 0.102344 0.352778 0.103125 0.351389 0.106250 0.347222 0.107813 0.345833 0.111719 0.343056 0.111719 0.343056 0.110156 0.344444 0.108594 0.345833 0.106250 0.348611 0.103125 0.352778 0.102344 0.354167 0.101562 0.356944 0.101562 0.362500 0.102344 0.365278 0.103906 0.368056 0.104688 0.368056 0.106250 0.370833 0.101562 0.363889 0.101562 0.359722 0.099219 0.358333 0.098437 0.365278 0.096875 0.368056 0.095312 0.369444 0.090625 0.369444 0.089063 0.368056 0.088281 0.365278 0.086719 0.363889 0.083594 0.363889 0.083594 0.359722 0.081250 0.358333 0.078125 0.356944 0.076563 0.356944 0.073438 0.355556 0.071094 0.348611 0.069531 0.344444 0.067969 0.334722 0.065625 0.331944 0.064844 0.344444 0.064844 0.336111 0.064062 0.331944 0.060937 0.322222 0.060937 0.318056 0.059375 0.311111 0.057031 0.302778 0.050781 0.293056 0.050781 0.291667 0.053906 0.297222 0.051562 0.288889 0.050781 0.291667 0.050781 0.293056 0.049219 0.290278 0.049219 0.288889 0.048438 0.287500 0.046875 0.286111 0.044531 0.284722 0.045312 0.286111 0.048438 0.284722 0.045312 0.281944 0.042188 0.283333 0.045312 0.286111 0.044531 0.284722 0.039062 0.284722 0.038281 0.283333 0.035937 0.283333 0.035937 0.280556 0.028906 0.280556 0.026562 0.281944 0.025000 0.284722 0.025781 0.287500 0.027344 0.284722 0.029687 0.283333 0.032031 0.283333 0.029687 0.283333 0.028125 0.284722 0.026562 0.286111 0.025781 0.287500 0.025781 0.288889 0.024219 0.291667 0.023438 0.294444 0.023438 0.300000 0.023438 0.294444 0.024219 0.290278 0.025781 0.287500 0.024219 0.284722 0.022656 0.290278 0.021094 0.294444 0.018750 0.300000 0.015625 0.302778 0.015625 0.304167 0.013281 0.308333 0.010156 0.308333 0.008594 0.309722 0.005469 0.316667 0.000000 0.315278 0.000000 0.000000 0.885938 0.000000
2 0.411719 0.584722 0.410156 0.586111 0.407813 0.590278 0.407031 0.594444 0.408594 0.605556 0.413281 0.605556 0.422656 0.604167 0.427344 0.602778 0.430469 0.600000 0.431250 0.593056 0.429688 0.590278 0.428125 0.588889 0.421094 0.584722 0.411719 0.584722
2 0.512500 0.562500 0.497656 0.563889 0.489844 0.565278 0.488281 0.566667 0.486719 0.568056 0.484375 0.572222 0.483594 0.575000 0.482812 0.580556 0.481250 0.583333 0.481250 0.586111 0.478906 0.591667 0.478125 0.594444 0.477344 0.598611 0.476562 0.606944 0.476562 0.623611 0.477344 0.645833 0.478906 0.651389 0.480469 0.652778 0.483594 0.652778 0.485156 0.651389 0.486719 0.650000 0.489063 0.645833 0.490625 0.644444 0.492969 0.643056 0.506250 0.643056 0.516406 0.640278 0.520312 0.640278 0.523438 0.641667 0.525781 0.644444 0.529687 0.645833 0.533594 0.645833 0.535156 0.643056 0.535937 0.643056 0.536719 0.613889 0.535156 0.605556 0.535156 0.590278 0.534375 0.586111 0.531250 0.580556 0.528906 0.572222 0.525000 0.565278 0.523438 0.563889 0.521094 0.562500 0.512500 0.562500
19 0.979688 0.700000 0.980469 0.702778 0.982812 0.704167 0.983594 0.708333 0.986719 0.708333 0.987500 0.706944 0.990625 0.706944 0.992188 0.709722 0.996094 0.709722 0.996875 0.708333 0.999219 0.706944 0.997656 0.706944 0.996875 0.708333 0.992188 0.708333 0.989844 0.706944 0.987500 0.702778 0.985938 0.701389 0.979688 0.700000
19 0.967969 0.694444 0.969531 0.697222 0.975000 0.697222 0.973437 0.695833 0.971875 0.694444 0.967969 0.694444
19 0.128906 0.681944 0.127344 0.681944 0.125781 0.683333 0.122656 0.683333 0.126562 0.684722 0.128125 0.684722 0.130469 0.680556 0.128906 0.681944
19 0.893750 0.670833 0.896094 0.670833 0.897656 0.672222 0.893750 0.670833
19 0.877344 0.665278 0.881250 0.672222 0.882812 0.673611 0.887500 0.673611 0.889062 0.670833 0.891406 0.670833 0.888281 0.670833 0.885156 0.668056 0.881250 0.666667 0.877344 0.665278
19 0.846094 0.655556 0.847656 0.656944 0.849219 0.658333 0.853906 0.658333 0.857031 0.661111 0.864062 0.661111 0.867188 0.663889 0.868750 0.662500 0.871875 0.665278 0.874219 0.663889 0.872656 0.662500 0.866406 0.662500 0.863281 0.661111 0.857812 0.656944 0.853125 0.658333 0.849219 0.655556 0.846094 0.655556
19 0.955469 0.654167 0.955469 0.656944 0.956250 0.675000 0.957031 0.677778 0.955469 0.679167 0.955469 0.681944 0.957031 0.684722 0.957031 0.670833 0.955469 0.661111 0.955469 0.654167
19 0.913281 0.647222 0.914062 0.650000 0.915625 0.655556 0.914844 0.662500 0.916406 0.661111 0.916406 0.655556 0.915625 0.652778 0.914062 0.650000 0.913281 0.647222
19 0.912500 0.631944 0.912500 0.637500 0.913281 0.638889 0.914062 0.641667 0.914062 0.637500 0.914062 0.634722 0.912500 0.631944
19 0.720313 0.612500 0.716406 0.613889 0.720313 0.613889 0.721094 0.615278 0.725781 0.615278 0.724219 0.615278 0.723437 0.613889 0.720313 0.612500
19 0.353906 0.606944 0.352344 0.608333 0.354687 0.609722 0.353125 0.611111 0.355469 0.612500 0.363281 0.611111 0.364844 0.609722 0.360156 0.608333 0.363281 0.606944 0.353906 0.606944
19 0.664062 0.602778 0.670312 0.602778 0.668750 0.601389 0.664062 0.602778
19 0.365625 0.600000 0.364844 0.601389 0.353906 0.601389 0.355469 0.601389 0.357031 0.602778 0.362500 0.601389 0.371094 0.602778 0.376563 0.604167 0.378906 0.606944 0.385937 0.608333 0.387500 0.606944 0.384375 0.605556 0.382031 0.604167 0.379688 0.601389 0.377344 0.600000 0.365625 0.600000
19 0.437500 0.598611 0.443750 0.600000 0.451562 0.598611 0.437500 0.598611
19 0.639062 0.587500 0.639844 0.590278 0.637500 0.594444 0.639062 0.595833 0.642969 0.595833 0.646094 0.598611 0.656250 0.598611 0.657813 0.595833 0.660156 0.594444 0.661719 0.594444 0.653906 0.594444 0.648438 0.587500 0.644531 0.588889 0.642188 0.587500 0.639062 0.587500
19 0.566406 0.586111 0.568750 0.583333 0.569531 0.580556 0.570312 0.584722 0.572656 0.584722 0.573438 0.581944 0.574219 0.583333 0.575000 0.581944 0.575781 0.584722 0.574219 0.583333 0.572656 0.586111 0.580469 0.586111 0.579688 0.581944 0.581250 0.581944 0.582812 0.587500 0.584375 0.587500 0.593750 0.586111 0.603906 0.583333 0.622656 0.583333 0.622656 0.586111 0.620313 0.586111 0.621094 0.591667 0.624219 0.591667 0.627344 0.588889 0.631250 0.587500 0.632812 0.587500 0.633594 0.588889 0.635156 0.588889 0.635156 0.591667 0.632812 0.594444 0.635938 0.598611 0.639062 0.600000 0.642969 0.602778 0.650000 0.602778 0.653906 0.605556 0.660937 0.605556 0.666406 0.608333 0.672656 0.606944 0.674219 0.606944 0.680469 0.611111 0.687500 0.612500 0.692187 0.611111 0.689063 0.609722 0.685156 0.606944 0.681250 0.606944 0.678125 0.605556 0.676562 0.604167 0.675000 0.597222 0.676562 0.597222 0.678906 0.601389 0.681250 0.604167 0.687500 0.605556 0.692969 0.604167 0.694531 0.606944 0.691406 0.608333 0.692969 0.609722 0.693750 0.611111 0.696875 0.611111 0.697656 0.612500 0.699219 0.612500 0.696875 0.612500 0.696094 0.611111 0.692187 0.612500 0.699219 0.616667 0.701562 0.618056 0.703906 0.622222 0.712500 0.620833 0.715625 0.623611 0.720313 0.625000 0.725781 0.625000 0.728906 0.626389 0.734375 0.629167 0.738281 0.633333 0.747656 0.631944 0.746094 0.629167 0.742969 0.629167 0.740625 0.627778 0.737500 0.626389 0.735938 0.623611 0.733594 0.622222 0.728906 0.620833 0.719531 0.619444 0.714844 0.616667 0.709375 0.616667 0.704688 0.615278 0.703906 0.613889 0.700781 0.613889 0.705469 0.613889 0.706250 0.615278 0.712500 0.616667 0.718750 0.618056 0.727344 0.619444 0.730469 0.619444 0.737500 0.618056 0.739844 0.619444 0.744531 0.623611 0.749219 0.625000 0.759375 0.626389 0.764844 0.625000 0.765625 0.626389 0.767969 0.627778 0.766406 0.626389 0.761719 0.625000 0.760156 0.625000 0.755469 0.627778 0.760156 0.629167 0.762500 0.633333 0.769531 0.633333 0.769531 0.627778 0.775000 0.629167 0.775781 0.630556 0.778906 0.630556 0.774219 0.631944 0.774219 0.630556 0.771094 0.630556 0.772656 0.633333 0.774219 0.630556 0.774219 0.631944 0.778906 0.633333 0.779687 0.636111 0.782813 0.636111 0.781250 0.631944 0.782813 0.631944 0.783594 0.633333 0.785937 0.633333 0.787500 0.634722 0.785156 0.636111 0.789844 0.637500 0.790625 0.638889 0.792969 0.638889 0.791406 0.640278 0.791406 0.641667 0.785156 0.640278 0.782813 0.641667 0.784375 0.644444 0.786719 0.645833 0.791406 0.645833 0.794531 0.648611 0.803125 0.650000 0.808594 0.648611 0.804688 0.645833 0.800781 0.644444 0.796094 0.644444 0.791406 0.641667 0.791406 0.640278 0.792969 0.643056 0.794531 0.643056 0.796094 0.638889 0.798438 0.638889 0.800781 0.641667 0.810937 0.641667 0.813281 0.644444 0.817969 0.644444 0.821875 0.645833 0.823438 0.647222 0.825000 0.650000 0.826562 0.651389 0.833594 0.651389 0.836719 0.654167 0.844531 0.654167 0.833594 0.654167 0.830469 0.651389 0.824219 0.651389 0.818750 0.647222 0.815625 0.647222 0.813281 0.648611 0.807813 0.650000 0.810156 0.651389 0.813281 0.655556 0.815625 0.656944 0.818750 0.658333 0.822656 0.659722 0.826562 0.661111 0.832031 0.661111 0.836719 0.662500 0.839844 0.665278 0.852344 0.665278 0.857031 0.666667 0.859375 0.668056 0.862500 0.669444 0.864844 0.673611 0.867969 0.673611 0.871875 0.677778 0.877344 0.680556 0.882031 0.680556 0.885156 0.683333 0.891406 0.683333 0.892188 0.681944 0.897656 0.681944 0.899219 0.683333 0.899219 0.686111 0.904687 0.687500 0.915625 0.686111 0.917969 0.686111 0.917969 0.690278 0.920312 0.700000 0.921094 0.702778 0.923438 0.706944 0.926562 0.708333 0.950781 0.708333 0.952344 0.706944 0.954688 0.701389 0.956250 0.701389 0.962500 0.706944 0.975781 0.715278 0.978125 0.716667 0.980469 0.718056 0.989844 0.722222 0.993750 0.723611 0.999219 0.723611 0.999219 0.998611 0.953906 0.998611 0.953125 0.997222 0.812500 0.993056 0.754687 0.991667 0.696875 0.990278 0.598437 0.997222 0.557031 0.998611 0.000000 0.998611 0.000000 0.734722 0.001563 0.734722 0.002344 0.733333 0.006250 0.731944 0.003906 0.730556 0.005469 0.729167 0.003906 0.727778 0.005469 0.727778 0.006250 0.730556 0.009375 0.730556 0.011719 0.729167 0.014844 0.727778 0.014844 0.725000 0.017188 0.723611 0.021094 0.722222 0.022656 0.723611 0.027344 0.722222 0.032031 0.719444 0.038281 0.719444 0.040625 0.715278 0.046094 0.715278 0.049219 0.719444 0.050781 0.716667 0.053125 0.716667 0.056250 0.711111 0.060156 0.711111 0.061719 0.709722 0.063281 0.706944 0.066406 0.705556 0.074219 0.695833 0.076563 0.694444 0.077344 0.694444 0.080469 0.691667 0.085938 0.691667 0.087500 0.688889 0.089063 0.688889 0.089844 0.690278 0.092969 0.691667 0.093750 0.688889 0.101562 0.690278 0.103906 0.687500 0.107031 0.688889 0.112500 0.687500 0.114062 0.684722 0.102344 0.684722 0.100781 0.684722 0.091406 0.681944 0.088281 0.681944 0.081250 0.683333 0.075781 0.684722 0.072656 0.687500 0.075781 0.688889 0.077344 0.690278 0.077344 0.694444 0.076563 0.694444 0.069531 0.693056 0.067187 0.690278 0.056250 0.693056 0.053906 0.693056 0.046094 0.691667 0.044531 0.695833 0.042969 0.697222 0.044531 0.698611 0.045312 0.701389 0.047656 0.701389 0.051562 0.705556 0.054688 0.705556 0.047656 0.705556 0.042969 0.708333 0.045312 0.706944 0.046094 0.702778 0.042969 0.697222 0.041406 0.695833 0.037500 0.695833 0.030469 0.698611 0.018750 0.698611 0.006250 0.700000 0.001563 0.702778 0.000000 0.702778 0.003125 0.700000 0.000000 0.698611 0.000000 0.693056 0.007031 0.693056 0.007812 0.691667 0.025781 0.691667 0.032031 0.695833 0.037500 0.693056 0.042969 0.694444 0.045312 0.691667 0.050781 0.691667 0.054688 0.688889 0.061719 0.688889 0.074219 0.686111 0.080469 0.684722 0.085938 0.681944 0.093750 0.680556 0.099219 0.680556 0.100000 0.683333 0.114844 0.683333 0.115625 0.684722 0.117969 0.684722 0.117969 0.687500 0.118750 0.688889 0.115625 0.687500 0.114062 0.690278 0.114844 0.693056 0.118750 0.688889 0.117969 0.687500 0.123438 0.688889 0.126562 0.691667 0.131250 0.691667 0.133594 0.687500 0.140625 0.686111 0.147656 0.687500 0.149219 0.686111 0.150000 0.683333 0.153125 0.683333 0.153906 0.681944 0.159375 0.681944 0.161719 0.679167 0.167969 0.677778 0.168750 0.675000 0.171094 0.676389 0.167969 0.677778 0.171875 0.679167 0.174219 0.675000 0.172656 0.673611 0.174219 0.675000 0.180469 0.673611 0.182812 0.673611 0.183594 0.675000 0.185156 0.675000 0.185156 0.672222 0.186719 0.672222 0.189062 0.668056 0.194531 0.668056 0.200000 0.665278 0.209375 0.665278 0.211719 0.662500 0.213281 0.661111 0.216406 0.662500 0.218750 0.659722 0.223438 0.661111 0.227344 0.659722 0.229687 0.656944 0.232813 0.659722 0.237500 0.656944 0.235937 0.655556 0.237500 0.656944 0.250000 0.655556 0.248438 0.654167 0.251563 0.654167 0.253906 0.652778 0.253906 0.650000 0.256250 0.652778 0.257812 0.652778 0.259375 0.650000 0.262500 0.652778 0.264844 0.651389 0.266406 0.645833 0.267969 0.647222 0.269531 0.650000 0.271875 0.648611 0.272656 0.644444 0.276562 0.643056 0.279687 0.640278 0.284375 0.638889 0.290625 0.637500 0.296094 0.637500 0.303125 0.636111 0.305469 0.633333 0.308594 0.633333 0.311719 0.631944 0.312500 0.630556 0.314063 0.629167 0.312500 0.627778 0.311719 0.626389 0.309375 0.625000 0.305469 0.623611 0.295312 0.623611 0.311719 0.623611 0.314063 0.629167 0.319531 0.630556 0.317969 0.626389 0.321875 0.625000 0.326562 0.622222 0.324219 0.620833 0.321094 0.616667 0.310156 0.616667 0.309375 0.618056 0.307812 0.618056 0.309375 0.618056 0.310156 0.616667 0.312500 0.615278 0.303906 0.613889 0.303125 0.615278 0.293750 0.615278 0.299219 0.615278 0.300000 0.613889 0.308594 0.613889 0.314844 0.611111 0.291406 0.609722 0.282813 0.611111 0.277344 0.612500 0.279687 0.611111 0.289062 0.611111 0.297656 0.608333 0.307812 0.608333 0.314063 0.605556 0.312500 0.604167 0.311719 0.602778 0.306250 0.602778 0.305469 0.604167 0.299219 0.602778 0.299219 0.601389 0.297656 0.600000 0.299219 0.600000 0.300000 0.598611 0.302344 0.598611 0.299219 0.600000 0.304688 0.602778 0.306250 0.601389 0.307812 0.600000 0.306250 0.598611 0.307812 0.600000 0.314063 0.598611 0.312500 0.597222 0.317969 0.597222 0.322656 0.600000 0.324219 0.595833 0.325781 0.600000 0.326562 0.598611 0.327344 0.600000 0.328125 0.594444 0.329688 0.595833 0.328906 0.600000 0.329688 0.602778 0.332031 0.602778 0.332813 0.604167 0.334375 0.601389 0.335156 0.605556 0.335938 0.602778 0.335938 0.616667 0.339062 0.618056 0.337500 0.618056 0.336719 0.619444 0.333594 0.620833 0.345313 0.620833 0.342969 0.619444 0.344531 0.616667 0.346875 0.615278 0.349219 0.615278 0.350781 0.616667 0.352344 0.618056 0.350000 0.619444 0.354687 0.620833 0.359375 0.619444 0.356250 0.615278 0.357812 0.615278 0.358594 0.613889 0.368750 0.612500 0.371094 0.613889 0.373437 0.616667 0.384375 0.618056 0.389062 0.618056 0.391406 0.613889 0.395313 0.613889 0.403125 0.613889 0.410156 0.611111 0.412500 0.609722 0.414844 0.605556 0.422656 0.605556 0.428125 0.602778 0.431250 0.605556 0.440625 0.605556 0.452344 0.604167 0.464062 0.602778 0.465625 0.601389 0.467969 0.598611 0.463281 0.598611 0.456250 0.597222 0.455469 0.598611 0.453125 0.598611 0.473438 0.595833 0.475781 0.595833 0.477344 0.597222 0.475781 0.597222 0.470313 0.598611 0.474219 0.600000 0.475000 0.601389 0.476562 0.601389 0.476562 0.605556 0.475781 0.623611 0.476562 0.645833 0.477344 0.650000 0.478906 0.652778 0.480469 0.654167 0.483594 0.654167 0.485156 0.652778 0.486719 0.651389 0.489063 0.647222 0.490625 0.645833 0.492969 0.644444 0.506250 0.644444 0.516406 0.641667 0.520312 0.641667 0.523438 0.643056 0.525781 0.645833 0.529687 0.647222 0.533594 0.647222 0.535937 0.644444 0.537500 0.641667 0.537500 0.613889 0.535937 0.605556 0.535937 0.591667 0.537500 0.588889 0.543750 0.590278 0.545312 0.590278 0.552344 0.588889 0.554688 0.584722 0.555469 0.584722 0.557031 0.583333 0.557813 0.587500 0.560937 0.588889 0.564844 0.587500 0.565625 0.580556 0.566406 0.586111
19 0.646094 0.579167 0.642969 0.580556 0.639062 0.580556 0.637500 0.579167 0.640625 0.581944 0.642969 0.583333 0.647656 0.584722 0.646875 0.580556 0.647656 0.577778 0.646094 0.579167
19 0.659375 0.572222 0.661719 0.576389 0.662500 0.573611 0.664062 0.572222 0.659375 0.572222
19 0.655469 0.573611 0.653125 0.573611 0.652344 0.575000 0.650781 0.576389 0.653906 0.576389 0.655469 0.575000 0.657031 0.572222 0.655469 0.573611
19 0.631250 0.570833 0.628125 0.573611 0.625000 0.572222 0.622656 0.575000 0.621094 0.573611 0.617969 0.575000 0.615625 0.577778 0.610938 0.576389 0.611719 0.579167 0.614062 0.580556 0.626563 0.579167 0.628125 0.580556 0.629687 0.580556 0.632031 0.579167 0.632812 0.575000 0.634375 0.575000 0.633594 0.570833 0.631250 0.570833
19 0.606250 0.569444 0.606250 0.573611 0.607812 0.570833 0.606250 0.569444
19 0.698438 0.558333 0.696875 0.562500 0.693750 0.562500 0.689844 0.565278 0.686719 0.568056 0.681250 0.568056 0.679688 0.566667 0.680469 0.570833 0.685156 0.568056 0.687500 0.573611 0.689063 0.575000 0.696875 0.575000 0.700000 0.579167 0.703125 0.576389 0.704688 0.576389 0.707031 0.577778 0.708594 0.579167 0.709375 0.580556 0.709375 0.581944 0.711719 0.581944 0.712500 0.579167 0.710938 0.577778 0.710938 0.573611 0.708594 0.565278 0.707031 0.565278 0.705469 0.562500 0.705469 0.561111 0.703906 0.558333 0.700781 0.556944 0.698438 0.558333
