20 0.905469 0.729167 0.907031 0.729167 0.906250 0.737500 0.904687 0.738889 0.896875 0.740278 0.903125 0.741667 0.907813 0.744444 0.911719 0.744444 0.912500 0.741667 0.915625 0.748611 0.916406 0.745833 0.917969 0.745833 0.915625 0.748611 0.914062 0.752778 0.917969 0.759722 0.920312 0.762500 0.921094 0.761111 0.922656 0.763889 0.924219 0.763889 0.928125 0.763889 0.928906 0.762500 0.932031 0.762500 0.939063 0.766667 0.945312 0.765278 0.946094 0.766667 0.949219 0.766667 0.950000 0.769444 0.951562 0.768056 0.952344 0.766667 0.953125 0.765278 0.954688 0.765278 0.958594 0.758333 0.960156 0.756944 0.964844 0.754167 0.966406 0.752778 0.965625 0.758333 0.966406 0.761111 0.966406 0.763889 0.967969 0.768056 0.967969 0.772222 0.969531 0.775000 0.974219 0.775000 0.975781 0.773611 0.978906 0.769444 0.979688 0.768056 0.980469 0.765278 0.982031 0.751389 0.982031 0.747222 0.980469 0.745833 0.995313 0.745833 0.996094 0.747222 0.999219 0.747222 0.999219 0.873611 0.996094 0.873611 0.993750 0.872222 0.987500 0.868056 0.985156 0.865278 0.983594 0.862500 0.981250 0.859722 0.979688 0.859722 0.978125 0.856944 0.976562 0.855556 0.970313 0.854167 0.965625 0.845833 0.961719 0.844444 0.958594 0.843056 0.954688 0.841667 0.950781 0.843056 0.950000 0.838889 0.947656 0.834722 0.945312 0.833333 0.942969 0.831944 0.941406 0.831944 0.940625 0.833333 0.939063 0.833333 0.936719 0.830556 0.934375 0.830556 0.932031 0.829167 0.930469 0.826389 0.928906 0.825000 0.923438 0.825000 0.921875 0.823611 0.920312 0.820833 0.914844 0.819444 0.911719 0.815278 0.912500 0.815278 0.914844 0.813889 0.910937 0.809722 0.910156 0.809722 0.908594 0.808333 0.907813 0.806944 0.905469 0.806944 0.903125 0.806944 0.904687 0.809722 0.907031 0.811111 0.910156 0.809722 0.910937 0.809722 0.909375 0.811111 0.910937 0.813889 0.912500 0.815278 0.911719 0.815278 0.904687 0.815278 0.900000 0.806944 0.897656 0.805556 0.892969 0.802778 0.889062 0.802778 0.885938 0.801389 0.877344 0.795833 0.876563 0.795833 0.878125 0.797222 0.880469 0.798611 0.883594 0.800000 0.889844 0.798611 0.886719 0.797222 0.881250 0.793056 0.878906 0.793056 0.878125 0.791667 0.876563 0.791667 0.876563 0.795833 0.877344 0.795833 0.869531 0.795833 0.864844 0.794444 0.860938 0.791667 0.855469 0.787500 0.854688 0.784722 0.854688 0.781944 0.853125 0.779167 0.853125 0.761111 0.854688 0.755556 0.856250 0.756944 0.859375 0.755556 0.860156 0.754167 0.861719 0.751389 0.861719 0.748611 0.862500 0.751389 0.863281 0.747222 0.866406 0.744444 0.876563 0.740278 0.876563 0.748611 0.875781 0.750000 0.873437 0.751389 0.875000 0.754167 0.876563 0.754167 0.878906 0.750000 0.876563 0.748611 0.876563 0.740278 0.878906 0.738889 0.881250 0.736111 0.883594 0.736111 0.886719 0.733333 0.892969 0.731944 0.899219 0.731944 0.905469 0.729167
20 0.996875 0.722222 0.991406 0.723611 0.989844 0.727778 0.992188 0.727778 0.994531 0.723611 0.996875 0.722222
20 0.976562 0.722222 0.978906 0.729167 0.980469 0.727778 0.982031 0.726389 0.983594 0.723611 0.978906 0.725000 0.976562 0.722222
20 0.907813 0.695833 0.907031 0.697222 0.905469 0.697222 0.912500 0.695833 0.907813 0.695833
20 0.991406 0.680556 0.990625 0.681944 0.987500 0.681944 0.989062 0.683333 0.993750 0.684722 0.984375 0.686111 0.982031 0.688889 0.980469 0.688889 0.975000 0.688889 0.971094 0.688889 0.970313 0.693056 0.970313 0.702778 0.971875 0.705556 0.970313 0.706944 0.971094 0.718056 0.975000 0.723611 0.975000 0.727778 0.975000 0.722222 0.973437 0.718056 0.974219 0.706944 0.975781 0.706944 0.979688 0.702778 0.987500 0.702778 0.991406 0.701389 0.994531 0.700000 0.997656 0.698611 0.999219 0.697222 0.999219 0.681944 0.997656 0.683333 0.996875 0.680556 0.994531 0.681944 0.991406 0.680556
20 0.063281 0.652778 0.063281 0.656944 0.064062 0.659722 0.067187 0.665278 0.068750 0.666667 0.071094 0.668056 0.074219 0.669444 0.088281 0.669444 0.088281 0.672222 0.085938 0.676389 0.084375 0.676389 0.082812 0.679167 0.081250 0.680556 0.078125 0.680556 0.075000 0.683333 0.076563 0.684722 0.077344 0.686111 0.080469 0.686111 0.083594 0.684722 0.086719 0.683333 0.088281 0.681944 0.089844 0.680556 0.092969 0.673611 0.095312 0.675000 0.093750 0.669444 0.102344 0.668056 0.104688 0.668056 0.106250 0.669444 0.104688 0.669444 0.105469 0.673611 0.101562 0.676389 0.097656 0.679167 0.092969 0.680556 0.098437 0.681944 0.093750 0.681944 0.092969 0.683333 0.087500 0.683333 0.085156 0.686111 0.082812 0.687500 0.076563 0.688889 0.076563 0.688889 0.069531 0.686111 0.075000 0.688889 0.076563 0.688889 0.076563 0.688889 0.070312 0.687500 0.067969 0.688889 0.069531 0.690278 0.067969 0.688889 0.066406 0.688889 0.065625 0.691667 0.063281 0.690278 0.061719 0.687500 0.060156 0.686111 0.060156 0.684722 0.063281 0.686111 0.064844 0.683333 0.060937 0.681944 0.060156 0.684722 0.060156 0.686111 0.056250 0.687500 0.054688 0.688889 0.053906 0.693056 0.052344 0.694444 0.054688 0.695833 0.053125 0.698611 0.050000 0.698611 0.047656 0.701389 0.042188 0.701389 0.040625 0.704167 0.035937 0.704167 0.038281 0.704167 0.041406 0.702778 0.042969 0.700000 0.048438 0.700000 0.050781 0.698611 0.046094 0.697222 0.035937 0.698611 0.032813 0.701389 0.025781 0.701389 0.024219 0.698611 0.020313 0.700000 0.017969 0.698611 0.016406 0.695833 0.014844 0.697222 0.014063 0.694444 0.013281 0.693056 0.010156 0.690278 0.014063 0.691667 0.014063 0.693056 0.022656 0.693056 0.025000 0.690278 0.028906 0.690278 0.031250 0.691667 0.032813 0.694444 0.038281 0.694444 0.039844 0.688889 0.042188 0.687500 0.042969 0.687500 0.041406 0.690278 0.044531 0.694444 0.046094 0.694444 0.047656 0.691667 0.042969 0.687500 0.042188 0.687500 0.049219 0.687500 0.046875 0.688889 0.050000 0.690278 0.051562 0.687500 0.056250 0.686111 0.057813 0.684722 0.061719 0.677778 0.061719 0.670833 0.063281 0.662500 0.063281 0.652778
20 0.166406 0.645833 0.164062 0.647222 0.163281 0.648611 0.160938 0.650000 0.157812 0.648611 0.156250 0.650000 0.153906 0.654167 0.151562 0.655556 0.149219 0.656944 0.142187 0.656944 0.140625 0.659722 0.138281 0.661111 0.145313 0.661111 0.150781 0.659722 0.156250 0.655556 0.159375 0.654167 0.161719 0.654167 0.162500 0.651389 0.164062 0.651389 0.166406 0.645833
20 0.186719 0.636111 0.182812 0.638889 0.178906 0.637500 0.177344 0.637500 0.174219 0.643056 0.180469 0.643056 0.181250 0.644444 0.185938 0.644444 0.184375 0.643056 0.187500 0.643056 0.192969 0.638889 0.194531 0.640278 0.196094 0.637500 0.199219 0.637500 0.195312 0.637500 0.194531 0.638889 0.192188 0.638889 0.186719 0.636111
20 0.206250 0.629167 0.204687 0.630556 0.202344 0.634722 0.200781 0.636111 0.204687 0.636111 0.207813 0.631944 0.209375 0.631944 0.210938 0.630556 0.210156 0.627778 0.206250 0.629167
20 0.742969 0.605556 0.741406 0.608333 0.742188 0.611111 0.742969 0.605556
20 0.603125 0.579167 0.603906 0.580556 0.603906 0.590278 0.604688 0.594444 0.607812 0.600000 0.606250 0.601389 0.607031 0.598611 0.603906 0.602778 0.605469 0.604167 0.603906 0.602778 0.602344 0.602778 0.601562 0.606944 0.604688 0.609722 0.606250 0.609722 0.606250 0.606944 0.607812 0.606944 0.612500 0.600000 0.610938 0.597222 0.607031 0.593056 0.607031 0.586111 0.608594 0.590278 0.613281 0.588889 0.620313 0.587500 0.621094 0.586111 0.639844 0.586111 0.646875 0.587500 0.650000 0.590278 0.653906 0.588889 0.656250 0.588889 0.657813 0.590278 0.658594 0.594444 0.657813 0.601389 0.660937 0.602778 0.664062 0.605556 0.665625 0.606944 0.665625 0.606944 0.664844 0.609722 0.665625 0.615278 0.665625 0.606944 0.665625 0.606944 0.666406 0.591667 0.664844 0.586111 0.664844 0.581944 0.665625 0.580556 0.665625 0.577778 0.666406 0.583333 0.667969 0.586111 0.668750 0.588889 0.669531 0.593056 0.670312 0.597222 0.670312 0.604167 0.671875 0.608333 0.669531 0.630556 0.664844 0.626389 0.665625 0.616667 0.662500 0.620833 0.664062 0.623611 0.664844 0.626389 0.669531 0.630556 0.667969 0.637500 0.667969 0.641667 0.671094 0.643056 0.673438 0.641667 0.675000 0.638889 0.675000 0.636111 0.675781 0.641667 0.678125 0.640278 0.680469 0.643056 0.685156 0.641667 0.687500 0.645833 0.689063 0.643056 0.689844 0.645833 0.692969 0.636111 0.695312 0.643056 0.695312 0.645833 0.692187 0.644444 0.691406 0.647222 0.693750 0.648611 0.695312 0.645833 0.695312 0.643056 0.696875 0.637500 0.697656 0.636111 0.700000 0.634722 0.701562 0.631944 0.700000 0.627778 0.701562 0.627778 0.702344 0.623611 0.705469 0.622222 0.703125 0.620833 0.705469 0.620833 0.706250 0.616667 0.706250 0.613889 0.703906 0.611111 0.704688 0.605556 0.703906 0.601389 0.704688 0.597222 0.705469 0.594444 0.707031 0.593056 0.706250 0.588889 0.707812 0.591667 0.706250 0.606944 0.707812 0.622222 0.708594 0.609722 0.709375 0.606944 0.712500 0.604167 0.720313 0.611111 0.724219 0.611111 0.728125 0.613889 0.736719 0.613889 0.738281 0.615278 0.742188 0.619444 0.743750 0.622222 0.744531 0.625000 0.744531 0.629167 0.746875 0.631944 0.746094 0.637500 0.749219 0.644444 0.749219 0.647222 0.750781 0.648611 0.750781 0.655556 0.751563 0.659722 0.752344 0.663889 0.753125 0.666667 0.756250 0.670833 0.756250 0.673611 0.761719 0.684722 0.761719 0.687500 0.763281 0.691667 0.765625 0.695833 0.767188 0.697222 0.770312 0.698611 0.777344 0.698611 0.778906 0.697222 0.779687 0.693056 0.781250 0.690278 0.781250 0.687500 0.782031 0.663889 0.783594 0.673611 0.784375 0.673611 0.785156 0.669444 0.788281 0.662500 0.790625 0.670833 0.792188 0.673611 0.793750 0.670833 0.795312 0.669444 0.794531 0.666667 0.793750 0.665278 0.789844 0.659722 0.788281 0.662500 0.785156 0.669444 0.782813 0.668056 0.782031 0.672222 0.784375 0.673611 0.783594 0.673611 0.782813 0.676389 0.785156 0.676389 0.783594 0.673611 0.782031 0.663889 0.782813 0.655556 0.784375 0.652778 0.786719 0.652778 0.788281 0.650000 0.789062 0.650000 0.789062 0.644444 0.790625 0.643056 0.789062 0.641667 0.787500 0.638889 0.786719 0.641667 0.785937 0.643056 0.785156 0.648611 0.785937 0.643056 0.787500 0.638889 0.788281 0.640278 0.789844 0.637500 0.790625 0.633333 0.789062 0.631944 0.789844 0.627778 0.792188 0.629167 0.796094 0.627778 0.796875 0.625000 0.801562 0.626389 0.807813 0.625000 0.808594 0.626389 0.810156 0.626389 0.810937 0.629167 0.814063 0.627778 0.815625 0.630556 0.821094 0.630556 0.821875 0.631944 0.824219 0.631944 0.825000 0.634722 0.831250 0.636111 0.842969 0.636111 0.846094 0.641667 0.848437 0.641667 0.849219 0.640278 0.853125 0.643056 0.856250 0.641667 0.860156 0.643056 0.864844 0.644444 0.868750 0.647222 0.871094 0.648611 0.872656 0.648611 0.875000 0.645833 0.880469 0.645833 0.890625 0.647222 0.893750 0.644444 0.895312 0.647222 0.899219 0.647222 0.900000 0.648611 0.902344 0.648611 0.900781 0.651389 0.907031 0.652778 0.910937 0.652778 0.913281 0.654167 0.914844 0.655556 0.915625 0.658333 0.917188 0.659722 0.916406 0.662500 0.919531 0.665278 0.920312 0.661111 0.919531 0.658333 0.920312 0.655556 0.918750 0.654167 0.917969 0.651389 0.920312 0.650000 0.919531 0.645833 0.919531 0.648611 0.920312 0.650000 0.921094 0.654167 0.920312 0.662500 0.921094 0.665278 0.920312 0.687500 0.918750 0.687500 0.914844 0.687500 0.913281 0.688889 0.910937 0.693056 0.899219 0.691667 0.891406 0.691667 0.872656 0.693056 0.877344 0.691667 0.867969 0.691667 0.866406 0.691667 0.860938 0.690278 0.862500 0.688889 0.859375 0.687500 0.855469 0.684722 0.854688 0.679167 0.855469 0.675000 0.856250 0.673611 0.853906 0.669444 0.852344 0.670833 0.853125 0.673611 0.856250 0.673611 0.855469 0.675000 0.858594 0.676389 0.861719 0.679167 0.864844 0.680556 0.882812 0.681944 0.884375 0.681944 0.900781 0.679167 0.884375 0.676389 0.878125 0.677778 0.876563 0.677778 0.868750 0.675000 0.859375 0.673611 0.855469 0.675000 0.854688 0.679167 0.852344 0.677778 0.847656 0.677778 0.845313 0.675000 0.841406 0.673611 0.835156 0.672222 0.832031 0.669444 0.828906 0.669444 0.826562 0.665278 0.826562 0.658333 0.832031 0.658333 0.836719 0.662500 0.845313 0.661111 0.839063 0.659722 0.839063 0.656944 0.835938 0.655556 0.826562 0.654167 0.821094 0.655556 0.820312 0.654167 0.818750 0.652778 0.817969 0.651389 0.811719 0.652778 0.817969 0.655556 0.820312 0.654167 0.821094 0.655556 0.826562 0.658333 0.826562 0.665278 0.825000 0.665278 0.820312 0.665278 0.818750 0.661111 0.812500 0.659722 0.810937 0.661111 0.807813 0.666667 0.805469 0.665278 0.804688 0.670833 0.806250 0.670833 0.804688 0.675000 0.803906 0.679167 0.802344 0.683333 0.800781 0.684722 0.802344 0.687500 0.802344 0.693056 0.806250 0.688889 0.804688 0.686111 0.803906 0.686111 0.802344 0.683333 0.803906 0.679167 0.805469 0.680556 0.806250 0.681944 0.812500 0.681944 0.816406 0.683333 0.818750 0.686111 0.821875 0.686111 0.820312 0.687500 0.823438 0.688889 0.825000 0.688889 0.821875 0.690278 0.821094 0.691667 0.814844 0.691667 0.812500 0.693056 0.810937 0.695833 0.809375 0.697222 0.807031 0.697222 0.807031 0.708333 0.806250 0.712500 0.807031 0.718056 0.810156 0.719444 0.813281 0.719444 0.811719 0.723611 0.812500 0.726389 0.814063 0.729167 0.810156 0.737500 0.808594 0.738889 0.803906 0.738889 0.803906 0.736111 0.802344 0.734722 0.800781 0.733333 0.798438 0.731944 0.796094 0.733333 0.794531 0.729167 0.792188 0.727778 0.788281 0.725000 0.783594 0.726389 0.784375 0.723611 0.782813 0.720833 0.780469 0.719444 0.773438 0.719444 0.772656 0.720833 0.771094 0.720833 0.772656 0.718056 0.771094 0.715278 0.767969 0.716667 0.761719 0.711111 0.758594 0.709722 0.753906 0.711111 0.751563 0.708333 0.750000 0.711111 0.754687 0.713889 0.749219 0.715278 0.746875 0.715278 0.743750 0.712500 0.739844 0.712500 0.738281 0.709722 0.735938 0.708333 0.732812 0.708333 0.735156 0.706944 0.732031 0.704167 0.728125 0.705556 0.725000 0.704167 0.722656 0.701389 0.720313 0.700000 0.718750 0.695833 0.720313 0.697222 0.724219 0.701389 0.725781 0.701389 0.728125 0.701389 0.726562 0.698611 0.721875 0.694444 0.717969 0.691667 0.715625 0.693056 0.715625 0.690278 0.714063 0.690278 0.713281 0.688889 0.708594 0.690278 0.704688 0.686111 0.700781 0.686111 0.697656 0.681944 0.693750 0.679167 0.691406 0.677778 0.687500 0.677778 0.685156 0.676389 0.682813 0.673611 0.677344 0.672222 0.673438 0.669444 0.673438 0.665278 0.670312 0.659722 0.667188 0.661111 0.664062 0.659722 0.662500 0.658333 0.660156 0.652778 0.658594 0.651389 0.655469 0.651389 0.654687 0.654167 0.653125 0.654167 0.650781 0.651389 0.641406 0.651389 0.638281 0.650000 0.635156 0.647222 0.635156 0.645833 0.634375 0.644444 0.632812 0.643056 0.630469 0.641667 0.626563 0.641667 0.624219 0.636111 0.622656 0.634722 0.619531 0.633333 0.614844 0.633333 0.616406 0.631944 0.612500 0.631944 0.611719 0.629167 0.609375 0.629167 0.607031 0.625000 0.603125 0.625000 0.597656 0.616667 0.592969 0.618056 0.591406 0.615278 0.587500 0.615278 0.586719 0.612500 0.585156 0.612500 0.586719 0.611111 0.585156 0.608333 0.588281 0.604167 0.588281 0.608333 0.586719 0.609722 0.587500 0.613889 0.591406 0.612500 0.592187 0.613889 0.596875 0.615278 0.598437 0.612500 0.600781 0.611111 0.604688 0.609722 0.599219 0.608333 0.595313 0.601389 0.592969 0.600000 0.592187 0.594444 0.589844 0.593056 0.590625 0.588889 0.592969 0.587500 0.592969 0.579167 0.594531 0.577778 0.592969 0.580556 0.592187 0.590278 0.592969 0.593056 0.595313 0.594444 0.596875 0.594444 0.596875 0.588889 0.600000 0.590278 0.601562 0.587500 0.600000 0.586111 0.601562 0.584722 0.601562 0.591667 0.603125 0.594444 0.603125 0.595833 0.604688 0.598611 0.603906 0.593056 0.603125 0.595833 0.603125 0.594444 0.603906 0.587500 0.603125 0.576389 0.603125 0.579167
21 0.064062 0.612500 0.064844 0.622222 0.064062 0.623611 0.064844 0.634722 0.064062 0.612500
21 0.967187 0.566667 0.967187 0.608333 0.967969 0.602778 0.968750 0.616667 0.967969 0.619444 0.968750 0.616667 0.970313 0.618056 0.969531 0.611111 0.967969 0.602778 0.967187 0.598611 0.967969 0.588889 0.967187 0.570833 0.967187 0.566667
21 0.381250 0.545833 0.378906 0.550000 0.380469 0.548611 0.381250 0.545833
21 0.964844 0.530556 0.964063 0.533333 0.962500 0.533333 0.962500 0.538889 0.964844 0.536111 0.964844 0.534722 0.966406 0.530556 0.964844 0.530556
21 0.478125 0.515278 0.478125 0.518056 0.476562 0.519444 0.478125 0.519444 0.478906 0.518056 0.486719 0.518056 0.487500 0.516667 0.489844 0.516667 0.482031 0.518056 0.480469 0.518056 0.478125 0.515278
21 0.507812 0.513889 0.507031 0.516667 0.504687 0.518056 0.502344 0.515278 0.501563 0.520833 0.500000 0.518056 0.503906 0.526389 0.509375 0.525000 0.510938 0.520833 0.509375 0.515278 0.507812 0.513889
21 0.186719 0.516667 0.186719 0.520833 0.185156 0.523611 0.186719 0.523611 0.188281 0.520833 0.189062 0.516667 0.191406 0.515278 0.189844 0.512500 0.186719 0.516667
21 0.224219 0.505556 0.223438 0.509722 0.224219 0.511111 0.224219 0.515278 0.222656 0.512500 0.220312 0.512500 0.219531 0.518056 0.221875 0.519444 0.224219 0.522222 0.224219 0.530556 0.225000 0.531944 0.225000 0.558333 0.225781 0.568056 0.226562 0.569444 0.226562 0.576389 0.225000 0.568056 0.222656 0.568056 0.221094 0.565278 0.219531 0.559722 0.212500 0.547222 0.208594 0.544444 0.197656 0.545833 0.183594 0.545833 0.180469 0.543056 0.181250 0.540278 0.185156 0.538889 0.187500 0.540278 0.189844 0.543056 0.191406 0.544444 0.192188 0.540278 0.191406 0.538889 0.191406 0.536111 0.193750 0.533333 0.194531 0.533333 0.195312 0.527778 0.192188 0.526389 0.193750 0.525000 0.195312 0.525000 0.196875 0.526389 0.197656 0.527778 0.198437 0.531944 0.200781 0.536111 0.203125 0.538889 0.204687 0.540278 0.207031 0.537500 0.204687 0.531944 0.204687 0.529167 0.205469 0.527778 0.205469 0.523611 0.205469 0.523611 0.207813 0.520833 0.210156 0.520833 0.209375 0.515278 0.206250 0.515278 0.204687 0.518056 0.205469 0.523611 0.205469 0.523611 0.202344 0.522222 0.201563 0.523611 0.200000 0.523611 0.194531 0.516667 0.195312 0.513889 0.197656 0.512500 0.199219 0.513889 0.200781 0.519444 0.201563 0.513889 0.203125 0.512500 0.208594 0.512500 0.212500 0.511111 0.213281 0.506944 0.218750 0.506944 0.221875 0.505556 0.224219 0.505556
21 0.444531 0.502778 0.444531 0.506944 0.445312 0.509722 0.466406 0.509722 0.465625 0.505556 0.462500 0.509722 0.460156 0.511111 0.446875 0.511111 0.445312 0.508333 0.444531 0.502778
21 0.263281 0.504167 0.264844 0.506944 0.265625 0.506944 0.266406 0.511111 0.268750 0.509722 0.271875 0.509722 0.272656 0.511111 0.282031 0.513889 0.280469 0.515278 0.275000 0.516667 0.278125 0.518056 0.280469 0.519444 0.282813 0.519444 0.280469 0.515278 0.282031 0.513889 0.286719 0.513889 0.287500 0.515278 0.289062 0.515278 0.287500 0.515278 0.285938 0.519444 0.287500 0.525000 0.283594 0.527778 0.281250 0.530556 0.284375 0.534722 0.285938 0.536111 0.288281 0.537500 0.294531 0.537500 0.297656 0.534722 0.303125 0.534722 0.305469 0.538889 0.311719 0.537500 0.313281 0.538889 0.314844 0.538889 0.319531 0.543056 0.321875 0.545833 0.309375 0.547222 0.306250 0.548611 0.300781 0.558333 0.300000 0.563889 0.300781 0.566667 0.301563 0.570833 0.300000 0.568056 0.300000 0.566667 0.297656 0.562500 0.296875 0.562500 0.293750 0.556944 0.289844 0.555556 0.284375 0.554167 0.281250 0.554167 0.274219 0.555556 0.271094 0.556944 0.271094 0.561111 0.271875 0.563889 0.269531 0.559722 0.267188 0.556944 0.246094 0.556944 0.242969 0.558333 0.239844 0.559722 0.237500 0.561111 0.235156 0.563889 0.232031 0.569444 0.232813 0.565278 0.232813 0.555556 0.233594 0.554167 0.233594 0.550000 0.235156 0.548611 0.236719 0.550000 0.240625 0.547222 0.233594 0.545833 0.233594 0.537500 0.235937 0.536111 0.235937 0.534722 0.237500 0.531944 0.240625 0.530556 0.242188 0.531944 0.244531 0.536111 0.244531 0.537500 0.246875 0.541667 0.246094 0.541667 0.245312 0.543056 0.242969 0.543056 0.239844 0.545833 0.242969 0.547222 0.246094 0.545833 0.246875 0.544444 0.248438 0.543056 0.246094 0.541667 0.246875 0.541667 0.251563 0.543056 0.253906 0.541667 0.256250 0.540278 0.258594 0.536111 0.259375 0.533333 0.260937 0.534722 0.262500 0.533333 0.262500 0.530556 0.257031 0.525000 0.257031 0.511111 0.257812 0.506944 0.258594 0.505556 0.259375 0.502778 0.263281 0.504167
21 0.485156 0.501389 0.483594 0.505556 0.483594 0.506944 0.480469 0.506944 0.483594 0.509722 0.485156 0.512500 0.488281 0.512500 0.487500 0.506944 0.486719 0.506944 0.485156 0.504167 0.485156 0.501389
21 0.666406 0.495833 0.665625 0.498611 0.667188 0.498611 0.667969 0.495833 0.666406 0.495833
21 0.359375 0.461111 0.359375 0.463889 0.357812 0.465278 0.358594 0.469444 0.357031 0.472222 0.353125 0.477778 0.353125 0.479167 0.351562 0.481944 0.353906 0.483333 0.355469 0.480556 0.358594 0.473611 0.360156 0.472222 0.361719 0.472222 0.362500 0.473611 0.364844 0.473611 0.364844 0.468056 0.366406 0.465278 0.367969 0.466667 0.369531 0.463889 0.372656 0.470833 0.376563 0.463889 0.378125 0.465278 0.376563 0.468056 0.375781 0.472222 0.377344 0.475000 0.378906 0.472222 0.378125 0.465278 0.376563 0.463889 0.382031 0.465278 0.383594 0.465278 0.385156 0.462500 0.390625 0.463889 0.393750 0.462500 0.394531 0.466667 0.396094 0.469444 0.396875 0.465278 0.397656 0.469444 0.401562 0.468056 0.403125 0.472222 0.404687 0.472222 0.406250 0.472222 0.433594 0.472222 0.428906 0.473611 0.432812 0.475000 0.433594 0.479167 0.433594 0.479167 0.432812 0.483333 0.435937 0.483333 0.434375 0.481944 0.433594 0.479167 0.433594 0.479167 0.435156 0.481944 0.437500 0.481944 0.440625 0.486111 0.439844 0.487500 0.440625 0.494444 0.442188 0.498611 0.443750 0.498611 0.442969 0.501389 0.442969 0.513889 0.441406 0.515278 0.442188 0.519444 0.438281 0.520833 0.437500 0.519444 0.430469 0.519444 0.426563 0.525000 0.423438 0.525000 0.421094 0.529167 0.419531 0.530556 0.407031 0.530556 0.399219 0.531944 0.397656 0.533333 0.399219 0.531944 0.400781 0.529167 0.399219 0.527778 0.398438 0.526389 0.396094 0.522222 0.395313 0.519444 0.395313 0.515278 0.396094 0.512500 0.398438 0.509722 0.396875 0.506944 0.395313 0.501389 0.392969 0.500000 0.392969 0.494444 0.395313 0.493056 0.396094 0.495833 0.397656 0.490278 0.397656 0.483333 0.397656 0.480556 0.397656 0.473611 0.396875 0.470833 0.395313 0.468056 0.393750 0.466667 0.392188 0.465278 0.390625 0.468056 0.387500 0.475000 0.387500 0.477778 0.388281 0.479167 0.387500 0.483333 0.384375 0.477778 0.380469 0.476389 0.375000 0.477778 0.371875 0.479167 0.370312 0.481944 0.368750 0.486111 0.368750 0.491667 0.366406 0.491667 0.364844 0.506944 0.364844 0.512500 0.364844 0.493056 0.362500 0.497222 0.360938 0.500000 0.360938 0.502778 0.360938 0.509722 0.360938 0.512500 0.361719 0.518056 0.360156 0.518056 0.360156 0.522222 0.360156 0.523611 0.362500 0.525000 0.363281 0.527778 0.362500 0.530556 0.362500 0.533333 0.364844 0.536111 0.366406 0.534722 0.367188 0.541667 0.369531 0.543056 0.370312 0.547222 0.372656 0.550000 0.375000 0.548611 0.375781 0.551389 0.373437 0.552778 0.375000 0.554167 0.375781 0.556944 0.378125 0.552778 0.372656 0.562500 0.372656 0.565278 0.367969 0.573611 0.368750 0.570833 0.369531 0.569444 0.369531 0.562500 0.365625 0.555556 0.361719 0.550000 0.358594 0.550000 0.356250 0.552778 0.352344 0.544444 0.350781 0.543056 0.349219 0.541667 0.337500 0.543056 0.332813 0.544444 0.331250 0.545833 0.330469 0.547222 0.330469 0.548611 0.330469 0.552778 0.331250 0.555556 0.325781 0.545833 0.323437 0.545833 0.325781 0.545833 0.328125 0.547222 0.328125 0.543056 0.328906 0.537500 0.326562 0.536111 0.325781 0.537500 0.324219 0.537500 0.321875 0.534722 0.318750 0.536111 0.320312 0.533333 0.322656 0.533333 0.325000 0.536111 0.326562 0.534722 0.326562 0.533333 0.328125 0.530556 0.327344 0.525000 0.328125 0.513889 0.328906 0.505556 0.329688 0.504167 0.329688 0.501389 0.332813 0.498611 0.334375 0.498611 0.332031 0.502778 0.331250 0.505556 0.331250 0.513889 0.334375 0.515278 0.335938 0.506944 0.334375 0.502778 0.335938 0.501389 0.335938 0.497222 0.335938 0.497222 0.338281 0.498611 0.342187 0.494444 0.339844 0.493056 0.338281 0.494444 0.335938 0.497222 0.335938 0.497222 0.334375 0.498611 0.332813 0.498611 0.334375 0.495833 0.335938 0.488889 0.337500 0.486111 0.339062 0.484722 0.341406 0.484722 0.342969 0.481944 0.345313 0.480556 0.344531 0.476389 0.346875 0.476389 0.347656 0.473611 0.349219 0.473611 0.350000 0.472222 0.353125 0.472222 0.354687 0.470833 0.356250 0.469444 0.357812 0.466667 0.359375 0.461111
21 0.579688 0.427778 0.578906 0.430556 0.576562 0.434722 0.577344 0.437500 0.579688 0.433333 0.581250 0.431944 0.584375 0.431944 0.586719 0.429167 0.587500 0.431944 0.589844 0.430556 0.590625 0.427778 0.592187 0.430556 0.596094 0.430556 0.596094 0.436111 0.595313 0.441667 0.593750 0.444444 0.593750 0.443056 0.594531 0.437500 0.592969 0.434722 0.592969 0.438889 0.593750 0.443056 0.593750 0.444444 0.595313 0.450000 0.594531 0.459722 0.595313 0.466667 0.597656 0.468056 0.598437 0.470833 0.596094 0.470833 0.594531 0.473611 0.593750 0.476389 0.595313 0.479167 0.596875 0.483333 0.596875 0.487500 0.595313 0.490278 0.595313 0.493056 0.596875 0.497222 0.595313 0.500000 0.594531 0.505556 0.594531 0.509722 0.596094 0.513889 0.596094 0.520833 0.593750 0.523611 0.592969 0.526389 0.594531 0.540278 0.593750 0.555556 0.593750 0.562500 0.594531 0.566667 0.596094 0.569444 0.596875 0.573611 0.596875 0.576389 0.592969 0.575000 0.589844 0.576389 0.588281 0.575000 0.586719 0.569444 0.585938 0.561111 0.584375 0.554167 0.583594 0.551389 0.582031 0.547222 0.580469 0.544444 0.577344 0.541667 0.574219 0.541667 0.571094 0.540278 0.571094 0.538889 0.570312 0.527778 0.569531 0.533333 0.568750 0.536111 0.561719 0.537500 0.558594 0.531944 0.557813 0.525000 0.555469 0.520833 0.553125 0.522222 0.551562 0.526389 0.549219 0.523611 0.549219 0.533333 0.551562 0.530556 0.552344 0.533333 0.555469 0.534722 0.557031 0.533333 0.557813 0.537500 0.553125 0.537500 0.552344 0.538889 0.545312 0.538889 0.543750 0.540278 0.541406 0.543056 0.539844 0.545833 0.538281 0.551389 0.538281 0.556944 0.537500 0.559722 0.535156 0.562500 0.531250 0.562500 0.528906 0.559722 0.527344 0.559722 0.527344 0.555556 0.527344 0.554167 0.524219 0.551389 0.520312 0.551389 0.517969 0.548611 0.509375 0.547222 0.506250 0.538889 0.504687 0.537500 0.507031 0.536111 0.507812 0.533333 0.509375 0.536111 0.510938 0.526389 0.512500 0.534722 0.513281 0.536111 0.512500 0.537500 0.510938 0.538889 0.515625 0.540278 0.513281 0.536111 0.512500 0.534722 0.513281 0.530556 0.516406 0.522222 0.517969 0.526389 0.521094 0.526389 0.520312 0.520833 0.517969 0.519444 0.519531 0.518056 0.518750 0.515278 0.521094 0.513889 0.521875 0.511111 0.523438 0.513889 0.525000 0.511111 0.526563 0.511111 0.529687 0.515278 0.531250 0.516667 0.535156 0.512500 0.536719 0.516667 0.539062 0.516667 0.539062 0.518056 0.539062 0.523611 0.538281 0.526389 0.535937 0.523611 0.535156 0.526389 0.535156 0.525000 0.527344 0.520833 0.525781 0.522222 0.524219 0.523611 0.525781 0.529167 0.528125 0.530556 0.529687 0.533333 0.531250 0.533333 0.532031 0.529167 0.533594 0.533333 0.535156 0.525000 0.535156 0.526389 0.536719 0.536111 0.538281 0.531944 0.541406 0.533333 0.542188 0.529167 0.542188 0.526389 0.539062 0.523611 0.539062 0.518056 0.543750 0.520833 0.545312 0.520833 0.546094 0.516667 0.547656 0.516667 0.548438 0.518056 0.550000 0.518056 0.550781 0.516667 0.554688 0.515278 0.556250 0.515278 0.557813 0.518056 0.558594 0.520833 0.560156 0.518056 0.560156 0.516667 0.561719 0.515278 0.561719 0.519444 0.562500 0.522222 0.564063 0.525000 0.566406 0.526389 0.567187 0.520833 0.568750 0.518056 0.568750 0.516667 0.573438 0.513889 0.571875 0.512500 0.571875 0.509722 0.574219 0.505556 0.568750 0.497222 0.566406 0.488889 0.569531 0.486111 0.571094 0.488889 0.574219 0.487500 0.571875 0.484722 0.570312 0.483333 0.569531 0.486111 0.566406 0.488889 0.565625 0.483333 0.563281 0.477778 0.563281 0.475000 0.563281 0.462500 0.564063 0.456944 0.564844 0.450000 0.567187 0.445833 0.569531 0.448611 0.567969 0.451389 0.567187 0.454167 0.571875 0.452778 0.575781 0.445833 0.573438 0.444444 0.571875 0.445833 0.569531 0.448611 0.567187 0.445833 0.567187 0.440278 0.569531 0.440278 0.571094 0.437500 0.574219 0.436111 0.577344 0.429167 0.579688 0.425000 0.579688 0.427778
21 0.607031 0.408333 0.607031 0.413889 0.608594 0.409722 0.610938 0.409722 0.610156 0.413889 0.612500 0.415278 0.613281 0.412500 0.614844 0.413889 0.616406 0.411111 0.615625 0.413889 0.617188 0.416667 0.621094 0.416667 0.622656 0.413889 0.627344 0.412500 0.634375 0.412500 0.635938 0.413889 0.634375 0.416667 0.632031 0.419444 0.634375 0.420833 0.634375 0.416667 0.635938 0.413889 0.638281 0.416667 0.639844 0.419444 0.642969 0.426389 0.644531 0.423611 0.644531 0.426389 0.645312 0.430556 0.647656 0.429167 0.647656 0.438889 0.649219 0.440278 0.648438 0.447222 0.649219 0.451389 0.649219 0.451389 0.645312 0.444444 0.644531 0.447222 0.646094 0.451389 0.646094 0.454167 0.646875 0.456944 0.648438 0.459722 0.649219 0.463889 0.650000 0.456944 0.649219 0.451389 0.649219 0.451389 0.650781 0.454167 0.653906 0.456944 0.655469 0.461111 0.654687 0.465278 0.655469 0.469444 0.657813 0.473611 0.659375 0.477778 0.659375 0.481944 0.661719 0.486111 0.659375 0.488889 0.660937 0.491667 0.661719 0.497222 0.660156 0.500000 0.660156 0.504167 0.661719 0.509722 0.663281 0.505556 0.664844 0.512500 0.663281 0.519444 0.662500 0.512500 0.660937 0.515278 0.660937 0.525000 0.661719 0.526389 0.661719 0.530556 0.660937 0.527778 0.660156 0.526389 0.659375 0.513889 0.658594 0.513889 0.658594 0.509722 0.657813 0.504167 0.657031 0.511111 0.658594 0.513889 0.659375 0.513889 0.658594 0.530556 0.660156 0.531944 0.658594 0.530556 0.653125 0.530556 0.650000 0.531944 0.646094 0.536111 0.642188 0.536111 0.639844 0.533333 0.636719 0.531944 0.634375 0.531944 0.628125 0.531944 0.625781 0.533333 0.623437 0.537500 0.623437 0.541667 0.623437 0.537500 0.620313 0.548611 0.621094 0.565278 0.620313 0.579167 0.620313 0.583333 0.621875 0.584722 0.624219 0.584722 0.625781 0.584722 0.621094 0.584722 0.620313 0.586111 0.611719 0.586111 0.610156 0.581944 0.606250 0.581944 0.604688 0.580556 0.603906 0.577778 0.605469 0.576389 0.603906 0.572222 0.603906 0.570833 0.604688 0.566667 0.603906 0.555556 0.603906 0.543056 0.603906 0.525000 0.603906 0.520833 0.604688 0.519444 0.604688 0.513889 0.603125 0.509722 0.603906 0.504167 0.602344 0.500000 0.601562 0.495833 0.600781 0.525000 0.602344 0.545833 0.601562 0.551389 0.602344 0.565278 0.603906 0.570833 0.603906 0.572222 0.603125 0.575000 0.603125 0.570833 0.601562 0.565278 0.600781 0.554167 0.600000 0.525000 0.600000 0.475000 0.600781 0.456944 0.601562 0.444444 0.603906 0.431944 0.603906 0.420833 0.604688 0.422222 0.603906 0.426389 0.604688 0.434722 0.607031 0.427778 0.606250 0.419444 0.604688 0.422222 0.603906 0.420833 0.604688 0.418056 0.605469 0.416667 0.606250 0.416667 0.605469 0.411111 0.607031 0.408333
21 0.214844 0.391667 0.211719 0.398611 0.215625 0.400000 0.215625 0.402778 0.215625 0.400000 0.217188 0.397222 0.216406 0.387500 0.214844 0.391667
21 0.696875 0.350000 0.695312 0.354167 0.697656 0.354167 0.699219 0.350000 0.696875 0.350000
21 0.191406 0.286111 0.192969 0.287500 0.195312 0.288889 0.196875 0.286111 0.200000 0.287500 0.201563 0.287500 0.202344 0.284722 0.207031 0.284722 0.205469 0.286111 0.209375 0.288889 0.221875 0.288889 0.224219 0.293056 0.224219 0.295833 0.222656 0.301389 0.221875 0.320833 0.221875 0.325000 0.223438 0.329167 0.222656 0.338889 0.221875 0.340278 0.221875 0.344444 0.221875 0.336111 0.220312 0.327778 0.219531 0.333333 0.217969 0.340278 0.218750 0.344444 0.217188 0.350000 0.218750 0.363889 0.216406 0.373611 0.214062 0.377778 0.213281 0.384722 0.211719 0.387500 0.208594 0.393056 0.207031 0.393056 0.206250 0.394444 0.204687 0.394444 0.200781 0.390278 0.196875 0.393056 0.200000 0.395833 0.201563 0.395833 0.201563 0.400000 0.203906 0.404167 0.207031 0.405556 0.205469 0.405556 0.204687 0.409722 0.203125 0.409722 0.203125 0.406944 0.200781 0.405556 0.198437 0.401389 0.197656 0.401389 0.196094 0.398611 0.195312 0.391667 0.194531 0.387500 0.192969 0.383333 0.190625 0.379167 0.189062 0.383333 0.188281 0.372222 0.185938 0.368056 0.182812 0.366667 0.179688 0.362500 0.178125 0.361111 0.175781 0.361111 0.173437 0.359722 0.171875 0.356944 0.168750 0.359722 0.166406 0.363889 0.164062 0.370833 0.162500 0.372222 0.164062 0.375000 0.160938 0.381944 0.159375 0.383333 0.155469 0.384722 0.146094 0.384722 0.144531 0.384722 0.141406 0.381944 0.138281 0.383333 0.134375 0.377778 0.132812 0.379167 0.131250 0.386111 0.130469 0.394444 0.128125 0.400000 0.125000 0.404167 0.125000 0.406944 0.123438 0.406944 0.121094 0.409722 0.119531 0.412500 0.119531 0.413889 0.117188 0.418056 0.115625 0.425000 0.115625 0.429167 0.116406 0.434722 0.117188 0.438889 0.117969 0.443056 0.119531 0.445833 0.119531 0.452778 0.118750 0.458333 0.117188 0.458333 0.115625 0.461111 0.114062 0.461111 0.111719 0.466667 0.110156 0.468056 0.107813 0.468056 0.106250 0.470833 0.103906 0.472222 0.100781 0.472222 0.097656 0.479167 0.096094 0.476389 0.089844 0.476389 0.087500 0.475000 0.078906 0.465278 0.077344 0.465278 0.075781 0.466667 0.077344 0.465278 0.074219 0.462500 0.071875 0.462500 0.071094 0.459722 0.070312 0.459722 0.066406 0.461111 0.066406 0.458333 0.064062 0.456944 0.063281 0.465278 0.061719 0.465278 0.059375 0.469444 0.057031 0.470833 0.056250 0.473611 0.055469 0.476389 0.055469 0.479167 0.055469 0.486111 0.053906 0.488889 0.053906 0.491667 0.051562 0.495833 0.052344 0.500000 0.051562 0.504167 0.050781 0.506944 0.049219 0.511111 0.047656 0.513889 0.045312 0.516667 0.043750 0.516667 0.042188 0.519444 0.036719 0.518056 0.035156 0.518056 0.028906 0.519444 0.026562 0.522222 0.019531 0.523611 0.017969 0.525000 0.016406 0.526389 0.014063 0.529167 0.008594 0.540278 0.007031 0.540278 0.006250 0.541667 0.000000 0.541667 0.000000 0.404167 0.001563 0.404167 0.002344 0.402778 0.007812 0.402778 0.007812 0.400000 0.010156 0.400000 0.013281 0.402778 0.017188 0.400000 0.026562 0.398611 0.028125 0.401389 0.031250 0.401389 0.034375 0.400000 0.036719 0.398611 0.040625 0.394444 0.044531 0.397222 0.048438 0.395833 0.051562 0.394444 0.053125 0.391667 0.056250 0.383333 0.056250 0.381944 0.057031 0.380556 0.057813 0.380556 0.059375 0.377778 0.063281 0.375000 0.067187 0.375000 0.084375 0.376389 0.088281 0.373611 0.086719 0.372222 0.089063 0.370833 0.089844 0.369444 0.095312 0.369444 0.096875 0.368056 0.098437 0.365278 0.098437 0.363889 0.100000 0.361111 0.100781 0.363889 0.101562 0.359722 0.107813 0.359722 0.103125 0.358333 0.107031 0.358333 0.109375 0.361111 0.110937 0.362500 0.114844 0.359722 0.118750 0.363889 0.121875 0.365278 0.125000 0.365278 0.128125 0.362500 0.130469 0.361111 0.128906 0.363889 0.133594 0.370833 0.134375 0.375000 0.135937 0.370833 0.137500 0.370833 0.139063 0.368056 0.139844 0.365278 0.140625 0.361111 0.140625 0.354167 0.139844 0.352778 0.139844 0.345833 0.140625 0.343056 0.142187 0.340278 0.146875 0.338889 0.148438 0.334722 0.145313 0.333333 0.143750 0.334722 0.142187 0.336111 0.144531 0.333333 0.146094 0.331944 0.150781 0.330556 0.152344 0.329167 0.153906 0.327778 0.157812 0.320833 0.161719 0.320833 0.164062 0.322222 0.164062 0.325000 0.162500 0.329167 0.160938 0.327778 0.160156 0.326389 0.157812 0.327778 0.159375 0.329167 0.160156 0.330556 0.162500 0.329167 0.164062 0.325000 0.166406 0.322222 0.165625 0.318056 0.166406 0.313889 0.169531 0.304167 0.169531 0.300000 0.171094 0.297222 0.174219 0.294444 0.176563 0.297222 0.178125 0.297222 0.178125 0.301389 0.175781 0.302778 0.174219 0.305556 0.175781 0.318056 0.178125 0.315278 0.181250 0.309722 0.181250 0.306944 0.180469 0.304167 0.179688 0.302778 0.178125 0.301389 0.178125 0.297222 0.179688 0.295833 0.181250 0.293056 0.185938 0.293056 0.187500 0.291667 0.187500 0.287500 0.189062 0.286111 0.189844 0.283333 0.191406 0.286111
21 0.238281 0.283333 0.239844 0.286111 0.237500 0.286111 0.234375 0.288889 0.233594 0.291667 0.232813 0.294444 0.232031 0.304167 0.232031 0.316667 0.237500 0.318056 0.232031 0.319444 0.231250 0.327778 0.232813 0.327778 0.235156 0.325000 0.238281 0.325000 0.240625 0.323611 0.242188 0.320833 0.259375 0.322222 0.262500 0.319444 0.267969 0.319444 0.273438 0.316667 0.271875 0.315278 0.270313 0.312500 0.267969 0.311111 0.259375 0.309722 0.262500 0.308333 0.265625 0.305556 0.263281 0.301389 0.262500 0.302778 0.259375 0.295833 0.257812 0.294444 0.256250 0.294444 0.251563 0.286111 0.243750 0.286111 0.239844 0.281944 0.238281 0.283333
21 0.157031 0.223611 0.156250 0.227778 0.157812 0.236111 0.161719 0.238889 0.157031 0.240278 0.156250 0.238889 0.153125 0.240278 0.156250 0.241667 0.153125 0.243056 0.151562 0.244444 0.151562 0.247222 0.153125 0.248611 0.154688 0.250000 0.158594 0.251389 0.160938 0.256944 0.163281 0.258333 0.164844 0.255556 0.165625 0.261111 0.166406 0.240278 0.167187 0.255556 0.167969 0.256944 0.168750 0.263889 0.168750 0.261111 0.168750 0.259722 0.170313 0.256944 0.167969 0.252778 0.168750 0.245833 0.167969 0.236111 0.167187 0.234722 0.167187 0.227778 0.166406 0.240278 0.164844 0.234722 0.164844 0.223611 0.163281 0.226389 0.160156 0.233333 0.157812 0.229167 0.157031 0.226389 0.157031 0.223611
21 0.167187 0.215278 0.166406 0.220833 0.167187 0.223611 0.167187 0.220833 0.167969 0.219444 0.168750 0.215278 0.167187 0.215278
21 0.880469 0.198611 0.882031 0.205556 0.885156 0.206944 0.886719 0.211111 0.886719 0.216667 0.887500 0.220833 0.888281 0.225000 0.889844 0.229167 0.890625 0.233333 0.891406 0.240278 0.889844 0.241667 0.892188 0.244444 0.892188 0.254167 0.894531 0.265278 0.895312 0.272222 0.895312 0.281944 0.896875 0.288889 0.896094 0.291667 0.896875 0.308333 0.895312 0.306944 0.892969 0.309722 0.892969 0.306944 0.894531 0.304167 0.892969 0.301389 0.892188 0.298611 0.890625 0.300000 0.887500 0.302778 0.885938 0.305556 0.888281 0.306944 0.889844 0.305556 0.891406 0.304167 0.889062 0.306944 0.891406 0.306944 0.892969 0.306944 0.892969 0.309722 0.893750 0.312500 0.891406 0.313889 0.892969 0.315278 0.892188 0.318056 0.892969 0.320833 0.891406 0.320833 0.891406 0.316667 0.888281 0.318056 0.889062 0.320833 0.887500 0.318056 0.885938 0.315278 0.887500 0.312500 0.884375 0.311111 0.883594 0.312500 0.880469 0.313889 0.880469 0.313889 0.878125 0.309722 0.876563 0.311111 0.874219 0.313889 0.878125 0.315278 0.880469 0.313889 0.880469 0.313889 0.885938 0.315278 0.887500 0.318056 0.884375 0.319444 0.879687 0.319444 0.878125 0.320833 0.876563 0.325000 0.877344 0.320833 0.875781 0.319444 0.874219 0.319444 0.871094 0.316667 0.868750 0.315278 0.867188 0.318056 0.866406 0.320833 0.865625 0.329167 0.864844 0.331944 0.863281 0.329167 0.862500 0.322222 0.860938 0.323611 0.858594 0.327778 0.861719 0.327778 0.860156 0.331944 0.862500 0.333333 0.864844 0.331944 0.865625 0.329167 0.866406 0.337500 0.865625 0.343056 0.860156 0.347222 0.860156 0.348611 0.860156 0.352778 0.860156 0.355556 0.860156 0.358333 0.858594 0.356944 0.856250 0.358333 0.857812 0.361111 0.859375 0.361111 0.861719 0.361111 0.860156 0.358333 0.860156 0.355556 0.861719 0.358333 0.863281 0.359722 0.869531 0.359722 0.872656 0.361111 0.874219 0.363889 0.875781 0.365278 0.877344 0.362500 0.878125 0.358333 0.879687 0.356944 0.882812 0.358333 0.882812 0.359722 0.884375 0.362500 0.885938 0.356944 0.888281 0.352778 0.891406 0.356944 0.893750 0.358333 0.894531 0.355556 0.895312 0.354167 0.895312 0.350000 0.897656 0.350000 0.897656 0.356944 0.898438 0.358333 0.897656 0.361111 0.900000 0.361111 0.898438 0.358333 0.897656 0.356944 0.899219 0.359722 0.902344 0.352778 0.903906 0.358333 0.904687 0.363889 0.904687 0.386111 0.906250 0.402778 0.907031 0.430556 0.906250 0.450000 0.907813 0.456944 0.907031 0.469444 0.909375 0.469444 0.908594 0.459722 0.908594 0.462500 0.909375 0.463889 0.909375 0.476389 0.910937 0.484722 0.911719 0.500000 0.911719 0.504167 0.910937 0.512500 0.909375 0.515278 0.910937 0.519444 0.911719 0.516667 0.912500 0.515278 0.912500 0.506944 0.912500 0.516667 0.914062 0.526389 0.914844 0.536111 0.914844 0.547222 0.916406 0.550000 0.917188 0.556944 0.919531 0.563889 0.919531 0.580556 0.917969 0.577778 0.917188 0.575000 0.916406 0.554167 0.915625 0.573611 0.912500 0.569444 0.911719 0.565278 0.908594 0.561111 0.907031 0.561111 0.905469 0.556944 0.907031 0.555556 0.903906 0.552778 0.903125 0.556944 0.901563 0.551389 0.900000 0.555556 0.899219 0.556944 0.897656 0.556944 0.895312 0.561111 0.894531 0.563889 0.895312 0.568056 0.896094 0.570833 0.897656 0.575000 0.902344 0.583333 0.903906 0.584722 0.906250 0.586111 0.910937 0.587500 0.914844 0.586111 0.916406 0.587500 0.917188 0.588889 0.917969 0.591667 0.917969 0.598611 0.917188 0.609722 0.915625 0.612500 0.914844 0.612500 0.912500 0.616667 0.910937 0.618056 0.909375 0.615278 0.907031 0.618056 0.906250 0.616667 0.903125 0.620833 0.901563 0.623611 0.901563 0.625000 0.900000 0.627778 0.898438 0.625000 0.896875 0.627778 0.896875 0.631944 0.895312 0.631944 0.894531 0.637500 0.893750 0.638889 0.893750 0.643056 0.890625 0.645833 0.880469 0.644444 0.875000 0.644444 0.872656 0.647222 0.871094 0.647222 0.864844 0.643056 0.860156 0.641667 0.856250 0.640278 0.853125 0.641667 0.852344 0.640278 0.849219 0.637500 0.848437 0.640278 0.846094 0.640278 0.842969 0.634722 0.831250 0.634722 0.830469 0.633333 0.825000 0.633333 0.824219 0.630556 0.821094 0.629167 0.815625 0.629167 0.814063 0.626389 0.812500 0.626389 0.814063 0.622222 0.817187 0.622222 0.817969 0.613889 0.821875 0.608333 0.821094 0.595833 0.821094 0.588889 0.823438 0.584722 0.823438 0.576389 0.825781 0.575000 0.825781 0.573611 0.825000 0.559722 0.825000 0.551389 0.826562 0.548611 0.827344 0.544444 0.828125 0.538889 0.829688 0.540278 0.832031 0.544444 0.832812 0.538889 0.829688 0.540278 0.828125 0.538889 0.827344 0.536111 0.827344 0.534722 0.826562 0.533333 0.825000 0.531944 0.822656 0.530556 0.820312 0.529167 0.815625 0.529167 0.810937 0.525000 0.807813 0.525000 0.806250 0.522222 0.804688 0.520833 0.798438 0.523611 0.789844 0.523611 0.785937 0.522222 0.784375 0.520833 0.782813 0.519444 0.782031 0.518056 0.782031 0.516667 0.780469 0.512500 0.777344 0.506944 0.774219 0.505556 0.766406 0.504167 0.763281 0.504167 0.759375 0.506944 0.750781 0.505556 0.740625 0.506944 0.736719 0.454167 0.738281 0.451389 0.751563 0.445833 0.753906 0.447222 0.753906 0.443056 0.751563 0.445833 0.738281 0.451389 0.737500 0.444444 0.736719 0.447222 0.735938 0.448611 0.736719 0.454167 0.740625 0.506944 0.733594 0.508333 0.726562 0.509722 0.723437 0.512500 0.720313 0.512500 0.716406 0.515278 0.714844 0.518056 0.711719 0.523611 0.711719 0.525000 0.708594 0.530556 0.706250 0.533333 0.703906 0.533333 0.702344 0.533333 0.701562 0.540278 0.699219 0.537500 0.697656 0.533333 0.692969 0.536111 0.699219 0.537500 0.701562 0.540278 0.700781 0.543056 0.696094 0.541667 0.695312 0.543056 0.693750 0.545833 0.693750 0.547222 0.692187 0.550000 0.691406 0.550000 0.689063 0.552778 0.685937 0.540278 0.686719 0.534722 0.685937 0.530556 0.684375 0.527778 0.683594 0.531944 0.682813 0.529167 0.680469 0.527778 0.678906 0.523611 0.678125 0.526389 0.677344 0.520833 0.678906 0.511111 0.678125 0.506944 0.677344 0.502778 0.675000 0.495833 0.673438 0.484722 0.669531 0.470833 0.669531 0.466667 0.667188 0.458333 0.666406 0.454167 0.664062 0.437500 0.664062 0.429167 0.664844 0.425000 0.666406 0.422222 0.667969 0.420833 0.669531 0.423611 0.671094 0.419444 0.671875 0.416667 0.672656 0.413889 0.673438 0.412500 0.675000 0.411111 0.671875 0.408333 0.668750 0.411111 0.667969 0.413889 0.667969 0.420833 0.666406 0.422222 0.664844 0.420833 0.664062 0.409722 0.664844 0.406944 0.668750 0.400000 0.671094 0.398611 0.673438 0.398611 0.675781 0.395833 0.678125 0.397222 0.680469 0.395833 0.682031 0.394444 0.682813 0.391667 0.687500 0.391667 0.692187 0.387500 0.694531 0.384722 0.694531 0.383333 0.695312 0.377778 0.692187 0.375000 0.692187 0.373611 0.689844 0.370833 0.692187 0.372222 0.693750 0.370833 0.694531 0.373611 0.694531 0.363889 0.693750 0.366667 0.693750 0.370833 0.692187 0.372222 0.690625 0.368056 0.692187 0.368056 0.692969 0.362500 0.697656 0.359722 0.700000 0.358333 0.702344 0.352778 0.703906 0.351389 0.705469 0.351389 0.707031 0.348611 0.707812 0.343056 0.707812 0.331944 0.709375 0.329167 0.708594 0.326389 0.710156 0.326389 0.712500 0.322222 0.711719 0.316667 0.714063 0.315278 0.717187 0.309722 0.718750 0.311111 0.719531 0.313889 0.722656 0.308333 0.724219 0.311111 0.725781 0.304167 0.725000 0.301389 0.728125 0.301389 0.728906 0.298611 0.730469 0.298611 0.731250 0.297222 0.735938 0.295833 0.737500 0.295833 0.738281 0.298611 0.735938 0.305556 0.736719 0.305556 0.737500 0.308333 0.739062 0.305556 0.738281 0.302778 0.735156 0.300000 0.733594 0.300000 0.733594 0.304167 0.736719 0.305556 0.735938 0.305556 0.735156 0.308333 0.733594 0.311111 0.733594 0.305556 0.731250 0.308333 0.733594 0.311111 0.735156 0.308333 0.736719 0.311111 0.735938 0.305556 0.738281 0.298611 0.739844 0.295833 0.739062 0.284722 0.739062 0.283333 0.737500 0.280556 0.735156 0.280556 0.735938 0.273611 0.734375 0.269444 0.730469 0.269444 0.728906 0.269444 0.729688 0.265278 0.730469 0.265278 0.732031 0.259722 0.732812 0.261111 0.733594 0.265278 0.735938 0.259722 0.735938 0.258333 0.738281 0.256944 0.740625 0.255556 0.742188 0.254167 0.739844 0.250000 0.738281 0.248611 0.736719 0.248611 0.734375 0.252778 0.733594 0.255556 0.733594 0.259722 0.732812 0.261111 0.732031 0.259722 0.732812 0.251389 0.733594 0.248611 0.734375 0.245833 0.738281 0.243056 0.741406 0.243056 0.742969 0.245833 0.742969 0.251389 0.744531 0.252778 0.746094 0.254167 0.749219 0.255556 0.751563 0.254167 0.751563 0.256944 0.756250 0.259722 0.758594 0.259722 0.758594 0.254167 0.757812 0.256944 0.756250 0.252778 0.755469 0.252778 0.754687 0.248611 0.756250 0.244444 0.758594 0.244444 0.760156 0.241667 0.762500 0.241667 0.764844 0.243056 0.764844 0.244444 0.766406 0.247222 0.765625 0.247222 0.764062 0.245833 0.761719 0.248611 0.760938 0.251389 0.760938 0.256944 0.766406 0.259722 0.767188 0.250000 0.765625 0.247222 0.766406 0.247222 0.767188 0.247222 0.768750 0.250000 0.768750 0.252778 0.768750 0.261111 0.770312 0.262500 0.771875 0.266667 0.771875 0.270833 0.773438 0.270833 0.771875 0.272222 0.774219 0.273611 0.775781 0.276389 0.774219 0.279167 0.778906 0.287500 0.783594 0.291667 0.787500 0.297222 0.785937 0.300000 0.785937 0.300000 0.785156 0.295833 0.784375 0.293056 0.782031 0.295833 0.784375 0.300000 0.785937 0.300000 0.785937 0.300000 0.786719 0.302778 0.789062 0.300000 0.789844 0.302778 0.786719 0.304167 0.790625 0.305556 0.792188 0.302778 0.793750 0.302778 0.795312 0.302778 0.796875 0.308333 0.795312 0.309722 0.796094 0.315278 0.798438 0.316667 0.800000 0.318056 0.800781 0.322222 0.802344 0.326389 0.803906 0.313889 0.799219 0.311111 0.796875 0.308333 0.795312 0.302778 0.798438 0.302778 0.801562 0.305556 0.803125 0.305556 0.804688 0.308333 0.806250 0.311111 0.808594 0.308333 0.806250 0.305556 0.804688 0.308333 0.803125 0.305556 0.804688 0.302778 0.804688 0.297222 0.805469 0.294444 0.807813 0.293056 0.810156 0.288889 0.811719 0.290278 0.812500 0.301389 0.813281 0.305556 0.814063 0.308333 0.815625 0.311111 0.816406 0.300000 0.817187 0.295833 0.818750 0.293056 0.818750 0.290278 0.815625 0.290278 0.816406 0.287500 0.818750 0.283333 0.819531 0.280556 0.820312 0.277778 0.820312 0.268056 0.821875 0.261111 0.826562 0.261111 0.826562 0.263889 0.824219 0.266667 0.822656 0.269444 0.823438 0.276389 0.825000 0.275000 0.826562 0.272222 0.828125 0.273611 0.829688 0.265278 0.826562 0.263889 0.826562 0.261111 0.828906 0.256944 0.830469 0.259722 0.832812 0.259722 0.833594 0.255556 0.837500 0.254167 0.842969 0.262500 0.844531 0.261111 0.847656 0.261111 0.849219 0.259722 0.850781 0.255556 0.851562 0.261111 0.854688 0.259722 0.857031 0.259722 0.858594 0.256944 0.860156 0.256944 0.861719 0.255556 0.862500 0.254167 0.863281 0.251389 0.859375 0.250000 0.858594 0.252778 0.857812 0.250000 0.859375 0.245833 0.860156 0.238889 0.864062 0.237500 0.865625 0.236111 0.866406 0.234722 0.867188 0.231944 0.865625 0.227778 0.865625 0.223611 0.867188 0.216667 0.867969 0.213889 0.869531 0.211111 0.873437 0.208333 0.875000 0.205556 0.875000 0.204167 0.877344 0.205556 0.878125 0.204167 0.879687 0.202778 0.877344 0.201389 0.876563 0.202778 0.875000 0.204167 0.875000 0.205556 0.872656 0.205556 0.874219 0.202778 0.874219 0.201389 0.875781 0.198611 0.880469 0.198611
21 0.980469 0.180556 0.980469 0.181944 0.982031 0.184722 0.985938 0.184722 0.991406 0.190278 0.994531 0.193056 0.994531 0.194444 0.992969 0.191667 0.991406 0.193056 0.992969 0.195833 0.994531 0.194444 0.994531 0.193056 0.996875 0.193056 0.997656 0.194444 0.999219 0.194444 0.997656 0.195833 0.996875 0.194444 0.993750 0.195833 0.995313 0.198611 0.995313 0.201389 0.993750 0.202778 0.990625 0.200000 0.989062 0.200000 0.987500 0.201389 0.985938 0.205556 0.984375 0.211111 0.983594 0.222222 0.983594 0.226389 0.985156 0.229167 0.986719 0.229167 0.988281 0.226389 0.989062 0.226389 0.990625 0.218056 0.991406 0.213889 0.992969 0.212500 0.999219 0.213889 0.999219 0.556944 0.993750 0.556944 0.989844 0.559722 0.985156 0.559722 0.984375 0.555556 0.983594 0.548611 0.980469 0.550000 0.978906 0.552778 0.977344 0.551389 0.975000 0.552778 0.973437 0.555556 0.975781 0.558333 0.973437 0.558333 0.970313 0.563889 0.969531 0.559722 0.967187 0.558333 0.967187 0.534722 0.968750 0.536111 0.969531 0.540278 0.971875 0.541667 0.972656 0.513889 0.972656 0.504167 0.971094 0.498611 0.970313 0.506944 0.969531 0.504167 0.968750 0.502778 0.968750 0.495833 0.969531 0.494444 0.969531 0.487500 0.968750 0.476389 0.970313 0.465278 0.970313 0.447222 0.972656 0.441667 0.971875 0.434722 0.971875 0.431944 0.973437 0.427778 0.974219 0.422222 0.974219 0.416667 0.975781 0.411111 0.975781 0.400000 0.974219 0.397222 0.974219 0.390278 0.974219 0.379167 0.974219 0.376389 0.975781 0.362500 0.975781 0.343056 0.974219 0.338889 0.974219 0.336111 0.975781 0.330556 0.975781 0.326389 0.975000 0.325000 0.975000 0.320833 0.977344 0.316667 0.976562 0.311111 0.976562 0.306944 0.976562 0.301389 0.977344 0.276389 0.975781 0.245833 0.975781 0.222222 0.976562 0.206944 0.977344 0.197222 0.978125 0.195833 0.978125 0.193056 0.979688 0.191667 0.979688 0.186111 0.982031 0.184722 0.978906 0.179167 0.980469 0.180556
21 0.935937 0.152778 0.934375 0.155556 0.932031 0.158333 0.929688 0.161111 0.925781 0.162500 0.924219 0.165278 0.920312 0.166667 0.918750 0.168056 0.917188 0.170833 0.913281 0.173611 0.913281 0.180556 0.914062 0.186111 0.914844 0.190278 0.915625 0.194444 0.917188 0.198611 0.917969 0.202778 0.918750 0.206944 0.919531 0.216667 0.922656 0.230556 0.925000 0.244444 0.925781 0.250000 0.925781 0.255556 0.926562 0.261111 0.927344 0.266667 0.928125 0.268056 0.928125 0.270833 0.929688 0.272222 0.929688 0.277778 0.931250 0.280556 0.931250 0.287500 0.932031 0.291667 0.932813 0.294444 0.934375 0.297222 0.937500 0.294444 0.938281 0.290278 0.938281 0.275000 0.939844 0.261111 0.939063 0.243056 0.939063 0.231944 0.939844 0.205556 0.941406 0.183333 0.941406 0.168056 0.940625 0.165278 0.937500 0.162500 0.933594 0.156944 0.935937 0.152778
21 0.146094 0.125000 0.142969 0.127778 0.141406 0.127778 0.141406 0.130556 0.140625 0.131944 0.141406 0.136111 0.146094 0.140278 0.150781 0.140278 0.150781 0.145833 0.153906 0.145833 0.154688 0.143056 0.153906 0.138889 0.150781 0.137500 0.150000 0.133333 0.148438 0.130556 0.147656 0.126389 0.146094 0.125000
21 0.108594 0.000000 0.108594 0.002778 0.109375 0.006944 0.110156 0.011111 0.112500 0.016667 0.114844 0.018056 0.116406 0.019444 0.117188 0.023611 0.117969 0.026389 0.121094 0.031944 0.122656 0.033333 0.125000 0.030556 0.126562 0.031944 0.129688 0.029167 0.132812 0.030556 0.134375 0.031944 0.135156 0.036111 0.136719 0.037500 0.138281 0.037500 0.139844 0.036111 0.141406 0.033333 0.143750 0.033333 0.144531 0.031944 0.146094 0.031944 0.147656 0.033333 0.149219 0.036111 0.152344 0.043056 0.151562 0.051389 0.154688 0.054167 0.156250 0.056944 0.156250 0.058333 0.157031 0.066667 0.157812 0.069444 0.159375 0.072222 0.160938 0.077778 0.160938 0.080556 0.160156 0.083333 0.157812 0.088889 0.157031 0.093056 0.157812 0.097222 0.162500 0.104167 0.163281 0.108333 0.163281 0.055556 0.164062 0.038889 0.164062 0.030556 0.163281 0.006944 0.162500 0.005556 0.162500 0.000000 0.108594 0.000000
22 0.000000 0.572222 0.000000 0.576389 0.005469 0.575000 0.003906 0.573611 0.002344 0.572222 0.000000 0.572222
22 0.011719 0.570833 0.017969 0.572222 0.016406 0.569444 0.011719 0.570833
23 0.971875 0.625000 0.971875 0.629167 0.969531 0.630556 0.969531 0.636111 0.971094 0.636111 0.972656 0.638889 0.969531 0.641667 0.969531 0.656944 0.969531 0.659722 0.971094 0.663889 0.969531 0.666667 0.970313 0.676389 0.969531 0.680556 0.971094 0.683333 0.971094 0.686111 0.975781 0.687500 0.980469 0.687500 0.982031 0.687500 0.984375 0.684722 0.987500 0.684722 0.992969 0.684722 0.989062 0.684722 0.988281 0.683333 0.986719 0.681944 0.990625 0.680556 0.991406 0.679167 0.996875 0.679167 0.997656 0.681944 0.999219 0.680556 0.999219 0.643056 0.993750 0.641667 0.989844 0.644444 0.986719 0.643056 0.982031 0.638889 0.978906 0.637500 0.975000 0.637500 0.972656 0.633333 0.971875 0.629167 0.971875 0.625000
23 0.790625 0.620833 0.790625 0.623611 0.789844 0.626389 0.790625 0.620833
23 0.917969 0.600000 0.917969 0.609722 0.915625 0.613889 0.912500 0.618056 0.910937 0.619444 0.908594 0.616667 0.906250 0.618056 0.904687 0.622222 0.903125 0.622222 0.900000 0.629167 0.898438 0.626389 0.896875 0.633333 0.895312 0.633333 0.895312 0.637500 0.894531 0.638889 0.895312 0.645833 0.899219 0.645833 0.903125 0.648611 0.901563 0.651389 0.907813 0.652778 0.910937 0.651389 0.911719 0.652778 0.913281 0.652778 0.911719 0.651389 0.914844 0.648611 0.911719 0.645833 0.917188 0.645833 0.917188 0.650000 0.919531 0.650000 0.917969 0.627778 0.917969 0.600000
23 0.053125 0.590278 0.050781 0.593056 0.052344 0.595833 0.053906 0.597222 0.057813 0.598611 0.057813 0.595833 0.059375 0.591667 0.057813 0.591667 0.057031 0.593056 0.055469 0.593056 0.053125 0.590278
23 0.901563 0.552778 0.900781 0.556944 0.899219 0.558333 0.897656 0.558333 0.896094 0.561111 0.895312 0.563889 0.896094 0.568056 0.896875 0.570833 0.898438 0.575000 0.902344 0.581944 0.903906 0.583333 0.906250 0.584722 0.910937 0.586111 0.914844 0.584722 0.916406 0.586111 0.917969 0.588889 0.917969 0.590278 0.919531 0.593056 0.919531 0.590278 0.917969 0.588889 0.919531 0.581944 0.917188 0.576389 0.916406 0.580556 0.915625 0.575000 0.911719 0.569444 0.911719 0.566667 0.908594 0.562500 0.906250 0.561111 0.907031 0.559722 0.904687 0.556944 0.906250 0.555556 0.903906 0.554167 0.901563 0.556944 0.901563 0.552778
23 0.830469 0.540278 0.832031 0.543056 0.832031 0.538889 0.830469 0.540278
23 0.697656 0.534722 0.696875 0.536111 0.693750 0.536111 0.699219 0.534722 0.697656 0.534722
23 0.659375 0.529167 0.658594 0.531944 0.653125 0.531944 0.650000 0.533333 0.646094 0.537500 0.642188 0.537500 0.639844 0.534722 0.636719 0.533333 0.634375 0.533333 0.628125 0.533333 0.625781 0.534722 0.624219 0.537500 0.625000 0.540278 0.623437 0.543056 0.621875 0.537500 0.621875 0.547222 0.621094 0.548611 0.621094 0.563889 0.621875 0.579167 0.624219 0.583333 0.626563 0.584722 0.639844 0.584722 0.646875 0.586111 0.650000 0.588889 0.653906 0.587500 0.655469 0.588889 0.657031 0.588889 0.658594 0.586111 0.662500 0.586111 0.663281 0.583333 0.663281 0.580556 0.665625 0.576389 0.664844 0.555556 0.663281 0.548611 0.663281 0.541667 0.662500 0.536111 0.661719 0.531944 0.659375 0.529167
23 0.784375 0.522222 0.785937 0.523611 0.789844 0.525000 0.798438 0.525000 0.803906 0.522222 0.806250 0.523611 0.807813 0.526389 0.810937 0.526389 0.815625 0.530556 0.820312 0.530556 0.822656 0.531944 0.825000 0.533333 0.826562 0.534722 0.827344 0.537500 0.826562 0.544444 0.825781 0.548611 0.824219 0.551389 0.824219 0.559722 0.825781 0.570833 0.825000 0.575000 0.823438 0.575000 0.822656 0.584722 0.821875 0.586111 0.821094 0.587500 0.820312 0.595833 0.821094 0.608333 0.817969 0.612500 0.817187 0.620833 0.814063 0.620833 0.811719 0.625000 0.811719 0.627778 0.810156 0.625000 0.807813 0.623611 0.801562 0.625000 0.797656 0.625000 0.796094 0.623611 0.793750 0.620833 0.792969 0.613889 0.791406 0.611111 0.790625 0.618056 0.791406 0.608333 0.791406 0.605556 0.789062 0.601389 0.787500 0.594444 0.786719 0.591667 0.785937 0.590278 0.782813 0.584722 0.781250 0.584722 0.779687 0.581944 0.776563 0.580556 0.768750 0.579167 0.765625 0.580556 0.764062 0.579167 0.757812 0.580556 0.754687 0.581944 0.753125 0.583333 0.747656 0.588889 0.745313 0.593056 0.742969 0.604167 0.741406 0.606944 0.739844 0.606944 0.736719 0.612500 0.734375 0.612500 0.733594 0.611111 0.730469 0.611111 0.727344 0.609722 0.723437 0.604167 0.721875 0.600000 0.720313 0.602778 0.718750 0.602778 0.717969 0.601389 0.715625 0.601389 0.713281 0.600000 0.710938 0.595833 0.710156 0.593056 0.709375 0.586111 0.707812 0.590278 0.706250 0.587500 0.705469 0.584722 0.703906 0.576389 0.704688 0.575000 0.701562 0.575000 0.698438 0.572222 0.696875 0.569444 0.696094 0.562500 0.696094 0.562500 0.697656 0.563889 0.698438 0.566667 0.700000 0.565278 0.700781 0.562500 0.699219 0.559722 0.696875 0.559722 0.696094 0.562500 0.696094 0.562500 0.693750 0.559722 0.687500 0.561111 0.685156 0.563889 0.681250 0.563889 0.679688 0.562500 0.678125 0.561111 0.678125 0.552778 0.678906 0.525000 0.679688 0.527778 0.680469 0.529167 0.680469 0.543056 0.681250 0.555556 0.682813 0.558333 0.684375 0.559722 0.698438 0.559722 0.700000 0.558333 0.702344 0.554167 0.699219 0.552778 0.698438 0.551389 0.696875 0.551389 0.696094 0.554167 0.694531 0.554167 0.692969 0.552778 0.692969 0.550000 0.694531 0.547222 0.694531 0.545833 0.695312 0.544444 0.696875 0.541667 0.700781 0.544444 0.701562 0.541667 0.702344 0.540278 0.702344 0.534722 0.703125 0.537500 0.703906 0.534722 0.706250 0.534722 0.708594 0.531944 0.711719 0.526389 0.710938 0.531944 0.713281 0.536111 0.717187 0.536111 0.720313 0.531944 0.722656 0.533333 0.726562 0.537500 0.732031 0.537500 0.735156 0.541667 0.736719 0.543056 0.747656 0.543056 0.751563 0.537500 0.755469 0.536111 0.760938 0.537500 0.767188 0.534722 0.778906 0.534722 0.781250 0.533333 0.782813 0.531944 0.782813 0.520833 0.784375 0.522222
24 0.969531 0.681944 0.969531 0.686111 0.971094 0.687500 0.969531 0.681944
24 0.968750 0.641667 0.968750 0.644444 0.967969 0.645833 0.967969 0.650000 0.969531 0.679167 0.969531 0.676389 0.968750 0.666667 0.970313 0.662500 0.968750 0.659722 0.968750 0.656944 0.968750 0.641667
24 0.510938 0.550000 0.512500 0.552778 0.516406 0.559722 0.517969 0.565278 0.521094 0.563889 0.522656 0.562500 0.525000 0.559722 0.527344 0.556944 0.526563 0.554167 0.525000 0.554167 0.524219 0.552778 0.520312 0.552778 0.517969 0.550000 0.510938 0.550000
24 0.505469 0.493056 0.505469 0.495833 0.503906 0.498611 0.506250 0.500000 0.505469 0.493056
24 0.511719 0.483333 0.512500 0.488889 0.510938 0.490278 0.512500 0.493056 0.513281 0.490278 0.513281 0.483333 0.511719 0.483333
24 0.499219 0.476389 0.499219 0.479167 0.497656 0.479167 0.496094 0.477778 0.494531 0.479167 0.494531 0.481944 0.496094 0.481944 0.497656 0.480556 0.500000 0.480556 0.500781 0.477778 0.499219 0.476389
24 0.490625 0.475000 0.492188 0.475000 0.492969 0.476389 0.494531 0.476389 0.492969 0.475000 0.491406 0.473611 0.490625 0.475000
24 0.472656 0.468056 0.484375 0.468056 0.485156 0.469444 0.500000 0.469444 0.500781 0.468056 0.505469 0.468056 0.472656 0.468056
24 0.528906 0.420833 0.528125 0.425000 0.529687 0.427778 0.528906 0.431944 0.529687 0.454167 0.532031 0.455556 0.530469 0.459722 0.532031 0.461111 0.530469 0.465278 0.531250 0.469444 0.530469 0.465278 0.529687 0.473611 0.528906 0.476389 0.525781 0.483333 0.525000 0.480556 0.526563 0.477778 0.526563 0.475000 0.525781 0.473611 0.525000 0.470833 0.524219 0.473611 0.523438 0.475000 0.523438 0.477778 0.525000 0.480556 0.525781 0.483333 0.523438 0.484722 0.519531 0.487500 0.520312 0.490278 0.520312 0.491667 0.522656 0.493056 0.520312 0.495833 0.522656 0.497222 0.522656 0.506944 0.521875 0.509722 0.521094 0.512500 0.519531 0.512500 0.517969 0.515278 0.518750 0.518056 0.514844 0.523611 0.514062 0.527778 0.514062 0.516667 0.511719 0.519444 0.510938 0.511111 0.512500 0.505556 0.510938 0.504167 0.511719 0.495833 0.512500 0.497222 0.513281 0.495833 0.514062 0.516667 0.515625 0.519444 0.517969 0.516667 0.517188 0.513889 0.515625 0.511111 0.516406 0.509722 0.517188 0.497222 0.516406 0.490278 0.514844 0.494444 0.514844 0.488889 0.516406 0.484722 0.516406 0.480556 0.518750 0.475000 0.517969 0.468056 0.517188 0.469444 0.511719 0.469444 0.510938 0.468056 0.514844 0.466667 0.519531 0.465278 0.520312 0.462500 0.520312 0.459722 0.521875 0.456944 0.521875 0.459722 0.521875 0.468056 0.524219 0.454167 0.522656 0.445833 0.523438 0.436111 0.523438 0.433333 0.522656 0.420833 0.522656 0.423611 0.523438 0.425000 0.523438 0.440278 0.525000 0.447222 0.526563 0.445833 0.527344 0.426389 0.525000 0.422222 0.526563 0.420833 0.528125 0.418056 0.528906 0.420833
24 0.267969 0.234722 0.271875 0.236111 0.273438 0.237500 0.273438 0.243056 0.271875 0.244444 0.267188 0.245833 0.262500 0.245833 0.261719 0.244444 0.257031 0.244444 0.254688 0.245833 0.252344 0.247222 0.250781 0.250000 0.251563 0.251389 0.248438 0.251389 0.246875 0.252778 0.244531 0.256944 0.247656 0.256944 0.250000 0.254167 0.251563 0.251389 0.250781 0.250000 0.253125 0.251389 0.256250 0.248611 0.259375 0.247222 0.268750 0.248611 0.269531 0.247222 0.271875 0.247222 0.269531 0.247222 0.268750 0.248611 0.265625 0.248611 0.262500 0.251389 0.260937 0.250000 0.257812 0.251389 0.255469 0.254167 0.252344 0.254167 0.250781 0.255556 0.248438 0.259722 0.249219 0.263889 0.246875 0.261111 0.244531 0.263889 0.240625 0.273611 0.240625 0.276389 0.238281 0.279167 0.238281 0.284722 0.239844 0.283333 0.237500 0.284722 0.235937 0.286111 0.234375 0.287500 0.233594 0.288889 0.232813 0.291667 0.232031 0.294444 0.231250 0.304167 0.230469 0.326389 0.232031 0.329167 0.232031 0.331944 0.230469 0.333333 0.229687 0.338889 0.229687 0.345833 0.230469 0.347222 0.230469 0.354167 0.229687 0.361111 0.228125 0.366667 0.228125 0.370833 0.229687 0.377778 0.230469 0.387500 0.228906 0.388889 0.229687 0.404167 0.230469 0.398611 0.230469 0.404167 0.231250 0.405556 0.231250 0.412500 0.230469 0.413889 0.230469 0.418056 0.229687 0.409722 0.228906 0.420833 0.229687 0.422222 0.228906 0.431944 0.230469 0.455556 0.231250 0.430556 0.230469 0.459722 0.229687 0.465278 0.230469 0.466667 0.230469 0.472222 0.232031 0.473611 0.231250 0.480556 0.229687 0.481944 0.231250 0.484722 0.234375 0.486111 0.235937 0.486111 0.234375 0.486111 0.232813 0.488889 0.232031 0.495833 0.233594 0.500000 0.237500 0.500000 0.238281 0.504167 0.236719 0.501389 0.234375 0.504167 0.235156 0.506944 0.232813 0.506944 0.232031 0.509722 0.234375 0.511111 0.235156 0.506944 0.234375 0.504167 0.235937 0.509722 0.237500 0.509722 0.237500 0.513889 0.235156 0.513889 0.233594 0.516667 0.233594 0.520833 0.235156 0.523611 0.235937 0.523611 0.236719 0.531944 0.235156 0.536111 0.232813 0.537500 0.232813 0.554167 0.232031 0.565278 0.230469 0.568056 0.232031 0.570833 0.233594 0.568056 0.232813 0.570833 0.232031 0.573611 0.231250 0.575000 0.228906 0.576389 0.225000 0.583333 0.225000 0.593056 0.225781 0.581944 0.225781 0.579167 0.225000 0.577778 0.225000 0.573611 0.222656 0.569444 0.225000 0.569444 0.225000 0.575000 0.226562 0.577778 0.227344 0.569444 0.226562 0.568056 0.225781 0.558333 0.225781 0.531944 0.224219 0.509722 0.225000 0.498611 0.223438 0.495833 0.221875 0.495833 0.221875 0.493056 0.221094 0.490278 0.223438 0.490278 0.225000 0.487500 0.225000 0.480556 0.223438 0.479167 0.223438 0.476389 0.224219 0.475000 0.225000 0.469444 0.225000 0.465278 0.222656 0.463889 0.225000 0.458333 0.225781 0.423611 0.225000 0.413889 0.224219 0.418056 0.224219 0.411111 0.222656 0.409722 0.222656 0.405556 0.224219 0.402778 0.224219 0.393056 0.222656 0.390278 0.222656 0.373611 0.224219 0.370833 0.224219 0.363889 0.221875 0.362500 0.221875 0.359722 0.222656 0.356944 0.224219 0.354167 0.224219 0.345833 0.222656 0.343056 0.224219 0.329167 0.224219 0.320833 0.223438 0.301389 0.225000 0.295833 0.225000 0.293056 0.222656 0.288889 0.227344 0.287500 0.225781 0.283333 0.228125 0.277778 0.229687 0.273611 0.230469 0.270833 0.232031 0.270833 0.232813 0.270833 0.233594 0.273611 0.235156 0.270833 0.237500 0.265278 0.236719 0.262500 0.233594 0.268056 0.232813 0.270833 0.232031 0.270833 0.232031 0.266667 0.234375 0.262500 0.236719 0.261111 0.236719 0.261111 0.237500 0.263889 0.240625 0.258333 0.236719 0.261111 0.236719 0.261111 0.237500 0.258333 0.241406 0.251389 0.243750 0.248611 0.245312 0.248611 0.245312 0.245833 0.246875 0.244444 0.249219 0.245833 0.256250 0.238889 0.260156 0.238889 0.264062 0.236111 0.266406 0.234722 0.267969 0.234722
29 0.506250 0.468056 0.503906 0.472222 0.501563 0.477778 0.500781 0.481944 0.503125 0.487500 0.505469 0.491667 0.507031 0.491667 0.509375 0.495833 0.509375 0.493056 0.510938 0.488889 0.510938 0.470833 0.510156 0.468056 0.506250 0.468056
29 0.392188 0.466667 0.388281 0.475000 0.388281 0.477778 0.389062 0.484722 0.389844 0.487500 0.392188 0.493056 0.393750 0.493056 0.394531 0.491667 0.396875 0.490278 0.396875 0.483333 0.396875 0.480556 0.396875 0.473611 0.396094 0.470833 0.395313 0.469444 0.392188 0.466667
25 0.917969 0.687500 0.916406 0.688889 0.916406 0.694444 0.911719 0.694444 0.913281 0.697222 0.912500 0.706944 0.911719 0.712500 0.910937 0.718056 0.907813 0.727778 0.907031 0.737500 0.910156 0.738889 0.907813 0.743056 0.909375 0.743056 0.910156 0.740278 0.911719 0.733333 0.914844 0.727778 0.915625 0.723611 0.915625 0.718056 0.916406 0.712500 0.917969 0.708333 0.917969 0.687500
25 0.783594 0.675000 0.782813 0.677778 0.784375 0.676389 0.783594 0.675000
25 0.782813 0.669444 0.782813 0.672222 0.784375 0.672222 0.784375 0.669444 0.782813 0.669444
25 0.914062 0.645833 0.915625 0.648611 0.914062 0.651389 0.914062 0.654167 0.916406 0.656944 0.917969 0.659722 0.917188 0.662500 0.919531 0.663889 0.919531 0.661111 0.917969 0.656944 0.916406 0.650000 0.916406 0.645833 0.914062 0.645833
25 0.663281 0.620833 0.664844 0.625000 0.664844 0.616667 0.663281 0.620833
25 0.606250 0.595833 0.608594 0.600000 0.607812 0.604167 0.610156 0.601389 0.610156 0.598611 0.607812 0.598611 0.606250 0.595833
25 0.591406 0.594444 0.590625 0.600000 0.589063 0.602778 0.589063 0.606944 0.590625 0.608333 0.594531 0.609722 0.600000 0.609722 0.595313 0.602778 0.592969 0.601389 0.591406 0.598611 0.591406 0.594444
25 0.060156 0.593056 0.058594 0.595833 0.055469 0.598611 0.057031 0.600000 0.060156 0.602778 0.060937 0.600000 0.060937 0.597222 0.060156 0.593056
25 0.709375 0.587500 0.708594 0.590278 0.707812 0.593056 0.707031 0.606944 0.707812 0.620833 0.707812 0.609722 0.708594 0.606944 0.710156 0.604167 0.714063 0.604167 0.713281 0.601389 0.710156 0.595833 0.709375 0.593056 0.709375 0.587500
25 0.664062 0.583333 0.662500 0.587500 0.660156 0.587500 0.658594 0.588889 0.659375 0.598611 0.658594 0.601389 0.663281 0.602778 0.665625 0.605556 0.664844 0.601389 0.665625 0.591667 0.664844 0.587500 0.664062 0.586111 0.664062 0.583333
25 0.604688 0.581944 0.604688 0.588889 0.606250 0.588889 0.607031 0.584722 0.608594 0.588889 0.610156 0.588889 0.610938 0.587500 0.612500 0.587500 0.610938 0.586111 0.610938 0.584722 0.604688 0.581944
25 0.764062 0.580556 0.757812 0.581944 0.754687 0.583333 0.753125 0.584722 0.747656 0.590278 0.746094 0.593056 0.745313 0.595833 0.744531 0.598611 0.743750 0.602778 0.742969 0.606944 0.742188 0.612500 0.739844 0.608333 0.737500 0.613889 0.739844 0.616667 0.742188 0.618056 0.744531 0.622222 0.745313 0.625000 0.745313 0.629167 0.746875 0.630556 0.747656 0.633333 0.746875 0.637500 0.750000 0.644444 0.750781 0.647222 0.751563 0.655556 0.752344 0.659722 0.753125 0.663889 0.753906 0.666667 0.756250 0.669444 0.757031 0.673611 0.762500 0.684722 0.762500 0.687500 0.764062 0.691667 0.765625 0.694444 0.767188 0.695833 0.770312 0.697222 0.777344 0.697222 0.778906 0.695833 0.778906 0.693056 0.780469 0.688889 0.778906 0.687500 0.781250 0.686111 0.781250 0.663889 0.782031 0.655556 0.784375 0.651389 0.786719 0.651389 0.789062 0.648611 0.789844 0.643056 0.787500 0.640278 0.789062 0.637500 0.789844 0.633333 0.788281 0.630556 0.789062 0.625000 0.790625 0.619444 0.790625 0.627778 0.792188 0.627778 0.792969 0.626389 0.796094 0.626389 0.794531 0.622222 0.793750 0.622222 0.791406 0.612500 0.790625 0.619444 0.790625 0.608333 0.790625 0.605556 0.788281 0.601389 0.785937 0.591667 0.784375 0.588889 0.782813 0.586111 0.781250 0.586111 0.779687 0.583333 0.774219 0.583333 0.768750 0.580556 0.765625 0.581944 0.764062 0.580556
25 0.589063 0.576389 0.591406 0.581944 0.591406 0.588889 0.591406 0.580556 0.592969 0.576389 0.589063 0.576389
25 0.983594 0.550000 0.980469 0.551389 0.978906 0.554167 0.977344 0.552778 0.974219 0.555556 0.976562 0.558333 0.973437 0.559722 0.971094 0.563889 0.972656 0.562500 0.975000 0.562500 0.976562 0.559722 0.984375 0.559722 0.983594 0.550000
25 0.246094 0.543056 0.245312 0.544444 0.242969 0.544444 0.239844 0.547222 0.233594 0.548611 0.235156 0.547222 0.236719 0.548611 0.242969 0.545833 0.243750 0.544444 0.246094 0.544444 0.247656 0.543056 0.246094 0.543056
25 0.513281 0.537500 0.511719 0.538889 0.515625 0.537500 0.513281 0.537500
25 0.570312 0.529167 0.570312 0.533333 0.568750 0.537500 0.571094 0.537500 0.571875 0.538889 0.573438 0.538889 0.575000 0.538889 0.573438 0.538889 0.571094 0.537500 0.570312 0.534722 0.570312 0.529167
25 0.482031 0.529167 0.479687 0.530556 0.483594 0.530556 0.482031 0.529167
25 0.681250 0.527778 0.681250 0.543056 0.682813 0.556944 0.684375 0.558333 0.698438 0.558333 0.700000 0.556944 0.701562 0.554167 0.699219 0.554167 0.698438 0.552778 0.696875 0.552778 0.696094 0.555556 0.694531 0.555556 0.692187 0.551389 0.688281 0.552778 0.688281 0.550000 0.685156 0.540278 0.685937 0.534722 0.685156 0.533333 0.684375 0.530556 0.682031 0.531944 0.681250 0.527778
25 0.535937 0.525000 0.536719 0.527778 0.536719 0.534722 0.537500 0.531944 0.539062 0.530556 0.541406 0.531944 0.540625 0.527778 0.541406 0.525000 0.539062 0.525000 0.537500 0.527778 0.535937 0.525000
25 0.555469 0.522222 0.552344 0.525000 0.552344 0.526389 0.550781 0.527778 0.549219 0.525000 0.549219 0.531944 0.552344 0.530556 0.555469 0.533333 0.557813 0.533333 0.558594 0.537500 0.560937 0.537500 0.557813 0.531944 0.557031 0.525000 0.555469 0.522222
25 0.525000 0.523611 0.525781 0.526389 0.526563 0.529167 0.528125 0.529167 0.529687 0.531944 0.531250 0.531944 0.532031 0.527778 0.533594 0.531944 0.534375 0.523611 0.527344 0.522222 0.525000 0.523611
25 0.517188 0.522222 0.519531 0.523611 0.518750 0.526389 0.520312 0.526389 0.519531 0.520833 0.517188 0.522222
25 0.275781 0.516667 0.278125 0.516667 0.280469 0.518056 0.282031 0.519444 0.280469 0.516667 0.275781 0.516667
25 0.220312 0.513889 0.220312 0.518056 0.221875 0.518056 0.224219 0.520833 0.224219 0.516667 0.222656 0.513889 0.220312 0.513889
25 0.657031 0.501389 0.657031 0.504167 0.657813 0.505556 0.658594 0.512500 0.657813 0.509722 0.657813 0.505556 0.657031 0.504167 0.657031 0.501389
25 0.601562 0.497222 0.601562 0.525000 0.603125 0.545833 0.602344 0.552778 0.603125 0.565278 0.603906 0.566667 0.603906 0.569444 0.603906 0.566667 0.604688 0.563889 0.603125 0.555556 0.603125 0.543056 0.603125 0.525000 0.603125 0.520833 0.603906 0.519444 0.603906 0.513889 0.602344 0.509722 0.603125 0.502778 0.601562 0.500000 0.601562 0.497222
25 0.339844 0.494444 0.338281 0.495833 0.336719 0.497222 0.334375 0.500000 0.332813 0.502778 0.332031 0.505556 0.332031 0.513889 0.334375 0.513889 0.335156 0.505556 0.333594 0.502778 0.335156 0.500000 0.335938 0.498611 0.338281 0.497222 0.339844 0.495833 0.341406 0.494444 0.339844 0.494444
25 0.570312 0.484722 0.571094 0.487500 0.573438 0.487500 0.571875 0.486111 0.570312 0.484722
25 0.380469 0.477778 0.375000 0.479167 0.371094 0.481944 0.371094 0.483333 0.369531 0.486111 0.368750 0.493056 0.366406 0.493056 0.366406 0.511111 0.364844 0.513889 0.363281 0.493056 0.363281 0.497222 0.361719 0.500000 0.361719 0.502778 0.362500 0.505556 0.360938 0.511111 0.362500 0.515278 0.361719 0.519444 0.360156 0.519444 0.360938 0.523611 0.363281 0.525000 0.364063 0.527778 0.363281 0.530556 0.363281 0.533333 0.364844 0.534722 0.367188 0.534722 0.367188 0.540278 0.369531 0.541667 0.371094 0.544444 0.371875 0.548611 0.373437 0.547222 0.375000 0.547222 0.375781 0.550000 0.374219 0.552778 0.375781 0.555556 0.378125 0.551389 0.382031 0.543056 0.384375 0.540278 0.389062 0.536111 0.392969 0.536111 0.396094 0.534722 0.400000 0.529167 0.395313 0.522222 0.395313 0.520833 0.394531 0.515278 0.395313 0.512500 0.396875 0.511111 0.397656 0.508333 0.396094 0.505556 0.394531 0.501389 0.392969 0.501389 0.392188 0.494444 0.391406 0.491667 0.389062 0.487500 0.388281 0.483333 0.384375 0.479167 0.380469 0.477778
25 0.525000 0.472222 0.524219 0.475000 0.525000 0.479167 0.525781 0.475000 0.525000 0.472222
25 0.367188 0.450000 0.366406 0.451389 0.367969 0.452778 0.365625 0.456944 0.363281 0.458333 0.361719 0.461111 0.360938 0.468056 0.359375 0.470833 0.356250 0.473611 0.353906 0.477778 0.353906 0.479167 0.350000 0.486111 0.352344 0.481944 0.354687 0.480556 0.358594 0.472222 0.365625 0.466667 0.366406 0.463889 0.367969 0.465278 0.368750 0.459722 0.367969 0.458333 0.367969 0.452778 0.367188 0.450000
25 0.737500 0.445833 0.736719 0.448611 0.736719 0.452778 0.737500 0.445833
25 0.645312 0.445833 0.646094 0.448611 0.646875 0.451389 0.646875 0.454167 0.647656 0.456944 0.649219 0.459722 0.649219 0.462500 0.649219 0.456944 0.648438 0.451389 0.645312 0.445833
25 0.575781 0.444444 0.573438 0.445833 0.571875 0.447222 0.570312 0.450000 0.569531 0.450000 0.568750 0.451389 0.567969 0.454167 0.569531 0.452778 0.571875 0.451389 0.575781 0.444444
25 0.592969 0.436111 0.593750 0.438889 0.593750 0.441667 0.592969 0.443056 0.592969 0.445833 0.592969 0.443056 0.593750 0.441667 0.592969 0.436111
25 0.459375 0.422222 0.460938 0.425000 0.460938 0.426389 0.464844 0.433333 0.464844 0.437500 0.464062 0.451389 0.464062 0.447222 0.464844 0.445833 0.465625 0.440278 0.465625 0.431944 0.464062 0.427778 0.461719 0.425000 0.460938 0.425000 0.459375 0.422222
25 0.607031 0.419444 0.605469 0.422222 0.604688 0.426389 0.604688 0.433333 0.605469 0.430556 0.606250 0.427778 0.607031 0.419444
25 0.671875 0.409722 0.669531 0.411111 0.668750 0.413889 0.668750 0.423611 0.670312 0.422222 0.671875 0.413889 0.674219 0.411111 0.671875 0.409722
25 0.444531 0.381944 0.444531 0.384722 0.446094 0.387500 0.446875 0.387500 0.449219 0.391667 0.449219 0.398611 0.448437 0.401389 0.449219 0.398611 0.450781 0.391667 0.448437 0.390278 0.446094 0.386111 0.446094 0.384722 0.444531 0.381944
25 0.857031 0.358333 0.859375 0.359722 0.860938 0.361111 0.859375 0.359722 0.858594 0.358333 0.857031 0.358333
25 0.220312 0.334722 0.221094 0.336111 0.221094 0.344444 0.222656 0.344444 0.223438 0.354167 0.221875 0.356944 0.221094 0.359722 0.221094 0.362500 0.223438 0.363889 0.223438 0.370833 0.221875 0.373611 0.221875 0.390278 0.223438 0.393056 0.223438 0.402778 0.221875 0.405556 0.221875 0.409722 0.223438 0.411111 0.224219 0.419444 0.225000 0.415278 0.225000 0.423611 0.224219 0.425000 0.223438 0.456944 0.223438 0.461111 0.222656 0.461111 0.224219 0.465278 0.224219 0.469444 0.223438 0.475000 0.222656 0.476389 0.222656 0.479167 0.224219 0.480556 0.224219 0.487500 0.221094 0.488889 0.221094 0.493056 0.221094 0.495833 0.224219 0.498611 0.223438 0.502778 0.221875 0.504167 0.218750 0.505556 0.213281 0.505556 0.212500 0.509722 0.210938 0.509722 0.208594 0.511111 0.203125 0.511111 0.201563 0.512500 0.200781 0.518056 0.200781 0.515278 0.199219 0.512500 0.197656 0.511111 0.196094 0.511111 0.194531 0.513889 0.193750 0.516667 0.192188 0.515278 0.189844 0.511111 0.185938 0.516667 0.185938 0.520833 0.184375 0.523611 0.186719 0.525000 0.189062 0.520833 0.189062 0.518056 0.192188 0.515278 0.193750 0.516667 0.195312 0.519444 0.200000 0.525000 0.201563 0.525000 0.202344 0.523611 0.204687 0.523611 0.205469 0.518056 0.209375 0.516667 0.210156 0.519444 0.207813 0.519444 0.206250 0.520833 0.204687 0.523611 0.204687 0.527778 0.203906 0.529167 0.203906 0.531944 0.206250 0.537500 0.204687 0.538889 0.203125 0.537500 0.200781 0.534722 0.199219 0.531944 0.198437 0.527778 0.196875 0.525000 0.195312 0.523611 0.193750 0.523611 0.192969 0.525000 0.191406 0.526389 0.194531 0.527778 0.194531 0.531944 0.192188 0.534722 0.191406 0.534722 0.190625 0.538889 0.191406 0.540278 0.191406 0.543056 0.187500 0.538889 0.185156 0.537500 0.180469 0.540278 0.179688 0.543056 0.181250 0.545833 0.183594 0.547222 0.187500 0.547222 0.184375 0.547222 0.183594 0.548611 0.173437 0.548611 0.167187 0.550000 0.165625 0.551389 0.163281 0.556944 0.161719 0.552778 0.160938 0.552778 0.159375 0.550000 0.157031 0.548611 0.153906 0.547222 0.146875 0.545833 0.137500 0.545833 0.136719 0.547222 0.126562 0.547222 0.122656 0.550000 0.116406 0.551389 0.100000 0.551389 0.088281 0.555556 0.080469 0.555556 0.075000 0.556944 0.073438 0.558333 0.069531 0.562500 0.065625 0.568056 0.061719 0.575000 0.060937 0.577778 0.060937 0.581944 0.059375 0.584722 0.057813 0.586111 0.058594 0.590278 0.057031 0.591667 0.055469 0.591667 0.053125 0.588889 0.051562 0.591667 0.050000 0.593056 0.051562 0.595833 0.050000 0.593056 0.049219 0.593056 0.046875 0.588889 0.041406 0.583333 0.039844 0.581944 0.038281 0.581944 0.036719 0.579167 0.035156 0.577778 0.032813 0.576389 0.023438 0.572222 0.020313 0.572222 0.018750 0.572222 0.016406 0.568056 0.010937 0.570833 0.012500 0.573611 0.014844 0.573611 0.008594 0.575000 0.006250 0.575000 0.002344 0.570833 0.000000 0.570833 0.000000 0.543056 0.006250 0.543056 0.009375 0.540278 0.014063 0.530556 0.016406 0.527778 0.017969 0.526389 0.019531 0.525000 0.026562 0.523611 0.028906 0.520833 0.035156 0.519444 0.036719 0.519444 0.042188 0.520833 0.043750 0.518056 0.045312 0.518056 0.047656 0.515278 0.050000 0.511111 0.051562 0.506944 0.052344 0.504167 0.053125 0.500000 0.052344 0.495833 0.054688 0.491667 0.054688 0.488889 0.056250 0.486111 0.056250 0.479167 0.056250 0.476389 0.057813 0.475000 0.057031 0.472222 0.059375 0.470833 0.061719 0.466667 0.063281 0.466667 0.064062 0.458333 0.065625 0.458333 0.066406 0.462500 0.068750 0.459722 0.071094 0.461111 0.071875 0.463889 0.074219 0.463889 0.076563 0.465278 0.079687 0.468056 0.079687 0.469444 0.083594 0.472222 0.087500 0.476389 0.089844 0.477778 0.093750 0.479167 0.097656 0.480556 0.100781 0.473611 0.103906 0.473611 0.106250 0.472222 0.107813 0.469444 0.110156 0.469444 0.111719 0.468056 0.112500 0.466667 0.112500 0.465278 0.114062 0.462500 0.115625 0.462500 0.117188 0.459722 0.118750 0.459722 0.119531 0.456944 0.120313 0.452778 0.120313 0.445833 0.118750 0.443056 0.117969 0.438889 0.117188 0.434722 0.116406 0.429167 0.116406 0.425000 0.117969 0.418056 0.120313 0.412500 0.121094 0.411111 0.121875 0.411111 0.123438 0.408333 0.125781 0.406944 0.128906 0.400000 0.131250 0.394444 0.132031 0.386111 0.133594 0.379167 0.137500 0.384722 0.141406 0.383333 0.144531 0.386111 0.146094 0.386111 0.155469 0.386111 0.159375 0.384722 0.160938 0.383333 0.164844 0.376389 0.163281 0.372222 0.165625 0.369444 0.167187 0.363889 0.168750 0.361111 0.170313 0.359722 0.171875 0.358333 0.173437 0.361111 0.175781 0.362500 0.178125 0.362500 0.179688 0.363889 0.182812 0.368056 0.185938 0.369444 0.187500 0.372222 0.188281 0.377778 0.189062 0.384722 0.190625 0.380556 0.192188 0.383333 0.192188 0.384722 0.193750 0.387500 0.194531 0.391667 0.196094 0.391667 0.194531 0.391667 0.194531 0.394444 0.195312 0.398611 0.197656 0.402778 0.200781 0.406944 0.202344 0.406944 0.202344 0.409722 0.205469 0.409722 0.204687 0.408333 0.207813 0.405556 0.206250 0.402778 0.203906 0.402778 0.202344 0.400000 0.202344 0.395833 0.200000 0.394444 0.199219 0.393056 0.197656 0.393056 0.200781 0.391667 0.204687 0.395833 0.206250 0.395833 0.209375 0.393056 0.209375 0.391667 0.212500 0.387500 0.213281 0.386111 0.214844 0.387500 0.214062 0.391667 0.210938 0.397222 0.214844 0.400000 0.215625 0.404167 0.217188 0.401389 0.217969 0.397222 0.217188 0.387500 0.214844 0.387500 0.213281 0.386111 0.214844 0.383333 0.214844 0.377778 0.215625 0.375000 0.217188 0.373611 0.219531 0.363889 0.217969 0.351389 0.219531 0.345833 0.218750 0.340278 0.219531 0.334722 0.220312 0.333333 0.220312 0.329167 0.220312 0.334722
25 0.158594 0.327778 0.160156 0.329167 0.161719 0.329167 0.160156 0.327778 0.158594 0.327778
25 0.862500 0.323611 0.860938 0.325000 0.859375 0.327778 0.862500 0.327778 0.860938 0.333333 0.862500 0.331944 0.864062 0.331944 0.862500 0.329167 0.862500 0.323611
25 0.223438 0.319444 0.222656 0.325000 0.222656 0.322222 0.223438 0.319444
25 0.274219 0.318056 0.276562 0.320833 0.278906 0.325000 0.280469 0.325000 0.282813 0.327778 0.285938 0.333333 0.286719 0.330556 0.288281 0.333333 0.296094 0.347222 0.299219 0.352778 0.298438 0.358333 0.300000 0.363889 0.300781 0.358333 0.300781 0.361111 0.301563 0.363889 0.302344 0.366667 0.303906 0.370833 0.305469 0.373611 0.307031 0.373611 0.308594 0.376389 0.311719 0.377778 0.314844 0.376389 0.317188 0.373611 0.321875 0.375000 0.324219 0.373611 0.326562 0.370833 0.330469 0.369444 0.335938 0.370833 0.336719 0.373611 0.339062 0.372222 0.341406 0.373611 0.344531 0.377778 0.343750 0.379167 0.346094 0.383333 0.347656 0.384722 0.349219 0.383333 0.347656 0.380556 0.349219 0.383333 0.350781 0.384722 0.348438 0.384722 0.350000 0.387500 0.351562 0.388889 0.353906 0.387500 0.354687 0.395833 0.355469 0.397222 0.356250 0.400000 0.357031 0.397222 0.358594 0.400000 0.362500 0.408333 0.360156 0.404167 0.358594 0.405556 0.360938 0.409722 0.361719 0.413889 0.364063 0.418056 0.364844 0.427778 0.365625 0.422222 0.365625 0.426389 0.366406 0.427778 0.367188 0.433333 0.367188 0.444444 0.367188 0.438889 0.366406 0.437500 0.365625 0.430556 0.365625 0.443056 0.365625 0.447222 0.364844 0.450000 0.361719 0.455556 0.360938 0.455556 0.357812 0.461111 0.357812 0.463889 0.357031 0.466667 0.356250 0.468056 0.354687 0.469444 0.353125 0.470833 0.350000 0.470833 0.347656 0.472222 0.346875 0.475000 0.344531 0.475000 0.344531 0.480556 0.342969 0.480556 0.341406 0.483333 0.339062 0.483333 0.337500 0.484722 0.335156 0.488889 0.334375 0.493056 0.333594 0.495833 0.332813 0.497222 0.332031 0.497222 0.330469 0.500000 0.329688 0.500000 0.328125 0.505556 0.327344 0.513889 0.326562 0.523611 0.327344 0.530556 0.325781 0.534722 0.322656 0.531944 0.320312 0.531944 0.318750 0.533333 0.318750 0.537500 0.321875 0.536111 0.324219 0.538889 0.325781 0.538889 0.326562 0.537500 0.328125 0.537500 0.328125 0.541667 0.328125 0.545833 0.325781 0.544444 0.322656 0.545833 0.314844 0.537500 0.313281 0.537500 0.305469 0.537500 0.303125 0.533333 0.297656 0.533333 0.294531 0.536111 0.288281 0.536111 0.285938 0.534722 0.284375 0.533333 0.282031 0.530556 0.283594 0.529167 0.285938 0.527778 0.288281 0.525000 0.286719 0.519444 0.289844 0.515278 0.286719 0.512500 0.282031 0.512500 0.272656 0.509722 0.271875 0.508333 0.268750 0.508333 0.267969 0.511111 0.266406 0.506944 0.264844 0.508333 0.257812 0.505556 0.257812 0.504167 0.264844 0.505556 0.263281 0.502778 0.259375 0.501389 0.257812 0.504167 0.257812 0.505556 0.256250 0.511111 0.256250 0.525000 0.259375 0.530556 0.261719 0.529167 0.261719 0.533333 0.259375 0.530556 0.257812 0.536111 0.256250 0.538889 0.253906 0.540278 0.251563 0.541667 0.246875 0.540278 0.245312 0.537500 0.242188 0.530556 0.240625 0.529167 0.237500 0.530556 0.237500 0.525000 0.235156 0.522222 0.235156 0.515278 0.235937 0.515278 0.237500 0.512500 0.236719 0.508333 0.235156 0.505556 0.234375 0.509722 0.232813 0.509722 0.233594 0.506944 0.235156 0.504167 0.238281 0.505556 0.238281 0.501389 0.238281 0.500000 0.233594 0.498611 0.234375 0.493056 0.236719 0.486111 0.234375 0.484722 0.232813 0.483333 0.230469 0.481944 0.232031 0.479167 0.232813 0.473611 0.231250 0.466667 0.230469 0.465278 0.230469 0.461111 0.232031 0.459722 0.232813 0.434722 0.232031 0.431944 0.231250 0.429167 0.230469 0.454167 0.229687 0.431944 0.230469 0.422222 0.229687 0.420833 0.229687 0.411111 0.230469 0.419444 0.232031 0.412500 0.232031 0.405556 0.230469 0.397222 0.229687 0.402778 0.229687 0.388889 0.231250 0.387500 0.230469 0.377778 0.228906 0.370833 0.228906 0.366667 0.230469 0.361111 0.231250 0.354167 0.231250 0.347222 0.230469 0.345833 0.230469 0.338889 0.231250 0.337500 0.231250 0.333333 0.232813 0.331944 0.233594 0.327778 0.235156 0.326389 0.238281 0.326389 0.240625 0.325000 0.242188 0.322222 0.259375 0.323611 0.262500 0.320833 0.267969 0.320833 0.272656 0.318056 0.274219 0.318056
25 0.455469 0.316667 0.453906 0.318056 0.452344 0.320833 0.451562 0.329167 0.452344 0.333333 0.453906 0.336111 0.451562 0.340278 0.450781 0.347222 0.450000 0.350000 0.445312 0.358333 0.446875 0.356944 0.452344 0.352778 0.452344 0.344444 0.454688 0.336111 0.456250 0.331944 0.452344 0.325000 0.453125 0.320833 0.455469 0.322222 0.456250 0.320833 0.457813 0.319444 0.453125 0.320833 0.455469 0.316667
25 0.271875 0.312500 0.274219 0.313889 0.276562 0.318056 0.274219 0.313889 0.273438 0.313889 0.271875 0.312500
25 0.878125 0.311111 0.876563 0.312500 0.875000 0.313889 0.878125 0.313889 0.878906 0.312500 0.880469 0.312500 0.886719 0.312500 0.884375 0.312500 0.883594 0.313889 0.881250 0.313889 0.880469 0.311111 0.878125 0.311111
25 0.796094 0.309722 0.796875 0.315278 0.800000 0.316667 0.800781 0.318056 0.801562 0.322222 0.802344 0.325000 0.803125 0.313889 0.799219 0.312500 0.797656 0.311111 0.796094 0.309722
25 0.733594 0.306944 0.732031 0.308333 0.733594 0.309722 0.733594 0.306944
25 0.265625 0.306944 0.263281 0.308333 0.259375 0.311111 0.256250 0.311111 0.259375 0.311111 0.260156 0.309722 0.267969 0.309722 0.268750 0.311111 0.270313 0.311111 0.267969 0.308333 0.265625 0.306944
25 0.178125 0.302778 0.175000 0.306944 0.175781 0.316667 0.176563 0.313889 0.178125 0.313889 0.180469 0.309722 0.180469 0.306944 0.179688 0.304167 0.178125 0.302778
25 0.733594 0.302778 0.736719 0.304167 0.737500 0.306944 0.735938 0.306944 0.736719 0.309722 0.738281 0.305556 0.737500 0.302778 0.735938 0.302778 0.735156 0.301389 0.733594 0.302778
25 0.892188 0.300000 0.890625 0.301389 0.889062 0.302778 0.886719 0.305556 0.888281 0.305556 0.889844 0.304167 0.889844 0.306944 0.891406 0.305556 0.893750 0.304167 0.892188 0.300000
25 0.457031 0.294444 0.457031 0.301389 0.456250 0.302778 0.456250 0.313889 0.456250 0.305556 0.457031 0.304167 0.457031 0.294444
25 0.826562 0.265278 0.825000 0.268056 0.824219 0.268056 0.823438 0.275000 0.825000 0.273611 0.826562 0.270833 0.828125 0.272222 0.828906 0.265278 0.826562 0.265278
25 0.171094 0.256944 0.169531 0.259722 0.169531 0.263889 0.171094 0.262500 0.172656 0.259722 0.174219 0.258333 0.183594 0.256944 0.177344 0.258333 0.175781 0.258333 0.171094 0.256944
25 0.736719 0.250000 0.735156 0.252778 0.734375 0.255556 0.734375 0.259722 0.733594 0.261111 0.733594 0.263889 0.735156 0.259722 0.735156 0.258333 0.736719 0.255556 0.738281 0.255556 0.741406 0.254167 0.739844 0.251389 0.738281 0.250000 0.736719 0.250000
25 0.762500 0.248611 0.761719 0.251389 0.761719 0.256944 0.766406 0.258333 0.765625 0.248611 0.764844 0.248611 0.762500 0.248611
25 0.473438 0.240278 0.470313 0.245833 0.470313 0.254167 0.471875 0.259722 0.468750 0.263889 0.466406 0.269444 0.461719 0.272222 0.467187 0.272222 0.471094 0.270833 0.473438 0.269444 0.477344 0.262500 0.476562 0.258333 0.475000 0.258333 0.471875 0.255556 0.470313 0.252778 0.470313 0.245833 0.473438 0.240278
25 0.167187 0.211111 0.167969 0.215278 0.168750 0.211111 0.171094 0.206944 0.171875 0.204167 0.167187 0.211111
25 0.877344 0.202778 0.875781 0.204167 0.877344 0.204167 0.878906 0.202778 0.877344 0.202778
25 0.470313 0.193056 0.468750 0.194444 0.464062 0.202778 0.459375 0.202778 0.455469 0.200000 0.452344 0.201389 0.451562 0.205556 0.449219 0.208333 0.452344 0.206944 0.454688 0.202778 0.458594 0.202778 0.463281 0.205556 0.466406 0.206944 0.467969 0.204167 0.470313 0.195833 0.471875 0.198611 0.474219 0.211111 0.472656 0.213889 0.471875 0.218056 0.473438 0.222222 0.473438 0.218056 0.475000 0.212500 0.475000 0.208333 0.474219 0.202778 0.473438 0.197222 0.472656 0.194444 0.470313 0.193056
25 0.425000 0.181944 0.424219 0.183333 0.421875 0.183333 0.428125 0.186111 0.428906 0.188889 0.429688 0.193056 0.429688 0.187500 0.428125 0.181944 0.425000 0.181944
25 0.171875 0.170833 0.170313 0.173611 0.169531 0.173611 0.166406 0.179167 0.166406 0.186111 0.167187 0.188889 0.169531 0.188889 0.170313 0.190278 0.171875 0.191667 0.170313 0.193056 0.171875 0.191667 0.171094 0.188889 0.167969 0.183333 0.168750 0.180556 0.170313 0.175000 0.171875 0.170833
25 0.403125 0.173611 0.403125 0.169444 0.403906 0.166667 0.403125 0.173611
25 0.406250 0.165278 0.407031 0.168056 0.407813 0.163889 0.406250 0.165278
25 0.173437 0.158333 0.172656 0.159722 0.174219 0.162500 0.173437 0.158333
25 0.165625 0.143056 0.166406 0.147222 0.167187 0.147222 0.168750 0.148611 0.166406 0.145833 0.165625 0.143056
25 0.999219 0.000000 0.999219 0.079167 0.994531 0.079167 0.992969 0.077778 0.989844 0.072222 0.986719 0.070833 0.985156 0.072222 0.984375 0.075000 0.983594 0.079167 0.982812 0.086111 0.982031 0.094444 0.981250 0.104167 0.981250 0.126389 0.978906 0.155556 0.978125 0.170833 0.978906 0.177778 0.978125 0.191667 0.976562 0.197222 0.975781 0.206944 0.975000 0.222222 0.975000 0.245833 0.976562 0.276389 0.975781 0.301389 0.975781 0.306944 0.975781 0.311111 0.976562 0.316667 0.975781 0.319444 0.974219 0.320833 0.974219 0.325000 0.975000 0.326389 0.975000 0.330556 0.973437 0.336111 0.973437 0.338889 0.975000 0.343056 0.975000 0.362500 0.973437 0.376389 0.973437 0.379167 0.973437 0.390278 0.973437 0.397222 0.975000 0.400000 0.974219 0.412500 0.974219 0.415278 0.975000 0.418056 0.974219 0.415278 0.973437 0.422222 0.975000 0.422222 0.973437 0.422222 0.972656 0.427778 0.971094 0.431944 0.971094 0.434722 0.971875 0.441667 0.969531 0.447222 0.969531 0.465278 0.967969 0.476389 0.968750 0.487500 0.968750 0.494444 0.967969 0.495833 0.967969 0.502778 0.968750 0.505556 0.970313 0.508333 0.971094 0.500000 0.971094 0.502778 0.971875 0.504167 0.971875 0.513889 0.971094 0.537500 0.971875 0.538889 0.972656 0.541667 0.970313 0.540278 0.969531 0.536111 0.967969 0.533333 0.967187 0.531944 0.964063 0.530556 0.962500 0.531944 0.961719 0.538889 0.965625 0.536111 0.967187 0.531944 0.967969 0.533333 0.966406 0.558333 0.968750 0.559722 0.969531 0.563889 0.968750 0.568056 0.967187 0.565278 0.967187 0.609722 0.967969 0.604167 0.967969 0.616667 0.970313 0.619444 0.970313 0.630556 0.968750 0.630556 0.967969 0.626389 0.967969 0.636111 0.969531 0.637500 0.971094 0.637500 0.968750 0.640278 0.967187 0.645833 0.967187 0.650000 0.967969 0.679167 0.968750 0.686111 0.970313 0.687500 0.970313 0.691667 0.971094 0.694444 0.969531 0.690278 0.968750 0.694444 0.969531 0.708333 0.971094 0.719444 0.974219 0.723611 0.975000 0.729167 0.975781 0.725000 0.976562 0.727778 0.977344 0.729167 0.978125 0.733333 0.976562 0.734722 0.975781 0.730556 0.975781 0.740278 0.977344 0.738889 0.978906 0.741667 0.980469 0.741667 0.978906 0.744444 0.982031 0.748611 0.981250 0.751389 0.980469 0.759722 0.979688 0.765278 0.978906 0.768056 0.975781 0.772222 0.974219 0.773611 0.969531 0.773611 0.968750 0.768056 0.967187 0.763889 0.967187 0.761111 0.966406 0.751389 0.960156 0.755556 0.958594 0.756944 0.954688 0.763889 0.953125 0.763889 0.950781 0.768056 0.949219 0.765278 0.945312 0.763889 0.939063 0.765278 0.932031 0.761111 0.928906 0.761111 0.928125 0.762500 0.924219 0.762500 0.922656 0.762500 0.921094 0.759722 0.920312 0.761111 0.917969 0.758333 0.914844 0.752778 0.916406 0.750000 0.914844 0.744444 0.916406 0.744444 0.915625 0.747222 0.918750 0.745833 0.916406 0.744444 0.914844 0.744444 0.919531 0.733333 0.918750 0.730556 0.920312 0.727778 0.921094 0.720833 0.921875 0.665278 0.921094 0.662500 0.921875 0.654167 0.919531 0.644444 0.918750 0.627778 0.919531 0.594444 0.920312 0.590278 0.918750 0.588889 0.920312 0.579167 0.920312 0.563889 0.917969 0.556944 0.917188 0.550000 0.915625 0.547222 0.915625 0.536111 0.914844 0.526389 0.913281 0.516667 0.912500 0.505556 0.910937 0.516667 0.911719 0.520833 0.910937 0.518056 0.910156 0.515278 0.911719 0.512500 0.912500 0.504167 0.912500 0.500000 0.911719 0.484722 0.910156 0.476389 0.910156 0.463889 0.908594 0.458333 0.908594 0.469444 0.908594 0.456944 0.907813 0.451389 0.906250 0.447222 0.907031 0.450000 0.907813 0.430556 0.907031 0.402778 0.905469 0.386111 0.905469 0.363889 0.904687 0.358333 0.903906 0.355556 0.902344 0.351389 0.900781 0.354167 0.900781 0.355556 0.899219 0.361111 0.897656 0.358333 0.899219 0.355556 0.898438 0.350000 0.895312 0.348611 0.894531 0.354167 0.893750 0.356944 0.891406 0.355556 0.889062 0.351389 0.885156 0.356944 0.884375 0.361111 0.883594 0.358333 0.882031 0.355556 0.879687 0.355556 0.878125 0.356944 0.876563 0.359722 0.875781 0.363889 0.874219 0.362500 0.872656 0.359722 0.869531 0.358333 0.863281 0.358333 0.861719 0.356944 0.860938 0.352778 0.860938 0.347222 0.864844 0.345833 0.866406 0.343056 0.867188 0.337500 0.866406 0.329167 0.867188 0.320833 0.867969 0.319444 0.868750 0.316667 0.871094 0.318056 0.875000 0.322222 0.876563 0.320833 0.876563 0.320833 0.876563 0.326389 0.878125 0.323611 0.876563 0.320833 0.876563 0.320833 0.884375 0.322222 0.885156 0.319444 0.887500 0.319444 0.888281 0.322222 0.889844 0.320833 0.889062 0.318056 0.890625 0.316667 0.890625 0.320833 0.892969 0.322222 0.892969 0.318056 0.893750 0.315278 0.892188 0.313889 0.893750 0.313889 0.893750 0.309722 0.895312 0.308333 0.896875 0.309722 0.896875 0.291667 0.897656 0.288889 0.896094 0.281944 0.896094 0.272222 0.895312 0.265278 0.892969 0.254167 0.892969 0.244444 0.890625 0.241667 0.892188 0.240278 0.891406 0.233333 0.918750 0.216667 0.921875 0.230556 0.924219 0.244444 0.925000 0.250000 0.925000 0.255556 0.925781 0.261111 0.926562 0.266667 0.927344 0.270833 0.928906 0.272222 0.928906 0.277778 0.930469 0.280556 0.930469 0.287500 0.931250 0.291667 0.932031 0.294444 0.934375 0.298611 0.936719 0.297222 0.938281 0.294444 0.939063 0.290278 0.939063 0.275000 0.940625 0.261111 0.939844 0.243056 0.939844 0.231944 0.940625 0.205556 0.942187 0.183333 0.942187 0.168056 0.941406 0.165278 0.939844 0.162500 0.938281 0.162500 0.938281 0.158333 0.936719 0.155556 0.934375 0.156944 0.935937 0.155556 0.937500 0.147222 0.935937 0.145833 0.935156 0.143056 0.933594 0.144444 0.932813 0.147222 0.932813 0.151389 0.931250 0.150000 0.929688 0.150000 0.929688 0.144444 0.934375 0.143056 0.931250 0.141667 0.931250 0.138889 0.930469 0.134722 0.929688 0.131944 0.927344 0.127778 0.925781 0.129167 0.924219 0.127778 0.922656 0.126389 0.921875 0.123611 0.920312 0.122222 0.917969 0.122222 0.908594 0.122222 0.903906 0.127778 0.903125 0.131944 0.905469 0.138889 0.906250 0.141667 0.904687 0.143056 0.907031 0.151389 0.907031 0.155556 0.907813 0.159722 0.910156 0.169444 0.912500 0.175000 0.913281 0.186111 0.914062 0.190278 0.914844 0.194444 0.916406 0.198611 0.917188 0.202778 0.917969 0.206944 0.918750 0.216667 0.891406 0.233333 0.890625 0.229167 0.889062 0.225000 0.888281 0.220833 0.887500 0.216667 0.887500 0.211111 0.885938 0.208333 0.885938 0.206944 0.882812 0.205556 0.881250 0.198611 0.875781 0.197222 0.873437 0.201389 0.872656 0.204167 0.874219 0.205556 0.871875 0.208333 0.869531 0.209722 0.867188 0.213889 0.866406 0.216667 0.864844 0.223611 0.864844 0.227778 0.866406 0.231944 0.865625 0.234722 0.864062 0.236111 0.860938 0.236111 0.859375 0.238889 0.858594 0.245833 0.857031 0.250000 0.857031 0.252778 0.859375 0.251389 0.862500 0.251389 0.861719 0.254167 0.860156 0.255556 0.858594 0.255556 0.857031 0.258333 0.854688 0.258333 0.852344 0.261111 0.852344 0.255556 0.850000 0.255556 0.848437 0.259722 0.844531 0.259722 0.837500 0.252778 0.833594 0.254167 0.832812 0.258333 0.830469 0.258333 0.828906 0.255556 0.826562 0.259722 0.821875 0.259722 0.821094 0.263889 0.819531 0.268056 0.819531 0.277778 0.818750 0.280556 0.817969 0.283333 0.815625 0.287500 0.817969 0.290278 0.817969 0.293056 0.816406 0.295833 0.815625 0.300000 0.816406 0.309722 0.814844 0.308333 0.814063 0.305556 0.813281 0.301389 0.813281 0.291667 0.811719 0.288889 0.810156 0.287500 0.807813 0.291667 0.806250 0.291667 0.804688 0.294444 0.803906 0.297222 0.803906 0.302778 0.801562 0.304167 0.798438 0.301389 0.795312 0.301389 0.793750 0.301389 0.792188 0.301389 0.790625 0.304167 0.787500 0.304167 0.789844 0.304167 0.789062 0.298611 0.786719 0.301389 0.784375 0.298611 0.785156 0.293056 0.785156 0.293056 0.784375 0.295833 0.786719 0.295833 0.785156 0.293056 0.785156 0.293056 0.783594 0.290278 0.778906 0.286111 0.775000 0.286111 0.776563 0.276389 0.774219 0.272222 0.772656 0.273611 0.774219 0.270833 0.772656 0.266667 0.771094 0.262500 0.769531 0.261111 0.770312 0.255556 0.769531 0.252778 0.769531 0.250000 0.765625 0.244444 0.765625 0.243056 0.764062 0.240278 0.762500 0.240278 0.760156 0.240278 0.758594 0.243056 0.755469 0.244444 0.755469 0.245833 0.753906 0.248611 0.753906 0.251389 0.756250 0.256944 0.758594 0.255556 0.758594 0.258333 0.756250 0.258333 0.752344 0.256944 0.752344 0.254167 0.746094 0.252778 0.744531 0.251389 0.742969 0.250000 0.741406 0.241667 0.739844 0.243056 0.735156 0.243056 0.733594 0.245833 0.732031 0.251389 0.730469 0.261111 0.728125 0.266667 0.728125 0.269444 0.731250 0.269444 0.734375 0.270833 0.734375 0.280556 0.738281 0.283333 0.737500 0.284722 0.739062 0.286111 0.738281 0.297222 0.737500 0.294444 0.735938 0.294444 0.731250 0.295833 0.728906 0.297222 0.725000 0.300000 0.725000 0.304167 0.724219 0.309722 0.722656 0.306944 0.721875 0.309722 0.719531 0.312500 0.718750 0.309722 0.717187 0.308333 0.714063 0.313889 0.711719 0.315278 0.711719 0.319444 0.711719 0.322222 0.710156 0.325000 0.707812 0.326389 0.708594 0.329167 0.707031 0.331944 0.707031 0.343056 0.706250 0.348611 0.702344 0.351389 0.701562 0.354167 0.700000 0.356944 0.697656 0.356944 0.697656 0.355556 0.700000 0.351389 0.696094 0.350000 0.695312 0.351389 0.697656 0.355556 0.697656 0.356944 0.696875 0.359722 0.693750 0.359722 0.692187 0.362500 0.692187 0.366667 0.689844 0.368056 0.692187 0.369444 0.689844 0.369444 0.692969 0.377778 0.694531 0.377778 0.694531 0.381944 0.696094 0.383333 0.693750 0.384722 0.689063 0.386111 0.687500 0.390278 0.683594 0.388889 0.682031 0.393056 0.680469 0.394444 0.678125 0.395833 0.675781 0.394444 0.673438 0.397222 0.671094 0.397222 0.668750 0.398611 0.664062 0.406944 0.663281 0.409722 0.664062 0.423611 0.665625 0.422222 0.664062 0.425000 0.663281 0.429167 0.663281 0.437500 0.665625 0.454167 0.666406 0.458333 0.668750 0.466667 0.668750 0.470833 0.672656 0.484722 0.674219 0.495833 0.676562 0.502778 0.677344 0.506944 0.678125 0.511111 0.678906 0.520833 0.677344 0.522222 0.677344 0.526389 0.677344 0.552778 0.678125 0.562500 0.679688 0.563889 0.681250 0.565278 0.685156 0.565278 0.687500 0.562500 0.693750 0.561111 0.695312 0.563889 0.696875 0.561111 0.699219 0.561111 0.699219 0.565278 0.697656 0.562500 0.696094 0.569444 0.698438 0.573611 0.700781 0.575000 0.703906 0.575000 0.705469 0.580556 0.706250 0.591667 0.703906 0.597222 0.703125 0.601389 0.703906 0.605556 0.703125 0.608333 0.703906 0.612500 0.705469 0.613889 0.704688 0.615278 0.705469 0.619444 0.702344 0.620833 0.704688 0.622222 0.702344 0.622222 0.701562 0.626389 0.700000 0.626389 0.700781 0.631944 0.697656 0.634722 0.696094 0.637500 0.695312 0.641667 0.694531 0.637500 0.692969 0.634722 0.691406 0.637500 0.690625 0.641667 0.690625 0.644444 0.689063 0.641667 0.687500 0.644444 0.685937 0.640278 0.680469 0.641667 0.678125 0.638889 0.675781 0.640278 0.675000 0.634722 0.675781 0.631944 0.674219 0.629167 0.673438 0.631944 0.675781 0.631944 0.675000 0.634722 0.674219 0.638889 0.671094 0.641667 0.668750 0.641667 0.668750 0.637500 0.670312 0.630556 0.671875 0.605556 0.671094 0.597222 0.669531 0.588889 0.667188 0.583333 0.666406 0.579167 0.665625 0.575000 0.665625 0.555556 0.664062 0.548611 0.664062 0.541667 0.662500 0.534722 0.661719 0.525000 0.662500 0.513889 0.663281 0.520833 0.664844 0.518056 0.665625 0.512500 0.664844 0.506944 0.663281 0.504167 0.661719 0.508333 0.660937 0.504167 0.660937 0.500000 0.662500 0.497222 0.664844 0.498611 0.667969 0.498611 0.668750 0.495833 0.665625 0.495833 0.664844 0.498611 0.662500 0.497222 0.661719 0.491667 0.660156 0.488889 0.662500 0.486111 0.660156 0.481944 0.660156 0.477778 0.658594 0.473611 0.656250 0.469444 0.655469 0.465278 0.655469 0.459722 0.654687 0.456944 0.651563 0.452778 0.650781 0.452778 0.649219 0.447222 0.650000 0.440278 0.648438 0.440278 0.649219 0.437500 0.649219 0.429167 0.646875 0.430556 0.646094 0.427778 0.644531 0.422222 0.642969 0.425000 0.640625 0.420833 0.640625 0.419444 0.638281 0.415278 0.635938 0.412500 0.634375 0.411111 0.627344 0.411111 0.622656 0.412500 0.621094 0.415278 0.617188 0.415278 0.617188 0.411111 0.614844 0.412500 0.613281 0.411111 0.612500 0.413889 0.610938 0.413889 0.611719 0.409722 0.610156 0.406944 0.607812 0.409722 0.608594 0.413889 0.607031 0.409722 0.607812 0.408333 0.604688 0.409722 0.606250 0.415278 0.603906 0.418056 0.603125 0.420833 0.603125 0.431944 0.600781 0.444444 0.600000 0.456944 0.599219 0.475000 0.599219 0.525000 0.600000 0.554167 0.600781 0.565278 0.602344 0.570833 0.603125 0.587500 0.602344 0.590278 0.603125 0.593056 0.602344 0.584722 0.600000 0.583333 0.600781 0.587500 0.596094 0.588889 0.596875 0.593056 0.595313 0.593056 0.592969 0.591667 0.593750 0.588889 0.593750 0.580556 0.595313 0.577778 0.596875 0.577778 0.597656 0.573611 0.596875 0.569444 0.595313 0.566667 0.594531 0.562500 0.594531 0.555556 0.595313 0.540278 0.593750 0.526389 0.594531 0.523611 0.595313 0.522222 0.596094 0.522222 0.596875 0.513889 0.595313 0.509722 0.595313 0.505556 0.596094 0.504167 0.596875 0.500000 0.595313 0.495833 0.596094 0.493056 0.596094 0.490278 0.597656 0.487500 0.597656 0.483333 0.596875 0.480556 0.594531 0.476389 0.595313 0.473611 0.598437 0.472222 0.597656 0.466667 0.596094 0.466667 0.595313 0.461111 0.596094 0.450000 0.594531 0.444444 0.596094 0.441667 0.596875 0.436111 0.596875 0.430556 0.592187 0.427778 0.589844 0.427778 0.586719 0.427778 0.584375 0.430556 0.581250 0.430556 0.579688 0.431944 0.576562 0.437500 0.577344 0.434722 0.579688 0.430556 0.580469 0.427778 0.579688 0.423611 0.578906 0.426389 0.577344 0.427778 0.574219 0.434722 0.571094 0.436111 0.569531 0.438889 0.567187 0.438889 0.565625 0.441667 0.564063 0.450000 0.563281 0.456944 0.562500 0.462500 0.562500 0.475000 0.562500 0.477778 0.564844 0.483333 0.565625 0.488889 0.567187 0.494444 0.569531 0.498611 0.573438 0.505556 0.571094 0.509722 0.571094 0.512500 0.572656 0.513889 0.567969 0.516667 0.566406 0.520833 0.566406 0.525000 0.563281 0.522222 0.562500 0.519444 0.562500 0.515278 0.559375 0.516667 0.558594 0.519444 0.556250 0.513889 0.554688 0.513889 0.550781 0.515278 0.550000 0.516667 0.548438 0.516667 0.547656 0.515278 0.545312 0.516667 0.546094 0.518056 0.543750 0.519444 0.542969 0.518056 0.539844 0.518056 0.538281 0.513889 0.536719 0.515278 0.535156 0.511111 0.532031 0.515278 0.526563 0.509722 0.524219 0.506944 0.522656 0.509722 0.523438 0.506944 0.522656 0.501389 0.521094 0.495833 0.523438 0.493056 0.521094 0.491667 0.520312 0.488889 0.521875 0.484722 0.523438 0.486111 0.525000 0.486111 0.526563 0.483333 0.529687 0.476389 0.530469 0.473611 0.530469 0.466667 0.532031 0.463889 0.532813 0.461111 0.531250 0.459722 0.531250 0.456944 0.532813 0.455556 0.530469 0.454167 0.530469 0.450000 0.532813 0.450000 0.531250 0.447222 0.530469 0.450000 0.530469 0.454167 0.529687 0.431944 0.530469 0.427778 0.528906 0.425000 0.529687 0.420833 0.528125 0.416667 0.526563 0.419444 0.525781 0.419444 0.524219 0.422222 0.526563 0.426389 0.526563 0.444444 0.525000 0.445833 0.525000 0.441667 0.524219 0.440278 0.524219 0.425000 0.522656 0.419444 0.522656 0.433333 0.522656 0.436111 0.521875 0.445833 0.523438 0.454167 0.522656 0.465278 0.523438 0.468056 0.521875 0.462500 0.522656 0.459722 0.521875 0.455556 0.519531 0.459722 0.519531 0.462500 0.518750 0.465278 0.514844 0.465278 0.511719 0.468056 0.516406 0.469444 0.517969 0.469444 0.517969 0.475000 0.516406 0.477778 0.515625 0.480556 0.515625 0.484722 0.514062 0.488889 0.514062 0.490278 0.513281 0.481944 0.511719 0.481944 0.512500 0.469444 0.510938 0.466667 0.471875 0.468056 0.485156 0.470833 0.500000 0.470833 0.500781 0.469444 0.504687 0.469444 0.503125 0.472222 0.503125 0.473611 0.501563 0.476389 0.499219 0.477778 0.500781 0.479167 0.497656 0.477778 0.495312 0.477778 0.494531 0.477778 0.493750 0.481944 0.496094 0.483333 0.498437 0.480556 0.500000 0.484722 0.502344 0.486111 0.504687 0.491667 0.503906 0.495833 0.505469 0.500000 0.506250 0.493056 0.509375 0.497222 0.510156 0.493056 0.513281 0.493056 0.514062 0.490278 0.514062 0.488889 0.514844 0.495833 0.516406 0.491667 0.516406 0.497222 0.515625 0.498611 0.514844 0.511111 0.514844 0.515278 0.515625 0.518056 0.514844 0.497222 0.513281 0.494444 0.511719 0.494444 0.510156 0.497222 0.510156 0.504167 0.511719 0.505556 0.510156 0.511111 0.510156 0.515278 0.507812 0.512500 0.506250 0.516667 0.504687 0.516667 0.503125 0.513889 0.501563 0.519444 0.500000 0.516667 0.503906 0.527778 0.508594 0.527778 0.510156 0.525000 0.510156 0.523611 0.512500 0.519444 0.513281 0.516667 0.513281 0.529167 0.512500 0.530556 0.512500 0.533333 0.511719 0.520833 0.510156 0.526389 0.510156 0.534722 0.507812 0.531944 0.506250 0.536111 0.503906 0.537500 0.504687 0.540278 0.503906 0.537500 0.502344 0.534722 0.499219 0.534722 0.496875 0.533333 0.494531 0.531944 0.492969 0.530556 0.497656 0.523611 0.493750 0.520833 0.487500 0.522222 0.485938 0.522222 0.474219 0.522222 0.471875 0.520833 0.478125 0.520833 0.478906 0.519444 0.486719 0.519444 0.490625 0.516667 0.482031 0.516667 0.480469 0.516667 0.478906 0.513889 0.477344 0.513889 0.477344 0.511111 0.470313 0.508333 0.467187 0.509722 0.466406 0.505556 0.464062 0.505556 0.464062 0.502778 0.465625 0.500000 0.466406 0.497222 0.465625 0.494444 0.467187 0.495833 0.467969 0.500000 0.470313 0.504167 0.474219 0.506944 0.477344 0.506944 0.478125 0.505556 0.481250 0.505556 0.482812 0.505556 0.480469 0.505556 0.481250 0.512500 0.485156 0.513889 0.488281 0.513889 0.489063 0.508333 0.487500 0.505556 0.486719 0.505556 0.485938 0.501389 0.483594 0.497222 0.489844 0.475000 0.492969 0.477778 0.495312 0.476389 0.491406 0.472222 0.489844 0.475000 0.483594 0.497222 0.481250 0.500000 0.478125 0.497222 0.475781 0.493056 0.474219 0.494444 0.474219 0.497222 0.473438 0.491667 0.470313 0.493056 0.471875 0.494444 0.470313 0.494444 0.469531 0.491667 0.469531 0.488889 0.467187 0.487500 0.464844 0.487500 0.463281 0.486111 0.464062 0.483333 0.464062 0.479167 0.463281 0.475000 0.462500 0.477778 0.461719 0.473611 0.463281 0.473611 0.461719 0.469444 0.462500 0.466667 0.466406 0.462500 0.465625 0.466667 0.463281 0.470833 0.463281 0.475000 0.466406 0.479167 0.469531 0.477778 0.469531 0.479167 0.467187 0.480556 0.469531 0.481944 0.468750 0.484722 0.470313 0.479167 0.469531 0.479167 0.469531 0.477778 0.471094 0.475000 0.469531 0.470833 0.468750 0.470833 0.467187 0.468056 0.469531 0.468056 0.471094 0.465278 0.471094 0.461111 0.469531 0.458333 0.468750 0.452778 0.465625 0.451389 0.469531 0.451389 0.470313 0.447222 0.473438 0.445833 0.471094 0.444444 0.470313 0.440278 0.471094 0.437500 0.468750 0.436111 0.474219 0.431944 0.475000 0.429167 0.473438 0.426389 0.471875 0.418056 0.464062 0.415278 0.464062 0.413889 0.463281 0.411111 0.461719 0.412500 0.460156 0.415278 0.457031 0.416667 0.457031 0.413889 0.454688 0.412500 0.453125 0.412500 0.453125 0.416667 0.451562 0.416667 0.450000 0.415278 0.450000 0.409722 0.449219 0.406944 0.451562 0.408333 0.453125 0.405556 0.451562 0.402778 0.450000 0.402778 0.450781 0.400000 0.452344 0.402778 0.453906 0.401389 0.453125 0.395833 0.453125 0.393056 0.455469 0.393056 0.456250 0.393056 0.457031 0.391667 0.457813 0.388889 0.455469 0.384722 0.450000 0.384722 0.448437 0.384722 0.448437 0.379167 0.448437 0.377778 0.448437 0.372222 0.446875 0.375000 0.448437 0.377778 0.448437 0.379167 0.446094 0.377778 0.447656 0.372222 0.447656 0.366667 0.445312 0.372222 0.443750 0.372222 0.443750 0.368056 0.445312 0.366667 0.444531 0.362500 0.447656 0.365278 0.450781 0.370833 0.450000 0.365278 0.450000 0.363889 0.447656 0.362500 0.448437 0.359722 0.450000 0.362500 0.451562 0.358333 0.453125 0.362500 0.455469 0.361111 0.456250 0.354167 0.457813 0.351389 0.454688 0.348611 0.454688 0.344444 0.456250 0.343056 0.456250 0.345833 0.458594 0.345833 0.459375 0.341667 0.458594 0.337500 0.460156 0.336111 0.460938 0.334722 0.462500 0.334722 0.460156 0.330556 0.461719 0.329167 0.462500 0.327778 0.464062 0.327778 0.464062 0.322222 0.463281 0.322222 0.463281 0.318056 0.461719 0.315278 0.460156 0.322222 0.460156 0.318056 0.458594 0.315278 0.460938 0.315278 0.463281 0.312500 0.459375 0.305556 0.460156 0.302778 0.460156 0.301389 0.462500 0.301389 0.460156 0.295833 0.457813 0.288889 0.460156 0.284722 0.459375 0.281944 0.457813 0.280556 0.457813 0.279167 0.456250 0.277778 0.459375 0.276389 0.458594 0.273611 0.460156 0.275000 0.461719 0.277778 0.462500 0.280556 0.464062 0.276389 0.466406 0.276389 0.466406 0.280556 0.468750 0.275000 0.470313 0.273611 0.473438 0.275000 0.475000 0.273611 0.475781 0.275000 0.477344 0.272222 0.476562 0.269444 0.478906 0.265278 0.481250 0.262500 0.482031 0.262500 0.480469 0.256944 0.480469 0.254167 0.479687 0.252778 0.478906 0.250000 0.477344 0.252778 0.475781 0.251389 0.475000 0.254167 0.473438 0.248611 0.475000 0.247222 0.475781 0.245833 0.477344 0.245833 0.478906 0.243056 0.480469 0.244444 0.482031 0.236111 0.479687 0.236111 0.478125 0.237500 0.478125 0.233333 0.477344 0.229167 0.479687 0.229167 0.479687 0.229167 0.480469 0.231944 0.482031 0.229167 0.481250 0.226389 0.479687 0.229167 0.479687 0.229167 0.480469 0.225000 0.478906 0.222222 0.477344 0.222222 0.475781 0.225000 0.475781 0.222222 0.476562 0.219444 0.478125 0.218056 0.478125 0.213889 0.479687 0.211111 0.482031 0.209722 0.480469 0.205556 0.479687 0.201389 0.477344 0.204167 0.476562 0.201389 0.476562 0.198611 0.476562 0.188889 0.475781 0.187500 0.474219 0.184722 0.473438 0.188889 0.471094 0.186111 0.467969 0.187500 0.466406 0.188889 0.463281 0.194444 0.463281 0.198611 0.460156 0.195833 0.453125 0.195833 0.450000 0.197222 0.448437 0.200000 0.448437 0.204167 0.446875 0.200000 0.444531 0.202778 0.443750 0.206944 0.442188 0.204167 0.439844 0.204167 0.435156 0.195833 0.432812 0.190278 0.432031 0.184722 0.431250 0.181944 0.430469 0.180556 0.428906 0.179167 0.427344 0.177778 0.421875 0.177778 0.418750 0.173611 0.417187 0.173611 0.414844 0.176389 0.411719 0.169444 0.410938 0.173611 0.409375 0.170833 0.409375 0.165278 0.409375 0.165278 0.410938 0.170833 0.410938 0.162500 0.409375 0.165278 0.409375 0.165278 0.410938 0.161111 0.409375 0.158333 0.411719 0.155556 0.411719 0.150000 0.410938 0.148611 0.411719 0.143056 0.409375 0.138889 0.410938 0.136111 0.411719 0.136111 0.413281 0.133333 0.414844 0.122222 0.414844 0.111111 0.413281 0.102778 0.412500 0.115278 0.412500 0.112500 0.407031 0.102778 0.404687 0.101389 0.399219 0.101389 0.396875 0.102778 0.395313 0.104167 0.396875 0.102778 0.397656 0.101389 0.400781 0.101389 0.405469 0.097222 0.407813 0.095833 0.410938 0.094444 0.407813 0.091667 0.405469 0.094444 0.400781 0.094444 0.397656 0.095833 0.395313 0.097222 0.392969 0.101389 0.388281 0.097222 0.385937 0.097222 0.384375 0.097222 0.383594 0.098611 0.382031 0.098611 0.381250 0.097222 0.378906 0.098611 0.376563 0.095833 0.375000 0.097222 0.374219 0.091667 0.375000 0.072222 0.373437 0.061111 0.374219 0.051389 0.372656 0.048611 0.365625 0.050000 0.367969 0.051389 0.369531 0.054167 0.370312 0.056944 0.371094 0.066667 0.371094 0.080556 0.371094 0.077778 0.370312 0.076389 0.370312 0.070833 0.369531 0.063889 0.368750 0.061111 0.366406 0.056944 0.359375 0.056944 0.357812 0.058333 0.360156 0.056944 0.363281 0.052778 0.360938 0.051389 0.360156 0.052778 0.356250 0.054167 0.350781 0.054167 0.348438 0.051389 0.345313 0.045833 0.343750 0.045833 0.342187 0.043056 0.341406 0.036111 0.340625 0.030556 0.338281 0.020833 0.337500 0.029167 0.333594 0.023611 0.331250 0.022222 0.337500 0.018056 0.330469 0.018056 0.328906 0.018056 0.325781 0.011111 0.324219 0.015278 0.323437 0.009722 0.321875 0.009722 0.321875 0.004167 0.321094 0.002778 0.321094 0.000000 0.999219 0.000000
25 0.107813 0.000000 0.107813 0.002778 0.109375 0.011111 0.111719 0.015278 0.111719 0.016667 0.113281 0.019444 0.114844 0.019444 0.116406 0.020833 0.117188 0.025000 0.117188 0.026389 0.120313 0.030556 0.120313 0.031944 0.121094 0.033333 0.122656 0.034722 0.125000 0.031944 0.126562 0.033333 0.129688 0.030556 0.132812 0.031944 0.134375 0.033333 0.135156 0.037500 0.136719 0.038889 0.138281 0.038889 0.139844 0.037500 0.141406 0.034722 0.143750 0.034722 0.144531 0.033333 0.146094 0.033333 0.147656 0.034722 0.148438 0.036111 0.151562 0.043056 0.150781 0.050000 0.151562 0.052778 0.152344 0.052778 0.155469 0.056944 0.156250 0.059722 0.156250 0.066667 0.157031 0.069444 0.158594 0.072222 0.159375 0.075000 0.160156 0.077778 0.160156 0.080556 0.157031 0.088889 0.156250 0.091667 0.157031 0.094444 0.157812 0.098611 0.161719 0.104167 0.161719 0.106944 0.164062 0.108333 0.164062 0.111111 0.165625 0.115278 0.167969 0.119444 0.166406 0.118056 0.164844 0.118056 0.164062 0.122222 0.162500 0.126389 0.163281 0.136111 0.165625 0.131944 0.165625 0.127778 0.167187 0.125000 0.166406 0.134722 0.165625 0.136111 0.165625 0.140278 0.164844 0.133333 0.163281 0.145833 0.155469 0.143056 0.155469 0.140278 0.153906 0.137500 0.152344 0.137500 0.150781 0.136111 0.150781 0.133333 0.149219 0.130556 0.149219 0.127778 0.147656 0.125000 0.146094 0.123611 0.143750 0.125000 0.141406 0.126389 0.139844 0.131944 0.139844 0.134722 0.141406 0.137500 0.142969 0.137500 0.146094 0.141667 0.150000 0.140278 0.150000 0.145833 0.154688 0.145833 0.155469 0.143056 0.163281 0.145833 0.163281 0.148611 0.164844 0.152778 0.166406 0.152778 0.167187 0.155556 0.168750 0.152778 0.170313 0.156944 0.171094 0.159722 0.171875 0.165278 0.169531 0.168056 0.168750 0.165278 0.166406 0.168056 0.165625 0.168056 0.164844 0.175000 0.163281 0.180556 0.163281 0.184722 0.164062 0.187500 0.164844 0.190278 0.166406 0.193056 0.167969 0.193056 0.167969 0.195833 0.168750 0.197222 0.168750 0.201389 0.167969 0.204167 0.165625 0.206944 0.164844 0.209722 0.164844 0.222222 0.164062 0.225000 0.160156 0.231944 0.158594 0.229167 0.157812 0.226389 0.157031 0.222222 0.155469 0.225000 0.155469 0.227778 0.156250 0.234722 0.157812 0.237500 0.160938 0.238889 0.157031 0.238889 0.156250 0.237500 0.153125 0.237500 0.155469 0.241667 0.153125 0.241667 0.151562 0.243056 0.151562 0.248611 0.153125 0.250000 0.154688 0.251389 0.158594 0.252778 0.160156 0.255556 0.160156 0.256944 0.161719 0.259722 0.163281 0.259722 0.164844 0.256944 0.164844 0.261111 0.165625 0.265278 0.168750 0.268056 0.170313 0.268056 0.174219 0.266667 0.176563 0.261111 0.184375 0.262500 0.185156 0.259722 0.185938 0.263889 0.185938 0.265278 0.182031 0.263889 0.180469 0.266667 0.182031 0.269444 0.184375 0.268056 0.185938 0.265278 0.185938 0.263889 0.188281 0.266667 0.186719 0.272222 0.185938 0.270833 0.183594 0.269444 0.182812 0.272222 0.185938 0.270833 0.186719 0.272222 0.184375 0.276389 0.182812 0.276389 0.186719 0.281944 0.189062 0.283333 0.188281 0.286111 0.186719 0.287500 0.187500 0.290278 0.185938 0.291667 0.181250 0.291667 0.179688 0.294444 0.178125 0.295833 0.176563 0.295833 0.175000 0.293056 0.171094 0.295833 0.168750 0.300000 0.168750 0.304167 0.165625 0.313889 0.164844 0.318056 0.165625 0.322222 0.164062 0.323611 0.164062 0.320833 0.161719 0.319444 0.157812 0.319444 0.153906 0.326389 0.152344 0.327778 0.150781 0.329167 0.146094 0.330556 0.144531 0.331944 0.142969 0.334722 0.145313 0.334722 0.147656 0.334722 0.146094 0.338889 0.142187 0.338889 0.139844 0.343056 0.139063 0.345833 0.139063 0.352778 0.139844 0.354167 0.139844 0.361111 0.139063 0.365278 0.138281 0.368056 0.135937 0.369444 0.134375 0.373611 0.134375 0.370833 0.130469 0.362500 0.128125 0.361111 0.125000 0.363889 0.121875 0.363889 0.118750 0.362500 0.114844 0.358333 0.111719 0.361111 0.102344 0.359722 0.100781 0.362500 0.100000 0.359722 0.097656 0.365278 0.096875 0.366667 0.095312 0.368056 0.089844 0.368056 0.087500 0.369444 0.085938 0.372222 0.087500 0.373611 0.085156 0.373611 0.084375 0.375000 0.067187 0.373611 0.063281 0.373611 0.059375 0.376389 0.057031 0.379167 0.055469 0.381944 0.052344 0.390278 0.052344 0.391667 0.048438 0.394444 0.045312 0.395833 0.040625 0.393056 0.036719 0.397222 0.034375 0.398611 0.031250 0.400000 0.028125 0.400000 0.026562 0.397222 0.017188 0.398611 0.013281 0.401389 0.010156 0.398611 0.007031 0.400000 0.008594 0.402778 0.001563 0.402778 0.000000 0.402778 0.000000 0.000000 0.107813 0.000000
26 0.603906 0.594444 0.605469 0.598611 0.605469 0.601389 0.603906 0.604167 0.602344 0.604167 0.602344 0.606944 0.605469 0.606944 0.607031 0.605556 0.607031 0.601389 0.605469 0.601389 0.606250 0.598611 0.604688 0.597222 0.603906 0.594444
27 0.467969 0.480556 0.470313 0.481944 0.469531 0.484722 0.470313 0.480556 0.468750 0.479167 0.467969 0.480556
27 0.363281 0.470833 0.361719 0.470833 0.364844 0.472222 0.364844 0.469444 0.363281 0.470833
27 0.181250 0.266667 0.183594 0.266667 0.185156 0.265278 0.181250 0.266667
27 0.992188 0.193056 0.993750 0.194444 0.994531 0.195833 0.996875 0.197222 0.995313 0.202778 0.993750 0.204167 0.990625 0.201389 0.989062 0.201389 0.987500 0.202778 0.987500 0.205556 0.985938 0.206944 0.985938 0.209722 0.985156 0.211111 0.984375 0.222222 0.985156 0.227778 0.986719 0.227778 0.989062 0.225000 0.989844 0.220833 0.991406 0.212500 0.992188 0.212500 0.993750 0.211111 0.999219 0.212500 0.999219 0.197222 0.997656 0.197222 0.996875 0.195833 0.994531 0.195833 0.992188 0.193056
27 0.978906 0.180556 0.978906 0.191667 0.979688 0.184722 0.978906 0.180556
27 0.908594 0.123611 0.917969 0.123611 0.920312 0.123611 0.921875 0.125000 0.924219 0.129167 0.925781 0.130556 0.925781 0.133333 0.925000 0.136111 0.926562 0.138889 0.926562 0.140278 0.925781 0.133333 0.925781 0.130556 0.927344 0.129167 0.928906 0.131944 0.929688 0.134722 0.930469 0.141667 0.933594 0.143056 0.935156 0.144444 0.936719 0.147222 0.935937 0.151389 0.934375 0.154167 0.932031 0.156944 0.932031 0.155556 0.932813 0.152778 0.933594 0.151389 0.934375 0.145833 0.929688 0.143056 0.928906 0.151389 0.931250 0.151389 0.932031 0.155556 0.932031 0.156944 0.928906 0.159722 0.925781 0.161111 0.924219 0.163889 0.920312 0.165278 0.918750 0.166667 0.914062 0.172222 0.912500 0.173611 0.911719 0.170833 0.910937 0.169444 0.908594 0.159722 0.907813 0.155556 0.907813 0.151389 0.905469 0.143056 0.907031 0.141667 0.903906 0.131944 0.903906 0.129167 0.904687 0.126389 0.908594 0.123611
27 0.985938 0.072222 0.985156 0.075000 0.984375 0.079167 0.983594 0.086111 0.982812 0.094444 0.982031 0.104167 0.982031 0.126389 0.979688 0.155556 0.978906 0.170833 0.978906 0.176389 0.981250 0.181944 0.985938 0.183333 0.989062 0.186111 0.994531 0.191667 0.996875 0.191667 0.997656 0.193056 0.999219 0.193056 0.999219 0.080556 0.994531 0.080556 0.992969 0.079167 0.989844 0.073611 0.985938 0.072222
27 0.164062 0.002778 0.320312 0.000000 0.320312 0.002778 0.321094 0.004167 0.321875 0.011111 0.322656 0.015278 0.325000 0.012500 0.328125 0.018056 0.330469 0.019444 0.336719 0.018056 0.335156 0.018056 0.334375 0.019444 0.332813 0.019444 0.332031 0.020833 0.330469 0.022222 0.333594 0.025000 0.336719 0.030556 0.338281 0.022222 0.338281 0.025000 0.339062 0.026389 0.339844 0.030556 0.340625 0.041667 0.342187 0.044444 0.342969 0.045833 0.345313 0.047222 0.348438 0.052778 0.350781 0.055556 0.356250 0.055556 0.360156 0.054167 0.360938 0.052778 0.363281 0.051389 0.361719 0.052778 0.358594 0.056944 0.366406 0.058333 0.367969 0.061111 0.368750 0.063889 0.369531 0.076389 0.371094 0.081944 0.371875 0.066667 0.371094 0.056944 0.370312 0.054167 0.367969 0.050000 0.366406 0.050000 0.373437 0.051389 0.372656 0.061111 0.374219 0.072222 0.373437 0.091667 0.373437 0.094444 0.374219 0.095833 0.375000 0.098611 0.376563 0.097222 0.378125 0.100000 0.381250 0.098611 0.382031 0.100000 0.383594 0.100000 0.384375 0.098611 0.385937 0.098611 0.388281 0.098611 0.392188 0.102778 0.393750 0.101389 0.394531 0.100000 0.395313 0.098611 0.397656 0.097222 0.400781 0.095833 0.405469 0.095833 0.407813 0.093056 0.410156 0.094444 0.407813 0.094444 0.405469 0.095833 0.400781 0.100000 0.397656 0.100000 0.396094 0.101389 0.394531 0.104167 0.396875 0.104167 0.399219 0.102778 0.404687 0.102778 0.407031 0.104167 0.411719 0.112500 0.412500 0.116667 0.413281 0.104167 0.413281 0.109722 0.414062 0.111111 0.414844 0.119444 0.414062 0.122222 0.413281 0.129167 0.411719 0.134722 0.408594 0.138889 0.410938 0.141667 0.410156 0.148611 0.410938 0.150000 0.410938 0.155556 0.408594 0.158333 0.410156 0.159722 0.410938 0.163889 0.410938 0.169444 0.404687 0.168056 0.405469 0.168056 0.408594 0.163889 0.405469 0.165278 0.405469 0.168056 0.404687 0.168056 0.402344 0.166667 0.402344 0.168056 0.402344 0.172222 0.403125 0.175000 0.404687 0.168056 0.410938 0.169444 0.411719 0.172222 0.411719 0.170833 0.410938 0.166667 0.409375 0.163889 0.408594 0.170833 0.410938 0.175000 0.411719 0.170833 0.411719 0.172222 0.414844 0.177778 0.415625 0.173611 0.417187 0.175000 0.418750 0.175000 0.421875 0.179167 0.427344 0.179167 0.428906 0.180556 0.428125 0.180556 0.425000 0.180556 0.421094 0.183333 0.422656 0.186111 0.427344 0.186111 0.428125 0.188889 0.428125 0.191667 0.429688 0.194444 0.430469 0.187500 0.429688 0.183333 0.428125 0.180556 0.428906 0.180556 0.430469 0.181944 0.432031 0.190278 0.434375 0.195833 0.439844 0.205556 0.439844 0.211111 0.438281 0.213889 0.439063 0.216667 0.440625 0.213889 0.439844 0.211111 0.439844 0.205556 0.442188 0.205556 0.443750 0.208333 0.444531 0.204167 0.446875 0.201389 0.446875 0.204167 0.449219 0.200000 0.453125 0.197222 0.453125 0.198611 0.451562 0.201389 0.450781 0.204167 0.450000 0.206944 0.452344 0.208333 0.454688 0.204167 0.458594 0.204167 0.463281 0.206944 0.466406 0.208333 0.468750 0.204167 0.469531 0.200000 0.470313 0.197222 0.473438 0.209722 0.471875 0.213889 0.471094 0.218056 0.472656 0.220833 0.473438 0.223611 0.474219 0.218056 0.475781 0.212500 0.475781 0.208333 0.474219 0.197222 0.473438 0.194444 0.470313 0.191667 0.468750 0.193056 0.464062 0.201389 0.459375 0.201389 0.455469 0.198611 0.453125 0.198611 0.453125 0.197222 0.460156 0.197222 0.462500 0.200000 0.464062 0.194444 0.466406 0.190278 0.467969 0.188889 0.471094 0.187500 0.472656 0.190278 0.474219 0.186111 0.475000 0.188889 0.476562 0.190278 0.475781 0.198611 0.475781 0.201389 0.476562 0.204167 0.479687 0.202778 0.479687 0.205556 0.481250 0.209722 0.479687 0.209722 0.477344 0.213889 0.476562 0.218056 0.475781 0.219444 0.475000 0.222222 0.475781 0.226389 0.477344 0.223611 0.478906 0.223611 0.479687 0.227778 0.481250 0.227778 0.480469 0.230556 0.479687 0.227778 0.477344 0.227778 0.477344 0.233333 0.476562 0.236111 0.478125 0.238889 0.479687 0.237500 0.480469 0.234722 0.480469 0.237500 0.480469 0.243056 0.478906 0.241667 0.477344 0.244444 0.475781 0.244444 0.474219 0.245833 0.472656 0.248611 0.473438 0.254167 0.473438 0.255556 0.471875 0.254167 0.470313 0.244444 0.469531 0.254167 0.471094 0.258333 0.469531 0.262500 0.467969 0.265278 0.466406 0.268056 0.462500 0.268056 0.460938 0.270833 0.467187 0.273611 0.471094 0.272222 0.473438 0.270833 0.478125 0.262500 0.478125 0.259722 0.476562 0.256944 0.473438 0.255556 0.473438 0.254167 0.475781 0.252778 0.477344 0.254167 0.480469 0.248611 0.478906 0.251389 0.479687 0.254167 0.479687 0.256944 0.481250 0.258333 0.482031 0.261111 0.478906 0.263889 0.475781 0.269444 0.475781 0.273611 0.474219 0.273611 0.470313 0.272222 0.468750 0.273611 0.467969 0.275000 0.467969 0.276389 0.466406 0.279167 0.467187 0.276389 0.464062 0.275000 0.462500 0.279167 0.460938 0.275000 0.460156 0.273611 0.458594 0.272222 0.458594 0.276389 0.455469 0.277778 0.457031 0.279167 0.459375 0.283333 0.457031 0.288889 0.459375 0.295833 0.460938 0.298611 0.462500 0.300000 0.460938 0.298611 0.459375 0.301389 0.458594 0.304167 0.457813 0.304167 0.457031 0.293056 0.455469 0.302778 0.456250 0.315278 0.457813 0.304167 0.458594 0.304167 0.462500 0.312500 0.460156 0.313889 0.458594 0.316667 0.460156 0.323611 0.459375 0.325000 0.455469 0.323611 0.455469 0.323611 0.457813 0.322222 0.455469 0.319444 0.453125 0.322222 0.453125 0.322222 0.455469 0.318056 0.451562 0.320833 0.450781 0.329167 0.451562 0.333333 0.453125 0.336111 0.450781 0.340278 0.450000 0.347222 0.449219 0.350000 0.444531 0.358333 0.450781 0.355556 0.452344 0.354167 0.453125 0.344444 0.455469 0.336111 0.457031 0.333333 0.453125 0.325000 0.453125 0.322222 0.453125 0.322222 0.455469 0.323611 0.455469 0.323611 0.454688 0.326389 0.457813 0.327778 0.459375 0.325000 0.460156 0.323611 0.461719 0.320833 0.460938 0.316667 0.462500 0.318056 0.461719 0.320833 0.464062 0.323611 0.464062 0.326389 0.460938 0.327778 0.459375 0.330556 0.462500 0.331944 0.459375 0.334722 0.457813 0.337500 0.459375 0.338889 0.458594 0.341667 0.458594 0.344444 0.456250 0.344444 0.456250 0.341667 0.453906 0.344444 0.453906 0.348611 0.457031 0.350000 0.455469 0.354167 0.455469 0.359722 0.453125 0.361111 0.451562 0.356944 0.450000 0.361111 0.448437 0.358333 0.446875 0.361111 0.449219 0.363889 0.450781 0.369444 0.447656 0.363889 0.445312 0.363889 0.444531 0.361111 0.444531 0.366667 0.442969 0.368056 0.443750 0.373611 0.444531 0.372222 0.445312 0.373611 0.446094 0.366667 0.446875 0.372222 0.445312 0.376389 0.447656 0.379167 0.448437 0.386111 0.447656 0.387500 0.446875 0.384722 0.444531 0.380556 0.443750 0.384722 0.446094 0.388889 0.447656 0.387500 0.448437 0.386111 0.449219 0.384722 0.455469 0.386111 0.457031 0.388889 0.457031 0.393056 0.454688 0.393056 0.453125 0.391667 0.452344 0.395833 0.453906 0.400000 0.452344 0.401389 0.450781 0.398611 0.449219 0.401389 0.449219 0.400000 0.451562 0.393056 0.450781 0.390278 0.450000 0.390278 0.447656 0.390278 0.449219 0.400000 0.449219 0.401389 0.452344 0.405556 0.449219 0.408333 0.450000 0.416667 0.451562 0.418056 0.453906 0.416667 0.452344 0.415278 0.453906 0.415278 0.456250 0.413889 0.457031 0.418056 0.460156 0.416667 0.461719 0.413889 0.463281 0.412500 0.462500 0.415278 0.466406 0.420833 0.474219 0.429167 0.473438 0.431944 0.471094 0.434722 0.470313 0.437500 0.470313 0.444444 0.472656 0.445833 0.470313 0.445833 0.469531 0.450000 0.464844 0.451389 0.464062 0.452778 0.464844 0.447222 0.466406 0.440278 0.466406 0.431944 0.464844 0.429167 0.464844 0.427778 0.464062 0.426389 0.463281 0.426389 0.461719 0.423611 0.460156 0.426389 0.464062 0.433333 0.464062 0.437500 0.464062 0.452778 0.464844 0.451389 0.467969 0.452778 0.468750 0.459722 0.469531 0.459722 0.469531 0.466667 0.468750 0.466667 0.467187 0.469444 0.468750 0.472222 0.469531 0.472222 0.466406 0.477778 0.465625 0.475000 0.464062 0.475000 0.464062 0.475000 0.464844 0.469444 0.465625 0.470833 0.467969 0.468056 0.467187 0.462500 0.463281 0.465278 0.462500 0.465278 0.460938 0.468056 0.462500 0.472222 0.461719 0.475000 0.462500 0.479167 0.463281 0.476389 0.464062 0.475000 0.464062 0.475000 0.463281 0.479167 0.462500 0.486111 0.464062 0.488889 0.465625 0.490278 0.468750 0.488889 0.469531 0.494444 0.472656 0.494444 0.471094 0.493056 0.472656 0.491667 0.474219 0.495833 0.475781 0.494444 0.478125 0.498611 0.476562 0.498611 0.474219 0.500000 0.475781 0.504167 0.477344 0.501389 0.476562 0.498611 0.478125 0.498611 0.480469 0.501389 0.482812 0.498611 0.484375 0.502778 0.477344 0.505556 0.474219 0.505556 0.470313 0.502778 0.468750 0.500000 0.468750 0.497222 0.467187 0.494444 0.465625 0.495833 0.463281 0.502778 0.463281 0.506944 0.460156 0.509722 0.446094 0.508333 0.444531 0.501389 0.443750 0.506944 0.444531 0.509722 0.446094 0.512500 0.465625 0.512500 0.467969 0.509722 0.470313 0.509722 0.477344 0.509722 0.478906 0.511111 0.477344 0.509722 0.477344 0.515278 0.475781 0.519444 0.471875 0.519444 0.471094 0.520833 0.464844 0.519444 0.462500 0.519444 0.459375 0.522222 0.457031 0.522222 0.450000 0.519444 0.448437 0.520833 0.442969 0.519444 0.441406 0.518056 0.443750 0.513889 0.444531 0.500000 0.443750 0.497222 0.441406 0.494444 0.441406 0.488889 0.441406 0.486111 0.439844 0.483333 0.437500 0.480556 0.434375 0.479167 0.435156 0.483333 0.433594 0.483333 0.433594 0.480556 0.434375 0.479167 0.434375 0.476389 0.432812 0.473611 0.429688 0.473611 0.434375 0.472222 0.432812 0.469444 0.406250 0.470833 0.404687 0.470833 0.402344 0.469444 0.402344 0.468056 0.400781 0.466667 0.398438 0.466667 0.396875 0.463889 0.396094 0.468056 0.395313 0.463889 0.393750 0.461111 0.390625 0.462500 0.385156 0.461111 0.383594 0.463889 0.382031 0.463889 0.376563 0.462500 0.372656 0.469444 0.370312 0.465278 0.369531 0.462500 0.368750 0.458333 0.367969 0.451389 0.365625 0.455556 0.363281 0.456944 0.360938 0.461111 0.359375 0.469444 0.358594 0.465278 0.360156 0.463889 0.359375 0.459722 0.360938 0.456944 0.365625 0.450000 0.366406 0.447222 0.366406 0.443056 0.365625 0.431944 0.365625 0.437500 0.366406 0.438889 0.367188 0.445833 0.367969 0.433333 0.366406 0.426389 0.365625 0.420833 0.364844 0.426389 0.364063 0.416667 0.363281 0.415278 0.361719 0.409722 0.357812 0.402778 0.359375 0.405556 0.360938 0.404167 0.359375 0.401389 0.359375 0.400000 0.357031 0.395833 0.357031 0.400000 0.356250 0.397222 0.355469 0.395833 0.355469 0.391667 0.353125 0.387500 0.350000 0.386111 0.346094 0.381944 0.344531 0.379167 0.345313 0.377778 0.343750 0.375000 0.341406 0.372222 0.339062 0.370833 0.337500 0.370833 0.335938 0.373611 0.334375 0.373611 0.335938 0.373611 0.330469 0.368056 0.326562 0.369444 0.324219 0.372222 0.322656 0.373611 0.317188 0.372222 0.314844 0.375000 0.311719 0.376389 0.308594 0.375000 0.307031 0.372222 0.304688 0.370833 0.304688 0.369444 0.303125 0.366667 0.302344 0.363889 0.300781 0.356944 0.300000 0.362500 0.300000 0.359722 0.299219 0.358333 0.300000 0.352778 0.298438 0.350000 0.297656 0.352778 0.296875 0.351389 0.298438 0.350000 0.296094 0.345833 0.289062 0.333333 0.286719 0.329167 0.287500 0.334722 0.282813 0.326389 0.280469 0.323611 0.278906 0.323611 0.276562 0.319444 0.275781 0.319444 0.273438 0.315278 0.275000 0.313889 0.273438 0.312500 0.271875 0.313889 0.271094 0.311111 0.270313 0.309722 0.269531 0.308333 0.268750 0.306944 0.266406 0.306944 0.263281 0.300000 0.258594 0.295833 0.256250 0.293056 0.254688 0.288889 0.251563 0.284722 0.243750 0.284722 0.240625 0.281944 0.238281 0.280556 0.241406 0.276389 0.241406 0.273611 0.242969 0.266667 0.243750 0.269444 0.245312 0.266667 0.246875 0.265278 0.245312 0.263889 0.246875 0.262500 0.249219 0.265278 0.250781 0.256944 0.252344 0.255556 0.255469 0.255556 0.257812 0.252778 0.260937 0.251389 0.262500 0.252778 0.265625 0.250000 0.269531 0.248611 0.260156 0.245833 0.256250 0.247222 0.251563 0.250000 0.245312 0.256944 0.242969 0.259722 0.242188 0.261111 0.241406 0.262500 0.240625 0.263889 0.240625 0.265278 0.239063 0.268056 0.240625 0.265278 0.241406 0.261111 0.246875 0.254167 0.252344 0.248611 0.254688 0.247222 0.257031 0.245833 0.261719 0.245833 0.262500 0.247222 0.267188 0.247222 0.271875 0.245833 0.273438 0.244444 0.273438 0.236111 0.271875 0.234722 0.267969 0.233333 0.266406 0.233333 0.260156 0.237500 0.256250 0.237500 0.249219 0.244444 0.243750 0.247222 0.242188 0.250000 0.241406 0.250000 0.240625 0.251389 0.239063 0.254167 0.242969 0.254167 0.236719 0.263889 0.234375 0.269444 0.234375 0.270833 0.232813 0.273611 0.233594 0.270833 0.234375 0.268056 0.237500 0.262500 0.237500 0.261111 0.239063 0.258333 0.235937 0.261111 0.233594 0.262500 0.232813 0.265278 0.231250 0.266667 0.232031 0.269444 0.229687 0.270833 0.227344 0.279167 0.225000 0.284722 0.218750 0.284722 0.210938 0.283333 0.226562 0.287500 0.209375 0.287500 0.208594 0.286111 0.207813 0.284722 0.202344 0.283333 0.201563 0.286111 0.200000 0.286111 0.196875 0.284722 0.196094 0.283333 0.193750 0.284722 0.195312 0.287500 0.193750 0.287500 0.192969 0.284722 0.191406 0.284722 0.189844 0.281944 0.184375 0.279167 0.182812 0.279167 0.184375 0.277778 0.185938 0.275000 0.188281 0.270833 0.189062 0.266667 0.186719 0.259722 0.184375 0.259722 0.177344 0.259722 0.175781 0.261111 0.175781 0.262500 0.174219 0.265278 0.170313 0.266667 0.168750 0.266667 0.167969 0.265278 0.166406 0.265278 0.166406 0.241667 0.166406 0.255556 0.167187 0.262500 0.168750 0.265278 0.171094 0.263889 0.172656 0.261111 0.174219 0.259722 0.182812 0.259722 0.184375 0.256944 0.177344 0.256944 0.175781 0.256944 0.169531 0.255556 0.168750 0.252778 0.169531 0.247222 0.168750 0.236111 0.167187 0.226389 0.167187 0.225000 0.169531 0.211111 0.171875 0.206944 0.172656 0.204167 0.166406 0.211111 0.165625 0.220833 0.167187 0.225000 0.167187 0.226389 0.166406 0.238889 0.166406 0.236111 0.165625 0.234722 0.165625 0.209722 0.166406 0.206944 0.167187 0.205556 0.167969 0.205556 0.168750 0.204167 0.169531 0.201389 0.170313 0.200000 0.172656 0.200000 0.171094 0.197222 0.170313 0.200000 0.169531 0.201389 0.169531 0.197222 0.168750 0.193056 0.165625 0.190278 0.166406 0.188889 0.170313 0.191667 0.168750 0.183333 0.171094 0.175000 0.172656 0.172222 0.171875 0.169444 0.170313 0.172222 0.169531 0.172222 0.165625 0.179167 0.165625 0.186111 0.166406 0.188889 0.165625 0.190278 0.164844 0.187500 0.164844 0.183333 0.164844 0.180556 0.164844 0.176389 0.165625 0.169444 0.167969 0.166667 0.168750 0.166667 0.170313 0.163889 0.168750 0.166667 0.169531 0.169444 0.171094 0.168056 0.172656 0.165278 0.171875 0.159722 0.171094 0.156944 0.168750 0.151389 0.167969 0.154167 0.165625 0.152778 0.164844 0.134722 0.165625 0.141667 0.165625 0.141667 0.164844 0.145833 0.166406 0.148611 0.167969 0.147222 0.167187 0.144444 0.165625 0.141667 0.165625 0.141667 0.167187 0.134722 0.166406 0.125000 0.164844 0.127778 0.164844 0.131944 0.164062 0.123611 0.164844 0.122222 0.164844 0.119444 0.167187 0.120833 0.168750 0.119444 0.166406 0.115278 0.164844 0.111111 0.164062 0.055556 0.164844 0.038889 0.164844 0.030556 0.164062 0.006944 0.163281 0.005556 0.163281 0.000000 0.164062 0.002778
2 0.375781 0.834722 0.374219 0.836111 0.378906 0.836111 0.377344 0.834722 0.375781 0.834722
2 0.993750 0.558333 0.989844 0.561111 0.982812 0.561111 0.976562 0.562500 0.972656 0.563889 0.969531 0.566667 0.969531 0.568056 0.967969 0.570833 0.967969 0.587500 0.968750 0.601389 0.969531 0.609722 0.970313 0.616667 0.972656 0.625000 0.972656 0.629167 0.973437 0.633333 0.975000 0.636111 0.978906 0.636111 0.982031 0.637500 0.986719 0.641667 0.989844 0.643056 0.994531 0.640278 0.999219 0.641667 0.999219 0.558333 0.993750 0.558333
2 0.553125 0.538889 0.545312 0.540278 0.543750 0.541667 0.542188 0.544444 0.541406 0.544444 0.540625 0.545833 0.539844 0.548611 0.539062 0.551389 0.539062 0.556944 0.538281 0.559722 0.536719 0.563889 0.532813 0.572222 0.532031 0.575000 0.531250 0.584722 0.531250 0.588889 0.532031 0.594444 0.532813 0.597222 0.533594 0.598611 0.534375 0.598611 0.535156 0.600000 0.535937 0.602778 0.535937 0.604167 0.536719 0.606944 0.537500 0.608333 0.538281 0.608333 0.539844 0.611111 0.545312 0.611111 0.547656 0.608333 0.554688 0.606944 0.567187 0.606944 0.567969 0.608333 0.575000 0.606944 0.580469 0.608333 0.584375 0.608333 0.585938 0.606944 0.589844 0.600000 0.589844 0.597222 0.589063 0.595833 0.589063 0.593056 0.590625 0.584722 0.589844 0.579167 0.586719 0.573611 0.585938 0.569444 0.585156 0.561111 0.583594 0.554167 0.582812 0.551389 0.581250 0.548611 0.581250 0.547222 0.580469 0.545833 0.578906 0.544444 0.577344 0.543056 0.571094 0.541667 0.568750 0.538889 0.553125 0.538889
2 0.438281 0.522222 0.442969 0.520833 0.457031 0.523611 0.459375 0.523611 0.462500 0.520833 0.464844 0.520833 0.474219 0.523611 0.485938 0.523611 0.484375 0.530556 0.482031 0.527778 0.478906 0.530556 0.484375 0.530556 0.485938 0.523611 0.487500 0.523611 0.493750 0.522222 0.494531 0.523611 0.496875 0.523611 0.494531 0.527778 0.493750 0.527778 0.492188 0.530556 0.493750 0.531944 0.494531 0.533333 0.501563 0.536111 0.504687 0.541667 0.507031 0.543056 0.508594 0.545833 0.513281 0.554167 0.515625 0.559722 0.517188 0.563889 0.521094 0.575000 0.524219 0.588889 0.527344 0.595833 0.531250 0.602778 0.532031 0.606944 0.535156 0.611111 0.535937 0.612500 0.536719 0.615278 0.536719 0.618056 0.537500 0.620833 0.540625 0.626389 0.541406 0.630556 0.542969 0.634722 0.542969 0.656944 0.543750 0.663889 0.548438 0.672222 0.549219 0.677778 0.550000 0.684722 0.550781 0.695833 0.551562 0.709722 0.551562 0.738889 0.550781 0.747222 0.549219 0.752778 0.549219 0.759722 0.546875 0.769444 0.546875 0.776389 0.547656 0.788889 0.546875 0.802778 0.546094 0.811111 0.545312 0.816667 0.544531 0.820833 0.542188 0.825000 0.540625 0.826389 0.537500 0.827778 0.535156 0.827778 0.532813 0.823611 0.532031 0.818056 0.529687 0.813889 0.528125 0.812500 0.526563 0.811111 0.518750 0.811111 0.513281 0.813889 0.509375 0.813889 0.506250 0.811111 0.502344 0.811111 0.499219 0.813889 0.493750 0.813889 0.492188 0.811111 0.490625 0.809722 0.486719 0.811111 0.485156 0.811111 0.470313 0.809722 0.467187 0.812500 0.453125 0.812500 0.441406 0.809722 0.438281 0.809722 0.433594 0.812500 0.429688 0.812500 0.421875 0.811111 0.411719 0.811111 0.407813 0.811111 0.404687 0.815278 0.403125 0.816667 0.396094 0.815278 0.390625 0.816667 0.388281 0.819444 0.386719 0.819444 0.385937 0.818056 0.384375 0.818056 0.377344 0.820833 0.372656 0.816667 0.371094 0.818056 0.367969 0.823611 0.366406 0.827778 0.366406 0.830556 0.369531 0.836111 0.371094 0.836111 0.367969 0.840278 0.364844 0.840278 0.363281 0.843056 0.350781 0.843056 0.345313 0.841667 0.342969 0.838889 0.337500 0.829167 0.335938 0.822222 0.335156 0.809722 0.335156 0.798611 0.333594 0.794444 0.332813 0.775000 0.332813 0.766667 0.333594 0.752778 0.332031 0.745833 0.332031 0.741667 0.332813 0.740278 0.332813 0.737500 0.332031 0.716667 0.332813 0.709722 0.334375 0.702778 0.334375 0.688889 0.335938 0.680556 0.335938 0.669444 0.337500 0.663889 0.337500 0.655556 0.339062 0.651389 0.339062 0.645833 0.339844 0.640278 0.342969 0.634722 0.343750 0.627778 0.344531 0.625000 0.348438 0.620833 0.350781 0.616667 0.352344 0.611111 0.356250 0.604167 0.357031 0.600000 0.357812 0.598611 0.363281 0.590278 0.364844 0.586111 0.365625 0.583333 0.363281 0.581944 0.360938 0.583333 0.359375 0.581944 0.357812 0.583333 0.356250 0.586111 0.346875 0.584722 0.344531 0.584722 0.338281 0.586111 0.335156 0.590278 0.333594 0.591667 0.328125 0.591667 0.306250 0.591667 0.305469 0.588889 0.304688 0.584722 0.303906 0.595833 0.303125 0.598611 0.302344 0.600000 0.300781 0.601389 0.298438 0.602778 0.287500 0.601389 0.285938 0.601389 0.282031 0.602778 0.280469 0.600000 0.278906 0.606944 0.277344 0.608333 0.274219 0.608333 0.271094 0.611111 0.251563 0.609722 0.236719 0.609722 0.232813 0.612500 0.228125 0.612500 0.226562 0.609722 0.225781 0.606944 0.225000 0.616667 0.224219 0.620833 0.223438 0.623611 0.221875 0.626389 0.221875 0.627778 0.218750 0.630556 0.215625 0.630556 0.213281 0.627778 0.212500 0.625000 0.210938 0.623611 0.206250 0.623611 0.203906 0.625000 0.199219 0.629167 0.196875 0.633333 0.193750 0.634722 0.189062 0.634722 0.186719 0.630556 0.185156 0.629167 0.180469 0.629167 0.177344 0.630556 0.173437 0.634722 0.171875 0.634722 0.169531 0.634722 0.167969 0.641667 0.165625 0.644444 0.157812 0.647222 0.156250 0.648611 0.153906 0.652778 0.151562 0.654167 0.149219 0.655556 0.142187 0.655556 0.139063 0.659722 0.135937 0.661111 0.122656 0.665278 0.110937 0.665278 0.107813 0.668056 0.105469 0.668056 0.104688 0.666667 0.102344 0.666667 0.074219 0.668056 0.071094 0.666667 0.068750 0.665278 0.067187 0.663889 0.064844 0.659722 0.064062 0.656944 0.064062 0.643056 0.062500 0.640278 0.064062 0.638889 0.065625 0.636111 0.064844 0.612500 0.063281 0.623611 0.064062 0.638889 0.062500 0.640278 0.062500 0.662500 0.060937 0.670833 0.060937 0.677778 0.057813 0.683333 0.056250 0.684722 0.053906 0.686111 0.042188 0.686111 0.039844 0.687500 0.037500 0.690278 0.033594 0.691667 0.028906 0.688889 0.025000 0.688889 0.022656 0.691667 0.014844 0.691667 0.013281 0.688889 0.000000 0.688889 0.000000 0.577778 0.005469 0.577778 0.009375 0.575000 0.021094 0.572222 0.032813 0.577778 0.035156 0.579167 0.036719 0.580556 0.038281 0.583333 0.039844 0.583333 0.041406 0.584722 0.046875 0.590278 0.049219 0.594444 0.051562 0.597222 0.053125 0.598611 0.056250 0.600000 0.059375 0.602778 0.061719 0.606944 0.062500 0.601389 0.061719 0.597222 0.060937 0.593056 0.059375 0.590278 0.058594 0.586111 0.061719 0.581944 0.062500 0.579167 0.062500 0.576389 0.064062 0.572222 0.065625 0.569444 0.069531 0.563889 0.073438 0.559722 0.075000 0.558333 0.080469 0.556944 0.088281 0.556944 0.100000 0.552778 0.116406 0.552778 0.122656 0.551389 0.126562 0.548611 0.136719 0.548611 0.137500 0.547222 0.146875 0.547222 0.153906 0.548611 0.157031 0.550000 0.159375 0.551389 0.161719 0.554167 0.163281 0.558333 0.164062 0.555556 0.165625 0.552778 0.167187 0.551389 0.173437 0.550000 0.183594 0.550000 0.188281 0.547222 0.198437 0.545833 0.208594 0.545833 0.212500 0.548611 0.218750 0.559722 0.224219 0.573611 0.224219 0.577778 0.225781 0.583333 0.228906 0.577778 0.231250 0.576389 0.232813 0.573611 0.233594 0.569444 0.234375 0.566667 0.235156 0.565278 0.236719 0.563889 0.239844 0.561111 0.242969 0.559722 0.246094 0.558333 0.267188 0.558333 0.269531 0.561111 0.271094 0.563889 0.271094 0.558333 0.273438 0.558333 0.274219 0.556944 0.281250 0.555556 0.284375 0.555556 0.289844 0.556944 0.293750 0.558333 0.297656 0.563889 0.299219 0.566667 0.299219 0.568056 0.300781 0.570833 0.301563 0.566667 0.301563 0.558333 0.306250 0.550000 0.309375 0.548611 0.321094 0.547222 0.325781 0.547222 0.330469 0.555556 0.332813 0.545833 0.337500 0.544444 0.348438 0.543056 0.352344 0.545833 0.355469 0.552778 0.358594 0.551389 0.361719 0.551389 0.365625 0.556944 0.368750 0.562500 0.367969 0.570833 0.368750 0.573611 0.373437 0.565278 0.373437 0.562500 0.378906 0.551389 0.379688 0.550000 0.384375 0.541667 0.389062 0.537500 0.392969 0.537500 0.399219 0.533333 0.407031 0.531944 0.419531 0.531944 0.421094 0.530556 0.423438 0.526389 0.426563 0.526389 0.430469 0.520833 0.438281 0.522222
2 0.763281 0.505556 0.759375 0.508333 0.750781 0.506944 0.740625 0.508333 0.733594 0.509722 0.726562 0.511111 0.721094 0.515278 0.718750 0.515278 0.715625 0.518056 0.715625 0.519444 0.714063 0.520833 0.712500 0.523611 0.711719 0.527778 0.711719 0.531944 0.713281 0.534722 0.717187 0.534722 0.720313 0.530556 0.722656 0.531944 0.726562 0.536111 0.732031 0.536111 0.735156 0.540278 0.736719 0.541667 0.747656 0.541667 0.751563 0.536111 0.756250 0.534722 0.760938 0.536111 0.767188 0.533333 0.778906 0.533333 0.781250 0.531944 0.782813 0.530556 0.782813 0.522222 0.782031 0.519444 0.781250 0.516667 0.779687 0.512500 0.777344 0.508333 0.774219 0.506944 0.766406 0.505556 0.763281 0.505556
19 0.903906 0.806944 0.906250 0.808333 0.907031 0.809722 0.909375 0.809722 0.910937 0.812500 0.912500 0.813889 0.914062 0.813889 0.912500 0.812500 0.907813 0.808333 0.905469 0.808333 0.903906 0.806944
19 0.878906 0.748611 0.876563 0.750000 0.874219 0.751389 0.876563 0.752778 0.878906 0.748611
19 0.910156 0.736111 0.908594 0.737500 0.907813 0.738889 0.904687 0.740278 0.897656 0.740278 0.903906 0.741667 0.907813 0.741667 0.909375 0.738889 0.910156 0.736111
19 0.999219 0.698611 0.999219 0.745833 0.996094 0.745833 0.992188 0.729167 0.994531 0.725000 0.996875 0.723611 0.990625 0.723611 0.989062 0.727778 0.992188 0.729167 0.996094 0.745833 0.979688 0.744444 0.981250 0.741667 0.978906 0.740278 0.976562 0.737500 0.977344 0.734722 0.978906 0.733333 0.978125 0.729167 0.975781 0.723611 0.975781 0.723611 0.978906 0.730556 0.982031 0.727778 0.983594 0.725000 0.978906 0.723611 0.976562 0.720833 0.975781 0.723611 0.975781 0.723611 0.975781 0.719444 0.974219 0.718056 0.974219 0.708333 0.979688 0.704167 0.987500 0.704167 0.991406 0.702778 0.995313 0.700000 0.999219 0.698611
19 0.038281 0.690278 0.037500 0.691667 0.032031 0.691667 0.038281 0.693056 0.039844 0.690278 0.038281 0.690278
19 0.918750 0.688889 0.918750 0.708333 0.917188 0.712500 0.916406 0.718056 0.916406 0.723611 0.915625 0.727778 0.912500 0.733333 0.910156 0.743056 0.911719 0.743056 0.912500 0.740278 0.914062 0.743056 0.916406 0.738889 0.916406 0.737500 0.918750 0.733333 0.917969 0.730556 0.919531 0.727778 0.920312 0.720833 0.920312 0.688889 0.918750 0.688889
19 0.049219 0.688889 0.046875 0.690278 0.042188 0.690278 0.044531 0.693056 0.046875 0.691667 0.046875 0.690278 0.050781 0.687500 0.049219 0.688889
19 0.801562 0.684722 0.803125 0.687500 0.802344 0.691667 0.805469 0.688889 0.803906 0.687500 0.801562 0.684722
19 0.853125 0.670833 0.853906 0.673611 0.855469 0.673611 0.856250 0.675000 0.858594 0.675000 0.861719 0.677778 0.864844 0.679167 0.882812 0.680556 0.884375 0.680556 0.900000 0.679167 0.884375 0.677778 0.878125 0.679167 0.876563 0.679167 0.868750 0.676389 0.860156 0.676389 0.856250 0.675000 0.853125 0.670833
19 0.788281 0.659722 0.789062 0.662500 0.790625 0.665278 0.791406 0.668056 0.792188 0.672222 0.794531 0.669444 0.793750 0.666667 0.789844 0.661111 0.788281 0.659722
19 0.821875 0.655556 0.825781 0.655556 0.826562 0.656944 0.832031 0.656944 0.836719 0.661111 0.844531 0.661111 0.839063 0.661111 0.839063 0.658333 0.836719 0.658333 0.835938 0.656944 0.827344 0.656944 0.826562 0.655556 0.821875 0.655556
19 0.812500 0.652778 0.817187 0.652778 0.817969 0.654167 0.819531 0.654167 0.817969 0.652778 0.812500 0.652778
19 0.064062 0.637500 0.062500 0.641667 0.063281 0.651389 0.062500 0.641667 0.063281 0.638889 0.064844 0.636111 0.064062 0.637500
19 0.714063 0.601389 0.714844 0.605556 0.716406 0.606944 0.717969 0.606944 0.720313 0.609722 0.724219 0.609722 0.728125 0.612500 0.733594 0.612500 0.730469 0.612500 0.727344 0.611111 0.723437 0.605556 0.722656 0.604167 0.721875 0.601389 0.720313 0.604167 0.718750 0.604167 0.717969 0.602778 0.715625 0.602778 0.714063 0.601389
19 0.604688 0.590278 0.605469 0.594444 0.607812 0.597222 0.609375 0.597222 0.607812 0.594444 0.607031 0.594444 0.606250 0.590278 0.604688 0.590278
19 0.528906 0.561111 0.531250 0.563889 0.534375 0.562500 0.535937 0.563889 0.534375 0.566667 0.534375 0.568056 0.532031 0.572222 0.531250 0.575000 0.530469 0.584722 0.530469 0.588889 0.531250 0.594444 0.532031 0.597222 0.534375 0.600000 0.535937 0.606944 0.537500 0.609722 0.539844 0.612500 0.545312 0.612500 0.547656 0.609722 0.554688 0.608333 0.559375 0.608333 0.567187 0.608333 0.567969 0.609722 0.575000 0.608333 0.579688 0.608333 0.580469 0.609722 0.579688 0.611111 0.578125 0.612500 0.579688 0.615278 0.581250 0.613889 0.579688 0.611111 0.580469 0.609722 0.585938 0.611111 0.584375 0.612500 0.586719 0.613889 0.587500 0.609722 0.589063 0.608333 0.594531 0.611111 0.600000 0.611111 0.600781 0.609722 0.603906 0.609722 0.600781 0.609722 0.598437 0.611111 0.596875 0.613889 0.592187 0.612500 0.591406 0.611111 0.588281 0.611111 0.586719 0.613889 0.591406 0.616667 0.592969 0.619444 0.597656 0.618056 0.603125 0.626389 0.607031 0.626389 0.609375 0.630556 0.612500 0.633333 0.614062 0.633333 0.619531 0.634722 0.622656 0.636111 0.624219 0.637500 0.625781 0.640278 0.625781 0.641667 0.630469 0.643056 0.632812 0.644444 0.634375 0.645833 0.635938 0.650000 0.638281 0.651389 0.641406 0.652778 0.650781 0.652778 0.653125 0.655556 0.654687 0.655556 0.655469 0.652778 0.658594 0.652778 0.660156 0.654167 0.661719 0.656944 0.661719 0.658333 0.662500 0.659722 0.664062 0.661111 0.667188 0.662500 0.670312 0.661111 0.672656 0.665278 0.672656 0.669444 0.675000 0.670833 0.677344 0.673611 0.682813 0.675000 0.685156 0.677778 0.687500 0.679167 0.691406 0.679167 0.693750 0.680556 0.697656 0.683333 0.700781 0.687500 0.705469 0.686111 0.705469 0.688889 0.707031 0.690278 0.708594 0.691667 0.712500 0.690278 0.710938 0.688889 0.712500 0.690278 0.714063 0.691667 0.717969 0.693056 0.721875 0.695833 0.724219 0.698611 0.725000 0.698611 0.727344 0.701389 0.725781 0.700000 0.724219 0.700000 0.721875 0.697222 0.720313 0.695833 0.718750 0.697222 0.719531 0.700000 0.720313 0.701389 0.721875 0.702778 0.725000 0.705556 0.728125 0.706944 0.732031 0.705556 0.734375 0.706944 0.732031 0.708333 0.736719 0.708333 0.736719 0.711111 0.738281 0.711111 0.739844 0.713889 0.743750 0.713889 0.746875 0.716667 0.749219 0.716667 0.755469 0.713889 0.750781 0.712500 0.751563 0.709722 0.753906 0.712500 0.757812 0.712500 0.759375 0.709722 0.759375 0.712500 0.761719 0.712500 0.765625 0.716667 0.767969 0.718056 0.771094 0.716667 0.770312 0.720833 0.772656 0.722222 0.780469 0.720833 0.783594 0.723611 0.782813 0.726389 0.787500 0.726389 0.792188 0.729167 0.794531 0.730556 0.796094 0.734722 0.798438 0.733333 0.800781 0.734722 0.803906 0.737500 0.803906 0.740278 0.808594 0.740278 0.810156 0.738889 0.814844 0.730556 0.813281 0.727778 0.812500 0.725000 0.814063 0.720833 0.810156 0.718056 0.807031 0.716667 0.807031 0.712500 0.807813 0.708333 0.807031 0.698611 0.809375 0.698611 0.810937 0.697222 0.812500 0.694444 0.814844 0.693056 0.821094 0.693056 0.825000 0.690278 0.823438 0.687500 0.821094 0.687500 0.822656 0.686111 0.818750 0.684722 0.816406 0.681944 0.812500 0.680556 0.806250 0.680556 0.804688 0.679167 0.805469 0.675000 0.807031 0.672222 0.805469 0.670833 0.805469 0.666667 0.808594 0.666667 0.810937 0.662500 0.812500 0.661111 0.817969 0.663889 0.819531 0.662500 0.819531 0.665278 0.825000 0.666667 0.826562 0.666667 0.828906 0.670833 0.832031 0.670833 0.835156 0.673611 0.841406 0.675000 0.845313 0.676389 0.847656 0.679167 0.852344 0.679167 0.855469 0.681944 0.855469 0.686111 0.859375 0.688889 0.861719 0.688889 0.860156 0.690278 0.866406 0.693056 0.867969 0.693056 0.876563 0.691667 0.871875 0.693056 0.891406 0.693056 0.899219 0.693056 0.910937 0.694444 0.911719 0.691667 0.913281 0.690278 0.915625 0.688889 0.917188 0.694444 0.911719 0.693056 0.907813 0.694444 0.904687 0.697222 0.911719 0.698611 0.911719 0.706944 0.910156 0.718056 0.907813 0.726389 0.906250 0.729167 0.904687 0.727778 0.899219 0.730556 0.892969 0.730556 0.886719 0.731944 0.883594 0.734722 0.881250 0.734722 0.878906 0.737500 0.876563 0.738889 0.866406 0.743056 0.864844 0.744444 0.863281 0.745833 0.862500 0.750000 0.861719 0.747222 0.860156 0.752778 0.858594 0.755556 0.856250 0.755556 0.853906 0.755556 0.852344 0.761111 0.852344 0.779167 0.853906 0.781944 0.853906 0.784722 0.854688 0.787500 0.857031 0.788889 0.860938 0.793056 0.864844 0.795833 0.869531 0.797222 0.878125 0.795833 0.876563 0.794444 0.878125 0.793056 0.878906 0.794444 0.881250 0.794444 0.886719 0.798611 0.889062 0.798611 0.882812 0.800000 0.885938 0.802778 0.889062 0.804167 0.892969 0.804167 0.897656 0.806944 0.900000 0.808333 0.904687 0.816667 0.911719 0.816667 0.914844 0.820833 0.920312 0.822222 0.921875 0.825000 0.923438 0.826389 0.928906 0.826389 0.930469 0.827778 0.932031 0.830556 0.934375 0.831944 0.936719 0.831944 0.939063 0.834722 0.940625 0.834722 0.941406 0.833333 0.942969 0.833333 0.947656 0.836111 0.949219 0.838889 0.949219 0.841667 0.950781 0.844444 0.954688 0.843056 0.958594 0.844444 0.961719 0.845833 0.965625 0.847222 0.970313 0.855556 0.976562 0.856944 0.978125 0.858333 0.979688 0.861111 0.981250 0.861111 0.983594 0.863889 0.985156 0.866667 0.987500 0.869444 0.993750 0.873611 0.996094 0.875000 0.999219 0.875000 0.999219 0.998611 0.645312 0.998611 0.628906 0.995833 0.589063 0.987500 0.564844 0.983333 0.545312 0.981944 0.486719 0.977778 0.447656 0.975000 0.335938 0.973611 0.260937 0.976389 0.223438 0.977778 0.151562 0.986111 0.109375 0.990278 0.093750 0.991667 0.062500 0.994444 0.046875 0.994444 0.030469 0.997222 0.014844 0.998611 0.000000 0.998611 0.000000 0.690278 0.009375 0.690278 0.010937 0.693056 0.013281 0.694444 0.014844 0.698611 0.016406 0.697222 0.017969 0.700000 0.020313 0.701389 0.024219 0.700000 0.025781 0.702778 0.032813 0.702778 0.035937 0.700000 0.046094 0.698611 0.050781 0.695833 0.049219 0.697222 0.048438 0.698611 0.042969 0.698611 0.041406 0.701389 0.042188 0.702778 0.039062 0.701389 0.038281 0.702778 0.035156 0.704167 0.040625 0.705556 0.042188 0.702778 0.041406 0.701389 0.047656 0.702778 0.050000 0.700000 0.053125 0.700000 0.054688 0.698611 0.054688 0.694444 0.053125 0.695833 0.054688 0.693056 0.054688 0.690278 0.056250 0.688889 0.059375 0.687500 0.061719 0.688889 0.063281 0.691667 0.065625 0.693056 0.067969 0.690278 0.068750 0.688889 0.070312 0.688889 0.077344 0.688889 0.074219 0.686111 0.070312 0.686111 0.077344 0.684722 0.077344 0.683333 0.078125 0.681944 0.081250 0.681944 0.082812 0.680556 0.084375 0.677778 0.085938 0.677778 0.089063 0.672222 0.089063 0.669444 0.092969 0.669444 0.094531 0.670833 0.095312 0.673611 0.092969 0.672222 0.091406 0.675000 0.091406 0.676389 0.089844 0.679167 0.086719 0.681944 0.083594 0.683333 0.080469 0.684722 0.077344 0.684722 0.082812 0.688889 0.085156 0.687500 0.087500 0.684722 0.093750 0.683333 0.093750 0.680556 0.097656 0.680556 0.103125 0.676389 0.106250 0.673611 0.104688 0.672222 0.106250 0.670833 0.108594 0.668056 0.110937 0.666667 0.115625 0.668056 0.117969 0.668056 0.122656 0.666667 0.127344 0.663889 0.132031 0.662500 0.135156 0.663889 0.136719 0.663889 0.137500 0.661111 0.145313 0.662500 0.150781 0.661111 0.156250 0.656944 0.158594 0.656944 0.162500 0.654167 0.164844 0.651389 0.166406 0.648611 0.166406 0.644444 0.163281 0.647222 0.160938 0.648611 0.162500 0.647222 0.163281 0.645833 0.165625 0.645833 0.167187 0.643056 0.167969 0.643056 0.168750 0.641667 0.169531 0.637500 0.170313 0.634722 0.173437 0.636111 0.177344 0.631944 0.180469 0.630556 0.185156 0.630556 0.186719 0.631944 0.189062 0.636111 0.193750 0.636111 0.194531 0.637500 0.192188 0.637500 0.186719 0.634722 0.182812 0.637500 0.178906 0.636111 0.177344 0.636111 0.174219 0.640278 0.180469 0.644444 0.181250 0.645833 0.186719 0.644444 0.187500 0.644444 0.192969 0.640278 0.194531 0.641667 0.196094 0.638889 0.200000 0.637500 0.200000 0.636111 0.204687 0.637500 0.207813 0.633333 0.209375 0.633333 0.210938 0.631944 0.210156 0.626389 0.206250 0.627778 0.204687 0.629167 0.201563 0.633333 0.200000 0.636111 0.200000 0.637500 0.194531 0.637500 0.193750 0.636111 0.196875 0.634722 0.199219 0.630556 0.203906 0.626389 0.206250 0.625000 0.210938 0.625000 0.212500 0.626389 0.213281 0.629167 0.214062 0.629167 0.215625 0.631944 0.218750 0.631944 0.221094 0.630556 0.222656 0.627778 0.224219 0.623611 0.225000 0.620833 0.225781 0.616667 0.225781 0.608333 0.228125 0.613889 0.232813 0.613889 0.235937 0.611111 0.251563 0.611111 0.271094 0.612500 0.274219 0.609722 0.277344 0.609722 0.278906 0.608333 0.280469 0.605556 0.280469 0.601389 0.282031 0.604167 0.285938 0.602778 0.287500 0.602778 0.298438 0.604167 0.300781 0.602778 0.302344 0.601389 0.303906 0.598611 0.304688 0.595833 0.304688 0.586111 0.304688 0.588889 0.305469 0.591667 0.328125 0.593056 0.333594 0.593056 0.335156 0.591667 0.338281 0.587500 0.344531 0.586111 0.346875 0.586111 0.356250 0.587500 0.357812 0.584722 0.359375 0.583333 0.360938 0.584722 0.363281 0.583333 0.364844 0.581944 0.366406 0.579167 0.364844 0.581944 0.364063 0.586111 0.362500 0.590278 0.357812 0.597222 0.356250 0.600000 0.355469 0.604167 0.351562 0.611111 0.350000 0.616667 0.348438 0.619444 0.344531 0.623611 0.343750 0.625000 0.342969 0.627778 0.342187 0.634722 0.339062 0.640278 0.338281 0.645833 0.338281 0.651389 0.336719 0.655556 0.336719 0.663889 0.335156 0.669444 0.335156 0.680556 0.333594 0.688889 0.333594 0.702778 0.332031 0.709722 0.331250 0.716667 0.332031 0.737500 0.332031 0.740278 0.331250 0.741667 0.331250 0.745833 0.332813 0.752778 0.332031 0.766667 0.332031 0.775000 0.332813 0.794444 0.334375 0.798611 0.334375 0.809722 0.335156 0.822222 0.336719 0.829167 0.342969 0.840278 0.345313 0.843056 0.350781 0.844444 0.363281 0.844444 0.364844 0.841667 0.367969 0.841667 0.371875 0.836111 0.373437 0.836111 0.379688 0.836111 0.378125 0.834722 0.377344 0.833333 0.375781 0.833333 0.375000 0.834722 0.373437 0.836111 0.371875 0.836111 0.369531 0.834722 0.367188 0.830556 0.367188 0.827778 0.368750 0.823611 0.371094 0.819444 0.372656 0.818056 0.376563 0.822222 0.384375 0.819444 0.385937 0.819444 0.386719 0.820833 0.388281 0.820833 0.390625 0.818056 0.395313 0.816667 0.403125 0.818056 0.404687 0.816667 0.407813 0.812500 0.411719 0.812500 0.421875 0.812500 0.429688 0.813889 0.433594 0.813889 0.438281 0.811111 0.441406 0.811111 0.453125 0.813889 0.467187 0.813889 0.470313 0.811111 0.485156 0.812500 0.486719 0.812500 0.490625 0.811111 0.492188 0.812500 0.493750 0.815278 0.499219 0.815278 0.502344 0.812500 0.506250 0.812500 0.509375 0.815278 0.513281 0.815278 0.518750 0.812500 0.526563 0.812500 0.528125 0.813889 0.529687 0.815278 0.531250 0.818056 0.532031 0.820833 0.532031 0.823611 0.535156 0.829167 0.537500 0.829167 0.540625 0.827778 0.542188 0.826389 0.545312 0.820833 0.546094 0.816667 0.546875 0.811111 0.547656 0.802778 0.548438 0.788889 0.547656 0.776389 0.547656 0.769444 0.550000 0.759722 0.550000 0.752778 0.551562 0.747222 0.552344 0.738889 0.552344 0.709722 0.551562 0.695833 0.550781 0.684722 0.550000 0.677778 0.549219 0.672222 0.544531 0.663889 0.543750 0.656944 0.543750 0.634722 0.542188 0.630556 0.541406 0.626389 0.538281 0.620833 0.537500 0.618056 0.536719 0.611111 0.534375 0.609722 0.532813 0.606944 0.532031 0.602778 0.528125 0.595833 0.525000 0.588889 0.523438 0.580556 0.521875 0.575000 0.518750 0.568056 0.519531 0.563889 0.521094 0.565278 0.524219 0.563889 0.526563 0.561111 0.528906 0.561111
