2 0.481250 0.579167 0.478906 0.580556 0.476562 0.584722 0.475781 0.587500 0.475000 0.590278 0.474219 0.594444 0.475000 0.602778 0.477344 0.604167 0.481250 0.604167 0.492188 0.604167 0.493750 0.602778 0.495312 0.598611 0.494531 0.593056 0.493750 0.588889 0.492969 0.584722 0.490625 0.580556 0.489063 0.579167 0.481250 0.579167
2 0.530469 0.572222 0.523438 0.573611 0.519531 0.576389 0.517969 0.577778 0.516406 0.579167 0.513281 0.584722 0.512500 0.588889 0.512500 0.606944 0.514844 0.613889 0.515625 0.615278 0.517188 0.616667 0.525781 0.618056 0.529687 0.616667 0.542969 0.619444 0.545312 0.619444 0.546875 0.618056 0.548438 0.615278 0.547656 0.594444 0.548438 0.588889 0.548438 0.586111 0.546875 0.581944 0.544531 0.577778 0.542188 0.575000 0.540625 0.573611 0.534375 0.572222 0.530469 0.572222
2 0.410156 0.563889 0.409375 0.565278 0.399219 0.565278 0.396875 0.569444 0.396094 0.572222 0.395313 0.580556 0.395313 0.605556 0.396875 0.608333 0.399219 0.609722 0.406250 0.609722 0.419531 0.608333 0.421094 0.605556 0.422656 0.600000 0.423438 0.604167 0.422656 0.606944 0.423438 0.612500 0.425000 0.619444 0.426563 0.622222 0.429688 0.622222 0.435156 0.620833 0.439063 0.618056 0.453906 0.619444 0.457031 0.622222 0.460938 0.623611 0.462500 0.623611 0.464844 0.622222 0.466406 0.620833 0.466406 0.609722 0.467187 0.608333 0.467187 0.591667 0.465625 0.584722 0.464844 0.584722 0.463281 0.581944 0.462500 0.581944 0.461719 0.580556 0.460938 0.579167 0.460156 0.577778 0.458594 0.572222 0.457031 0.570833 0.455469 0.569444 0.450000 0.568056 0.439063 0.568056 0.435937 0.570833 0.432812 0.570833 0.429688 0.572222 0.428125 0.573611 0.425000 0.579167 0.424219 0.584722 0.423438 0.593056 0.422656 0.570833 0.421094 0.565278 0.419531 0.563889 0.410156 0.563889
2 0.342969 0.563889 0.336719 0.565278 0.332813 0.569444 0.330469 0.572222 0.325000 0.583333 0.324219 0.586111 0.323437 0.597222 0.323437 0.608333 0.324219 0.613889 0.328125 0.620833 0.329688 0.622222 0.335938 0.619444 0.342187 0.619444 0.352344 0.622222 0.357031 0.622222 0.373437 0.622222 0.377344 0.622222 0.380469 0.619444 0.380469 0.595833 0.379688 0.588889 0.378906 0.586111 0.378125 0.583333 0.375781 0.579167 0.369531 0.569444 0.367969 0.568056 0.365625 0.566667 0.363281 0.565278 0.357031 0.563889 0.342969 0.563889
21 0.770312 0.626389 0.769531 0.627778 0.767188 0.627778 0.771875 0.627778 0.772656 0.629167 0.775781 0.627778 0.771875 0.626389 0.770312 0.626389
21 0.742969 0.623611 0.750000 0.623611 0.750781 0.625000 0.758594 0.625000 0.759375 0.626389 0.765625 0.626389 0.762500 0.626389 0.761719 0.625000 0.755469 0.623611 0.742969 0.623611
21 0.728906 0.619444 0.734375 0.619444 0.738281 0.622222 0.741406 0.622222 0.739062 0.622222 0.738281 0.620833 0.735156 0.619444 0.728906 0.619444
21 0.383594 0.611111 0.385156 0.612500 0.386719 0.612500 0.388281 0.611111 0.383594 0.611111
21 0.735156 0.601389 0.733594 0.602778 0.732031 0.606944 0.735938 0.605556 0.735156 0.601389
21 0.464062 0.581944 0.467187 0.586111 0.467187 0.590278 0.467969 0.593056 0.471094 0.595833 0.473438 0.595833 0.474219 0.591667 0.468750 0.590278 0.467969 0.586111 0.466406 0.583333 0.464062 0.581944
21 0.377344 0.580556 0.378906 0.583333 0.379688 0.586111 0.380469 0.588889 0.381250 0.595833 0.381250 0.602778 0.391406 0.602778 0.394531 0.600000 0.394531 0.590278 0.392188 0.587500 0.390625 0.586111 0.386719 0.584722 0.384375 0.580556 0.377344 0.580556
21 0.482031 0.573611 0.480469 0.576389 0.475000 0.576389 0.470313 0.577778 0.469531 0.579167 0.467187 0.579167 0.469531 0.581944 0.469531 0.583333 0.471094 0.584722 0.475000 0.577778 0.478125 0.576389 0.481250 0.576389 0.482031 0.575000 0.483594 0.573611 0.482031 0.573611
21 0.291406 0.568056 0.291406 0.572222 0.296875 0.570833 0.299219 0.575000 0.296875 0.575000 0.295312 0.576389 0.300000 0.576389 0.301563 0.573611 0.300000 0.572222 0.299219 0.570833 0.293750 0.570833 0.291406 0.568056
21 0.518750 0.554167 0.517969 0.556944 0.509375 0.555556 0.508594 0.556944 0.504687 0.556944 0.506250 0.558333 0.510938 0.556944 0.514062 0.558333 0.512500 0.559722 0.511719 0.561111 0.508594 0.561111 0.510938 0.565278 0.510938 0.570833 0.510156 0.580556 0.512500 0.584722 0.516406 0.577778 0.517969 0.576389 0.519531 0.575000 0.522656 0.573611 0.525000 0.572222 0.525000 0.568056 0.524219 0.562500 0.522656 0.558333 0.521875 0.554167 0.518750 0.554167
21 0.400000 0.551389 0.400000 0.556944 0.403125 0.562500 0.404687 0.563889 0.409375 0.563889 0.419531 0.562500 0.420312 0.563889 0.421875 0.563889 0.420312 0.563889 0.419531 0.562500 0.417187 0.562500 0.412500 0.561111 0.406250 0.558333 0.402344 0.552778 0.400000 0.551389
21 0.385156 0.544444 0.383594 0.547222 0.383594 0.550000 0.382031 0.552778 0.381250 0.555556 0.381250 0.565278 0.382812 0.570833 0.385156 0.566667 0.383594 0.565278 0.384375 0.562500 0.386719 0.556944 0.384375 0.555556 0.385156 0.550000 0.386719 0.544444 0.385156 0.544444
21 0.554688 0.544444 0.556250 0.547222 0.557813 0.547222 0.558594 0.544444 0.557031 0.544444 0.554688 0.544444
21 0.597656 0.538889 0.597656 0.543056 0.599219 0.547222 0.600781 0.548611 0.600000 0.540278 0.599219 0.540278 0.597656 0.538889
21 0.585156 0.533333 0.588281 0.534722 0.586719 0.534722 0.585156 0.533333
21 0.335938 0.527778 0.337500 0.529167 0.341406 0.531944 0.342969 0.534722 0.345313 0.536111 0.346094 0.540278 0.345313 0.541667 0.345313 0.545833 0.346875 0.548611 0.346875 0.551389 0.345313 0.554167 0.342187 0.556944 0.337500 0.559722 0.335938 0.562500 0.333594 0.562500 0.328125 0.558333 0.325000 0.563889 0.320312 0.565278 0.317188 0.573611 0.313281 0.575000 0.312500 0.573611 0.307812 0.575000 0.306250 0.575000 0.303906 0.573611 0.305469 0.575000 0.306250 0.576389 0.311719 0.576389 0.316406 0.579167 0.321875 0.579167 0.323437 0.581944 0.323437 0.588889 0.324219 0.583333 0.329688 0.572222 0.330469 0.570833 0.331250 0.570833 0.332813 0.568056 0.336719 0.563889 0.342969 0.562500 0.358594 0.563889 0.357812 0.561111 0.357812 0.558333 0.355469 0.551389 0.353906 0.547222 0.351562 0.541667 0.348438 0.536111 0.350000 0.533333 0.348438 0.531944 0.345313 0.529167 0.341406 0.527778 0.335938 0.527778
21 0.093750 0.523611 0.095312 0.526389 0.096094 0.523611 0.093750 0.523611
21 0.017188 0.522222 0.017188 0.526389 0.018750 0.525000 0.018750 0.520833 0.017188 0.522222
21 0.022656 0.509722 0.017188 0.509722 0.014844 0.513889 0.012500 0.513889 0.008594 0.512500 0.006250 0.516667 0.003906 0.522222 0.002344 0.523611 0.000000 0.525000 0.001563 0.525000 0.002344 0.526389 0.006250 0.526389 0.007031 0.527778 0.010937 0.527778 0.011719 0.529167 0.014844 0.529167 0.014844 0.526389 0.014844 0.519444 0.013281 0.516667 0.014844 0.515278 0.015625 0.513889 0.017969 0.515278 0.017969 0.516667 0.018750 0.513889 0.020313 0.511111 0.021875 0.511111 0.024219 0.512500 0.026562 0.516667 0.024219 0.520833 0.024219 0.526389 0.025000 0.531944 0.017969 0.533333 0.016406 0.533333 0.010156 0.531944 0.010937 0.534722 0.011719 0.531944 0.012500 0.536111 0.014063 0.534722 0.014844 0.531944 0.015625 0.534722 0.020313 0.534722 0.023438 0.540278 0.025000 0.540278 0.027344 0.543056 0.028906 0.545833 0.029687 0.548611 0.031250 0.544444 0.032031 0.551389 0.032813 0.548611 0.031250 0.544444 0.031250 0.536111 0.029687 0.531944 0.029687 0.527778 0.031250 0.523611 0.031250 0.520833 0.030469 0.519444 0.030469 0.515278 0.025781 0.506944 0.022656 0.509722
21 0.611719 0.504167 0.615625 0.511111 0.617188 0.513889 0.617969 0.513889 0.618750 0.518056 0.616406 0.523611 0.616406 0.530556 0.617969 0.534722 0.617969 0.537500 0.620313 0.538889 0.628906 0.538889 0.630469 0.538889 0.634375 0.533333 0.635938 0.533333 0.636719 0.530556 0.637500 0.533333 0.638281 0.530556 0.639844 0.527778 0.641406 0.527778 0.642188 0.525000 0.643750 0.525000 0.649219 0.525000 0.651563 0.525000 0.652344 0.526389 0.655469 0.525000 0.656250 0.529167 0.657813 0.526389 0.660156 0.523611 0.662500 0.523611 0.662500 0.530556 0.667969 0.533333 0.669531 0.533333 0.671094 0.531944 0.669531 0.523611 0.671875 0.520833 0.672656 0.516667 0.675000 0.516667 0.677344 0.520833 0.679688 0.516667 0.681250 0.516667 0.684375 0.520833 0.682813 0.523611 0.681250 0.520833 0.679688 0.523611 0.681250 0.526389 0.682813 0.523611 0.684375 0.520833 0.686719 0.518056 0.686719 0.516667 0.687500 0.515278 0.689844 0.513889 0.691406 0.511111 0.692969 0.509722 0.697656 0.511111 0.700000 0.512500 0.701562 0.515278 0.702344 0.515278 0.702344 0.529167 0.703906 0.533333 0.703906 0.536111 0.705469 0.538889 0.707812 0.536111 0.710938 0.537500 0.711719 0.533333 0.711719 0.536111 0.715625 0.537500 0.717969 0.534722 0.718750 0.544444 0.719531 0.550000 0.721094 0.552778 0.725781 0.555556 0.727344 0.558333 0.727344 0.561111 0.725781 0.563889 0.726562 0.566667 0.730469 0.570833 0.730469 0.584722 0.727344 0.590278 0.728125 0.601389 0.728906 0.593056 0.728906 0.597222 0.732031 0.594444 0.731250 0.602778 0.730469 0.602778 0.730469 0.606944 0.729688 0.611111 0.727344 0.612500 0.725781 0.615278 0.727344 0.618056 0.725000 0.618056 0.722656 0.616667 0.721094 0.613889 0.719531 0.612500 0.715625 0.612500 0.708594 0.613889 0.714063 0.613889 0.714844 0.612500 0.719531 0.612500 0.721875 0.615278 0.725781 0.613889 0.723437 0.609722 0.718750 0.608333 0.714063 0.608333 0.702344 0.611111 0.707031 0.612500 0.702344 0.612500 0.701562 0.611111 0.695312 0.609722 0.686719 0.608333 0.684375 0.608333 0.683594 0.609722 0.679688 0.609722 0.684375 0.608333 0.678125 0.608333 0.674219 0.606944 0.668750 0.608333 0.667969 0.605556 0.664844 0.606944 0.625000 0.605556 0.620313 0.604167 0.618750 0.601389 0.617188 0.601389 0.611719 0.601389 0.610156 0.602778 0.607031 0.600000 0.599219 0.601389 0.595313 0.601389 0.594531 0.598611 0.589844 0.597222 0.582031 0.595833 0.562500 0.595833 0.561719 0.598611 0.559375 0.598611 0.558594 0.597222 0.555469 0.597222 0.553125 0.594444 0.549219 0.597222 0.550000 0.600000 0.551562 0.601389 0.550000 0.602778 0.549219 0.598611 0.548438 0.594444 0.549219 0.588889 0.549219 0.586111 0.547656 0.581944 0.544531 0.576389 0.542188 0.573611 0.540625 0.572222 0.539062 0.572222 0.539844 0.569444 0.541406 0.572222 0.542969 0.572222 0.546875 0.579167 0.548438 0.575000 0.546875 0.569444 0.545312 0.566667 0.540625 0.566667 0.539062 0.565278 0.539062 0.554167 0.541406 0.554167 0.542188 0.552778 0.545312 0.552778 0.546094 0.545833 0.543750 0.541667 0.543750 0.537500 0.550000 0.536111 0.551562 0.530556 0.553906 0.526389 0.556250 0.523611 0.557031 0.523611 0.558594 0.522222 0.557031 0.523611 0.557813 0.529167 0.559375 0.530556 0.561719 0.529167 0.562500 0.534722 0.560156 0.533333 0.559375 0.530556 0.553906 0.530556 0.550781 0.533333 0.553125 0.534722 0.553125 0.541667 0.550781 0.544444 0.550000 0.547222 0.550781 0.552778 0.552344 0.554167 0.553906 0.554167 0.558594 0.552778 0.560937 0.548611 0.561719 0.545833 0.562500 0.541667 0.562500 0.537500 0.568750 0.537500 0.567969 0.540278 0.565625 0.544444 0.567187 0.545833 0.567969 0.547222 0.571875 0.547222 0.575781 0.548611 0.577344 0.550000 0.571094 0.552778 0.569531 0.554167 0.567187 0.558333 0.566406 0.562500 0.566406 0.572222 0.567187 0.577778 0.570312 0.583333 0.582812 0.583333 0.584375 0.581944 0.585938 0.579167 0.587500 0.572222 0.587500 0.565278 0.586719 0.558333 0.585156 0.555556 0.584375 0.551389 0.586719 0.545833 0.588281 0.543056 0.589844 0.541667 0.591406 0.540278 0.592969 0.545833 0.593750 0.552778 0.595313 0.554167 0.598437 0.555556 0.603125 0.555556 0.605469 0.554167 0.607031 0.552778 0.607812 0.548611 0.608594 0.545833 0.610156 0.543056 0.611719 0.543056 0.613281 0.541667 0.614062 0.537500 0.610156 0.530556 0.608594 0.530556 0.606250 0.534722 0.606250 0.529167 0.607031 0.527778 0.607031 0.523611 0.609375 0.522222 0.607031 0.520833 0.610156 0.509722 0.609375 0.505556 0.610156 0.504167 0.610938 0.501389 0.611719 0.504167
21 0.592969 0.487500 0.589844 0.488889 0.579688 0.488889 0.578906 0.490278 0.575781 0.491667 0.585156 0.491667 0.589844 0.491667 0.591406 0.488889 0.594531 0.488889 0.591406 0.493056 0.593750 0.491667 0.595313 0.488889 0.596094 0.486111 0.592969 0.487500
21 0.032031 0.490278 0.028906 0.490278 0.030469 0.491667 0.032031 0.493056 0.034375 0.494444 0.035156 0.497222 0.033594 0.500000 0.031250 0.501389 0.036719 0.501389 0.036719 0.498611 0.037500 0.495833 0.035156 0.494444 0.032813 0.490278 0.032813 0.484722 0.033594 0.481944 0.032031 0.490278
21 0.278125 0.447222 0.279687 0.448611 0.282813 0.448611 0.283594 0.450000 0.286719 0.448611 0.290625 0.450000 0.288281 0.448611 0.287500 0.447222 0.278125 0.447222
21 0.265625 0.444444 0.263281 0.445833 0.268750 0.445833 0.271875 0.447222 0.275000 0.450000 0.278125 0.450000 0.273438 0.451389 0.271875 0.454167 0.274219 0.461111 0.275000 0.466667 0.275000 0.470833 0.274219 0.472222 0.274219 0.476389 0.277344 0.483333 0.275781 0.483333 0.275781 0.486111 0.276562 0.490278 0.278906 0.497222 0.279687 0.491667 0.280469 0.494444 0.280469 0.497222 0.277344 0.500000 0.275000 0.500000 0.274219 0.508333 0.275000 0.512500 0.277344 0.513889 0.278906 0.516667 0.280469 0.516667 0.282031 0.518056 0.282813 0.523611 0.278906 0.526389 0.277344 0.529167 0.276562 0.533333 0.275000 0.537500 0.277344 0.540278 0.278906 0.537500 0.286719 0.537500 0.283594 0.537500 0.282031 0.540278 0.281250 0.543056 0.281250 0.551389 0.285156 0.551389 0.287500 0.554167 0.287500 0.558333 0.289062 0.562500 0.288281 0.565278 0.289062 0.569444 0.287500 0.575000 0.292969 0.576389 0.287500 0.576389 0.286719 0.575000 0.281250 0.575000 0.278125 0.572222 0.275000 0.576389 0.264844 0.576389 0.264062 0.573611 0.253906 0.576389 0.250000 0.576389 0.236719 0.576389 0.235156 0.576389 0.230469 0.575000 0.229687 0.576389 0.225000 0.575000 0.223438 0.575000 0.222656 0.576389 0.220312 0.576389 0.186719 0.573611 0.195312 0.573611 0.201563 0.575000 0.204687 0.572222 0.201563 0.570833 0.195312 0.573611 0.186719 0.573611 0.179688 0.573611 0.154688 0.575000 0.152344 0.570833 0.149219 0.569444 0.146094 0.568056 0.137500 0.568056 0.139063 0.568056 0.140625 0.565278 0.145313 0.568056 0.151562 0.568056 0.156250 0.563889 0.158594 0.561111 0.160156 0.558333 0.160938 0.555556 0.163281 0.556944 0.165625 0.555556 0.167187 0.552778 0.165625 0.550000 0.162500 0.551389 0.160938 0.555556 0.160156 0.558333 0.152344 0.556944 0.150000 0.559722 0.141406 0.559722 0.138281 0.563889 0.135156 0.565278 0.131250 0.563889 0.128125 0.566667 0.123438 0.566667 0.119531 0.568056 0.118750 0.570833 0.117188 0.572222 0.114844 0.573611 0.112500 0.573611 0.111719 0.572222 0.108594 0.572222 0.107031 0.570833 0.103906 0.565278 0.092969 0.566667 0.085156 0.565278 0.083594 0.565278 0.074219 0.566667 0.072656 0.568056 0.071875 0.565278 0.074219 0.562500 0.074219 0.559722 0.071094 0.558333 0.070312 0.562500 0.071875 0.565278 0.072656 0.568056 0.071094 0.570833 0.068750 0.572222 0.069531 0.569444 0.058594 0.570833 0.057031 0.570833 0.052344 0.565278 0.047656 0.565278 0.046875 0.563889 0.043750 0.563889 0.046094 0.559722 0.046094 0.555556 0.045312 0.547222 0.045312 0.545833 0.046875 0.548611 0.046875 0.541667 0.045312 0.545833 0.045312 0.547222 0.043750 0.544444 0.042969 0.540278 0.039062 0.544444 0.037500 0.550000 0.038281 0.544444 0.037500 0.538889 0.039062 0.533333 0.039844 0.530556 0.038281 0.520833 0.038281 0.511111 0.036719 0.509722 0.036719 0.505556 0.042188 0.505556 0.044531 0.502778 0.044531 0.505556 0.046094 0.508333 0.045312 0.509722 0.041406 0.511111 0.046094 0.515278 0.048438 0.519444 0.049219 0.523611 0.050000 0.518056 0.049219 0.515278 0.048438 0.512500 0.045312 0.509722 0.046094 0.508333 0.050000 0.512500 0.052344 0.513889 0.053906 0.515278 0.054688 0.516667 0.056250 0.522222 0.055469 0.525000 0.053125 0.529167 0.054688 0.533333 0.056250 0.534722 0.057813 0.533333 0.059375 0.530556 0.058594 0.527778 0.058594 0.526389 0.055469 0.525000 0.056250 0.522222 0.057813 0.520833 0.059375 0.518056 0.060156 0.515278 0.060937 0.522222 0.060937 0.525000 0.060937 0.537500 0.060156 0.544444 0.060937 0.551389 0.061719 0.556944 0.062500 0.559722 0.064062 0.562500 0.066406 0.555556 0.066406 0.550000 0.067969 0.547222 0.068750 0.544444 0.067187 0.538889 0.067969 0.534722 0.072656 0.534722 0.078906 0.538889 0.083594 0.537500 0.089063 0.537500 0.089844 0.538889 0.091406 0.538889 0.095312 0.531944 0.103125 0.531944 0.105469 0.534722 0.110937 0.537500 0.113281 0.533333 0.114844 0.531944 0.116406 0.533333 0.117969 0.538889 0.119531 0.536111 0.122656 0.536111 0.125000 0.534722 0.126562 0.531944 0.129688 0.531944 0.129688 0.537500 0.131250 0.540278 0.131250 0.543056 0.132812 0.545833 0.135937 0.545833 0.137500 0.543056 0.140625 0.541667 0.143750 0.538889 0.146094 0.543056 0.149219 0.538889 0.153125 0.537500 0.156250 0.536111 0.160156 0.536111 0.161719 0.533333 0.163281 0.529167 0.164062 0.520833 0.165625 0.518056 0.166406 0.515278 0.171094 0.520833 0.172656 0.523611 0.173437 0.526389 0.176563 0.520833 0.177344 0.518056 0.178125 0.515278 0.178125 0.511111 0.177344 0.509722 0.179688 0.508333 0.181250 0.506944 0.182031 0.502778 0.178906 0.500000 0.173437 0.498611 0.171875 0.502778 0.173437 0.505556 0.177344 0.509722 0.178125 0.511111 0.175000 0.511111 0.173437 0.513889 0.172656 0.515278 0.171094 0.520833 0.166406 0.515278 0.166406 0.511111 0.167969 0.506944 0.170313 0.501389 0.171875 0.498611 0.173437 0.495833 0.174219 0.494444 0.176563 0.493056 0.178906 0.488889 0.180469 0.487500 0.182031 0.486111 0.186719 0.486111 0.193750 0.487500 0.199219 0.490278 0.203125 0.488889 0.205469 0.490278 0.208594 0.488889 0.210938 0.490278 0.212500 0.490278 0.217188 0.504167 0.213281 0.502778 0.211719 0.501389 0.210938 0.500000 0.203906 0.500000 0.202344 0.501389 0.200781 0.504167 0.205469 0.505556 0.213281 0.502778 0.217188 0.504167 0.221875 0.505556 0.225000 0.508333 0.226562 0.508333 0.235937 0.508333 0.239063 0.508333 0.241406 0.504167 0.239063 0.502778 0.231250 0.502778 0.225000 0.504167 0.217188 0.504167 0.212500 0.490278 0.214062 0.487500 0.220312 0.488889 0.222656 0.487500 0.224219 0.486111 0.228906 0.477778 0.230469 0.470833 0.233594 0.465278 0.234375 0.461111 0.236719 0.462500 0.243750 0.455556 0.248438 0.455556 0.247656 0.468056 0.245312 0.468056 0.243750 0.470833 0.242969 0.475000 0.240625 0.479167 0.239844 0.481944 0.242969 0.487500 0.244531 0.481944 0.245312 0.479167 0.247656 0.477778 0.249219 0.475000 0.249219 0.470833 0.247656 0.468056 0.248438 0.455556 0.250000 0.452778 0.247656 0.451389 0.246875 0.445833 0.260156 0.445833 0.260937 0.444444 0.265625 0.444444
21 0.160156 0.427778 0.157812 0.434722 0.161719 0.427778 0.160156 0.427778
21 0.168750 0.419444 0.168750 0.420833 0.167969 0.422222 0.165625 0.423611 0.165625 0.440278 0.161719 0.447222 0.160938 0.448611 0.158594 0.451389 0.156250 0.445833 0.156250 0.448611 0.153906 0.452778 0.149219 0.456944 0.146875 0.461111 0.146094 0.463889 0.146094 0.469444 0.148438 0.466667 0.151562 0.466667 0.153906 0.463889 0.156250 0.465278 0.157031 0.462500 0.158594 0.459722 0.160156 0.458333 0.161719 0.458333 0.163281 0.454167 0.164062 0.455556 0.165625 0.451389 0.167187 0.451389 0.169531 0.448611 0.169531 0.445833 0.171094 0.443056 0.172656 0.434722 0.172656 0.429167 0.171094 0.426389 0.170313 0.418056 0.168750 0.419444
21 0.999219 0.365278 0.999219 0.372222 0.997656 0.373611 0.996875 0.377778 0.996875 0.380556 0.998437 0.383333 0.999219 0.468056 0.994531 0.475000 0.992969 0.479167 0.989844 0.479167 0.988281 0.481944 0.986719 0.481944 0.982812 0.487500 0.983594 0.497222 0.986719 0.500000 0.990625 0.504167 0.992188 0.504167 0.999219 0.516667 0.999219 0.540278 0.999219 0.672222 0.999219 0.669444 0.996875 0.670833 0.996094 0.669444 0.995313 0.663889 0.992188 0.665278 0.994531 0.669444 0.996094 0.669444 0.996875 0.670833 0.995313 0.670833 0.992969 0.668056 0.991406 0.668056 0.989844 0.670833 0.987500 0.668056 0.986719 0.663889 0.985156 0.662500 0.981250 0.661111 0.980469 0.662500 0.975781 0.659722 0.970313 0.659722 0.969531 0.658333 0.967187 0.656944 0.968750 0.658333 0.971875 0.659722 0.979688 0.659722 0.982812 0.662500 0.985938 0.662500 0.988281 0.665278 0.992969 0.663889 0.989844 0.662500 0.987500 0.661111 0.982812 0.656944 0.979688 0.655556 0.974219 0.654167 0.969531 0.652778 0.962500 0.652778 0.959375 0.655556 0.955469 0.656944 0.963281 0.658333 0.964063 0.656944 0.965625 0.656944 0.956250 0.658333 0.953906 0.654167 0.942969 0.652778 0.940625 0.654167 0.939844 0.652778 0.937500 0.652778 0.936719 0.654167 0.933594 0.652778 0.932031 0.654167 0.933594 0.656944 0.942187 0.658333 0.953906 0.658333 0.952344 0.659722 0.951562 0.661111 0.950000 0.661111 0.942969 0.658333 0.935937 0.658333 0.930469 0.656944 0.928906 0.655556 0.932031 0.654167 0.927344 0.651389 0.925000 0.652778 0.921875 0.648611 0.918750 0.647222 0.915625 0.647222 0.912500 0.644444 0.900000 0.644444 0.896875 0.647222 0.881250 0.647222 0.877344 0.647222 0.873437 0.644444 0.867188 0.643056 0.861719 0.641667 0.856250 0.643056 0.860938 0.645833 0.864844 0.647222 0.870313 0.648611 0.875781 0.650000 0.899219 0.648611 0.903125 0.648611 0.907813 0.651389 0.913281 0.650000 0.916406 0.651389 0.917188 0.652778 0.918750 0.652778 0.915625 0.654167 0.914062 0.651389 0.910156 0.651389 0.907813 0.654167 0.903906 0.652778 0.902344 0.655556 0.900000 0.656944 0.898438 0.655556 0.896875 0.651389 0.894531 0.652778 0.892969 0.655556 0.891406 0.655556 0.889062 0.652778 0.885156 0.652778 0.882031 0.650000 0.873437 0.650000 0.867969 0.647222 0.856250 0.645833 0.850781 0.644444 0.844531 0.643056 0.842187 0.640278 0.839844 0.640278 0.839063 0.641667 0.836719 0.641667 0.834375 0.638889 0.827344 0.638889 0.821875 0.634722 0.815625 0.634722 0.820312 0.633333 0.814063 0.631944 0.810156 0.629167 0.797656 0.629167 0.789844 0.627778 0.784375 0.626389 0.779687 0.623611 0.772656 0.622222 0.760156 0.622222 0.750781 0.620833 0.746094 0.615278 0.742969 0.613889 0.741406 0.612500 0.739844 0.609722 0.739062 0.606944 0.739062 0.595833 0.738281 0.594444 0.739062 0.583333 0.739062 0.577778 0.738281 0.576389 0.739062 0.569444 0.737500 0.565278 0.735938 0.577778 0.735938 0.566667 0.736719 0.563889 0.739062 0.559722 0.739844 0.556944 0.740625 0.551389 0.740625 0.525000 0.742188 0.520833 0.744531 0.516667 0.745313 0.512500 0.745313 0.506944 0.747656 0.502778 0.746094 0.501389 0.745313 0.500000 0.743750 0.500000 0.741406 0.504167 0.738281 0.502778 0.739062 0.495833 0.739844 0.493056 0.740625 0.490278 0.742969 0.486111 0.746875 0.484722 0.750781 0.480556 0.758594 0.480556 0.759375 0.479167 0.760938 0.477778 0.759375 0.475000 0.757031 0.475000 0.755469 0.473611 0.754687 0.472222 0.752344 0.466667 0.750781 0.466667 0.748437 0.470833 0.746875 0.470833 0.746094 0.472222 0.743750 0.472222 0.741406 0.476389 0.739844 0.476389 0.738281 0.483333 0.735938 0.486111 0.735938 0.473611 0.737500 0.462500 0.737500 0.447222 0.738281 0.444444 0.739062 0.450000 0.741406 0.454167 0.742969 0.455556 0.750781 0.455556 0.753906 0.461111 0.756250 0.459722 0.757031 0.462500 0.758594 0.461111 0.759375 0.465278 0.758594 0.466667 0.758594 0.470833 0.760156 0.473611 0.761719 0.473611 0.763281 0.475000 0.764844 0.477778 0.766406 0.483333 0.767188 0.487500 0.767188 0.493056 0.767969 0.493056 0.769531 0.495833 0.771094 0.495833 0.769531 0.498611 0.769531 0.509722 0.767969 0.509722 0.766406 0.515278 0.766406 0.520833 0.767969 0.523611 0.771094 0.522222 0.771875 0.525000 0.771875 0.529167 0.774219 0.537500 0.775000 0.533333 0.776563 0.534722 0.778125 0.531944 0.778906 0.530556 0.780469 0.525000 0.779687 0.522222 0.781250 0.519444 0.782031 0.511111 0.782813 0.506944 0.786719 0.506944 0.789062 0.502778 0.788281 0.498611 0.787500 0.494444 0.788281 0.491667 0.787500 0.481944 0.787500 0.476389 0.789062 0.472222 0.792969 0.465278 0.794531 0.463889 0.796094 0.466667 0.797656 0.472222 0.796875 0.480556 0.799219 0.487500 0.799219 0.491667 0.796875 0.494444 0.798438 0.498611 0.800000 0.498611 0.803906 0.491667 0.803906 0.480556 0.804688 0.475000 0.806250 0.472222 0.809375 0.469444 0.810937 0.466667 0.812500 0.461111 0.812500 0.454167 0.814063 0.452778 0.815625 0.452778 0.816406 0.451389 0.817187 0.448611 0.818750 0.445833 0.820312 0.445833 0.823438 0.448611 0.825781 0.450000 0.828906 0.445833 0.830469 0.450000 0.835938 0.451389 0.839063 0.448611 0.833594 0.447222 0.830469 0.450000 0.828906 0.445833 0.852344 0.444444 0.853906 0.444444 0.859375 0.445833 0.864844 0.447222 0.866406 0.448611 0.867969 0.451389 0.867969 0.454167 0.872656 0.459722 0.873437 0.462500 0.874219 0.465278 0.874219 0.469444 0.872656 0.472222 0.871875 0.472222 0.870313 0.475000 0.872656 0.477778 0.873437 0.480556 0.873437 0.483333 0.877344 0.488889 0.875000 0.495833 0.875000 0.500000 0.873437 0.502778 0.874219 0.505556 0.875000 0.508333 0.875781 0.504167 0.877344 0.505556 0.878906 0.504167 0.880469 0.501389 0.881250 0.498611 0.879687 0.495833 0.882812 0.495833 0.882812 0.498611 0.885156 0.495833 0.884375 0.487500 0.886719 0.487500 0.887500 0.481944 0.892969 0.476389 0.894531 0.477778 0.896094 0.475000 0.900000 0.477778 0.902344 0.475000 0.904687 0.477778 0.905469 0.470833 0.903125 0.468056 0.905469 0.462500 0.905469 0.459722 0.904687 0.445833 0.900781 0.445833 0.896875 0.443056 0.897656 0.436111 0.897656 0.431944 0.899219 0.430556 0.899219 0.425000 0.900781 0.425000 0.900000 0.433333 0.909375 0.416667 0.911719 0.413889 0.916406 0.413889 0.917969 0.415278 0.919531 0.416667 0.921875 0.420833 0.925000 0.422222 0.922656 0.423611 0.921875 0.426389 0.923438 0.429167 0.925781 0.427778 0.925781 0.427778 0.925000 0.433333 0.927344 0.437500 0.928906 0.437500 0.930469 0.434722 0.930469 0.431944 0.928125 0.427778 0.925781 0.427778 0.925781 0.427778 0.925781 0.426389 0.928906 0.426389 0.932813 0.430556 0.933594 0.436111 0.932813 0.437500 0.930469 0.436111 0.929688 0.440278 0.932031 0.441667 0.932813 0.437500 0.933594 0.436111 0.935156 0.437500 0.937500 0.433333 0.937500 0.429167 0.939063 0.426389 0.937500 0.423611 0.936719 0.422222 0.936719 0.412500 0.937500 0.408333 0.938281 0.404167 0.943750 0.401389 0.944531 0.395833 0.946094 0.395833 0.946875 0.394444 0.950781 0.394444 0.952344 0.393056 0.954688 0.388889 0.956250 0.388889 0.964063 0.391667 0.967187 0.391667 0.971094 0.390278 0.973437 0.387500 0.976562 0.386111 0.981250 0.386111 0.982812 0.383333 0.982812 0.377778 0.984375 0.377778 0.985156 0.376389 0.987500 0.376389 0.989844 0.380556 0.994531 0.372222 0.995313 0.370833 0.996094 0.366667 0.997656 0.365278 0.999219 0.365278
22 0.067187 0.661111 0.066406 0.662500 0.056250 0.662500 0.050781 0.663889 0.049219 0.666667 0.043750 0.666667 0.051562 0.666667 0.059375 0.665278 0.064844 0.662500 0.070312 0.662500 0.071094 0.661111 0.075781 0.661111 0.067187 0.661111
22 0.857031 0.643056 0.860938 0.643056 0.861719 0.644444 0.866406 0.644444 0.867188 0.645833 0.868750 0.645833 0.867188 0.644444 0.862500 0.644444 0.861719 0.643056 0.857031 0.643056
22 0.793750 0.629167 0.794531 0.631944 0.799219 0.630556 0.800781 0.633333 0.805469 0.633333 0.811719 0.631944 0.813281 0.631944 0.810937 0.631944 0.810156 0.630556 0.797656 0.630556 0.796875 0.629167 0.793750 0.629167
22 0.746094 0.616667 0.746094 0.619444 0.747656 0.622222 0.759375 0.622222 0.764062 0.625000 0.767188 0.626389 0.769531 0.626389 0.770312 0.625000 0.771875 0.625000 0.775781 0.626389 0.775781 0.629167 0.777344 0.630556 0.780469 0.630556 0.782813 0.633333 0.787500 0.633333 0.788281 0.631944 0.792969 0.631944 0.791406 0.631944 0.790625 0.630556 0.787500 0.630556 0.781250 0.631944 0.778125 0.629167 0.781250 0.626389 0.779687 0.625000 0.772656 0.623611 0.760156 0.623611 0.750781 0.622222 0.746094 0.616667
22 0.713281 0.611111 0.714844 0.611111 0.715625 0.609722 0.718750 0.609722 0.713281 0.611111
22 0.738281 0.598611 0.735938 0.601389 0.736719 0.605556 0.735156 0.608333 0.731250 0.606944 0.732812 0.602778 0.730469 0.604167 0.730469 0.608333 0.729688 0.612500 0.727344 0.613889 0.728906 0.618056 0.731250 0.618056 0.734375 0.616667 0.735156 0.615278 0.737500 0.616667 0.737500 0.618056 0.738281 0.619444 0.739844 0.620833 0.741406 0.618056 0.742969 0.618056 0.742188 0.613889 0.739062 0.609722 0.738281 0.606944 0.738281 0.598611
22 0.036719 0.565278 0.039844 0.565278 0.040625 0.566667 0.048438 0.568056 0.038281 0.569444 0.032813 0.572222 0.028906 0.569444 0.027344 0.569444 0.024219 0.570833 0.023438 0.569444 0.020313 0.569444 0.009375 0.572222 0.002344 0.570833 0.001563 0.572222 0.000000 0.572222 0.000781 0.616667 0.000000 0.640278 0.002344 0.640278 0.011719 0.640278 0.010156 0.641667 0.010156 0.645833 0.011719 0.645833 0.012500 0.643056 0.014844 0.641667 0.019531 0.640278 0.026562 0.638889 0.051562 0.638889 0.060156 0.637500 0.060937 0.636111 0.066406 0.636111 0.067187 0.633333 0.067969 0.629167 0.068750 0.625000 0.069531 0.618056 0.071875 0.597222 0.071875 0.587500 0.068750 0.586111 0.072656 0.577778 0.071094 0.575000 0.062500 0.575000 0.058594 0.573611 0.054688 0.572222 0.054688 0.569444 0.052344 0.566667 0.046875 0.565278 0.036719 0.565278
23 0.296875 0.619444 0.295312 0.622222 0.300781 0.622222 0.301563 0.620833 0.308594 0.620833 0.309375 0.619444 0.313281 0.619444 0.296875 0.619444
23 0.299219 0.572222 0.296875 0.573611 0.296094 0.575000 0.294531 0.576389 0.304688 0.576389 0.311719 0.577778 0.316406 0.580556 0.321875 0.580556 0.322656 0.588889 0.323437 0.590278 0.323437 0.595833 0.321875 0.601389 0.321875 0.612500 0.324219 0.616667 0.321875 0.616667 0.321094 0.618056 0.316406 0.618056 0.314844 0.619444 0.316406 0.618056 0.313281 0.616667 0.310156 0.613889 0.307812 0.613889 0.307031 0.615278 0.303125 0.616667 0.294531 0.616667 0.292187 0.620833 0.289844 0.619444 0.285938 0.615278 0.282813 0.615278 0.284375 0.612500 0.277344 0.609722 0.274219 0.609722 0.269531 0.612500 0.264062 0.613889 0.260937 0.612500 0.254688 0.615278 0.241406 0.615278 0.239844 0.618056 0.239844 0.618056 0.232813 0.615278 0.226562 0.615278 0.219531 0.618056 0.212500 0.619444 0.215625 0.622222 0.219531 0.623611 0.230469 0.625000 0.232031 0.625000 0.234375 0.623611 0.236719 0.620833 0.239844 0.618056 0.239844 0.618056 0.242969 0.620833 0.243750 0.622222 0.237500 0.623611 0.235937 0.626389 0.237500 0.629167 0.242188 0.630556 0.246875 0.629167 0.251563 0.626389 0.248438 0.625000 0.245312 0.622222 0.243750 0.622222 0.242969 0.620833 0.246875 0.620833 0.250000 0.618056 0.255469 0.618056 0.256250 0.616667 0.260937 0.616667 0.262500 0.618056 0.265625 0.622222 0.267969 0.622222 0.268750 0.623611 0.270313 0.623611 0.271094 0.618056 0.273438 0.618056 0.273438 0.622222 0.292969 0.623611 0.286719 0.623611 0.285938 0.625000 0.278125 0.625000 0.274219 0.627778 0.267969 0.629167 0.256250 0.629167 0.249219 0.631944 0.237500 0.631944 0.230469 0.634722 0.217969 0.636111 0.212500 0.636111 0.211719 0.634722 0.208594 0.634722 0.211719 0.634722 0.213281 0.631944 0.216406 0.631944 0.217969 0.630556 0.207031 0.626389 0.195312 0.623611 0.193750 0.623611 0.185938 0.623611 0.184375 0.623611 0.178906 0.625000 0.175000 0.627778 0.171094 0.631944 0.167187 0.633333 0.164844 0.634722 0.161719 0.629167 0.163281 0.625000 0.148438 0.623611 0.139844 0.625000 0.135937 0.627778 0.140625 0.631944 0.144531 0.633333 0.157812 0.633333 0.160156 0.631944 0.161719 0.629167 0.164844 0.634722 0.163281 0.637500 0.160156 0.643056 0.159375 0.645833 0.157812 0.647222 0.150000 0.648611 0.132031 0.648611 0.134375 0.647222 0.135156 0.645833 0.138281 0.645833 0.137500 0.640278 0.137500 0.637500 0.133594 0.636111 0.119531 0.637500 0.116406 0.638889 0.113281 0.641667 0.110156 0.641667 0.107813 0.644444 0.103906 0.645833 0.096875 0.645833 0.094531 0.641667 0.090625 0.641667 0.086719 0.638889 0.082812 0.637500 0.076563 0.636111 0.067187 0.636111 0.067969 0.633333 0.069531 0.625000 0.070312 0.618056 0.072656 0.597222 0.073438 0.590278 0.072656 0.587500 0.075000 0.586111 0.079687 0.577778 0.095312 0.579167 0.106250 0.576389 0.179688 0.575000 0.186719 0.575000 0.220312 0.577778 0.222656 0.577778 0.223438 0.576389 0.225000 0.576389 0.229687 0.577778 0.230469 0.576389 0.235156 0.577778 0.236719 0.577778 0.250000 0.577778 0.253906 0.577778 0.264062 0.575000 0.264844 0.577778 0.275000 0.577778 0.278125 0.573611 0.280469 0.575000 0.286719 0.573611 0.280469 0.575000 0.286719 0.576389 0.287500 0.577778 0.293750 0.576389 0.288281 0.575000 0.289844 0.573611 0.290625 0.575000 0.296094 0.573611 0.296875 0.572222 0.299219 0.572222
23 0.201563 0.572222 0.200781 0.573611 0.196094 0.573611 0.201563 0.573611 0.202344 0.572222 0.203906 0.572222 0.201563 0.572222
23 0.007031 0.537500 0.006250 0.534722 0.005469 0.540278 0.004687 0.541667 0.003125 0.541667 0.003125 0.545833 0.003906 0.543056 0.004687 0.550000 0.007031 0.552778 0.007812 0.555556 0.007812 0.558333 0.009375 0.561111 0.014063 0.562500 0.020313 0.561111 0.025781 0.561111 0.031250 0.563889 0.035156 0.562500 0.042969 0.563889 0.045312 0.559722 0.044531 0.552778 0.042188 0.555556 0.040625 0.554167 0.038281 0.548611 0.035937 0.550000 0.035156 0.551389 0.034375 0.548611 0.032813 0.550000 0.032031 0.552778 0.032031 0.544444 0.030469 0.547222 0.030469 0.548611 0.028125 0.551389 0.025781 0.552778 0.023438 0.551389 0.021875 0.550000 0.021094 0.547222 0.016406 0.545833 0.014063 0.541667 0.013281 0.537500 0.011719 0.536111 0.011719 0.533333 0.010156 0.536111 0.009375 0.533333 0.007031 0.537500
23 0.717969 0.518056 0.716406 0.520833 0.715625 0.520833 0.716406 0.525000 0.717187 0.522222 0.719531 0.523611 0.719531 0.518056 0.717969 0.518056
23 0.739062 0.487500 0.735938 0.494444 0.735156 0.488889 0.732812 0.493056 0.732812 0.497222 0.732812 0.508333 0.735938 0.508333 0.738281 0.512500 0.739062 0.516667 0.739062 0.527778 0.738281 0.543056 0.737500 0.548611 0.736719 0.551389 0.729688 0.554167 0.726562 0.554167 0.725781 0.552778 0.722656 0.552778 0.726562 0.555556 0.727344 0.554167 0.728125 0.565278 0.731250 0.570833 0.731250 0.575000 0.732812 0.572222 0.733594 0.569444 0.734375 0.563889 0.735938 0.563889 0.738281 0.559722 0.739062 0.556944 0.739844 0.551389 0.739844 0.525000 0.741406 0.520833 0.743750 0.516667 0.744531 0.512500 0.744531 0.506944 0.746875 0.502778 0.745313 0.501389 0.743750 0.501389 0.741406 0.505556 0.741406 0.509722 0.739844 0.512500 0.739062 0.505556 0.737500 0.502778 0.738281 0.498611 0.737500 0.497222 0.737500 0.494444 0.738281 0.490278 0.739062 0.487500
24 0.734375 0.565278 0.734375 0.569444 0.733594 0.572222 0.731250 0.576389 0.731250 0.584722 0.728125 0.590278 0.728125 0.600000 0.728906 0.591667 0.729688 0.597222 0.731250 0.595833 0.732031 0.593056 0.732812 0.601389 0.731250 0.604167 0.732812 0.601389 0.736719 0.600000 0.738281 0.595833 0.738281 0.583333 0.738281 0.577778 0.737500 0.576389 0.737500 0.569444 0.737500 0.576389 0.735938 0.579167 0.735938 0.565278 0.734375 0.565278
24 0.507031 0.529167 0.508594 0.529167 0.510938 0.530556 0.512500 0.533333 0.513281 0.537500 0.514062 0.543056 0.515625 0.544444 0.515625 0.548611 0.518750 0.552778 0.521094 0.552778 0.520312 0.550000 0.519531 0.543056 0.518750 0.538889 0.516406 0.534722 0.514062 0.531944 0.512500 0.530556 0.510156 0.529167 0.507031 0.529167
24 0.510938 0.523611 0.514062 0.523611 0.516406 0.525000 0.517969 0.526389 0.518750 0.527778 0.519531 0.529167 0.522656 0.531944 0.524219 0.534722 0.526563 0.541667 0.526563 0.545833 0.525781 0.548611 0.528125 0.547222 0.527344 0.543056 0.528906 0.538889 0.528906 0.527778 0.525000 0.529167 0.523438 0.529167 0.519531 0.527778 0.515625 0.523611 0.510938 0.523611
24 0.504687 0.523611 0.508594 0.523611 0.507031 0.522222 0.504687 0.523611
24 0.536719 0.491667 0.535937 0.493056 0.533594 0.493056 0.538281 0.491667 0.543750 0.493056 0.546094 0.494444 0.547656 0.497222 0.549219 0.497222 0.550781 0.498611 0.553125 0.502778 0.555469 0.508333 0.555469 0.509722 0.557031 0.512500 0.555469 0.519444 0.554688 0.513889 0.552344 0.506944 0.549219 0.501389 0.546875 0.500000 0.545312 0.498611 0.548438 0.501389 0.549219 0.502778 0.550781 0.505556 0.551562 0.509722 0.553125 0.511111 0.553125 0.516667 0.551562 0.519444 0.550781 0.515278 0.549219 0.511111 0.546094 0.505556 0.542969 0.501389 0.541406 0.500000 0.535937 0.500000 0.537500 0.502778 0.537500 0.504167 0.539844 0.508333 0.543750 0.511111 0.544531 0.513889 0.543750 0.522222 0.542969 0.522222 0.541406 0.525000 0.545312 0.526389 0.545312 0.529167 0.546875 0.530556 0.550000 0.530556 0.551562 0.529167 0.556250 0.522222 0.557813 0.520833 0.560156 0.520833 0.561719 0.518056 0.561719 0.512500 0.562500 0.515278 0.563281 0.512500 0.564063 0.511111 0.564063 0.508333 0.560937 0.506944 0.556250 0.500000 0.554688 0.500000 0.550000 0.494444 0.549219 0.497222 0.544531 0.491667 0.542969 0.491667 0.541406 0.493056 0.539844 0.493056 0.539062 0.491667 0.536719 0.491667
24 0.223438 0.445833 0.220312 0.451389 0.225781 0.448611 0.223438 0.445833
24 0.227344 0.431944 0.227344 0.433333 0.225000 0.437500 0.226562 0.436111 0.228906 0.430556 0.227344 0.431944
24 0.578125 0.426389 0.582031 0.427778 0.585156 0.429167 0.588281 0.431944 0.591406 0.431944 0.593750 0.433333 0.596094 0.434722 0.597656 0.436111 0.599219 0.437500 0.601562 0.444444 0.603906 0.444444 0.607812 0.450000 0.609375 0.454167 0.610156 0.456944 0.610938 0.459722 0.610938 0.465278 0.608594 0.470833 0.607031 0.476389 0.607812 0.481944 0.609375 0.477778 0.610938 0.484722 0.610938 0.487500 0.610156 0.488889 0.610938 0.493056 0.610938 0.500000 0.608594 0.505556 0.609375 0.509722 0.607031 0.516667 0.606250 0.519444 0.608594 0.522222 0.607031 0.522222 0.605469 0.529167 0.605469 0.540278 0.606250 0.541667 0.606250 0.551389 0.603906 0.552778 0.603125 0.554167 0.601562 0.554167 0.600781 0.534722 0.600781 0.526389 0.600781 0.506944 0.600781 0.502778 0.602344 0.495833 0.600781 0.479167 0.598437 0.484722 0.599219 0.487500 0.597656 0.486111 0.596094 0.484722 0.596094 0.481944 0.597656 0.479167 0.597656 0.476389 0.596875 0.475000 0.596875 0.472222 0.598437 0.468056 0.596875 0.462500 0.593750 0.458333 0.593750 0.455556 0.593750 0.454167 0.597656 0.454167 0.596094 0.451389 0.595313 0.448611 0.597656 0.448611 0.596094 0.445833 0.596094 0.444444 0.594531 0.441667 0.592969 0.441667 0.590625 0.437500 0.589063 0.436111 0.586719 0.437500 0.586719 0.436111 0.585156 0.434722 0.584375 0.433333 0.582031 0.434722 0.583594 0.437500 0.586719 0.436111 0.586719 0.437500 0.592187 0.444444 0.593750 0.444444 0.596094 0.444444 0.596094 0.445833 0.595313 0.448611 0.596094 0.451389 0.593750 0.454167 0.593750 0.455556 0.591406 0.451389 0.590625 0.447222 0.589063 0.444444 0.589063 0.443056 0.585938 0.440278 0.583594 0.438889 0.580469 0.437500 0.580469 0.436111 0.582812 0.433333 0.565625 0.433333 0.580469 0.436111 0.580469 0.437500 0.578125 0.437500 0.574219 0.438889 0.573438 0.437500 0.569531 0.437500 0.566406 0.436111 0.564844 0.434722 0.564063 0.431944 0.564063 0.426389 0.578125 0.426389
24 0.240625 0.423611 0.240625 0.427778 0.242969 0.429167 0.250000 0.427778 0.250781 0.426389 0.253125 0.425000 0.250781 0.425000 0.250000 0.423611 0.240625 0.423611
24 0.242969 0.418056 0.242188 0.419444 0.236719 0.419444 0.251563 0.419444 0.252344 0.420833 0.257031 0.419444 0.249219 0.418056 0.242969 0.418056
24 0.732812 0.390278 0.732031 0.427778 0.732812 0.440278 0.732031 0.491667 0.731250 0.498611 0.730469 0.502778 0.728906 0.500000 0.728906 0.483333 0.728125 0.480556 0.727344 0.487500 0.728125 0.490278 0.726562 0.505556 0.728125 0.508333 0.730469 0.505556 0.731250 0.508333 0.732812 0.506944 0.732031 0.497222 0.732031 0.493056 0.735156 0.487500 0.735156 0.473611 0.736719 0.462500 0.737500 0.445833 0.737500 0.438889 0.735938 0.431944 0.735938 0.426389 0.737500 0.425000 0.737500 0.411111 0.735938 0.409722 0.735156 0.402778 0.735156 0.393056 0.732812 0.390278
24 0.724219 0.390278 0.722656 0.394444 0.721875 0.404167 0.720313 0.406944 0.720313 0.409722 0.722656 0.408333 0.723437 0.405556 0.724219 0.400000 0.724219 0.390278
24 0.725781 0.362500 0.725781 0.375000 0.725000 0.377778 0.721875 0.381944 0.721094 0.384722 0.724219 0.386111 0.724219 0.381944 0.725781 0.376389 0.725781 0.362500
24 0.721875 0.341667 0.721094 0.344444 0.721094 0.350000 0.720313 0.352778 0.719531 0.355556 0.721875 0.354167 0.722656 0.351389 0.724219 0.352778 0.725000 0.350000 0.723437 0.345833 0.724219 0.340278 0.721875 0.341667
24 0.642969 0.188889 0.643750 0.190278 0.650000 0.191667 0.655469 0.190278 0.656250 0.193056 0.660156 0.194444 0.668750 0.195833 0.671875 0.194444 0.673438 0.194444 0.678906 0.195833 0.682813 0.197222 0.689844 0.201389 0.692969 0.202778 0.694531 0.204167 0.696094 0.206944 0.697656 0.208333 0.699219 0.208333 0.700781 0.209722 0.705469 0.215278 0.709375 0.222222 0.711719 0.223611 0.714063 0.229167 0.715625 0.229167 0.716406 0.234722 0.720313 0.243056 0.721094 0.247222 0.722656 0.248611 0.724219 0.250000 0.724219 0.254167 0.726562 0.255556 0.726562 0.256944 0.724219 0.256944 0.725781 0.261111 0.726562 0.256944 0.726562 0.255556 0.727344 0.259722 0.728906 0.266667 0.728906 0.269444 0.729688 0.270833 0.728906 0.275000 0.730469 0.277778 0.730469 0.280556 0.730469 0.286111 0.732031 0.288889 0.732812 0.313889 0.733594 0.311111 0.733594 0.320833 0.735156 0.327778 0.735156 0.331944 0.734375 0.333333 0.734375 0.340278 0.733594 0.337500 0.732031 0.340278 0.731250 0.363889 0.731250 0.366667 0.732031 0.372222 0.731250 0.416667 0.730469 0.412500 0.729688 0.430556 0.730469 0.479167 0.729688 0.466667 0.728906 0.465278 0.728906 0.418056 0.728125 0.412500 0.725781 0.409722 0.725781 0.406944 0.727344 0.387500 0.728125 0.354167 0.728125 0.348611 0.726562 0.336111 0.725781 0.338889 0.725781 0.334722 0.726562 0.333333 0.726562 0.318056 0.725000 0.315278 0.724219 0.308333 0.723437 0.298611 0.725000 0.293056 0.725000 0.290278 0.723437 0.286111 0.724219 0.284722 0.723437 0.280556 0.723437 0.280556 0.725000 0.283333 0.725000 0.279167 0.724219 0.276389 0.723437 0.280556 0.723437 0.280556 0.722656 0.277778 0.721875 0.276389 0.721875 0.275000 0.720313 0.270833 0.719531 0.272222 0.717969 0.263889 0.716406 0.259722 0.715625 0.256944 0.716406 0.254167 0.716406 0.252778 0.715625 0.247222 0.714844 0.250000 0.716406 0.252778 0.716406 0.254167 0.714844 0.252778 0.714063 0.251389 0.709375 0.240278 0.707812 0.243056 0.708594 0.238889 0.704688 0.231944 0.702344 0.230556 0.700000 0.227778 0.700000 0.225000 0.698438 0.222222 0.696875 0.220833 0.693750 0.220833 0.690625 0.219444 0.688281 0.215278 0.688281 0.212500 0.689844 0.213889 0.690625 0.215278 0.692187 0.215278 0.694531 0.215278 0.692969 0.212500 0.690625 0.211111 0.688281 0.212500 0.688281 0.215278 0.686719 0.213889 0.680469 0.209722 0.678125 0.208333 0.668750 0.209722 0.667969 0.206944 0.655469 0.208333 0.657031 0.209722 0.647656 0.209722 0.654687 0.208333 0.649219 0.205556 0.646875 0.206944 0.645312 0.202778 0.643750 0.202778 0.642188 0.205556 0.645312 0.206944 0.643750 0.206944 0.642969 0.209722 0.641406 0.206944 0.639062 0.206944 0.637500 0.205556 0.635156 0.202778 0.635938 0.198611 0.635156 0.195833 0.636719 0.195833 0.637500 0.193056 0.639062 0.191667 0.641406 0.191667 0.641406 0.188889 0.642969 0.188889
30 0.571875 0.555556 0.569531 0.556944 0.567969 0.558333 0.567969 0.561111 0.567187 0.562500 0.567187 0.572222 0.567969 0.577778 0.570312 0.581944 0.582812 0.581944 0.584375 0.580556 0.585156 0.576389 0.586719 0.572222 0.586719 0.565278 0.585938 0.558333 0.584375 0.555556 0.571875 0.555556
30 0.724219 0.509722 0.722656 0.511111 0.721875 0.512500 0.721094 0.515278 0.720313 0.523611 0.721094 0.530556 0.719531 0.541667 0.719531 0.544444 0.720313 0.548611 0.721875 0.551389 0.725781 0.551389 0.726562 0.552778 0.729688 0.552778 0.735938 0.551389 0.736719 0.548611 0.737500 0.543056 0.738281 0.527778 0.738281 0.516667 0.737500 0.512500 0.735938 0.509722 0.724219 0.509722
25 0.974219 0.656944 0.980469 0.658333 0.983594 0.661111 0.986719 0.661111 0.985156 0.661111 0.982812 0.658333 0.979688 0.656944 0.974219 0.656944
25 0.422656 0.601389 0.421875 0.604167 0.422656 0.608333 0.422656 0.604167 0.422656 0.601389
25 0.427344 0.573611 0.425781 0.575000 0.425000 0.577778 0.424219 0.575000 0.423438 0.577778 0.423438 0.591667 0.423438 0.584722 0.424219 0.579167 0.427344 0.573611
25 0.067187 0.570833 0.058594 0.572222 0.062500 0.572222 0.063281 0.573611 0.066406 0.573611 0.067969 0.572222 0.068750 0.569444 0.067187 0.570833
25 0.071094 0.559722 0.073438 0.562500 0.073438 0.559722 0.071094 0.559722
25 0.152344 0.558333 0.150000 0.561111 0.141406 0.561111 0.138281 0.565278 0.135156 0.566667 0.131250 0.565278 0.130469 0.566667 0.128906 0.566667 0.130469 0.566667 0.131250 0.568056 0.136719 0.568056 0.139063 0.566667 0.141406 0.563889 0.145313 0.566667 0.151562 0.566667 0.156250 0.562500 0.157812 0.559722 0.159375 0.558333 0.152344 0.558333
25 0.495312 0.554167 0.493750 0.556944 0.492969 0.561111 0.490625 0.561111 0.489063 0.562500 0.488281 0.563889 0.488281 0.565278 0.484375 0.569444 0.485938 0.572222 0.484375 0.575000 0.485938 0.572222 0.489844 0.572222 0.488281 0.576389 0.486719 0.576389 0.489063 0.577778 0.490625 0.579167 0.493750 0.584722 0.494531 0.588889 0.495312 0.593056 0.495312 0.597222 0.496094 0.594444 0.500781 0.593056 0.503125 0.593056 0.503906 0.593056 0.504687 0.595833 0.503125 0.597222 0.503906 0.600000 0.509375 0.601389 0.511719 0.601389 0.512500 0.586111 0.509375 0.580556 0.510156 0.570833 0.510156 0.565278 0.507812 0.561111 0.499219 0.559722 0.505469 0.558333 0.503906 0.556944 0.498437 0.556944 0.496875 0.554167 0.495312 0.554167
25 0.163281 0.551389 0.160938 0.556944 0.163281 0.555556 0.166406 0.552778 0.163281 0.551389
25 0.042969 0.541667 0.040625 0.544444 0.039062 0.545833 0.039062 0.550000 0.040625 0.552778 0.042188 0.554167 0.043750 0.552778 0.044531 0.547222 0.042969 0.544444 0.042969 0.541667
25 0.047656 0.538889 0.047656 0.541667 0.046875 0.547222 0.046875 0.543056 0.047656 0.541667 0.047656 0.538889
25 0.014063 0.536111 0.014063 0.538889 0.014844 0.541667 0.016406 0.544444 0.020313 0.544444 0.021875 0.548611 0.023438 0.550000 0.025781 0.551389 0.027344 0.551389 0.028125 0.548611 0.027344 0.544444 0.026562 0.544444 0.025000 0.541667 0.021094 0.540278 0.020313 0.536111 0.014063 0.536111
25 0.608594 0.531944 0.606250 0.536111 0.606250 0.540278 0.607031 0.551389 0.607812 0.545833 0.610156 0.541667 0.611719 0.541667 0.613281 0.540278 0.613281 0.537500 0.610156 0.531944 0.608594 0.531944
25 0.055469 0.526389 0.054688 0.531944 0.056250 0.533333 0.057813 0.531944 0.058594 0.529167 0.057813 0.526389 0.055469 0.526389
25 0.535156 0.523611 0.540625 0.525000 0.542188 0.527778 0.542188 0.529167 0.542188 0.529167 0.534375 0.529167 0.539844 0.531944 0.542188 0.529167 0.542188 0.529167 0.546875 0.531944 0.550000 0.531944 0.550000 0.534722 0.544531 0.534722 0.542969 0.537500 0.542969 0.541667 0.545312 0.545833 0.545312 0.551389 0.539062 0.552778 0.539062 0.566667 0.540625 0.568056 0.546094 0.569444 0.546875 0.572222 0.547656 0.575000 0.547656 0.577778 0.542969 0.570833 0.541406 0.570833 0.539844 0.568056 0.538281 0.572222 0.535156 0.572222 0.534375 0.570833 0.530469 0.570833 0.529687 0.572222 0.525781 0.572222 0.525781 0.568056 0.525000 0.562500 0.523438 0.558333 0.523438 0.555556 0.521875 0.552778 0.524219 0.552778 0.525000 0.550000 0.526563 0.548611 0.528906 0.547222 0.529687 0.544444 0.530469 0.540278 0.530469 0.537500 0.532813 0.537500 0.533594 0.534722 0.532813 0.530556 0.530469 0.534722 0.530469 0.537500 0.530469 0.540278 0.529687 0.527778 0.532031 0.523611 0.535156 0.523611
25 0.021875 0.512500 0.024219 0.513889 0.025781 0.516667 0.023438 0.520833 0.023438 0.526389 0.025000 0.530556 0.017969 0.531944 0.016406 0.531944 0.010156 0.530556 0.006250 0.533333 0.007031 0.536111 0.006250 0.533333 0.005469 0.538889 0.003906 0.538889 0.003125 0.540278 0.003125 0.547222 0.003906 0.544444 0.004687 0.551389 0.006250 0.552778 0.007031 0.555556 0.007031 0.558333 0.008594 0.561111 0.005469 0.559722 0.001563 0.561111 0.000000 0.559722 0.000781 0.544444 0.000000 0.526389 0.001563 0.526389 0.006250 0.527778 0.010937 0.529167 0.011719 0.530556 0.014844 0.530556 0.015625 0.526389 0.016406 0.526389 0.019531 0.525000 0.019531 0.520833 0.016406 0.522222 0.016406 0.526389 0.015625 0.526389 0.015625 0.519444 0.014063 0.516667 0.017188 0.515278 0.017188 0.518056 0.019531 0.518056 0.019531 0.515278 0.019531 0.513889 0.021875 0.512500
25 0.042188 0.511111 0.043750 0.512500 0.046094 0.513889 0.049219 0.519444 0.049219 0.522222 0.049219 0.518056 0.047656 0.512500 0.046094 0.512500 0.045312 0.511111 0.042188 0.511111
25 0.364063 0.508333 0.362500 0.508333 0.361719 0.512500 0.363281 0.515278 0.364063 0.512500 0.366406 0.515278 0.369531 0.513889 0.369531 0.512500 0.371875 0.509722 0.374219 0.515278 0.375000 0.509722 0.378125 0.511111 0.378906 0.518056 0.378125 0.520833 0.376563 0.523611 0.375781 0.526389 0.376563 0.530556 0.378906 0.523611 0.378125 0.526389 0.377344 0.530556 0.379688 0.537500 0.379688 0.541667 0.381250 0.544444 0.384375 0.545833 0.382812 0.547222 0.382812 0.550000 0.381250 0.552778 0.380469 0.555556 0.380469 0.565278 0.381250 0.569444 0.382812 0.572222 0.385937 0.566667 0.384375 0.565278 0.385156 0.562500 0.387500 0.558333 0.387500 0.552778 0.389062 0.547222 0.389844 0.547222 0.395313 0.545833 0.388281 0.545833 0.389844 0.547222 0.389062 0.547222 0.387500 0.545833 0.387500 0.543056 0.389062 0.543056 0.396094 0.544444 0.399219 0.550000 0.398438 0.550000 0.396875 0.547222 0.396875 0.551389 0.397656 0.555556 0.398438 0.550000 0.399219 0.550000 0.399219 0.556944 0.403906 0.563889 0.399219 0.563889 0.396094 0.569444 0.395313 0.572222 0.394531 0.580556 0.394531 0.588889 0.390625 0.584722 0.386719 0.583333 0.385937 0.581944 0.385156 0.580556 0.378906 0.580556 0.375000 0.577778 0.369531 0.568056 0.367969 0.566667 0.365625 0.565278 0.363281 0.563889 0.359375 0.563889 0.358594 0.561111 0.358594 0.558333 0.356250 0.551389 0.354687 0.547222 0.352344 0.543056 0.351562 0.538889 0.353125 0.537500 0.350781 0.536111 0.350781 0.531944 0.353906 0.529167 0.356250 0.523611 0.360938 0.522222 0.361719 0.513889 0.360156 0.509722 0.364063 0.508333
25 0.217969 0.504167 0.221875 0.504167 0.225000 0.506944 0.226562 0.506944 0.235937 0.506944 0.239063 0.506944 0.240625 0.504167 0.239063 0.504167 0.237500 0.506944 0.231250 0.504167 0.224219 0.505556 0.217969 0.504167
25 0.203906 0.501389 0.203125 0.502778 0.201563 0.504167 0.205469 0.504167 0.206250 0.502778 0.212500 0.502778 0.210938 0.501389 0.203906 0.501389
25 0.173437 0.500000 0.172656 0.502778 0.175781 0.505556 0.178125 0.509722 0.175000 0.512500 0.174219 0.513889 0.172656 0.516667 0.171875 0.520833 0.173437 0.525000 0.175781 0.520833 0.176563 0.518056 0.177344 0.515278 0.178125 0.509722 0.177344 0.508333 0.179688 0.506944 0.181250 0.505556 0.181250 0.502778 0.179688 0.502778 0.178906 0.501389 0.173437 0.500000
25 0.600781 0.484722 0.601562 0.494444 0.600000 0.502778 0.600000 0.506944 0.600000 0.526389 0.600000 0.534722 0.600781 0.536111 0.600781 0.540278 0.598437 0.537500 0.596875 0.543056 0.598437 0.545833 0.598437 0.547222 0.599219 0.548611 0.600000 0.548611 0.600781 0.554167 0.598437 0.554167 0.595313 0.552778 0.593750 0.551389 0.593750 0.545833 0.592969 0.543056 0.591406 0.538889 0.589063 0.534722 0.586719 0.533333 0.584375 0.533333 0.585938 0.536111 0.589063 0.534722 0.591406 0.538889 0.588281 0.541667 0.585938 0.545833 0.585938 0.547222 0.583594 0.551389 0.584375 0.554167 0.571875 0.554167 0.571094 0.555556 0.568750 0.556944 0.570312 0.555556 0.571094 0.554167 0.576562 0.554167 0.578125 0.551389 0.577344 0.548611 0.575781 0.547222 0.571875 0.545833 0.567969 0.545833 0.566406 0.544444 0.568750 0.540278 0.569531 0.537500 0.562500 0.536111 0.561719 0.541667 0.560937 0.545833 0.560156 0.548611 0.558594 0.551389 0.553906 0.552778 0.552344 0.552778 0.550781 0.551389 0.550781 0.547222 0.551562 0.544444 0.552344 0.543056 0.553125 0.543056 0.553906 0.544444 0.556250 0.548611 0.558594 0.547222 0.559375 0.544444 0.557031 0.543056 0.553906 0.544444 0.553125 0.543056 0.553906 0.534722 0.551562 0.533333 0.553906 0.531944 0.559375 0.531944 0.560156 0.534722 0.560937 0.534722 0.563281 0.530556 0.561719 0.527778 0.559375 0.529167 0.558594 0.527778 0.557031 0.526389 0.559375 0.522222 0.562500 0.518056 0.564063 0.518056 0.565625 0.515278 0.564063 0.513889 0.564844 0.511111 0.565625 0.506944 0.567969 0.505556 0.568750 0.506944 0.569531 0.509722 0.571094 0.506944 0.571875 0.506944 0.574219 0.502778 0.573438 0.498611 0.573438 0.498611 0.575781 0.500000 0.578906 0.495833 0.576562 0.494444 0.573438 0.498611 0.573438 0.498611 0.568750 0.506944 0.567969 0.505556 0.573438 0.495833 0.575000 0.493056 0.576562 0.491667 0.583594 0.491667 0.587500 0.494444 0.589844 0.495833 0.592187 0.494444 0.593750 0.493056 0.596875 0.486111 0.598437 0.487500 0.600781 0.484722
25 0.999219 0.469444 0.994531 0.476389 0.993750 0.477778 0.993750 0.479167 0.989844 0.480556 0.988281 0.483333 0.986719 0.483333 0.983594 0.487500 0.984375 0.497222 0.985938 0.497222 0.987500 0.497222 0.990625 0.502778 0.992188 0.502778 0.999219 0.515278 0.999219 0.469444
25 0.244531 0.470833 0.243750 0.475000 0.241406 0.479167 0.240625 0.481944 0.242969 0.486111 0.243750 0.483333 0.244531 0.479167 0.246094 0.476389 0.248438 0.475000 0.247656 0.469444 0.244531 0.470833
25 0.750781 0.468056 0.749219 0.469444 0.748437 0.472222 0.746094 0.473611 0.743750 0.473611 0.741406 0.477778 0.739844 0.477778 0.739062 0.483333 0.735938 0.487500 0.735156 0.490278 0.735938 0.493056 0.739062 0.486111 0.739062 0.490278 0.739062 0.493056 0.738281 0.494444 0.738281 0.497222 0.739062 0.494444 0.739844 0.490278 0.742969 0.484722 0.744531 0.484722 0.742188 0.483333 0.746875 0.483333 0.748437 0.481944 0.750781 0.479167 0.760156 0.477778 0.757031 0.476389 0.755469 0.475000 0.753906 0.472222 0.753906 0.470833 0.752344 0.468056 0.750781 0.468056
25 0.286719 0.450000 0.278125 0.451389 0.272656 0.455556 0.275000 0.461111 0.275781 0.466667 0.275781 0.470833 0.275000 0.472222 0.275000 0.476389 0.277344 0.484722 0.276562 0.486111 0.277344 0.487500 0.277344 0.490278 0.278125 0.493056 0.278906 0.495833 0.279687 0.490278 0.280469 0.493056 0.281250 0.494444 0.280469 0.498611 0.278906 0.500000 0.277344 0.501389 0.275000 0.501389 0.275000 0.508333 0.275781 0.509722 0.275781 0.512500 0.277344 0.512500 0.278906 0.515278 0.280469 0.515278 0.282031 0.516667 0.283594 0.519444 0.283594 0.523611 0.282031 0.526389 0.280469 0.526389 0.278906 0.527778 0.278125 0.529167 0.277344 0.531944 0.275781 0.538889 0.277344 0.538889 0.278906 0.536111 0.287500 0.537500 0.282813 0.540278 0.282031 0.543056 0.282031 0.551389 0.285156 0.550000 0.286719 0.554167 0.288281 0.554167 0.288281 0.558333 0.289844 0.562500 0.289062 0.565278 0.289844 0.569444 0.290625 0.570833 0.290625 0.573611 0.291406 0.566667 0.293750 0.569444 0.299219 0.569444 0.300781 0.570833 0.302344 0.573611 0.300781 0.576389 0.303906 0.576389 0.303125 0.573611 0.308594 0.573611 0.312500 0.572222 0.313281 0.573611 0.316406 0.573611 0.319531 0.565278 0.323437 0.563889 0.325000 0.562500 0.328906 0.556944 0.333594 0.561111 0.335938 0.561111 0.337500 0.558333 0.343750 0.554167 0.345313 0.552778 0.346094 0.548611 0.344531 0.545833 0.345313 0.540278 0.345313 0.537500 0.341406 0.533333 0.335156 0.527778 0.329688 0.526389 0.326562 0.522222 0.325781 0.516667 0.324219 0.515278 0.323437 0.511111 0.324219 0.508333 0.322656 0.505556 0.322656 0.502778 0.319531 0.501389 0.317969 0.498611 0.317188 0.495833 0.316406 0.488889 0.314063 0.483333 0.313281 0.481944 0.310937 0.480556 0.309375 0.477778 0.308594 0.470833 0.310156 0.472222 0.308594 0.469444 0.307812 0.469444 0.302344 0.459722 0.298438 0.455556 0.296094 0.455556 0.294531 0.454167 0.291406 0.450000 0.289844 0.450000 0.286719 0.450000
25 0.833594 0.448611 0.832812 0.450000 0.831250 0.450000 0.835938 0.450000 0.836719 0.448611 0.838281 0.448611 0.833594 0.448611
25 0.228125 0.443056 0.230469 0.447222 0.232031 0.448611 0.233594 0.450000 0.238281 0.451389 0.246875 0.451389 0.246094 0.448611 0.246094 0.447222 0.242969 0.447222 0.239063 0.445833 0.236719 0.443056 0.234375 0.443056 0.233594 0.444444 0.230469 0.444444 0.229687 0.443056 0.228125 0.443056
25 0.930469 0.437500 0.930469 0.440278 0.932031 0.440278 0.932031 0.437500 0.930469 0.437500
25 0.663281 0.386111 0.660937 0.388889 0.658594 0.388889 0.655469 0.391667 0.654687 0.395833 0.656250 0.393056 0.658594 0.393056 0.662500 0.390278 0.663281 0.386111
25 0.998437 0.376389 0.997656 0.377778 0.999219 0.381944 0.999219 0.373611 0.998437 0.376389
25 0.674219 0.345833 0.670312 0.348611 0.665625 0.352778 0.663281 0.356944 0.663281 0.361111 0.665625 0.356944 0.667188 0.355556 0.668750 0.354167 0.671094 0.354167 0.673438 0.352778 0.675000 0.350000 0.675781 0.345833 0.674219 0.345833
25 0.793750 0.319444 0.790625 0.323611 0.789062 0.327778 0.790625 0.325000 0.791406 0.325000 0.793750 0.319444
25 0.722656 0.304167 0.721875 0.306944 0.721875 0.322222 0.722656 0.330556 0.725781 0.331944 0.725781 0.318056 0.724219 0.315278 0.724219 0.309722 0.723437 0.308333 0.722656 0.304167
25 0.708594 0.276389 0.710938 0.279167 0.713281 0.279167 0.714844 0.281944 0.716406 0.286111 0.717969 0.290278 0.717969 0.304167 0.719531 0.308333 0.718750 0.318056 0.716406 0.311111 0.714844 0.308333 0.716406 0.318056 0.716406 0.336111 0.717187 0.338889 0.719531 0.343056 0.720313 0.345833 0.720313 0.350000 0.718750 0.354167 0.719531 0.356944 0.721094 0.355556 0.720313 0.359722 0.720313 0.363889 0.718750 0.366667 0.718750 0.372222 0.719531 0.373611 0.721875 0.397222 0.721094 0.404167 0.719531 0.406944 0.719531 0.409722 0.721875 0.409722 0.722656 0.409722 0.723437 0.408333 0.724219 0.405556 0.725000 0.400000 0.725000 0.381944 0.726562 0.376389 0.726562 0.362500 0.725781 0.359722 0.724219 0.356944 0.722656 0.356944 0.725000 0.352778 0.725781 0.350000 0.724219 0.345833 0.724219 0.343056 0.726562 0.337500 0.727344 0.348611 0.727344 0.354167 0.726562 0.387500 0.725000 0.406944 0.725781 0.411111 0.726562 0.411111 0.728125 0.418056 0.728125 0.465278 0.728906 0.479167 0.731250 0.431944 0.730469 0.430556 0.730469 0.413889 0.731250 0.418056 0.732031 0.373611 0.732812 0.372222 0.733594 0.338889 0.735156 0.345833 0.738281 0.352778 0.739844 0.355556 0.742188 0.356944 0.743750 0.356944 0.742969 0.359722 0.739062 0.361111 0.739062 0.362500 0.739844 0.368056 0.742969 0.365278 0.744531 0.365278 0.746094 0.366667 0.747656 0.369444 0.749219 0.370833 0.751563 0.372222 0.746094 0.375000 0.739062 0.373611 0.737500 0.373611 0.732812 0.380556 0.731250 0.427778 0.732031 0.440278 0.731250 0.486111 0.731250 0.491667 0.729688 0.497222 0.730469 0.501389 0.729688 0.483333 0.728906 0.481944 0.728125 0.479167 0.726562 0.487500 0.727344 0.490278 0.726562 0.508333 0.723437 0.508333 0.722656 0.508333 0.721875 0.509722 0.721094 0.512500 0.720313 0.515278 0.720313 0.518056 0.717969 0.516667 0.715625 0.519444 0.714063 0.522222 0.715625 0.526389 0.717187 0.523611 0.718750 0.523611 0.719531 0.527778 0.718750 0.533333 0.715625 0.536111 0.712500 0.536111 0.711719 0.531944 0.707812 0.534722 0.705469 0.537500 0.704688 0.533333 0.703125 0.530556 0.703906 0.516667 0.702344 0.513889 0.700000 0.511111 0.697656 0.509722 0.693750 0.508333 0.691406 0.509722 0.687500 0.513889 0.685937 0.518056 0.681250 0.515278 0.679688 0.515278 0.678906 0.518056 0.675000 0.515278 0.671875 0.516667 0.671094 0.520833 0.670312 0.522222 0.668750 0.523611 0.670312 0.526389 0.671094 0.530556 0.669531 0.531944 0.667969 0.531944 0.663281 0.530556 0.663281 0.523611 0.660156 0.522222 0.657813 0.525000 0.656250 0.527778 0.656250 0.525000 0.653906 0.525000 0.652344 0.525000 0.651563 0.523611 0.649219 0.523611 0.643750 0.523611 0.641406 0.525000 0.639844 0.526389 0.637500 0.531944 0.636719 0.529167 0.634375 0.531944 0.630469 0.537500 0.628906 0.537500 0.620313 0.537500 0.618750 0.537500 0.617188 0.530556 0.617188 0.523611 0.619531 0.518056 0.619531 0.515278 0.617969 0.512500 0.617188 0.512500 0.616406 0.511111 0.611719 0.502778 0.611719 0.500000 0.610938 0.498611 0.610938 0.495833 0.610938 0.490278 0.611719 0.487500 0.614062 0.486111 0.614844 0.483333 0.615625 0.483333 0.617188 0.475000 0.618750 0.470833 0.619531 0.466667 0.620313 0.466667 0.621875 0.462500 0.623437 0.461111 0.625000 0.461111 0.628906 0.463889 0.630469 0.463889 0.635156 0.461111 0.635938 0.458333 0.635156 0.451389 0.633594 0.455556 0.628125 0.455556 0.625781 0.454167 0.624219 0.451389 0.622656 0.450000 0.620313 0.450000 0.618750 0.452778 0.617188 0.456944 0.617188 0.462500 0.607812 0.480556 0.607812 0.476389 0.609375 0.470833 0.611719 0.465278 0.612500 0.455556 0.614062 0.451389 0.616406 0.447222 0.622656 0.444444 0.625781 0.438889 0.625781 0.437500 0.628125 0.433333 0.631250 0.433333 0.632812 0.431944 0.636719 0.427778 0.639062 0.423611 0.640625 0.422222 0.643750 0.420833 0.644531 0.420833 0.642969 0.422222 0.641406 0.425000 0.638281 0.431944 0.635938 0.440278 0.636719 0.444444 0.639062 0.440278 0.639844 0.437500 0.640625 0.433333 0.641406 0.433333 0.642969 0.430556 0.647656 0.420833 0.644531 0.420833 0.643750 0.420833 0.645312 0.418056 0.646094 0.418056 0.647656 0.411111 0.650781 0.404167 0.650781 0.402778 0.651563 0.401389 0.653125 0.400000 0.649219 0.406944 0.648438 0.409722 0.647656 0.412500 0.648438 0.418056 0.650000 0.412500 0.653906 0.405556 0.655469 0.404167 0.657813 0.402778 0.662500 0.402778 0.664844 0.401389 0.667969 0.400000 0.670312 0.395833 0.669531 0.391667 0.666406 0.387500 0.665625 0.381944 0.666406 0.380556 0.666406 0.376389 0.665625 0.366667 0.668750 0.361111 0.670312 0.359722 0.672656 0.358333 0.678125 0.358333 0.678906 0.352778 0.680469 0.351389 0.682031 0.343056 0.681250 0.330556 0.683594 0.329167 0.684375 0.322222 0.687500 0.318056 0.687500 0.315278 0.688281 0.312500 0.689063 0.311111 0.689844 0.311111 0.690625 0.309722 0.692969 0.302778 0.694531 0.300000 0.701562 0.290278 0.704688 0.283333 0.707031 0.284722 0.708594 0.283333 0.706250 0.279167 0.704688 0.277778 0.703125 0.279167 0.700781 0.279167 0.702344 0.279167 0.703125 0.277778 0.705469 0.276389 0.708594 0.276389
25 0.822656 0.273611 0.817187 0.283333 0.814844 0.284722 0.814063 0.286111 0.812500 0.290278 0.810156 0.293056 0.805469 0.295833 0.807813 0.295833 0.810156 0.294444 0.811719 0.293056 0.813281 0.291667 0.816406 0.287500 0.817187 0.286111 0.818750 0.283333 0.821094 0.277778 0.821094 0.276389 0.822656 0.273611
25 0.021094 0.186111 0.022656 0.188889 0.024219 0.188889 0.025781 0.190278 0.028125 0.194444 0.029687 0.200000 0.030469 0.201389 0.034375 0.206944 0.035937 0.208333 0.040625 0.209722 0.043750 0.211111 0.052344 0.225000 0.053906 0.230556 0.054688 0.234722 0.054688 0.240278 0.057031 0.254167 0.057813 0.259722 0.060156 0.263889 0.061719 0.270833 0.061719 0.281944 0.063281 0.286111 0.064844 0.290278 0.066406 0.293056 0.067187 0.293056 0.068750 0.298611 0.068750 0.319444 0.070312 0.330556 0.070312 0.338889 0.071094 0.340278 0.071875 0.343056 0.072656 0.336111 0.073438 0.331944 0.074219 0.329167 0.078906 0.327778 0.075781 0.325000 0.073438 0.325000 0.076563 0.325000 0.080469 0.326389 0.083594 0.330556 0.083594 0.331944 0.082031 0.329167 0.079687 0.330556 0.081250 0.333333 0.083594 0.331944 0.083594 0.330556 0.086719 0.336111 0.088281 0.337500 0.090625 0.338889 0.092188 0.338889 0.096875 0.337500 0.099219 0.340278 0.102344 0.341667 0.104688 0.341667 0.105469 0.340278 0.107813 0.340278 0.108594 0.341667 0.110937 0.341667 0.114844 0.334722 0.116406 0.333333 0.117969 0.334722 0.117969 0.331944 0.120313 0.330556 0.117969 0.331944 0.124219 0.331944 0.127344 0.334722 0.131250 0.334722 0.135156 0.331944 0.133594 0.333333 0.143750 0.334722 0.145313 0.333333 0.145313 0.336111 0.152344 0.336111 0.153125 0.340278 0.154688 0.341667 0.155469 0.347222 0.156250 0.350000 0.158594 0.352778 0.163281 0.362500 0.166406 0.365278 0.169531 0.370833 0.171094 0.372222 0.174219 0.372222 0.172656 0.373611 0.169531 0.373611 0.163281 0.362500 0.161719 0.363889 0.162500 0.366667 0.164844 0.370833 0.164062 0.380556 0.164844 0.384722 0.166406 0.386111 0.159375 0.427778 0.157031 0.433333 0.162500 0.429167 0.165625 0.422222 0.164844 0.440278 0.163281 0.443056 0.162500 0.443056 0.160938 0.447222 0.158594 0.450000 0.157812 0.445833 0.155469 0.448611 0.153906 0.451389 0.149219 0.455556 0.146094 0.461111 0.145313 0.463889 0.145313 0.469444 0.148438 0.468056 0.151562 0.468056 0.153906 0.465278 0.156250 0.466667 0.157812 0.463889 0.158594 0.461111 0.160156 0.459722 0.161719 0.459722 0.163281 0.455556 0.165625 0.452778 0.167187 0.452778 0.168750 0.450000 0.169531 0.450000 0.170313 0.445833 0.171875 0.443056 0.172656 0.438889 0.173437 0.434722 0.173437 0.429167 0.171875 0.426389 0.171875 0.419444 0.170313 0.416667 0.167969 0.420833 0.165625 0.422222 0.162500 0.429167 0.159375 0.427778 0.166406 0.386111 0.170313 0.386111 0.175000 0.388889 0.180469 0.390278 0.183594 0.390278 0.185156 0.388889 0.187500 0.384722 0.192969 0.383333 0.198437 0.383333 0.200000 0.383333 0.205469 0.383333 0.207813 0.383333 0.209375 0.383333 0.210938 0.384722 0.212500 0.387500 0.217969 0.390278 0.217969 0.391667 0.219531 0.394444 0.220312 0.398611 0.218750 0.401389 0.222656 0.409722 0.223438 0.416667 0.222656 0.419444 0.225000 0.418056 0.224219 0.420833 0.225000 0.426389 0.231250 0.419444 0.233594 0.419444 0.232813 0.415278 0.236719 0.415278 0.235156 0.416667 0.242188 0.418056 0.235937 0.419444 0.240625 0.420833 0.239844 0.427778 0.241406 0.429167 0.235937 0.433333 0.232031 0.433333 0.230469 0.436111 0.233594 0.430556 0.232813 0.426389 0.233594 0.427778 0.236719 0.425000 0.233594 0.423611 0.233594 0.427778 0.232813 0.426389 0.228125 0.429167 0.226562 0.431944 0.226562 0.433333 0.224219 0.438889 0.222656 0.440278 0.222656 0.447222 0.221094 0.450000 0.219531 0.451389 0.225000 0.452778 0.226562 0.450000 0.229687 0.454167 0.231250 0.456944 0.233594 0.461111 0.232813 0.465278 0.229687 0.470833 0.228125 0.477778 0.224219 0.484722 0.222656 0.486111 0.220312 0.487500 0.217188 0.486111 0.215625 0.487500 0.213281 0.488889 0.210156 0.488889 0.205469 0.488889 0.203125 0.487500 0.200000 0.488889 0.193750 0.488889 0.193750 0.486111 0.186719 0.484722 0.182031 0.484722 0.180469 0.486111 0.178906 0.487500 0.176563 0.491667 0.174219 0.493056 0.169531 0.501389 0.167187 0.506944 0.165625 0.511111 0.165625 0.515278 0.164844 0.518056 0.163281 0.520833 0.162500 0.525000 0.162500 0.529167 0.160938 0.531944 0.160938 0.533333 0.156250 0.534722 0.153125 0.536111 0.149219 0.537500 0.146875 0.541667 0.143750 0.537500 0.140625 0.540278 0.137500 0.540278 0.136719 0.543056 0.132812 0.544444 0.132031 0.540278 0.130469 0.537500 0.130469 0.531944 0.126562 0.530556 0.125000 0.533333 0.122656 0.534722 0.119531 0.534722 0.117969 0.537500 0.119531 0.541667 0.119531 0.544444 0.119531 0.541667 0.117969 0.534722 0.116406 0.531944 0.114844 0.530556 0.113281 0.531944 0.110937 0.536111 0.105469 0.533333 0.103125 0.530556 0.095312 0.530556 0.095312 0.527778 0.096875 0.523611 0.095312 0.520833 0.092969 0.523611 0.095312 0.527778 0.095312 0.530556 0.091406 0.537500 0.089844 0.537500 0.089063 0.536111 0.086719 0.536111 0.083594 0.536111 0.078906 0.537500 0.072656 0.533333 0.067187 0.534722 0.067187 0.536111 0.067969 0.543056 0.067187 0.547222 0.065625 0.550000 0.065625 0.555556 0.064844 0.558333 0.064062 0.561111 0.063281 0.558333 0.062500 0.556944 0.061719 0.551389 0.060937 0.544444 0.061719 0.538889 0.061719 0.525000 0.061719 0.522222 0.060156 0.513889 0.058594 0.516667 0.058594 0.518056 0.057813 0.519444 0.056250 0.520833 0.055469 0.516667 0.053906 0.513889 0.050000 0.511111 0.048438 0.508333 0.046094 0.506944 0.045312 0.502778 0.042188 0.504167 0.037500 0.502778 0.036719 0.502778 0.037500 0.498611 0.037500 0.494444 0.035156 0.493056 0.033594 0.490278 0.034375 0.483333 0.032031 0.488889 0.028125 0.490278 0.033594 0.494444 0.034375 0.497222 0.032031 0.498611 0.030469 0.501389 0.036719 0.502778 0.037500 0.502778 0.035937 0.505556 0.036719 0.511111 0.037500 0.520833 0.039062 0.529167 0.037500 0.534722 0.036719 0.537500 0.037500 0.544444 0.036719 0.547222 0.032813 0.547222 0.032813 0.544444 0.032031 0.543056 0.032031 0.536111 0.030469 0.531944 0.030469 0.527778 0.032031 0.523611 0.032031 0.520833 0.031250 0.519444 0.031250 0.515278 0.025781 0.505556 0.022656 0.508333 0.017188 0.508333 0.016406 0.511111 0.014844 0.512500 0.012500 0.512500 0.011719 0.511111 0.007812 0.512500 0.006250 0.515278 0.005469 0.518056 0.003906 0.520833 0.002344 0.522222 0.000000 0.522222 0.000000 0.206944 0.001563 0.206944 0.003125 0.204167 0.004687 0.204167 0.007031 0.201389 0.009375 0.198611 0.014844 0.188889 0.017188 0.186111 0.021094 0.186111
25 0.878125 0.126389 0.878125 0.129167 0.876563 0.131944 0.876563 0.134722 0.878125 0.134722 0.878906 0.136111 0.880469 0.136111 0.878906 0.131944 0.879687 0.126389 0.881250 0.126389 0.878125 0.126389
25 0.999219 0.000000 0.999219 0.256944 0.997656 0.256944 0.999219 0.261111 0.999219 0.363889 0.996094 0.365278 0.995313 0.366667 0.994531 0.370833 0.989844 0.379167 0.987500 0.375000 0.985156 0.375000 0.982812 0.376389 0.982031 0.383333 0.976562 0.384722 0.973437 0.386111 0.971094 0.388889 0.967187 0.390278 0.964063 0.390278 0.956250 0.387500 0.954688 0.387500 0.952344 0.391667 0.950781 0.393056 0.946875 0.393056 0.944531 0.394444 0.943750 0.398611 0.942969 0.401389 0.939063 0.401389 0.937500 0.404167 0.935937 0.412500 0.935937 0.422222 0.938281 0.426389 0.936719 0.429167 0.936719 0.433333 0.935156 0.436111 0.933594 0.434722 0.932813 0.429167 0.930469 0.427778 0.928906 0.425000 0.927344 0.423611 0.925000 0.426389 0.928125 0.429167 0.929688 0.431944 0.929688 0.434722 0.927344 0.436111 0.925781 0.433333 0.925781 0.429167 0.922656 0.426389 0.923438 0.423611 0.925781 0.422222 0.924219 0.420833 0.923438 0.419444 0.921875 0.419444 0.919531 0.415278 0.917969 0.413889 0.916406 0.412500 0.911719 0.412500 0.909375 0.415278 0.900000 0.431944 0.900000 0.426389 0.901563 0.425000 0.899219 0.423611 0.898438 0.430556 0.896875 0.431944 0.896875 0.436111 0.895312 0.440278 0.896875 0.444444 0.900000 0.447222 0.903906 0.445833 0.904687 0.459722 0.901563 0.461111 0.900000 0.458333 0.900000 0.463889 0.901563 0.461111 0.904687 0.459722 0.904687 0.462500 0.902344 0.468056 0.904687 0.470833 0.904687 0.476389 0.903125 0.473611 0.901563 0.477778 0.900000 0.475000 0.896875 0.473611 0.894531 0.476389 0.892969 0.475000 0.890625 0.477778 0.888281 0.479167 0.886719 0.481944 0.886719 0.486111 0.884375 0.486111 0.884375 0.494444 0.883594 0.497222 0.882812 0.500000 0.883594 0.495833 0.878906 0.495833 0.880469 0.498611 0.879687 0.501389 0.877344 0.504167 0.875781 0.502778 0.875000 0.506944 0.875781 0.500000 0.875781 0.495833 0.877344 0.491667 0.878125 0.488889 0.876563 0.486111 0.875781 0.486111 0.874219 0.483333 0.874219 0.480556 0.873437 0.477778 0.872656 0.476389 0.871094 0.475000 0.875000 0.469444 0.875000 0.465278 0.874219 0.462500 0.873437 0.459722 0.868750 0.451389 0.866406 0.447222 0.864844 0.445833 0.859375 0.444444 0.853906 0.443056 0.852344 0.443056 0.828906 0.444444 0.825781 0.448611 0.820312 0.444444 0.818750 0.444444 0.817969 0.445833 0.817187 0.450000 0.814063 0.451389 0.812500 0.452778 0.811719 0.461111 0.810937 0.463889 0.810156 0.466667 0.809375 0.468056 0.808594 0.468056 0.806250 0.470833 0.803906 0.475000 0.803125 0.480556 0.803125 0.491667 0.800000 0.497222 0.798438 0.497222 0.798438 0.493056 0.800000 0.491667 0.800000 0.487500 0.797656 0.481944 0.798438 0.472222 0.797656 0.469444 0.796875 0.466667 0.794531 0.462500 0.792969 0.463889 0.788281 0.472222 0.786719 0.476389 0.786719 0.481944 0.787500 0.491667 0.786719 0.494444 0.787500 0.498611 0.788281 0.502778 0.786719 0.505556 0.783594 0.504167 0.782031 0.506944 0.780469 0.519444 0.778906 0.522222 0.779687 0.525000 0.778906 0.529167 0.777344 0.530556 0.778125 0.533333 0.775000 0.531944 0.774219 0.536111 0.774219 0.533333 0.772656 0.529167 0.772656 0.525000 0.771875 0.522222 0.767969 0.522222 0.767188 0.515278 0.767969 0.513889 0.767969 0.511111 0.769531 0.511111 0.770312 0.498611 0.771875 0.495833 0.769531 0.494444 0.767188 0.491667 0.767188 0.486111 0.767188 0.483333 0.766406 0.480556 0.765625 0.477778 0.764844 0.476389 0.764062 0.475000 0.763281 0.473611 0.761719 0.472222 0.760156 0.472222 0.759375 0.466667 0.760156 0.465278 0.760156 0.462500 0.758594 0.459722 0.757031 0.461111 0.756250 0.458333 0.753906 0.459722 0.750781 0.454167 0.742969 0.454167 0.741406 0.452778 0.739844 0.450000 0.739062 0.447222 0.738281 0.443056 0.737500 0.437500 0.736719 0.431944 0.736719 0.426389 0.738281 0.425000 0.738281 0.411111 0.736719 0.409722 0.736719 0.404167 0.735938 0.402778 0.735938 0.398611 0.737500 0.397222 0.744531 0.395833 0.752344 0.397222 0.753906 0.400000 0.755469 0.397222 0.758594 0.397222 0.760156 0.393056 0.764062 0.393056 0.769531 0.390278 0.769531 0.388889 0.771094 0.386111 0.772656 0.386111 0.774219 0.388889 0.777344 0.386111 0.778906 0.383333 0.780469 0.381944 0.782813 0.380556 0.787500 0.380556 0.791406 0.373611 0.790625 0.369444 0.792969 0.365278 0.793750 0.362500 0.794531 0.358333 0.794531 0.355556 0.792188 0.351389 0.791406 0.348611 0.791406 0.338889 0.793750 0.333333 0.796094 0.333333 0.800781 0.327778 0.800000 0.323611 0.801562 0.322222 0.801562 0.313889 0.804688 0.308333 0.807813 0.308333 0.809375 0.306944 0.812500 0.301389 0.814844 0.300000 0.817187 0.294444 0.821094 0.291667 0.821875 0.290278 0.824219 0.284722 0.825781 0.277778 0.828906 0.270833 0.832031 0.265278 0.833594 0.263889 0.835156 0.263889 0.836719 0.262500 0.837500 0.259722 0.839063 0.258333 0.841406 0.261111 0.843750 0.262500 0.850000 0.262500 0.852344 0.261111 0.856250 0.256944 0.857812 0.252778 0.859375 0.251389 0.857031 0.250000 0.847656 0.251389 0.845313 0.250000 0.843750 0.248611 0.842187 0.245833 0.840625 0.245833 0.845313 0.245833 0.849219 0.244444 0.850781 0.243056 0.853906 0.237500 0.854688 0.237500 0.857031 0.233333 0.857031 0.225000 0.856250 0.218056 0.854688 0.212500 0.854688 0.206944 0.855469 0.209722 0.856250 0.213889 0.860938 0.223611 0.866406 0.233333 0.864844 0.225000 0.860938 0.218056 0.860156 0.215278 0.860156 0.212500 0.857031 0.205556 0.857031 0.197222 0.860156 0.200000 0.863281 0.197222 0.867969 0.195833 0.864844 0.193056 0.858594 0.193056 0.860156 0.191667 0.860938 0.190278 0.867188 0.190278 0.871875 0.187500 0.874219 0.188889 0.875781 0.191667 0.880469 0.191667 0.884375 0.190278 0.886719 0.186111 0.889844 0.181944 0.892969 0.188889 0.895312 0.194444 0.894531 0.198611 0.892969 0.200000 0.890625 0.200000 0.888281 0.201389 0.887500 0.202778 0.885938 0.204167 0.889844 0.205556 0.892969 0.206944 0.895312 0.209722 0.898438 0.209722 0.902344 0.206944 0.905469 0.206944 0.907031 0.204167 0.907031 0.201389 0.906250 0.200000 0.906250 0.195833 0.904687 0.191667 0.905469 0.176389 0.907031 0.177778 0.908594 0.175000 0.911719 0.173611 0.914844 0.170833 0.918750 0.165278 0.920312 0.159722 0.920312 0.154167 0.921094 0.150000 0.921875 0.147222 0.924219 0.141667 0.924219 0.138889 0.927344 0.134722 0.929688 0.129167 0.931250 0.125000 0.932031 0.122222 0.932813 0.118056 0.932813 0.102778 0.932031 0.087500 0.931250 0.077778 0.930469 0.072222 0.929688 0.068056 0.928906 0.063889 0.924219 0.045833 0.923438 0.041667 0.922656 0.034722 0.922656 0.020833 0.924219 0.013889 0.924219 0.006944 0.925000 0.005556 0.925000 0.000000 0.999219 0.000000
26 0.585156 0.600000 0.567969 0.602778 0.551562 0.602778 0.552344 0.605556 0.553125 0.608333 0.553906 0.611111 0.558594 0.612500 0.563281 0.615278 0.576562 0.619444 0.598437 0.625000 0.611719 0.629167 0.620313 0.631944 0.627344 0.634722 0.657813 0.647222 0.681250 0.656944 0.691406 0.661111 0.694531 0.662500 0.697656 0.663889 0.708594 0.669444 0.728125 0.679167 0.778125 0.705556 0.806250 0.719444 0.876563 0.754167 0.891406 0.761111 0.930469 0.779167 0.969531 0.795833 0.987500 0.804167 0.990625 0.806944 0.996875 0.809722 0.999219 0.809722 0.998437 0.672222 0.988281 0.670833 0.976562 0.669444 0.965625 0.669444 0.953906 0.668056 0.939844 0.665278 0.910937 0.658333 0.903906 0.656944 0.900000 0.658333 0.891406 0.656944 0.881250 0.654167 0.869531 0.652778 0.847656 0.651389 0.836719 0.650000 0.830469 0.648611 0.812500 0.644444 0.794531 0.638889 0.788281 0.637500 0.779687 0.636111 0.744531 0.631944 0.735938 0.630556 0.716406 0.626389 0.696875 0.620833 0.677344 0.616667 0.668750 0.615278 0.636719 0.611111 0.628906 0.609722 0.585156 0.600000
27 0.514062 0.556944 0.513281 0.558333 0.510156 0.559722 0.500000 0.559722 0.511719 0.559722 0.514062 0.556944 0.515625 0.556944 0.514062 0.556944
27 0.396094 0.547222 0.396875 0.550000 0.397656 0.554167 0.397656 0.550000 0.396094 0.547222
27 0.389062 0.545833 0.388281 0.547222 0.386719 0.547222 0.385937 0.550000 0.385156 0.555556 0.386719 0.555556 0.386719 0.552778 0.387500 0.548611 0.392188 0.545833 0.394531 0.545833 0.389062 0.545833
27 0.349219 0.536111 0.350781 0.538889 0.353125 0.538889 0.354687 0.538889 0.353125 0.538889 0.352344 0.537500 0.350781 0.537500 0.349219 0.536111
27 0.533594 0.530556 0.531250 0.534722 0.532031 0.537500 0.532813 0.534722 0.533594 0.530556
27 0.535156 0.529167 0.539844 0.530556 0.541406 0.529167 0.535156 0.529167
27 0.561719 0.513889 0.561719 0.516667 0.564844 0.515278 0.561719 0.513889
27 0.580469 0.493056 0.578906 0.494444 0.578125 0.495833 0.576562 0.495833 0.574219 0.498611 0.569531 0.506944 0.568750 0.509722 0.571094 0.505556 0.571875 0.505556 0.573438 0.502778 0.574219 0.498611 0.575781 0.498611 0.577344 0.495833 0.578906 0.494444 0.580469 0.493056
27 0.592187 0.490278 0.591406 0.490278 0.589844 0.493056 0.587500 0.493056 0.590625 0.493056 0.592187 0.491667 0.593750 0.488889 0.592187 0.490278
27 0.600781 0.480556 0.599219 0.484722 0.600781 0.483333 0.600781 0.480556
27 0.619531 0.452778 0.619531 0.454167 0.617969 0.456944 0.617969 0.462500 0.610156 0.476389 0.610156 0.479167 0.612500 0.487500 0.610938 0.488889 0.613281 0.486111 0.613281 0.484722 0.615625 0.481944 0.616406 0.475000 0.617969 0.468056 0.619531 0.465278 0.621094 0.462500 0.623437 0.459722 0.625000 0.459722 0.628906 0.462500 0.630469 0.462500 0.634375 0.461111 0.635156 0.458333 0.635156 0.452778 0.633594 0.456944 0.628125 0.456944 0.625781 0.455556 0.624219 0.452778 0.622656 0.451389 0.619531 0.452778
27 0.587500 0.437500 0.589844 0.440278 0.592187 0.443056 0.593750 0.443056 0.595313 0.444444 0.592969 0.443056 0.590625 0.438889 0.589063 0.437500 0.587500 0.437500
27 0.566406 0.433333 0.581250 0.433333 0.583594 0.436111 0.585938 0.436111 0.582031 0.433333 0.566406 0.433333
27 0.645312 0.422222 0.642969 0.423611 0.642188 0.425000 0.639062 0.431944 0.636719 0.440278 0.635938 0.444444 0.635938 0.448611 0.635938 0.444444 0.638281 0.440278 0.639062 0.434722 0.640625 0.431944 0.641406 0.431944 0.642188 0.430556 0.646875 0.420833 0.645312 0.422222
27 0.721094 0.386111 0.721094 0.388889 0.721875 0.390278 0.721875 0.395833 0.723437 0.391667 0.723437 0.386111 0.721094 0.386111
27 0.721094 0.356944 0.720313 0.361111 0.721094 0.363889 0.719531 0.366667 0.719531 0.372222 0.720313 0.373611 0.721094 0.381944 0.722656 0.380556 0.724219 0.377778 0.725000 0.375000 0.724219 0.358333 0.721875 0.356944 0.723437 0.355556 0.723437 0.352778 0.721094 0.356944
27 0.689063 0.212500 0.695312 0.216667 0.696875 0.218056 0.694531 0.216667 0.692969 0.213889 0.690625 0.212500 0.689063 0.212500
27 0.924219 0.000000 0.924219 0.005556 0.923438 0.006944 0.923438 0.013889 0.921875 0.020833 0.921875 0.034722 0.922656 0.041667 0.923438 0.045833 0.928125 0.063889 0.928906 0.068056 0.929688 0.072222 0.930469 0.077778 0.931250 0.087500 0.932031 0.102778 0.932031 0.118056 0.931250 0.122222 0.930469 0.125000 0.928906 0.129167 0.926562 0.133333 0.926562 0.134722 0.925000 0.137500 0.924219 0.137500 0.923438 0.141667 0.921094 0.147222 0.920312 0.150000 0.919531 0.154167 0.919531 0.159722 0.918750 0.161111 0.918750 0.163889 0.914844 0.169444 0.911719 0.172222 0.908594 0.173611 0.907031 0.176389 0.905469 0.175000 0.903906 0.177778 0.903906 0.191667 0.905469 0.195833 0.905469 0.200000 0.906250 0.201389 0.906250 0.204167 0.902344 0.205556 0.898438 0.208333 0.895312 0.208333 0.892969 0.205556 0.889844 0.204167 0.886719 0.204167 0.890625 0.201389 0.892969 0.201389 0.894531 0.200000 0.896094 0.197222 0.896094 0.194444 0.893750 0.188889 0.889844 0.180556 0.880469 0.137500 0.879687 0.131944 0.879687 0.127778 0.882031 0.126389 0.880469 0.123611 0.878906 0.125000 0.878125 0.125000 0.877344 0.129167 0.875781 0.131944 0.875781 0.134722 0.878906 0.137500 0.880469 0.137500 0.889844 0.180556 0.886719 0.184722 0.884375 0.188889 0.880469 0.190278 0.875781 0.190278 0.874219 0.187500 0.872656 0.186111 0.867188 0.188889 0.860938 0.188889 0.859375 0.190278 0.857812 0.193056 0.864844 0.194444 0.865625 0.195833 0.867188 0.195833 0.863281 0.195833 0.860938 0.198611 0.857812 0.195833 0.856250 0.205556 0.859375 0.212500 0.859375 0.215278 0.860156 0.218056 0.864062 0.225000 0.864062 0.226389 0.866406 0.231944 0.861719 0.223611 0.857031 0.213889 0.856250 0.209722 0.854688 0.205556 0.853906 0.212500 0.855469 0.218056 0.856250 0.225000 0.856250 0.233333 0.854688 0.236111 0.850781 0.241667 0.849219 0.243056 0.845313 0.244444 0.839844 0.245833 0.842187 0.247222 0.843750 0.250000 0.845313 0.251389 0.847656 0.252778 0.856250 0.252778 0.857031 0.251389 0.859375 0.250000 0.857812 0.251389 0.857031 0.252778 0.857031 0.254167 0.856250 0.255556 0.852344 0.259722 0.850000 0.261111 0.843750 0.261111 0.841406 0.259722 0.839844 0.256944 0.838281 0.258333 0.837500 0.258333 0.836719 0.261111 0.835156 0.262500 0.833594 0.262500 0.832031 0.263889 0.828125 0.270833 0.825000 0.277778 0.823438 0.284722 0.821094 0.290278 0.817187 0.293056 0.816406 0.288889 0.817969 0.286111 0.818750 0.284722 0.819531 0.283333 0.821875 0.277778 0.821094 0.275000 0.817187 0.281944 0.814844 0.283333 0.813281 0.286111 0.813281 0.287500 0.812500 0.288889 0.811719 0.288889 0.810156 0.291667 0.806250 0.293056 0.804688 0.295833 0.807813 0.297222 0.810156 0.295833 0.811719 0.294444 0.813281 0.293056 0.816406 0.288889 0.817187 0.293056 0.814844 0.298611 0.812500 0.300000 0.809375 0.305556 0.807813 0.306944 0.804688 0.306944 0.800781 0.313889 0.800781 0.322222 0.799219 0.323611 0.794531 0.320833 0.793750 0.318056 0.791406 0.322222 0.790625 0.322222 0.794531 0.320833 0.799219 0.323611 0.800000 0.327778 0.796094 0.331944 0.792969 0.333333 0.790625 0.338889 0.790625 0.348611 0.791406 0.351389 0.793750 0.355556 0.793750 0.358333 0.792969 0.362500 0.792188 0.365278 0.789844 0.369444 0.790625 0.373611 0.787500 0.379167 0.782813 0.379167 0.780469 0.380556 0.778906 0.381944 0.777344 0.384722 0.775781 0.386111 0.774219 0.387500 0.772656 0.384722 0.771094 0.384722 0.768750 0.390278 0.763281 0.390278 0.760938 0.390278 0.759375 0.393056 0.759375 0.394444 0.755469 0.395833 0.753906 0.398611 0.752344 0.394444 0.744531 0.394444 0.735938 0.397222 0.735156 0.391667 0.734375 0.391667 0.732812 0.388889 0.732812 0.381944 0.737500 0.375000 0.739062 0.375000 0.746094 0.376389 0.750781 0.375000 0.752344 0.372222 0.750781 0.369444 0.747656 0.368056 0.746094 0.365278 0.744531 0.363889 0.742969 0.363889 0.740625 0.366667 0.739844 0.361111 0.743750 0.359722 0.744531 0.356944 0.739062 0.352778 0.735938 0.345833 0.735156 0.343056 0.735938 0.331944 0.735938 0.327778 0.734375 0.320833 0.733594 0.309722 0.732812 0.312500 0.732812 0.288889 0.731250 0.286111 0.731250 0.280556 0.731250 0.277778 0.729688 0.275000 0.730469 0.270833 0.728906 0.265278 0.728125 0.265278 0.727344 0.258333 0.727344 0.255556 0.725000 0.254167 0.724219 0.248611 0.723437 0.247222 0.721875 0.244444 0.720313 0.247222 0.721094 0.243056 0.717187 0.234722 0.716406 0.229167 0.714063 0.227778 0.712500 0.225000 0.712500 0.223611 0.710938 0.220833 0.709375 0.220833 0.707031 0.216667 0.705469 0.218056 0.705469 0.213889 0.703906 0.216667 0.700781 0.208333 0.699219 0.206944 0.697656 0.206944 0.696094 0.205556 0.694531 0.202778 0.692969 0.201389 0.689844 0.200000 0.682813 0.195833 0.678906 0.194444 0.673438 0.193056 0.671875 0.193056 0.668750 0.194444 0.660156 0.193056 0.659375 0.191667 0.656250 0.191667 0.655469 0.188889 0.650781 0.190278 0.642969 0.187500 0.641406 0.187500 0.641406 0.190278 0.639062 0.190278 0.637500 0.191667 0.635938 0.195833 0.634375 0.195833 0.635156 0.198611 0.635938 0.202778 0.635156 0.204167 0.639062 0.208333 0.641406 0.208333 0.642969 0.211111 0.643750 0.208333 0.646094 0.206944 0.642969 0.205556 0.646094 0.205556 0.646094 0.206944 0.653906 0.208333 0.646875 0.209722 0.657813 0.209722 0.656250 0.208333 0.667969 0.208333 0.668750 0.211111 0.678125 0.209722 0.680469 0.211111 0.686719 0.215278 0.688281 0.216667 0.690625 0.220833 0.693750 0.222222 0.696875 0.222222 0.698438 0.223611 0.700000 0.229167 0.700781 0.229167 0.702344 0.231944 0.704688 0.233333 0.707812 0.238889 0.707812 0.241667 0.709375 0.241667 0.713281 0.251389 0.715625 0.254167 0.714844 0.256944 0.717187 0.263889 0.717969 0.270833 0.720313 0.272222 0.721094 0.275000 0.721875 0.277778 0.722656 0.280556 0.723437 0.284722 0.722656 0.286111 0.724219 0.290278 0.724219 0.293056 0.722656 0.297222 0.723437 0.304167 0.721875 0.304167 0.721094 0.306944 0.721094 0.322222 0.721875 0.330556 0.724219 0.334722 0.725781 0.333333 0.725000 0.340278 0.722656 0.338889 0.721094 0.341667 0.720313 0.344444 0.717969 0.338889 0.717187 0.336111 0.717187 0.318056 0.715625 0.312500 0.714844 0.309722 0.715625 0.312500 0.718750 0.319444 0.720313 0.308333 0.718750 0.304167 0.718750 0.290278 0.717187 0.286111 0.715625 0.281944 0.713281 0.277778 0.710938 0.277778 0.708594 0.275000 0.705469 0.275000 0.700000 0.279167 0.703906 0.279167 0.706250 0.280556 0.707812 0.283333 0.706250 0.281944 0.703906 0.283333 0.701562 0.288889 0.694531 0.298611 0.692187 0.302778 0.689844 0.309722 0.687500 0.312500 0.686719 0.318056 0.685156 0.320833 0.684375 0.320833 0.683594 0.327778 0.682031 0.327778 0.680469 0.330556 0.681250 0.343056 0.680469 0.350000 0.678125 0.352778 0.678125 0.356944 0.672656 0.356944 0.671094 0.355556 0.673438 0.354167 0.675781 0.350000 0.676562 0.347222 0.674219 0.344444 0.670312 0.347222 0.665625 0.351389 0.662500 0.356944 0.663281 0.362500 0.665625 0.358333 0.667188 0.356944 0.668750 0.355556 0.671094 0.355556 0.672656 0.356944 0.670312 0.358333 0.668750 0.359722 0.664844 0.366667 0.665625 0.376389 0.665625 0.380556 0.664844 0.381944 0.664844 0.386111 0.663281 0.384722 0.660937 0.387500 0.658594 0.387500 0.657031 0.388889 0.655469 0.390278 0.655469 0.395833 0.658594 0.394444 0.660937 0.391667 0.663281 0.390278 0.663281 0.388889 0.663281 0.384722 0.664844 0.386111 0.666406 0.388889 0.667188 0.388889 0.668750 0.391667 0.669531 0.394444 0.667969 0.398611 0.662500 0.401389 0.657813 0.401389 0.655469 0.402778 0.653906 0.404167 0.653125 0.401389 0.650000 0.402778 0.650781 0.405556 0.653125 0.401389 0.653906 0.404167 0.649219 0.412500 0.648438 0.415278 0.647656 0.418056 0.648438 0.412500 0.648438 0.408333 0.646875 0.411111 0.646094 0.416667 0.643750 0.419444 0.640625 0.420833 0.639062 0.422222 0.636719 0.426389 0.632812 0.430556 0.631250 0.431944 0.628125 0.431944 0.625000 0.437500 0.625000 0.438889 0.622656 0.443056 0.620313 0.444444 0.618750 0.444444 0.615625 0.447222 0.614062 0.450000 0.613281 0.451389 0.613281 0.452778 0.611719 0.455556 0.611719 0.459722 0.608594 0.450000 0.604688 0.443056 0.603125 0.445833 0.599219 0.436111 0.597656 0.434722 0.596094 0.433333 0.593750 0.431944 0.591406 0.430556 0.588281 0.430556 0.585156 0.427778 0.582031 0.426389 0.578125 0.425000 0.564063 0.425000 0.563281 0.431944 0.564063 0.434722 0.564844 0.436111 0.566406 0.437500 0.569531 0.438889 0.573438 0.438889 0.574219 0.440278 0.578125 0.438889 0.580469 0.438889 0.583594 0.440278 0.585938 0.441667 0.588281 0.443056 0.589844 0.447222 0.590625 0.451389 0.592969 0.455556 0.593750 0.459722 0.596094 0.462500 0.596875 0.465278 0.597656 0.468056 0.596094 0.472222 0.596094 0.475000 0.596875 0.476389 0.596875 0.479167 0.595313 0.481944 0.595313 0.483333 0.594531 0.484722 0.592969 0.486111 0.589844 0.487500 0.579688 0.487500 0.576562 0.488889 0.570312 0.498611 0.569531 0.500000 0.569531 0.501389 0.567969 0.504167 0.564844 0.506944 0.562500 0.506944 0.560937 0.505556 0.556250 0.498611 0.554688 0.498611 0.551562 0.494444 0.550000 0.493056 0.549219 0.495833 0.544531 0.490278 0.542969 0.490278 0.541406 0.491667 0.539844 0.491667 0.539062 0.490278 0.536719 0.490278 0.535937 0.491667 0.532813 0.493056 0.537500 0.493056 0.543750 0.494444 0.546094 0.495833 0.547656 0.498611 0.546875 0.498611 0.544531 0.498611 0.546094 0.501389 0.548438 0.500000 0.546875 0.498611 0.547656 0.498611 0.549219 0.498611 0.550781 0.500000 0.552344 0.502778 0.552344 0.504167 0.554688 0.508333 0.554688 0.509722 0.556250 0.512500 0.555469 0.518056 0.555469 0.513889 0.553125 0.506944 0.549219 0.500000 0.548438 0.504167 0.549219 0.504167 0.550000 0.505556 0.552344 0.511111 0.551562 0.518056 0.551562 0.515278 0.550000 0.511111 0.546094 0.504167 0.545312 0.504167 0.542969 0.500000 0.541406 0.498611 0.535156 0.500000 0.536719 0.502778 0.536719 0.504167 0.539844 0.509722 0.542969 0.511111 0.543750 0.513889 0.543750 0.520833 0.541406 0.523611 0.535156 0.522222 0.532031 0.522222 0.529687 0.526389 0.525000 0.527778 0.523438 0.527778 0.519531 0.526389 0.515625 0.522222 0.510156 0.523611 0.509375 0.523611 0.507812 0.522222 0.505469 0.522222 0.503906 0.523611 0.509375 0.523611 0.510156 0.523611 0.514062 0.525000 0.516406 0.526389 0.517969 0.527778 0.520312 0.531944 0.521094 0.531944 0.522656 0.533333 0.523438 0.534722 0.525781 0.541667 0.525781 0.545833 0.525000 0.548611 0.523438 0.552778 0.521094 0.550000 0.520312 0.543056 0.519531 0.538889 0.516406 0.533333 0.514062 0.530556 0.512500 0.529167 0.510156 0.527778 0.506250 0.529167 0.510938 0.531944 0.511719 0.536111 0.513281 0.543056 0.514844 0.544444 0.515625 0.550000 0.516406 0.554167 0.509375 0.554167 0.508594 0.555556 0.497656 0.555556 0.496875 0.552778 0.495312 0.552778 0.492969 0.556944 0.492969 0.559722 0.490625 0.559722 0.489063 0.561111 0.487500 0.563889 0.485156 0.565278 0.483594 0.568056 0.485938 0.573611 0.485938 0.573611 0.482031 0.572222 0.480469 0.575000 0.475000 0.575000 0.470313 0.576389 0.466406 0.579167 0.467969 0.580556 0.468750 0.581944 0.468750 0.583333 0.470313 0.586111 0.475000 0.579167 0.478125 0.577778 0.481250 0.577778 0.484375 0.576389 0.485938 0.573611 0.485938 0.573611 0.488281 0.570833 0.490625 0.569444 0.494531 0.562500 0.497656 0.561111 0.496094 0.561111 0.492969 0.566667 0.490625 0.569444 0.489844 0.569444 0.489063 0.570833 0.487500 0.575000 0.487500 0.576389 0.481250 0.577778 0.478906 0.579167 0.475781 0.584722 0.475000 0.588889 0.469531 0.590278 0.468750 0.586111 0.466406 0.581944 0.464844 0.580556 0.462500 0.580556 0.460938 0.577778 0.459375 0.572222 0.458594 0.570833 0.457031 0.569444 0.455469 0.568056 0.450000 0.566667 0.439063 0.566667 0.435937 0.569444 0.431250 0.569444 0.428125 0.570833 0.426563 0.572222 0.425000 0.576389 0.425000 0.573611 0.423438 0.573611 0.423438 0.570833 0.421875 0.566667 0.422656 0.563889 0.419531 0.561111 0.417187 0.561111 0.414844 0.558333 0.409375 0.558333 0.406250 0.556944 0.402344 0.551389 0.400781 0.551389 0.396094 0.543056 0.389062 0.541667 0.387500 0.541667 0.384375 0.544444 0.381250 0.543056 0.380469 0.537500 0.378125 0.530556 0.378906 0.526389 0.378906 0.522222 0.377344 0.525000 0.376563 0.529167 0.376563 0.526389 0.377344 0.523611 0.378906 0.520833 0.379688 0.518056 0.378906 0.511111 0.375000 0.508333 0.374219 0.513889 0.372656 0.511111 0.372656 0.509722 0.368750 0.513889 0.366406 0.513889 0.364844 0.511111 0.363281 0.513889 0.362500 0.509722 0.364844 0.508333 0.360938 0.506944 0.359375 0.509722 0.360938 0.513889 0.360938 0.520833 0.357031 0.520833 0.355469 0.523611 0.355469 0.525000 0.353906 0.527778 0.351562 0.530556 0.350000 0.531944 0.345313 0.527778 0.341406 0.526389 0.335156 0.526389 0.329688 0.525000 0.326562 0.520833 0.326562 0.516667 0.325000 0.515278 0.324219 0.511111 0.325000 0.508333 0.323437 0.505556 0.323437 0.502778 0.319531 0.500000 0.318750 0.498611 0.317969 0.495833 0.317188 0.488889 0.314844 0.484722 0.314844 0.483333 0.313281 0.480556 0.310937 0.479167 0.310156 0.477778 0.310156 0.476389 0.308594 0.473611 0.307812 0.470833 0.309375 0.473611 0.310937 0.472222 0.308594 0.468056 0.307812 0.468056 0.304688 0.465278 0.302344 0.458333 0.298438 0.454167 0.296094 0.454167 0.294531 0.452778 0.292969 0.451389 0.290625 0.447222 0.287500 0.445833 0.277344 0.447222 0.278906 0.448611 0.279687 0.450000 0.282813 0.450000 0.278906 0.450000 0.275000 0.448611 0.271875 0.445833 0.268750 0.444444 0.263281 0.447222 0.258594 0.447222 0.263281 0.447222 0.266406 0.444444 0.260937 0.443056 0.246094 0.445833 0.244531 0.444444 0.239063 0.444444 0.236719 0.441667 0.234375 0.441667 0.229687 0.441667 0.227344 0.443056 0.230469 0.448611 0.232031 0.450000 0.233594 0.451389 0.238281 0.452778 0.247656 0.452778 0.250000 0.450000 0.253125 0.448611 0.257031 0.448611 0.253125 0.448611 0.249219 0.451389 0.249219 0.452778 0.243750 0.454167 0.236719 0.461111 0.235156 0.461111 0.233594 0.459722 0.230469 0.455556 0.223438 0.444444 0.223438 0.440278 0.225000 0.440278 0.226562 0.437500 0.228125 0.434722 0.228125 0.431944 0.230469 0.429167 0.232031 0.429167 0.233594 0.425000 0.235937 0.425000 0.236719 0.423611 0.238281 0.423611 0.236719 0.423611 0.234375 0.425000 0.232813 0.427778 0.232813 0.430556 0.231250 0.433333 0.235937 0.434722 0.243750 0.429167 0.250000 0.429167 0.252344 0.427778 0.253906 0.425000 0.250000 0.422222 0.240625 0.422222 0.252344 0.422222 0.257031 0.422222 0.249219 0.416667 0.235937 0.416667 0.237500 0.415278 0.232031 0.415278 0.233594 0.416667 0.231250 0.418056 0.227344 0.420833 0.225000 0.423611 0.225000 0.420833 0.225000 0.416667 0.223438 0.415278 0.223438 0.409722 0.219531 0.402778 0.221094 0.398611 0.220312 0.394444 0.218750 0.390278 0.217188 0.387500 0.214844 0.387500 0.212500 0.386111 0.210938 0.383333 0.209375 0.381944 0.207813 0.381944 0.205469 0.381944 0.200000 0.381944 0.198437 0.381944 0.192969 0.381944 0.187500 0.383333 0.185156 0.387500 0.183594 0.388889 0.180469 0.388889 0.175000 0.387500 0.170313 0.384722 0.166406 0.384722 0.164844 0.383333 0.164844 0.380556 0.165625 0.370833 0.163281 0.366667 0.163281 0.365278 0.161719 0.362500 0.163281 0.363889 0.168750 0.372222 0.169531 0.375000 0.172656 0.375000 0.173437 0.373611 0.175000 0.372222 0.171094 0.370833 0.169531 0.369444 0.166406 0.363889 0.163281 0.361111 0.159375 0.352778 0.158594 0.351389 0.157812 0.351389 0.157031 0.350000 0.156250 0.347222 0.155469 0.344444 0.154688 0.340278 0.153906 0.337500 0.152344 0.334722 0.146094 0.333333 0.133594 0.331944 0.132031 0.331944 0.127344 0.333333 0.125000 0.330556 0.123438 0.331944 0.117969 0.333333 0.116406 0.331944 0.114844 0.333333 0.113281 0.338889 0.110937 0.340278 0.108594 0.340278 0.107813 0.338889 0.105469 0.338889 0.104688 0.340278 0.102344 0.340278 0.099219 0.338889 0.096875 0.336111 0.092188 0.337500 0.090625 0.337500 0.088281 0.336111 0.086719 0.334722 0.083594 0.329167 0.082031 0.330556 0.083594 0.333333 0.081250 0.331944 0.079687 0.329167 0.078125 0.327778 0.078125 0.327778 0.080469 0.330556 0.082812 0.329167 0.080469 0.325000 0.076563 0.323611 0.072656 0.325000 0.075781 0.326389 0.078125 0.327778 0.078125 0.327778 0.073438 0.329167 0.072656 0.331944 0.071875 0.336111 0.071875 0.338889 0.070312 0.329167 0.069531 0.319444 0.069531 0.298611 0.068750 0.294444 0.067187 0.291667 0.066406 0.291667 0.065625 0.290278 0.065625 0.288889 0.062500 0.281944 0.062500 0.270833 0.060937 0.263889 0.058594 0.259722 0.057813 0.254167 0.055469 0.240278 0.055469 0.234722 0.054688 0.230556 0.053906 0.227778 0.053125 0.225000 0.052344 0.223611 0.043750 0.209722 0.040625 0.208333 0.035937 0.206944 0.034375 0.205556 0.030469 0.200000 0.028906 0.194444 0.025781 0.188889 0.024219 0.187500 0.022656 0.187500 0.021094 0.184722 0.017188 0.184722 0.014844 0.187500 0.009375 0.197222 0.007031 0.200000 0.004687 0.202778 0.003125 0.202778 0.001563 0.205556 0.000000 0.205556 0.000000 0.193056 0.002344 0.193056 0.000000 0.188889 0.000000 0.000000 0.924219 0.000000
19 0.094531 0.766667 0.092969 0.769444 0.093750 0.775000 0.096094 0.775000 0.097656 0.772222 0.100000 0.770833 0.098437 0.768056 0.096094 0.766667 0.094531 0.766667
19 0.148438 0.625000 0.139844 0.626389 0.139063 0.627778 0.136719 0.627778 0.138281 0.627778 0.140625 0.630556 0.144531 0.631944 0.157812 0.631944 0.160938 0.629167 0.162500 0.625000 0.148438 0.625000
19 0.243750 0.623611 0.236719 0.626389 0.242969 0.629167 0.246875 0.627778 0.247656 0.626389 0.250781 0.626389 0.248438 0.626389 0.245312 0.623611 0.243750 0.623611
19 0.226562 0.616667 0.219531 0.619444 0.213281 0.619444 0.214844 0.619444 0.215625 0.620833 0.219531 0.622222 0.230469 0.623611 0.232031 0.623611 0.234375 0.622222 0.237500 0.619444 0.239063 0.618056 0.233594 0.618056 0.232813 0.616667 0.226562 0.616667
19 0.503906 0.594444 0.502344 0.597222 0.503906 0.601389 0.508594 0.601389 0.509375 0.602778 0.511719 0.602778 0.511719 0.606944 0.514062 0.613889 0.515625 0.616667 0.517188 0.618056 0.525000 0.619444 0.529687 0.618056 0.542969 0.620833 0.545312 0.620833 0.546875 0.619444 0.549219 0.615278 0.549219 0.600000 0.550781 0.600000 0.550000 0.597222 0.553125 0.595833 0.555469 0.598611 0.558594 0.598611 0.559375 0.600000 0.562500 0.598611 0.572656 0.597222 0.566406 0.597222 0.562500 0.600000 0.550781 0.600000 0.549219 0.602778 0.550000 0.613889 0.551562 0.615278 0.554688 0.613889 0.551562 0.606944 0.553125 0.611111 0.554688 0.613889 0.558594 0.613889 0.563281 0.616667 0.598437 0.626389 0.611719 0.630556 0.620313 0.633333 0.627344 0.636111 0.637500 0.640278 0.647656 0.644444 0.650781 0.645833 0.653906 0.647222 0.656250 0.650000 0.663281 0.651389 0.666406 0.654167 0.669531 0.654167 0.677344 0.658333 0.682813 0.661111 0.685156 0.663889 0.687500 0.665278 0.692969 0.666667 0.695312 0.668056 0.700000 0.672222 0.703125 0.672222 0.705469 0.673611 0.710156 0.677778 0.713281 0.677778 0.715625 0.680556 0.721094 0.681944 0.726562 0.684722 0.728906 0.686111 0.731250 0.688889 0.733594 0.690278 0.748437 0.697222 0.750781 0.698611 0.753125 0.701389 0.760156 0.704167 0.764844 0.708333 0.767188 0.708333 0.768750 0.711111 0.772656 0.711111 0.775000 0.713889 0.779687 0.713889 0.786719 0.718056 0.789062 0.720833 0.792969 0.722222 0.793750 0.725000 0.796875 0.726389 0.802344 0.729167 0.805469 0.729167 0.808594 0.730556 0.814844 0.736111 0.824219 0.741667 0.827344 0.743056 0.831250 0.743056 0.833594 0.744444 0.835938 0.745833 0.837500 0.748611 0.839844 0.750000 0.842187 0.751389 0.847656 0.752778 0.850000 0.755556 0.853906 0.755556 0.858594 0.758333 0.860938 0.759722 0.862500 0.762500 0.864062 0.763889 0.867969 0.763889 0.871875 0.768056 0.875781 0.766667 0.877344 0.766667 0.878906 0.769444 0.882031 0.770833 0.883594 0.772222 0.886719 0.776389 0.888281 0.777778 0.890625 0.777778 0.893750 0.781944 0.896094 0.783333 0.900000 0.783333 0.904687 0.787500 0.907031 0.788889 0.910156 0.788889 0.914062 0.793056 0.916406 0.793056 0.918750 0.795833 0.921094 0.795833 0.925000 0.800000 0.928125 0.800000 0.930469 0.801389 0.934375 0.805556 0.936719 0.805556 0.937500 0.804167 0.939844 0.804167 0.941406 0.806944 0.944531 0.806944 0.947656 0.809722 0.950781 0.809722 0.951562 0.811111 0.953906 0.809722 0.952344 0.806944 0.947656 0.805556 0.946094 0.804167 0.944531 0.802778 0.946094 0.802778 0.946875 0.804167 0.949219 0.804167 0.950781 0.805556 0.953906 0.809722 0.955469 0.809722 0.960938 0.809722 0.960938 0.812500 0.975781 0.812500 0.978125 0.813889 0.982031 0.816667 0.984375 0.818056 0.986719 0.822222 0.989062 0.823611 0.975781 0.825000 0.978906 0.827778 0.983594 0.829167 0.995313 0.829167 0.997656 0.830556 0.999219 0.831944 0.999219 0.841667 0.953906 0.841667 0.953125 0.840278 0.860156 0.838889 0.813281 0.837500 0.725781 0.831944 0.660937 0.827778 0.639062 0.826389 0.587500 0.822222 0.553125 0.819444 0.485156 0.813889 0.467969 0.812500 0.323437 0.798611 0.291406 0.795833 0.267969 0.794444 0.199219 0.790278 0.153125 0.787500 0.109375 0.787500 0.111719 0.781944 0.112500 0.779167 0.112500 0.773611 0.114062 0.768056 0.114062 0.763889 0.110937 0.758333 0.104688 0.756944 0.102344 0.755556 0.100000 0.751389 0.090625 0.752778 0.089063 0.752778 0.086719 0.748611 0.085156 0.747222 0.083594 0.745833 0.082031 0.745833 0.078906 0.748611 0.077344 0.751389 0.076563 0.754167 0.077344 0.765278 0.075781 0.765278 0.074219 0.768056 0.075000 0.772222 0.076563 0.773611 0.078906 0.775000 0.081250 0.776389 0.084375 0.776389 0.086719 0.777778 0.090625 0.783333 0.092188 0.783333 0.093750 0.784722 0.095312 0.786111 0.051562 0.786111 0.050781 0.784722 0.000781 0.784722 0.000000 0.680556 0.003125 0.680556 0.007031 0.679167 0.008594 0.677778 0.009375 0.675000 0.009375 0.676389 0.014844 0.676389 0.013281 0.673611 0.011719 0.675000 0.009375 0.676389 0.009375 0.675000 0.010937 0.673611 0.008594 0.672222 0.009375 0.668056 0.005469 0.672222 0.003125 0.673611 0.000000 0.673611 0.000000 0.641667 0.002344 0.641667 0.003125 0.640278 0.010937 0.640278 0.009375 0.645833 0.012500 0.645833 0.014063 0.644444 0.014844 0.643056 0.019531 0.641667 0.026562 0.640278 0.051562 0.640278 0.050781 0.662500 0.049219 0.665278 0.042969 0.666667 0.051562 0.668056 0.059375 0.666667 0.064844 0.663889 0.070312 0.663889 0.076563 0.661111 0.067187 0.659722 0.066406 0.661111 0.056250 0.661111 0.050781 0.662500 0.051562 0.640278 0.060937 0.637500 0.076563 0.637500 0.082812 0.638889 0.086719 0.640278 0.090625 0.643056 0.094531 0.643056 0.096094 0.645833 0.095312 0.648611 0.095312 0.650000 0.094531 0.651389 0.093750 0.651389 0.094531 0.656944 0.103125 0.656944 0.107813 0.655556 0.111719 0.654167 0.112500 0.654167 0.104688 0.655556 0.099219 0.656944 0.096875 0.658333 0.096094 0.659722 0.094531 0.661111 0.098437 0.663889 0.100000 0.662500 0.102344 0.661111 0.106250 0.662500 0.110156 0.659722 0.112500 0.659722 0.113281 0.661111 0.115625 0.661111 0.117188 0.658333 0.118750 0.656944 0.122656 0.658333 0.125781 0.655556 0.133594 0.654167 0.121094 0.652778 0.112500 0.654167 0.111719 0.654167 0.115625 0.652778 0.117188 0.651389 0.120313 0.647222 0.118750 0.644444 0.114844 0.648611 0.111719 0.648611 0.108594 0.647222 0.107813 0.645833 0.106250 0.645833 0.107813 0.645833 0.110156 0.643056 0.113281 0.643056 0.116406 0.640278 0.119531 0.638889 0.133594 0.637500 0.136719 0.637500 0.136719 0.640278 0.138281 0.644444 0.135156 0.644444 0.132812 0.645833 0.131250 0.648611 0.150000 0.650000 0.157812 0.648611 0.160156 0.644444 0.163281 0.644444 0.164844 0.641667 0.167187 0.634722 0.171094 0.633333 0.175000 0.629167 0.178906 0.626389 0.184375 0.625000 0.185938 0.625000 0.193750 0.625000 0.195312 0.625000 0.207031 0.627778 0.217969 0.627778 0.216406 0.630556 0.213281 0.630556 0.211719 0.633333 0.207813 0.634722 0.212500 0.637500 0.217969 0.637500 0.230469 0.636111 0.237500 0.633333 0.249219 0.633333 0.256250 0.630556 0.267969 0.630556 0.274219 0.629167 0.278125 0.626389 0.285938 0.626389 0.293750 0.623611 0.294531 0.622222 0.300781 0.623611 0.301563 0.622222 0.308594 0.622222 0.314063 0.619444 0.296875 0.618056 0.294531 0.622222 0.293750 0.623611 0.274219 0.622222 0.274219 0.618056 0.271094 0.616667 0.270313 0.622222 0.268750 0.622222 0.267969 0.620833 0.265625 0.620833 0.262500 0.616667 0.260937 0.615278 0.256250 0.615278 0.255469 0.616667 0.250000 0.616667 0.246875 0.619444 0.242969 0.619444 0.240625 0.618056 0.254688 0.616667 0.259375 0.612500 0.260937 0.613889 0.263281 0.615278 0.269531 0.613889 0.274219 0.611111 0.277344 0.611111 0.283594 0.612500 0.285938 0.616667 0.289844 0.620833 0.292187 0.622222 0.294531 0.618056 0.303125 0.618056 0.307031 0.616667 0.307812 0.615278 0.310156 0.615278 0.316406 0.619444 0.321094 0.619444 0.325000 0.616667 0.322656 0.612500 0.322656 0.601389 0.322656 0.608333 0.323437 0.613889 0.328125 0.622222 0.329688 0.623611 0.335938 0.620833 0.342187 0.620833 0.352344 0.623611 0.357031 0.623611 0.373437 0.623611 0.377344 0.623611 0.379688 0.622222 0.381250 0.619444 0.381250 0.604167 0.382812 0.611111 0.384375 0.612500 0.385156 0.613889 0.386719 0.613889 0.387500 0.612500 0.389062 0.611111 0.382812 0.611111 0.381250 0.604167 0.391406 0.604167 0.394531 0.601389 0.394531 0.605556 0.396875 0.609722 0.399219 0.611111 0.406250 0.611111 0.419531 0.609722 0.421094 0.606944 0.422656 0.609722 0.424219 0.619444 0.426563 0.623611 0.429688 0.623611 0.435156 0.622222 0.439063 0.619444 0.453906 0.620833 0.457031 0.623611 0.460938 0.625000 0.462500 0.625000 0.464844 0.623611 0.466406 0.622222 0.467969 0.608333 0.467969 0.594444 0.471094 0.597222 0.473438 0.597222 0.473438 0.601389 0.475000 0.604167 0.477344 0.605556 0.481250 0.605556 0.492188 0.605556 0.493750 0.604167 0.496094 0.600000 0.496094 0.595833 0.500781 0.595833 0.501563 0.593056 0.503906 0.594444
19 0.083594 0.566667 0.074219 0.568056 0.072656 0.569444 0.071094 0.572222 0.068750 0.573611 0.067187 0.573611 0.071094 0.573611 0.073438 0.579167 0.069531 0.586111 0.073438 0.586111 0.075000 0.584722 0.079687 0.576389 0.096094 0.577778 0.106250 0.575000 0.153906 0.575000 0.152344 0.572222 0.149219 0.570833 0.146094 0.569444 0.130469 0.568056 0.123438 0.568056 0.122656 0.569444 0.119531 0.569444 0.117188 0.573611 0.114844 0.575000 0.112500 0.575000 0.111719 0.573611 0.108594 0.573611 0.107031 0.572222 0.103906 0.566667 0.092969 0.568056 0.085156 0.566667 0.083594 0.566667
19 0.000000 0.561111 0.000000 0.570833 0.001563 0.570833 0.010156 0.570833 0.020313 0.568056 0.023438 0.568056 0.024219 0.569444 0.027344 0.568056 0.028906 0.568056 0.032813 0.570833 0.038281 0.568056 0.047656 0.568056 0.040625 0.568056 0.036719 0.566667 0.035156 0.563889 0.025000 0.562500 0.020313 0.562500 0.017188 0.563889 0.014063 0.565278 0.013281 0.562500 0.005469 0.561111 0.000000 0.561111
20 0.083594 0.747222 0.086719 0.750000 0.089063 0.754167 0.090625 0.754167 0.100000 0.752778 0.102344 0.756944 0.104688 0.758333 0.110937 0.759722 0.113281 0.763889 0.113281 0.768056 0.111719 0.773611 0.111719 0.779167 0.110937 0.781944 0.110156 0.784722 0.108594 0.787500 0.103125 0.787500 0.102344 0.786111 0.096094 0.786111 0.090625 0.781944 0.093750 0.776389 0.096094 0.776389 0.097656 0.773611 0.099219 0.773611 0.100781 0.770833 0.098437 0.766667 0.096094 0.765278 0.094531 0.765278 0.092188 0.769444 0.092188 0.773611 0.093750 0.776389 0.090625 0.781944 0.086719 0.776389 0.084375 0.775000 0.081250 0.775000 0.078906 0.773611 0.076563 0.772222 0.075000 0.770833 0.075000 0.768056 0.077344 0.766667 0.077344 0.754167 0.078125 0.751389 0.078906 0.750000 0.080469 0.748611 0.082031 0.747222 0.083594 0.747222
20 0.002344 0.675000 0.001563 0.676389 0.000000 0.676389 0.000000 0.679167 0.003125 0.679167 0.007031 0.677778 0.008594 0.675000 0.002344 0.675000
20 0.990625 0.670833 0.994531 0.670833 0.992969 0.669444 0.990625 0.670833
20 0.009375 0.669444 0.007812 0.670833 0.006250 0.672222 0.007812 0.672222 0.009375 0.669444
20 0.992969 0.665278 0.995313 0.668056 0.995313 0.665278 0.992969 0.665278
20 0.674219 0.655556 0.675000 0.656944 0.678125 0.658333 0.681250 0.658333 0.691406 0.662500 0.694531 0.663889 0.697656 0.665278 0.747656 0.691667 0.778125 0.706944 0.834375 0.734722 0.862500 0.748611 0.876563 0.755556 0.891406 0.762500 0.930469 0.780556 0.969531 0.797222 0.987500 0.805556 0.990625 0.808333 0.996875 0.811111 0.999219 0.811111 0.999219 0.830556 0.997656 0.829167 0.995313 0.827778 0.983594 0.827778 0.978906 0.826389 0.978125 0.825000 0.976562 0.825000 0.989844 0.823611 0.986719 0.820833 0.984375 0.816667 0.982031 0.815278 0.978125 0.812500 0.975781 0.811111 0.963281 0.809722 0.960938 0.811111 0.960938 0.808333 0.956250 0.806944 0.953125 0.809722 0.951562 0.809722 0.947656 0.808333 0.947656 0.806944 0.950000 0.808333 0.953125 0.806944 0.949219 0.802778 0.946875 0.802778 0.946094 0.801389 0.943750 0.802778 0.947656 0.806944 0.947656 0.808333 0.944531 0.805556 0.941406 0.805556 0.939844 0.802778 0.937500 0.802778 0.936719 0.804167 0.934375 0.804167 0.930469 0.800000 0.928125 0.798611 0.925000 0.798611 0.921094 0.794444 0.918750 0.794444 0.916406 0.791667 0.914062 0.791667 0.910156 0.787500 0.907031 0.787500 0.904687 0.786111 0.900000 0.781944 0.896094 0.781944 0.893750 0.780556 0.890625 0.776389 0.888281 0.776389 0.886719 0.775000 0.883594 0.770833 0.882031 0.769444 0.878906 0.768056 0.877344 0.765278 0.875781 0.765278 0.871875 0.766667 0.867969 0.762500 0.864062 0.762500 0.862500 0.761111 0.860938 0.758333 0.858594 0.756944 0.853906 0.754167 0.850000 0.754167 0.847656 0.751389 0.842187 0.750000 0.839844 0.748611 0.837500 0.747222 0.835938 0.744444 0.833594 0.743056 0.831250 0.741667 0.827344 0.741667 0.824219 0.740278 0.814844 0.734722 0.808594 0.729167 0.805469 0.727778 0.802344 0.727778 0.799219 0.725000 0.796094 0.723611 0.793750 0.723611 0.792969 0.720833 0.790625 0.719444 0.786719 0.716667 0.779687 0.712500 0.775000 0.712500 0.772656 0.709722 0.768750 0.709722 0.767188 0.706944 0.764844 0.706944 0.760156 0.702778 0.753125 0.700000 0.750781 0.697222 0.748437 0.695833 0.733594 0.688889 0.731250 0.687500 0.728906 0.684722 0.726562 0.683333 0.715625 0.679167 0.713281 0.676389 0.710156 0.676389 0.705469 0.672222 0.703125 0.670833 0.700000 0.670833 0.695312 0.666667 0.692969 0.665278 0.687500 0.663889 0.685156 0.662500 0.682813 0.659722 0.677344 0.656944 0.675000 0.656944 0.674219 0.655556 0.672656 0.655556 0.674219 0.655556
20 0.121094 0.654167 0.112500 0.655556 0.104688 0.656944 0.099219 0.658333 0.095312 0.661111 0.097656 0.661111 0.100000 0.661111 0.102344 0.659722 0.107031 0.661111 0.110156 0.658333 0.112500 0.658333 0.113281 0.659722 0.115625 0.659722 0.117188 0.656944 0.119531 0.655556 0.122656 0.656944 0.125781 0.654167 0.132812 0.654167 0.121094 0.654167
20 0.895312 0.654167 0.893750 0.655556 0.897656 0.655556 0.896875 0.652778 0.895312 0.654167
20 0.912500 0.645833 0.915625 0.648611 0.918750 0.648611 0.921875 0.650000 0.925000 0.654167 0.927344 0.652778 0.931250 0.654167 0.928125 0.655556 0.929688 0.656944 0.930469 0.658333 0.935937 0.659722 0.942969 0.659722 0.950000 0.662500 0.951562 0.662500 0.953906 0.661111 0.942187 0.656944 0.941406 0.655556 0.932813 0.654167 0.934375 0.655556 0.936719 0.655556 0.937500 0.654167 0.939844 0.654167 0.940625 0.655556 0.942969 0.654167 0.953906 0.655556 0.955469 0.658333 0.955469 0.658333 0.964844 0.659722 0.966406 0.656944 0.964063 0.655556 0.955469 0.658333 0.955469 0.658333 0.959375 0.656944 0.962500 0.654167 0.969531 0.654167 0.970313 0.655556 0.974219 0.655556 0.974219 0.658333 0.971875 0.658333 0.971094 0.656944 0.968750 0.656944 0.966406 0.656944 0.967969 0.659722 0.970313 0.661111 0.975781 0.661111 0.980469 0.663889 0.981250 0.662500 0.985156 0.663889 0.986719 0.665278 0.987500 0.669444 0.989062 0.670833 0.977344 0.669444 0.965625 0.668056 0.953906 0.666667 0.925781 0.661111 0.925000 0.659722 0.911719 0.658333 0.910937 0.656944 0.904687 0.656944 0.903125 0.655556 0.907031 0.655556 0.910156 0.652778 0.914062 0.652778 0.915625 0.655556 0.919531 0.652778 0.916406 0.650000 0.913281 0.648611 0.907813 0.650000 0.903125 0.647222 0.899219 0.647222 0.875781 0.648611 0.882031 0.647222 0.896875 0.648611 0.900000 0.645833 0.912500 0.645833
20 0.096094 0.648611 0.093750 0.652778 0.094531 0.655556 0.103125 0.655556 0.107813 0.654167 0.111719 0.652778 0.115625 0.651389 0.117188 0.650000 0.119531 0.647222 0.117969 0.645833 0.116406 0.648611 0.114844 0.650000 0.111719 0.650000 0.106250 0.647222 0.096094 0.648611
20 0.731250 0.616667 0.735156 0.618056 0.735938 0.619444 0.737500 0.619444 0.736719 0.616667 0.735156 0.616667 0.734375 0.618056 0.731250 0.616667
20 0.550781 0.602778 0.550000 0.612500 0.551562 0.613889 0.553906 0.613889 0.550781 0.602778
20 0.607031 0.601389 0.610156 0.604167 0.611719 0.602778 0.617188 0.602778 0.618750 0.602778 0.620313 0.605556 0.625000 0.606944 0.664844 0.608333 0.667969 0.606944 0.668750 0.609722 0.673438 0.608333 0.678125 0.609722 0.683594 0.608333 0.687500 0.611111 0.695312 0.611111 0.701562 0.612500 0.702344 0.613889 0.707031 0.613889 0.707812 0.611111 0.710938 0.612500 0.712500 0.611111 0.714063 0.612500 0.707812 0.613889 0.714844 0.615278 0.720313 0.612500 0.715625 0.611111 0.721094 0.611111 0.723437 0.613889 0.725000 0.613889 0.721094 0.615278 0.722656 0.618056 0.725000 0.619444 0.728125 0.618056 0.726562 0.615278 0.728125 0.618056 0.728125 0.619444 0.734375 0.620833 0.738281 0.623611 0.742188 0.622222 0.740625 0.620833 0.742969 0.619444 0.743750 0.615278 0.745313 0.616667 0.745313 0.619444 0.746875 0.620833 0.742188 0.623611 0.750781 0.626389 0.759375 0.627778 0.766406 0.626389 0.767188 0.629167 0.772656 0.630556 0.776563 0.630556 0.777344 0.631944 0.781250 0.630556 0.778906 0.629167 0.780469 0.629167 0.782031 0.626389 0.783594 0.626389 0.789062 0.627778 0.792969 0.629167 0.793750 0.631944 0.793750 0.631944 0.790625 0.629167 0.787500 0.629167 0.780469 0.631944 0.782031 0.633333 0.782813 0.634722 0.787500 0.634722 0.788281 0.633333 0.793750 0.631944 0.793750 0.631944 0.799219 0.631944 0.800000 0.634722 0.802344 0.636111 0.803906 0.636111 0.813281 0.634722 0.814063 0.633333 0.816406 0.633333 0.814844 0.634722 0.821875 0.636111 0.827344 0.640278 0.834375 0.640278 0.836719 0.643056 0.839063 0.643056 0.839844 0.641667 0.842187 0.641667 0.844531 0.644444 0.850781 0.645833 0.856250 0.647222 0.867969 0.648611 0.873437 0.651389 0.882031 0.651389 0.885156 0.654167 0.889062 0.654167 0.882031 0.654167 0.881250 0.652778 0.870313 0.652778 0.847656 0.650000 0.836719 0.648611 0.830469 0.647222 0.812500 0.643056 0.794531 0.637500 0.788281 0.636111 0.779687 0.634722 0.744531 0.630556 0.735938 0.629167 0.716406 0.625000 0.696875 0.619444 0.677344 0.615278 0.668750 0.613889 0.636719 0.609722 0.628906 0.608333 0.614062 0.604167 0.607031 0.604167 0.606250 0.602778 0.600000 0.602778 0.607031 0.601389
20 0.573438 0.597222 0.566406 0.598611 0.562500 0.601389 0.552344 0.601389 0.567969 0.601389 0.568750 0.600000 0.585156 0.598611 0.592187 0.600000 0.592969 0.601389 0.594531 0.600000 0.590625 0.600000 0.589844 0.598611 0.582031 0.597222 0.573438 0.597222
