24 0.004687 0.729167 0.004687 0.734722 0.007031 0.734722 0.005469 0.737500 0.006250 0.741667 0.007812 0.740278 0.009375 0.738889 0.007031 0.734722 0.007031 0.733333 0.006250 0.730556 0.004687 0.729167
24 0.000000 0.726389 0.001563 0.731944 0.000781 0.733333 0.002344 0.734722 0.002344 0.731944 0.000781 0.727778 0.003125 0.726389 0.000000 0.726389
24 0.242188 0.690278 0.242188 0.694444 0.241406 0.695833 0.241406 0.743056 0.239844 0.748611 0.235156 0.747222 0.234375 0.744444 0.233594 0.747222 0.234375 0.754167 0.238281 0.754167 0.240625 0.752778 0.242188 0.751389 0.243750 0.748611 0.242969 0.716667 0.242188 0.715278 0.242188 0.690278
24 0.292969 0.637500 0.296094 0.638889 0.296875 0.641667 0.297656 0.648611 0.296875 0.659722 0.296094 0.663889 0.293750 0.666667 0.294531 0.669444 0.292969 0.672222 0.294531 0.673611 0.292969 0.676389 0.293750 0.736111 0.293750 0.738889 0.292187 0.744444 0.292187 0.750000 0.292969 0.763889 0.292187 0.766667 0.289844 0.770833 0.292969 0.772222 0.293750 0.770833 0.298438 0.772222 0.301563 0.768056 0.299219 0.765278 0.301563 0.759722 0.302344 0.756944 0.302344 0.747222 0.300781 0.745833 0.300000 0.738889 0.300000 0.730556 0.301563 0.725000 0.301563 0.709722 0.301563 0.697222 0.301563 0.681944 0.303906 0.681944 0.302344 0.675000 0.300000 0.673611 0.300000 0.662500 0.301563 0.661111 0.300781 0.647222 0.300000 0.641667 0.299219 0.638889 0.292969 0.637500
24 0.660156 0.519444 0.660156 0.522222 0.657813 0.526389 0.654687 0.527778 0.653125 0.529167 0.653125 0.555556 0.652344 0.562500 0.654687 0.565278 0.655469 0.583333 0.655469 0.588889 0.653906 0.595833 0.651563 0.597222 0.650000 0.600000 0.650000 0.625000 0.650781 0.644444 0.653125 0.651389 0.652344 0.655556 0.653125 0.656944 0.650781 0.663889 0.650781 0.666667 0.652344 0.668056 0.654687 0.669444 0.654687 0.670833 0.657813 0.677778 0.658594 0.680556 0.658594 0.683333 0.659375 0.686111 0.660156 0.688889 0.662500 0.693056 0.663281 0.701389 0.664062 0.705556 0.665625 0.709722 0.668750 0.716667 0.670312 0.720833 0.671875 0.725000 0.671094 0.720833 0.667188 0.706944 0.664844 0.702778 0.664062 0.700000 0.663281 0.697222 0.663281 0.690278 0.660937 0.684722 0.660937 0.676389 0.661719 0.673611 0.662500 0.670833 0.666406 0.665278 0.664062 0.663889 0.664844 0.658333 0.665625 0.655556 0.664062 0.645833 0.664844 0.634722 0.667188 0.630556 0.667969 0.627778 0.665625 0.629167 0.664844 0.633333 0.664062 0.622222 0.663281 0.620833 0.663281 0.611111 0.664844 0.608333 0.663281 0.606944 0.662500 0.600000 0.662500 0.591667 0.662500 0.588889 0.664062 0.587500 0.663281 0.584722 0.661719 0.579167 0.661719 0.576389 0.662500 0.570833 0.663281 0.568056 0.665625 0.568056 0.667188 0.569444 0.666406 0.566667 0.663281 0.563889 0.666406 0.561111 0.667188 0.556944 0.665625 0.558333 0.664062 0.558333 0.662500 0.556944 0.662500 0.552778 0.664062 0.552778 0.663281 0.548611 0.665625 0.548611 0.663281 0.547222 0.662500 0.550000 0.661719 0.547222 0.660937 0.545833 0.661719 0.540278 0.663281 0.537500 0.664844 0.536111 0.662500 0.531944 0.662500 0.529167 0.660937 0.525000 0.662500 0.523611 0.660156 0.519444
24 0.822656 0.494444 0.822656 0.513889 0.824219 0.529167 0.824219 0.533333 0.823438 0.534722 0.823438 0.538889 0.825000 0.562500 0.825000 0.602778 0.825781 0.619444 0.827344 0.629167 0.826562 0.634722 0.828125 0.641667 0.828906 0.681944 0.828125 0.687500 0.829688 0.687500 0.829688 0.690278 0.833594 0.688889 0.833594 0.686111 0.835156 0.680556 0.834375 0.658333 0.833594 0.655556 0.835156 0.654167 0.835156 0.651389 0.835156 0.629167 0.833594 0.625000 0.833594 0.616667 0.832031 0.611111 0.831250 0.611111 0.829688 0.598611 0.830469 0.595833 0.829688 0.583333 0.828125 0.576389 0.828125 0.563889 0.826562 0.555556 0.825781 0.543056 0.826562 0.536111 0.828906 0.534722 0.825000 0.533333 0.825781 0.530556 0.824219 0.519444 0.824219 0.504167 0.823438 0.497222 0.822656 0.494444
24 0.655469 0.443056 0.655469 0.445833 0.656250 0.448611 0.655469 0.443056
24 0.266406 0.388889 0.271094 0.393056 0.272656 0.395833 0.273438 0.395833 0.274219 0.397222 0.274219 0.398611 0.278125 0.402778 0.279687 0.405556 0.281250 0.409722 0.284375 0.412500 0.287500 0.419444 0.288281 0.422222 0.289062 0.425000 0.287500 0.425000 0.288281 0.430556 0.289844 0.429167 0.288281 0.431944 0.290625 0.438889 0.291406 0.434722 0.291406 0.437500 0.290625 0.438889 0.290625 0.441667 0.291406 0.443056 0.292187 0.445833 0.292187 0.450000 0.295312 0.452778 0.293750 0.455556 0.295312 0.463889 0.296094 0.470833 0.296875 0.465278 0.296094 0.470833 0.296875 0.473611 0.296875 0.481944 0.297656 0.477778 0.296875 0.487500 0.298438 0.493056 0.298438 0.497222 0.296875 0.497222 0.296094 0.505556 0.297656 0.515278 0.296875 0.533333 0.298438 0.534722 0.296875 0.537500 0.297656 0.540278 0.299219 0.541667 0.299219 0.550000 0.297656 0.555556 0.296875 0.586111 0.299219 0.588889 0.297656 0.593056 0.299219 0.595833 0.298438 0.602778 0.296875 0.604167 0.295312 0.604167 0.292187 0.604167 0.292187 0.598611 0.290625 0.597222 0.292969 0.591667 0.292969 0.584722 0.294531 0.584722 0.293750 0.570833 0.293750 0.568056 0.294531 0.565278 0.294531 0.562500 0.292969 0.561111 0.292969 0.556944 0.292969 0.554167 0.294531 0.550000 0.292969 0.548611 0.294531 0.545833 0.293750 0.540278 0.292969 0.543056 0.293750 0.540278 0.292969 0.536111 0.292969 0.533333 0.294531 0.527778 0.294531 0.504167 0.292969 0.502778 0.292969 0.490278 0.294531 0.490278 0.293750 0.479167 0.294531 0.476389 0.293750 0.466667 0.292187 0.454167 0.291406 0.450000 0.290625 0.445833 0.286719 0.444444 0.286719 0.441667 0.286719 0.441667 0.288281 0.438889 0.287500 0.436111 0.286719 0.441667 0.286719 0.441667 0.285156 0.438889 0.285156 0.437500 0.284375 0.436111 0.282813 0.433333 0.281250 0.430556 0.280469 0.430556 0.279687 0.423611 0.278125 0.418056 0.278906 0.416667 0.278906 0.413889 0.281250 0.413889 0.279687 0.411111 0.278906 0.413889 0.278906 0.416667 0.277344 0.412500 0.278125 0.408333 0.276562 0.404167 0.274219 0.401389 0.271875 0.400000 0.271875 0.398611 0.270313 0.395833 0.269531 0.395833 0.267188 0.391667 0.265625 0.391667 0.264062 0.387500 0.266406 0.388889
24 0.671875 0.351389 0.671094 0.354167 0.668750 0.352778 0.664062 0.354167 0.660937 0.355556 0.658594 0.359722 0.660937 0.361111 0.661719 0.359722 0.665625 0.358333 0.667969 0.359722 0.668750 0.356944 0.671875 0.358333 0.672656 0.354167 0.673438 0.356944 0.672656 0.354167 0.673438 0.352778 0.671875 0.351389
24 0.450000 0.238889 0.449219 0.241667 0.449219 0.247222 0.451562 0.247222 0.452344 0.250000 0.453125 0.254167 0.452344 0.258333 0.453906 0.261111 0.452344 0.263889 0.452344 0.268056 0.453125 0.265278 0.454688 0.262500 0.453125 0.254167 0.453906 0.248611 0.456250 0.248611 0.460156 0.251389 0.469531 0.258333 0.475000 0.263889 0.485156 0.269444 0.486719 0.270833 0.488281 0.272222 0.489063 0.273611 0.489844 0.276389 0.489844 0.284722 0.491406 0.287500 0.492969 0.288889 0.493750 0.276389 0.495312 0.276389 0.496875 0.279167 0.498437 0.279167 0.500000 0.281944 0.502344 0.283333 0.504687 0.283333 0.506250 0.286111 0.511719 0.290278 0.513281 0.290278 0.518750 0.294444 0.520312 0.297222 0.523438 0.298611 0.525781 0.297222 0.524219 0.294444 0.523438 0.293056 0.520312 0.288889 0.518750 0.287500 0.517188 0.286111 0.510938 0.283333 0.505469 0.279167 0.501563 0.275000 0.504687 0.273611 0.507031 0.276389 0.512500 0.279167 0.514844 0.279167 0.513281 0.277778 0.510156 0.277778 0.504687 0.273611 0.499219 0.268056 0.496875 0.266667 0.496875 0.269444 0.495312 0.269444 0.492969 0.269444 0.492188 0.266667 0.491406 0.254167 0.489844 0.254167 0.489063 0.258333 0.487500 0.266667 0.481250 0.262500 0.467969 0.251389 0.461719 0.248611 0.457813 0.245833 0.454688 0.243056 0.451562 0.238889 0.450000 0.238889
24 0.997656 0.145833 0.991406 0.151389 0.989844 0.151389 0.987500 0.150000 0.985156 0.154167 0.980469 0.158333 0.978906 0.156944 0.978125 0.159722 0.974219 0.161111 0.971094 0.159722 0.971094 0.162500 0.968750 0.162500 0.970313 0.163889 0.968750 0.165278 0.967969 0.166667 0.965625 0.168056 0.957812 0.172222 0.954688 0.173611 0.950781 0.173611 0.948438 0.176389 0.943750 0.177778 0.942187 0.177778 0.941406 0.175000 0.939063 0.175000 0.938281 0.175000 0.938281 0.180556 0.936719 0.183333 0.935156 0.184722 0.933594 0.181944 0.932031 0.183333 0.932031 0.186111 0.935156 0.186111 0.937500 0.190278 0.934375 0.197222 0.935156 0.200000 0.936719 0.198611 0.937500 0.197222 0.937500 0.195833 0.939063 0.194444 0.939844 0.190278 0.942187 0.186111 0.943750 0.186111 0.946094 0.190278 0.952344 0.188889 0.953906 0.188889 0.957031 0.193056 0.959375 0.191667 0.960156 0.187500 0.962500 0.186111 0.964844 0.184722 0.971094 0.183333 0.974219 0.181944 0.982031 0.176389 0.986719 0.176389 0.989062 0.175000 0.991406 0.173611 0.992188 0.172222 0.993750 0.169444 0.996875 0.170833 0.997656 0.169444 0.999219 0.169444 0.999219 0.145833 0.997656 0.145833
29 0.290625 0.638889 0.288281 0.643056 0.287500 0.647222 0.287500 0.654167 0.288281 0.655556 0.288281 0.663889 0.290625 0.668056 0.292969 0.666667 0.294531 0.665278 0.296094 0.659722 0.296875 0.648611 0.296094 0.641667 0.295312 0.638889 0.290625 0.638889
29 0.637500 0.563889 0.637500 0.584722 0.639062 0.594444 0.642188 0.595833 0.649219 0.597222 0.650781 0.597222 0.653906 0.594444 0.653906 0.590278 0.654687 0.588889 0.654687 0.583333 0.653125 0.563889 0.651563 0.562500 0.637500 0.563889
29 0.649219 0.459722 0.647656 0.462500 0.646875 0.465278 0.645312 0.469444 0.644531 0.472222 0.643750 0.477778 0.643750 0.483333 0.645312 0.487500 0.646094 0.493056 0.646094 0.497222 0.645312 0.505556 0.646875 0.513889 0.646875 0.520833 0.647656 0.523611 0.648438 0.525000 0.650000 0.526389 0.652344 0.527778 0.653906 0.527778 0.656250 0.525000 0.658594 0.523611 0.659375 0.520833 0.658594 0.506944 0.658594 0.498611 0.659375 0.497222 0.659375 0.487500 0.657813 0.481944 0.657813 0.475000 0.658594 0.473611 0.658594 0.465278 0.657813 0.462500 0.657031 0.461111 0.656250 0.461111 0.654687 0.458333 0.649219 0.459722
29 0.555469 0.295833 0.553906 0.297222 0.551562 0.301389 0.550781 0.308333 0.550000 0.313889 0.549219 0.329167 0.550781 0.333333 0.550000 0.354167 0.550000 0.370833 0.550781 0.373611 0.553125 0.377778 0.555469 0.377778 0.556250 0.379167 0.557813 0.379167 0.558594 0.377778 0.560937 0.377778 0.562500 0.375000 0.563281 0.372222 0.564063 0.365278 0.564844 0.338889 0.564844 0.304167 0.564063 0.300000 0.562500 0.297222 0.560937 0.295833 0.555469 0.295833
29 0.512500 0.295833 0.510938 0.297222 0.507812 0.302778 0.507031 0.306944 0.502344 0.315278 0.500000 0.322222 0.500781 0.330556 0.502344 0.336111 0.501563 0.343056 0.503125 0.348611 0.503125 0.352778 0.502344 0.363889 0.503125 0.366667 0.503906 0.369444 0.511719 0.372222 0.520312 0.372222 0.522656 0.370833 0.524219 0.368056 0.525000 0.365278 0.525000 0.315278 0.524219 0.308333 0.523438 0.304167 0.522656 0.301389 0.521875 0.300000 0.521094 0.300000 0.519531 0.297222 0.517969 0.295833 0.512500 0.295833
29 0.439063 0.275000 0.435156 0.281944 0.426563 0.281944 0.425781 0.283333 0.423438 0.283333 0.422656 0.286111 0.422656 0.298611 0.423438 0.304167 0.426563 0.309722 0.427344 0.313889 0.427344 0.320833 0.428906 0.327778 0.428125 0.334722 0.428125 0.337500 0.428906 0.338889 0.428906 0.343056 0.429688 0.345833 0.435937 0.348611 0.441406 0.350000 0.444531 0.348611 0.446094 0.343056 0.446094 0.340278 0.444531 0.318056 0.444531 0.291667 0.443750 0.283333 0.442969 0.279167 0.441406 0.276389 0.439063 0.275000
29 0.462500 0.266667 0.460156 0.268056 0.457031 0.269444 0.455469 0.270833 0.453906 0.273611 0.453906 0.291667 0.454688 0.311111 0.455469 0.318056 0.457031 0.322222 0.456250 0.330556 0.457031 0.341667 0.457813 0.345833 0.458594 0.350000 0.459375 0.352778 0.460938 0.355556 0.460938 0.356944 0.465625 0.358333 0.470313 0.356944 0.473438 0.354167 0.475000 0.351389 0.475000 0.345833 0.474219 0.333333 0.471875 0.312500 0.471875 0.297222 0.470313 0.287500 0.470313 0.276389 0.469531 0.273611 0.468750 0.272222 0.467187 0.270833 0.462500 0.266667
29 0.942969 0.219444 0.942187 0.220833 0.937500 0.220833 0.934375 0.225000 0.932031 0.226389 0.928906 0.227778 0.925781 0.227778 0.923438 0.229167 0.921875 0.230556 0.920312 0.231944 0.919531 0.233333 0.918750 0.236111 0.917969 0.238889 0.917969 0.247222 0.919531 0.254167 0.924219 0.261111 0.926562 0.265278 0.926562 0.270833 0.925781 0.272222 0.925781 0.276389 0.926562 0.277778 0.926562 0.283333 0.927344 0.288889 0.928125 0.294444 0.929688 0.298611 0.929688 0.302778 0.931250 0.308333 0.932813 0.309722 0.944531 0.309722 0.945312 0.308333 0.950781 0.308333 0.952344 0.304167 0.953125 0.300000 0.952344 0.287500 0.950781 0.277778 0.950000 0.266667 0.950000 0.250000 0.948438 0.241667 0.948438 0.223611 0.947656 0.220833 0.942969 0.219444
30 0.216406 0.654167 0.211719 0.656944 0.210938 0.661111 0.210938 0.676389 0.211719 0.680556 0.212500 0.683333 0.224219 0.683333 0.225781 0.679167 0.226562 0.676389 0.226562 0.659722 0.225781 0.656944 0.221875 0.654167 0.216406 0.654167
30 0.297656 0.604167 0.295312 0.605556 0.290625 0.609722 0.289844 0.612500 0.289062 0.615278 0.289062 0.627778 0.290625 0.634722 0.292187 0.636111 0.301563 0.636111 0.304688 0.630556 0.305469 0.627778 0.306250 0.620833 0.305469 0.615278 0.304688 0.611111 0.303906 0.608333 0.303125 0.606944 0.301563 0.605556 0.299219 0.604167 0.297656 0.604167
30 0.653906 0.370833 0.649219 0.372222 0.646094 0.373611 0.644531 0.375000 0.642969 0.377778 0.642188 0.384722 0.642969 0.404167 0.643750 0.413889 0.644531 0.416667 0.646094 0.419444 0.650781 0.420833 0.662500 0.418056 0.663281 0.415278 0.664062 0.412500 0.664844 0.406944 0.664844 0.401389 0.664062 0.387500 0.663281 0.376389 0.661719 0.373611 0.658594 0.372222 0.653906 0.370833
25 0.729688 0.719444 0.728125 0.722222 0.728125 0.723611 0.726562 0.726389 0.728125 0.727778 0.728906 0.723611 0.729688 0.729167 0.730469 0.730556 0.730469 0.734722 0.733594 0.731944 0.732812 0.726389 0.731250 0.719444 0.729688 0.719444
25 0.025000 0.719444 0.023438 0.722222 0.021094 0.723611 0.018750 0.729167 0.017188 0.733333 0.017188 0.738889 0.015625 0.741667 0.015625 0.744444 0.014063 0.747222 0.011719 0.750000 0.016406 0.750000 0.017188 0.751389 0.021094 0.751389 0.021094 0.745833 0.021875 0.743056 0.023438 0.740278 0.023438 0.738889 0.028125 0.736111 0.029687 0.734722 0.032813 0.730556 0.031250 0.727778 0.028906 0.726389 0.028906 0.722222 0.027344 0.720833 0.026562 0.719444 0.025000 0.719444
25 0.955469 0.720833 0.957812 0.723611 0.959375 0.723611 0.960156 0.725000 0.961719 0.725000 0.960938 0.720833 0.958594 0.716667 0.955469 0.720833
25 0.956250 0.706944 0.956250 0.711111 0.957812 0.708333 0.956250 0.706944
25 0.765625 0.697222 0.764062 0.697222 0.764844 0.700000 0.764844 0.702778 0.765625 0.698611 0.767188 0.695833 0.769531 0.694444 0.765625 0.697222
25 0.950781 0.690278 0.944531 0.691667 0.939063 0.694444 0.939063 0.697222 0.937500 0.701389 0.939063 0.701389 0.940625 0.698611 0.942187 0.698611 0.943750 0.695833 0.946875 0.694444 0.950000 0.694444 0.954688 0.698611 0.954688 0.695833 0.953125 0.693056 0.953125 0.690278 0.950781 0.690278
25 0.775000 0.679167 0.775000 0.687500 0.773438 0.693056 0.771875 0.693056 0.775000 0.693056 0.775781 0.690278 0.778125 0.690278 0.778906 0.688889 0.781250 0.688889 0.778125 0.688889 0.775000 0.683333 0.775000 0.679167
25 0.997656 0.673611 0.997656 0.677778 0.998437 0.679167 0.998437 0.681944 0.996875 0.684722 0.998437 0.690278 0.997656 0.693056 0.996094 0.697222 0.996094 0.700000 0.999219 0.698611 0.999219 0.672222 0.997656 0.673611
25 0.899219 0.668056 0.897656 0.669444 0.897656 0.673611 0.899219 0.676389 0.900781 0.676389 0.900781 0.673611 0.900000 0.672222 0.899219 0.668056
25 0.944531 0.655556 0.942969 0.656944 0.945312 0.659722 0.945312 0.661111 0.949219 0.666667 0.950781 0.665278 0.950781 0.662500 0.948438 0.656944 0.944531 0.655556
25 0.691406 0.652778 0.692969 0.652778 0.694531 0.652778 0.692969 0.651389 0.691406 0.652778
25 0.655469 0.422222 0.656250 0.433333 0.655469 0.436111 0.655469 0.441667 0.657031 0.444444 0.657031 0.452778 0.657813 0.440278 0.656250 0.436111 0.656250 0.426389 0.657813 0.423611 0.663281 0.420833 0.655469 0.422222
25 0.266406 0.415278 0.264844 0.419444 0.262500 0.420833 0.262500 0.426389 0.261719 0.430556 0.260156 0.433333 0.260937 0.438889 0.261719 0.438889 0.261719 0.443056 0.263281 0.443056 0.263281 0.456944 0.262500 0.459722 0.260937 0.462500 0.260937 0.468056 0.259375 0.470833 0.257031 0.473611 0.253906 0.477778 0.251563 0.479167 0.250000 0.479167 0.247656 0.479167 0.246094 0.479167 0.244531 0.480556 0.241406 0.484722 0.241406 0.487500 0.239844 0.490278 0.239844 0.498611 0.239063 0.501389 0.239844 0.511111 0.240625 0.513889 0.242188 0.515278 0.242969 0.519444 0.243750 0.523611 0.243750 0.533333 0.242188 0.536111 0.241406 0.538889 0.241406 0.541667 0.240625 0.544444 0.240625 0.551389 0.242188 0.555556 0.245312 0.563889 0.249219 0.570833 0.250000 0.573611 0.250781 0.576389 0.250781 0.580556 0.253125 0.586111 0.254688 0.586111 0.257031 0.590278 0.260156 0.597222 0.261719 0.597222 0.262500 0.600000 0.264062 0.601389 0.267188 0.601389 0.276562 0.600000 0.278125 0.601389 0.279687 0.602778 0.282813 0.606944 0.285156 0.608333 0.286719 0.609722 0.286719 0.613889 0.288281 0.613889 0.289844 0.611111 0.289844 0.609722 0.290625 0.608333 0.292969 0.605556 0.291406 0.604167 0.289844 0.597222 0.292187 0.591667 0.292187 0.584722 0.293750 0.584722 0.292969 0.570833 0.292969 0.568056 0.293750 0.562500 0.292187 0.559722 0.292187 0.556944 0.292187 0.554167 0.293750 0.550000 0.292187 0.548611 0.293750 0.545833 0.293750 0.541667 0.292187 0.536111 0.292187 0.533333 0.293750 0.527778 0.293750 0.504167 0.292187 0.502778 0.292187 0.490278 0.293750 0.490278 0.292969 0.479167 0.293750 0.476389 0.292969 0.466667 0.291406 0.454167 0.289844 0.448611 0.289844 0.445833 0.285938 0.444444 0.285938 0.441667 0.284375 0.437500 0.282031 0.433333 0.281250 0.431944 0.280469 0.431944 0.278906 0.429167 0.276562 0.429167 0.275781 0.430556 0.273438 0.430556 0.271094 0.427778 0.269531 0.425000 0.267969 0.422222 0.267188 0.420833 0.266406 0.415278
25 0.531250 0.230556 0.531250 0.231944 0.530469 0.234722 0.529687 0.241667 0.532031 0.241667 0.532813 0.238889 0.533594 0.231944 0.532813 0.229167 0.531250 0.231944 0.531250 0.230556 0.533594 0.227778 0.536719 0.229167 0.537500 0.227778 0.537500 0.227778 0.537500 0.234722 0.539062 0.240278 0.541406 0.243056 0.540625 0.237500 0.539844 0.233333 0.537500 0.227778 0.537500 0.227778 0.539062 0.227778 0.540625 0.229167 0.542969 0.233333 0.544531 0.233333 0.548438 0.237500 0.552344 0.243056 0.551562 0.247222 0.549219 0.247222 0.548438 0.247222 0.550000 0.245833 0.547656 0.244444 0.545312 0.245833 0.546875 0.248611 0.548438 0.247222 0.549219 0.247222 0.550781 0.250000 0.553125 0.248611 0.551562 0.247222 0.552344 0.243056 0.558594 0.248611 0.561719 0.248611 0.562500 0.251389 0.564844 0.248611 0.565625 0.254167 0.564844 0.256944 0.566406 0.259722 0.567969 0.258333 0.567187 0.256944 0.567969 0.255556 0.568750 0.255556 0.569531 0.258333 0.572656 0.258333 0.573438 0.254167 0.574219 0.256944 0.575000 0.258333 0.575781 0.263889 0.576562 0.252778 0.575000 0.245833 0.574219 0.250000 0.572656 0.247222 0.571875 0.252778 0.569531 0.252778 0.567187 0.254167 0.568750 0.255556 0.567969 0.255556 0.565625 0.254167 0.564844 0.248611 0.569531 0.248611 0.571094 0.248611 0.572656 0.245833 0.575781 0.245833 0.577344 0.251389 0.578125 0.252778 0.579688 0.255556 0.580469 0.256944 0.578125 0.265278 0.578125 0.265278 0.576562 0.262500 0.575781 0.265278 0.578125 0.265278 0.578125 0.265278 0.577344 0.269444 0.579688 0.269444 0.578125 0.265278 0.580469 0.256944 0.584375 0.262500 0.587500 0.265278 0.589844 0.269444 0.590625 0.273611 0.591406 0.277778 0.592187 0.275000 0.593750 0.273611 0.587500 0.270833 0.585938 0.273611 0.588281 0.273611 0.590625 0.273611 0.589844 0.269444 0.590625 0.266667 0.592187 0.269444 0.595313 0.268056 0.600000 0.269444 0.601562 0.270833 0.603125 0.273611 0.607031 0.269444 0.609375 0.272222 0.606250 0.276389 0.600000 0.276389 0.598437 0.273611 0.596875 0.276389 0.596875 0.279167 0.599219 0.280556 0.604688 0.279167 0.606250 0.281944 0.608594 0.277778 0.610156 0.279167 0.610938 0.275000 0.613281 0.276389 0.609375 0.283333 0.610938 0.284722 0.610156 0.287500 0.613281 0.288889 0.614062 0.287500 0.615625 0.286111 0.614844 0.280556 0.614844 0.277778 0.617188 0.280556 0.617969 0.283333 0.617969 0.286111 0.617188 0.288889 0.616406 0.293056 0.614844 0.295833 0.614844 0.301389 0.616406 0.304167 0.617969 0.302778 0.617188 0.297222 0.617969 0.295833 0.617188 0.288889 0.617969 0.286111 0.620313 0.290278 0.621094 0.293056 0.621875 0.295833 0.622656 0.305556 0.623437 0.301389 0.623437 0.306944 0.622656 0.309722 0.621094 0.312500 0.619531 0.313889 0.617188 0.315278 0.618750 0.316667 0.619531 0.319444 0.620313 0.320833 0.622656 0.322222 0.621094 0.323611 0.619531 0.325000 0.618750 0.326389 0.617969 0.329167 0.618750 0.331944 0.619531 0.333333 0.621094 0.334722 0.625781 0.334722 0.632031 0.337500 0.632031 0.340278 0.630469 0.344444 0.629687 0.345833 0.628906 0.350000 0.632031 0.351389 0.634375 0.352778 0.635156 0.363889 0.636719 0.366667 0.646094 0.366667 0.644531 0.366667 0.643750 0.368056 0.642188 0.368056 0.641406 0.369444 0.639844 0.370833 0.641406 0.373611 0.643750 0.375000 0.642188 0.377778 0.641406 0.377778 0.639844 0.384722 0.641406 0.387500 0.642188 0.393056 0.642188 0.404167 0.642969 0.413889 0.643750 0.416667 0.646094 0.420833 0.649219 0.420833 0.648438 0.431944 0.649219 0.437500 0.650000 0.440278 0.652344 0.444444 0.653125 0.451389 0.653125 0.456944 0.650000 0.456944 0.648438 0.459722 0.647656 0.461111 0.646875 0.462500 0.646094 0.466667 0.644531 0.469444 0.643750 0.472222 0.642969 0.477778 0.642969 0.483333 0.644531 0.487500 0.645312 0.493056 0.645312 0.497222 0.644531 0.505556 0.646094 0.520833 0.646875 0.523611 0.648438 0.526389 0.650000 0.527778 0.652344 0.529167 0.652344 0.555556 0.652344 0.559722 0.638281 0.561111 0.636719 0.563889 0.635938 0.581944 0.635156 0.587500 0.636719 0.590278 0.637500 0.586111 0.637500 0.593056 0.639062 0.595833 0.642188 0.597222 0.648438 0.597222 0.650000 0.598611 0.649219 0.625000 0.650000 0.644444 0.652344 0.651389 0.651563 0.655556 0.652344 0.656944 0.650000 0.666667 0.646094 0.665278 0.643750 0.661111 0.641406 0.652778 0.641406 0.648611 0.640625 0.645833 0.636719 0.638889 0.635938 0.634722 0.634375 0.631944 0.631250 0.629167 0.628125 0.625000 0.626563 0.622222 0.626563 0.620833 0.625781 0.619444 0.625000 0.619444 0.623437 0.616667 0.617969 0.612500 0.614844 0.611111 0.610938 0.609722 0.609375 0.609722 0.606250 0.611111 0.596875 0.609722 0.590625 0.606944 0.581250 0.605556 0.571875 0.604167 0.560156 0.605556 0.541406 0.602778 0.532813 0.602778 0.484375 0.604167 0.460938 0.605556 0.449219 0.606944 0.446094 0.594444 0.450000 0.590278 0.450781 0.593056 0.453906 0.594444 0.456250 0.590278 0.456250 0.587500 0.458594 0.584722 0.457031 0.580556 0.460156 0.577778 0.462500 0.573611 0.461719 0.572222 0.463281 0.569444 0.461719 0.566667 0.464062 0.566667 0.464844 0.566667 0.464844 0.570833 0.466406 0.573611 0.467969 0.573611 0.473438 0.570833 0.471875 0.569444 0.474219 0.568056 0.475000 0.570833 0.476562 0.570833 0.478125 0.573611 0.478906 0.570833 0.482031 0.572222 0.483594 0.569444 0.485156 0.573611 0.487500 0.572222 0.485938 0.572222 0.487500 0.576389 0.489063 0.579167 0.491406 0.576389 0.492188 0.575000 0.492188 0.573611 0.493750 0.570833 0.494531 0.568056 0.494531 0.562500 0.493750 0.561111 0.493750 0.556944 0.494531 0.543056 0.493750 0.538889 0.492969 0.536111 0.490625 0.531944 0.489063 0.530556 0.485156 0.530556 0.484375 0.529167 0.482812 0.529167 0.484375 0.527778 0.480469 0.527778 0.478125 0.526389 0.477344 0.523611 0.475781 0.525000 0.473438 0.523611 0.471094 0.520833 0.466406 0.519444 0.464844 0.518056 0.461719 0.513889 0.460156 0.513889 0.458594 0.516667 0.456250 0.518056 0.453125 0.518056 0.451562 0.515278 0.446875 0.515278 0.444531 0.516667 0.440625 0.519444 0.438281 0.522222 0.437500 0.526389 0.435937 0.527778 0.433594 0.529167 0.432812 0.530556 0.432031 0.531944 0.430469 0.536111 0.431250 0.537500 0.428906 0.544444 0.429688 0.551389 0.428906 0.556944 0.431250 0.561111 0.432812 0.562500 0.436719 0.562500 0.438281 0.565278 0.436719 0.566667 0.439844 0.570833 0.441406 0.570833 0.441406 0.575000 0.442969 0.577778 0.442969 0.587500 0.443750 0.590278 0.446094 0.594444 0.449219 0.606944 0.439063 0.608333 0.425000 0.612500 0.421094 0.613889 0.417969 0.615278 0.415625 0.616667 0.411719 0.623611 0.405469 0.633333 0.400781 0.643056 0.396875 0.651389 0.396094 0.655556 0.389062 0.668056 0.388281 0.670833 0.388281 0.673611 0.387500 0.676389 0.382812 0.683333 0.381250 0.690278 0.377344 0.698611 0.375781 0.702778 0.372656 0.715278 0.367969 0.726389 0.366406 0.731944 0.365625 0.737500 0.364844 0.740278 0.364063 0.743056 0.361719 0.744444 0.361719 0.741667 0.364063 0.730556 0.364063 0.723611 0.362500 0.719444 0.362500 0.702778 0.362500 0.695833 0.361719 0.693056 0.359375 0.688889 0.357812 0.688889 0.353125 0.688889 0.352344 0.697222 0.350000 0.701389 0.349219 0.704167 0.349219 0.718056 0.350781 0.723611 0.350781 0.730556 0.351562 0.736111 0.352344 0.743056 0.353906 0.745833 0.350000 0.745833 0.337500 0.747222 0.328125 0.748611 0.327344 0.750000 0.323437 0.750000 0.325000 0.745833 0.325781 0.729167 0.325781 0.711111 0.325000 0.706944 0.324219 0.702778 0.323437 0.700000 0.321875 0.697222 0.320312 0.698611 0.318750 0.701389 0.317188 0.706944 0.316406 0.715278 0.316406 0.727778 0.317188 0.737500 0.317969 0.747222 0.319531 0.750000 0.311719 0.751389 0.310156 0.748611 0.308594 0.747222 0.307031 0.747222 0.306250 0.750000 0.303125 0.750000 0.303125 0.747222 0.301563 0.744444 0.301563 0.740278 0.300781 0.738889 0.300781 0.736111 0.301563 0.734722 0.302344 0.729167 0.302344 0.723611 0.304688 0.729167 0.306250 0.726389 0.306250 0.716667 0.304688 0.713889 0.303906 0.716667 0.303125 0.719444 0.303125 0.709722 0.301563 0.708333 0.302344 0.697222 0.302344 0.693056 0.301563 0.683333 0.303906 0.683333 0.303906 0.679167 0.303906 0.676389 0.302344 0.673611 0.300781 0.673611 0.300781 0.666667 0.302344 0.663889 0.303125 0.654167 0.303125 0.647222 0.300781 0.645833 0.300781 0.641667 0.299219 0.637500 0.301563 0.637500 0.305469 0.630556 0.306250 0.627778 0.307031 0.620833 0.306250 0.615278 0.305469 0.611111 0.304688 0.608333 0.303125 0.605556 0.300000 0.604167 0.300000 0.597222 0.298438 0.593056 0.300000 0.590278 0.297656 0.587500 0.297656 0.554167 0.299219 0.554167 0.300000 0.550000 0.300000 0.541667 0.297656 0.538889 0.299219 0.536111 0.297656 0.534722 0.298438 0.531944 0.298438 0.522222 0.298438 0.515278 0.296875 0.505556 0.296875 0.498611 0.298438 0.498611 0.299219 0.493056 0.297656 0.487500 0.297656 0.476389 0.296875 0.480556 0.297656 0.473611 0.296094 0.469444 0.295312 0.462500 0.294531 0.455556 0.296094 0.454167 0.295312 0.451389 0.292969 0.450000 0.292969 0.445833 0.291406 0.438889 0.289062 0.431944 0.290625 0.430556 0.288281 0.429167 0.286719 0.425000 0.289844 0.425000 0.288281 0.420833 0.289844 0.416667 0.289844 0.413889 0.292187 0.409722 0.292187 0.406944 0.292969 0.404167 0.296094 0.404167 0.295312 0.401389 0.297656 0.398611 0.296875 0.394444 0.299219 0.393056 0.300000 0.390278 0.301563 0.391667 0.303125 0.388889 0.304688 0.381944 0.303906 0.373611 0.304688 0.370833 0.307031 0.369444 0.306250 0.365278 0.309375 0.362500 0.308594 0.359722 0.311719 0.359722 0.313281 0.361111 0.313281 0.363889 0.314063 0.365278 0.314063 0.370833 0.315625 0.373611 0.317969 0.373611 0.320312 0.369444 0.322656 0.369444 0.324219 0.372222 0.325000 0.375000 0.325781 0.370833 0.329688 0.368056 0.331250 0.365278 0.332031 0.361111 0.331250 0.358333 0.332813 0.356944 0.333594 0.354167 0.335156 0.356944 0.332813 0.361111 0.335156 0.363889 0.333594 0.365278 0.335938 0.370833 0.335938 0.373611 0.338281 0.376389 0.339062 0.381944 0.340625 0.379167 0.342969 0.380556 0.343750 0.376389 0.346094 0.368056 0.345313 0.363889 0.343750 0.361111 0.347656 0.356944 0.345313 0.351389 0.350000 0.351389 0.352344 0.350000 0.354687 0.344444 0.356250 0.341667 0.357812 0.344444 0.359375 0.340278 0.362500 0.343056 0.367188 0.343056 0.371094 0.344444 0.372656 0.347222 0.372656 0.350000 0.374219 0.351389 0.376563 0.361111 0.379688 0.366667 0.381250 0.365278 0.384375 0.368056 0.385156 0.365278 0.386719 0.362500 0.388281 0.362500 0.389062 0.359722 0.391406 0.356944 0.392188 0.361111 0.392969 0.361111 0.396094 0.361111 0.397656 0.358333 0.400000 0.356944 0.400781 0.355556 0.400781 0.354167 0.402344 0.351389 0.402344 0.348611 0.404687 0.347222 0.405469 0.350000 0.407031 0.347222 0.407813 0.354167 0.409375 0.356944 0.410156 0.356944 0.411719 0.359722 0.415625 0.356944 0.417187 0.363889 0.418750 0.365278 0.420312 0.362500 0.422656 0.366667 0.421875 0.368056 0.425000 0.368056 0.425000 0.366667 0.427344 0.370833 0.428906 0.372222 0.430469 0.368056 0.432812 0.369444 0.433594 0.366667 0.437500 0.361111 0.438281 0.356944 0.439063 0.350000 0.440625 0.350000 0.443750 0.351389 0.445312 0.348611 0.446875 0.343056 0.446875 0.340278 0.446094 0.320833 0.448437 0.316667 0.451562 0.313889 0.453125 0.311111 0.453906 0.308333 0.454688 0.312500 0.454688 0.318056 0.456250 0.322222 0.455469 0.330556 0.456250 0.341667 0.457031 0.345833 0.457813 0.350000 0.458594 0.352778 0.460156 0.356944 0.461719 0.359722 0.465625 0.359722 0.470313 0.358333 0.471875 0.356944 0.473438 0.355556 0.475781 0.351389 0.475781 0.345833 0.475000 0.333333 0.472656 0.312500 0.472656 0.298611 0.475000 0.298611 0.480469 0.301389 0.486719 0.300000 0.488281 0.298611 0.489844 0.294444 0.493750 0.294444 0.494531 0.298611 0.495312 0.300000 0.496875 0.301389 0.498437 0.301389 0.500781 0.304167 0.502344 0.306944 0.504687 0.304167 0.506250 0.304167 0.506250 0.300000 0.509375 0.295833 0.508594 0.300000 0.506250 0.306944 0.501563 0.315278 0.499219 0.322222 0.500000 0.330556 0.501563 0.336111 0.500781 0.343056 0.502344 0.348611 0.502344 0.352778 0.501563 0.363889 0.502344 0.366667 0.503125 0.369444 0.504687 0.372222 0.511719 0.373611 0.520312 0.373611 0.522656 0.372222 0.525000 0.368056 0.525781 0.365278 0.525781 0.315278 0.549219 0.313889 0.548438 0.327778 0.550000 0.333333 0.549219 0.354167 0.549219 0.370833 0.550000 0.373611 0.553125 0.379167 0.555469 0.379167 0.556250 0.380556 0.557813 0.380556 0.558594 0.379167 0.560937 0.379167 0.563281 0.375000 0.564063 0.372222 0.564844 0.365278 0.565625 0.338889 0.565625 0.304167 0.564844 0.300000 0.562500 0.295833 0.560937 0.294444 0.555469 0.294444 0.553906 0.295833 0.550781 0.301389 0.550000 0.308333 0.549219 0.313889 0.525781 0.315278 0.525000 0.308333 0.524219 0.304167 0.523438 0.301389 0.521094 0.298611 0.522656 0.298611 0.523438 0.300000 0.525781 0.300000 0.525781 0.295833 0.523438 0.291667 0.520312 0.287500 0.516406 0.283333 0.514844 0.281944 0.513281 0.280556 0.512500 0.280556 0.517188 0.281944 0.518750 0.279167 0.518750 0.276389 0.517188 0.275000 0.518750 0.272222 0.519531 0.269444 0.521094 0.272222 0.522656 0.270833 0.521094 0.266667 0.519531 0.269444 0.518750 0.272222 0.516406 0.270833 0.514844 0.270833 0.513281 0.276389 0.509375 0.277778 0.512500 0.280556 0.513281 0.280556 0.510938 0.280556 0.508594 0.279167 0.510938 0.269444 0.513281 0.265278 0.514062 0.262500 0.514844 0.256944 0.514844 0.248611 0.516406 0.241667 0.516406 0.243056 0.518750 0.248611 0.520312 0.252778 0.521094 0.255556 0.521094 0.261111 0.524219 0.252778 0.521875 0.250000 0.522656 0.247222 0.524219 0.248611 0.525781 0.244444 0.524219 0.241667 0.522656 0.240278 0.521094 0.241667 0.520312 0.244444 0.517969 0.240278 0.516406 0.243056 0.516406 0.241667 0.517969 0.238889 0.520312 0.237500 0.523438 0.237500 0.525781 0.236111 0.527344 0.234722 0.528906 0.233333 0.529687 0.231944 0.529687 0.230556 0.531250 0.227778 0.531250 0.230556
25 0.752344 0.212500 0.750781 0.215278 0.753125 0.215278 0.757031 0.213889 0.753906 0.213889 0.752344 0.212500
25 0.968750 0.184722 0.967969 0.186111 0.964844 0.186111 0.964063 0.187500 0.962500 0.188889 0.963281 0.191667 0.964844 0.191667 0.966406 0.190278 0.967969 0.187500 0.967969 0.186111 0.970313 0.184722 0.968750 0.184722
25 0.928125 0.177778 0.925781 0.177778 0.924219 0.180556 0.918750 0.179167 0.920312 0.177778 0.918750 0.177778 0.917969 0.179167 0.916406 0.179167 0.913281 0.181944 0.910937 0.179167 0.909375 0.181944 0.906250 0.180556 0.905469 0.183333 0.902344 0.183333 0.910156 0.184722 0.913281 0.184722 0.914844 0.183333 0.916406 0.180556 0.924219 0.180556 0.932813 0.177778 0.931250 0.175000 0.928125 0.177778
25 0.995313 0.173611 0.995313 0.175000 0.996875 0.177778 0.999219 0.176389 0.999219 0.654167 0.997656 0.654167 0.996875 0.659722 0.993750 0.661111 0.992969 0.670833 0.992188 0.676389 0.987500 0.684722 0.985156 0.690278 0.984375 0.694444 0.984375 0.697222 0.985938 0.700000 0.985156 0.704167 0.985938 0.708333 0.986719 0.711111 0.988281 0.715278 0.989062 0.708333 0.989844 0.706944 0.989844 0.704167 0.992188 0.704167 0.989844 0.709722 0.989062 0.712500 0.988281 0.716667 0.988281 0.720833 0.986719 0.722222 0.987500 0.719444 0.986719 0.713889 0.983594 0.713889 0.982812 0.711111 0.982031 0.712500 0.981250 0.711111 0.979688 0.718056 0.978906 0.719444 0.977344 0.720833 0.975000 0.720833 0.972656 0.723611 0.970313 0.723611 0.967969 0.722222 0.966406 0.719444 0.964063 0.719444 0.964844 0.716667 0.962500 0.712500 0.962500 0.706944 0.963281 0.705556 0.963281 0.701389 0.962500 0.700000 0.963281 0.695833 0.961719 0.693056 0.961719 0.691667 0.960156 0.688889 0.958594 0.687500 0.957031 0.687500 0.955469 0.686111 0.953906 0.684722 0.953125 0.683333 0.953125 0.681944 0.951562 0.679167 0.953906 0.683333 0.957031 0.681944 0.957031 0.680556 0.959375 0.681944 0.960156 0.679167 0.962500 0.677778 0.964844 0.679167 0.964844 0.675000 0.964063 0.670833 0.962500 0.675000 0.960156 0.675000 0.957812 0.672222 0.956250 0.675000 0.957031 0.677778 0.957031 0.680556 0.957031 0.681944 0.955469 0.679167 0.953906 0.668056 0.953906 0.665278 0.953906 0.662500 0.956250 0.661111 0.953906 0.665278 0.955469 0.666667 0.956250 0.669444 0.958594 0.670833 0.961719 0.668056 0.964844 0.662500 0.963281 0.655556 0.961719 0.655556 0.963281 0.655556 0.966406 0.652778 0.967969 0.650000 0.967187 0.647222 0.967187 0.645833 0.962500 0.641667 0.960938 0.638889 0.959375 0.637500 0.940625 0.638889 0.942187 0.641667 0.944531 0.641667 0.945312 0.644444 0.947656 0.644444 0.923438 0.644444 0.921094 0.645833 0.920312 0.648611 0.919531 0.655556 0.919531 0.658333 0.917969 0.658333 0.915625 0.656944 0.913281 0.662500 0.913281 0.665278 0.914844 0.668056 0.917188 0.669444 0.919531 0.668056 0.919531 0.666667 0.921094 0.669444 0.922656 0.669444 0.925781 0.666667 0.927344 0.668056 0.928906 0.665278 0.926562 0.663889 0.928906 0.662500 0.929688 0.668056 0.930469 0.669444 0.932813 0.672222 0.932813 0.665278 0.935156 0.665278 0.936719 0.670833 0.936719 0.673611 0.938281 0.676389 0.939063 0.669444 0.939844 0.673611 0.941406 0.676389 0.939844 0.676389 0.939063 0.681944 0.937500 0.686111 0.935937 0.684722 0.934375 0.687500 0.932813 0.687500 0.929688 0.691667 0.932813 0.702778 0.933594 0.706944 0.932813 0.711111 0.930469 0.705556 0.928125 0.695833 0.926562 0.693056 0.923438 0.690278 0.919531 0.690278 0.908594 0.681944 0.907031 0.680556 0.904687 0.677778 0.906250 0.673611 0.906250 0.670833 0.907031 0.663889 0.906250 0.656944 0.907031 0.647222 0.904687 0.640278 0.903906 0.637500 0.904687 0.627778 0.903906 0.623611 0.901563 0.618056 0.899219 0.613889 0.896875 0.612500 0.894531 0.606944 0.894531 0.604167 0.904687 0.586111 0.910156 0.586111 0.914844 0.594444 0.916406 0.588889 0.916406 0.579167 0.917188 0.575000 0.918750 0.572222 0.918750 0.565278 0.919531 0.561111 0.921875 0.552778 0.924219 0.548611 0.923438 0.545833 0.921875 0.543056 0.921875 0.541667 0.918750 0.540278 0.917969 0.538889 0.916406 0.538889 0.913281 0.541667 0.910156 0.536111 0.900781 0.554167 0.900781 0.558333 0.901563 0.559722 0.901563 0.562500 0.901563 0.566667 0.901563 0.569444 0.900000 0.575000 0.896875 0.580556 0.895312 0.581944 0.891406 0.581944 0.888281 0.576389 0.886719 0.572222 0.885938 0.569444 0.885156 0.566667 0.885156 0.558333 0.882031 0.552778 0.878125 0.554167 0.874219 0.547222 0.872656 0.545833 0.869531 0.545833 0.867188 0.548611 0.864844 0.545833 0.863281 0.547222 0.860938 0.548611 0.860156 0.551389 0.860156 0.556944 0.859375 0.559722 0.849219 0.577778 0.842969 0.566667 0.839844 0.569444 0.838281 0.570833 0.836719 0.569444 0.829688 0.581944 0.829688 0.577778 0.828906 0.576389 0.828906 0.563889 0.827344 0.555556 0.826562 0.543056 0.826562 0.537500 0.828906 0.537500 0.825781 0.533333 0.826562 0.530556 0.825000 0.519444 0.825000 0.504167 0.824219 0.497222 0.823438 0.495833 0.822656 0.493056 0.821875 0.513889 0.823438 0.529167 0.823438 0.533333 0.822656 0.534722 0.822656 0.538889 0.824219 0.562500 0.824219 0.586111 0.824219 0.579167 0.823438 0.577778 0.823438 0.565278 0.821875 0.562500 0.820312 0.562500 0.816406 0.563889 0.813281 0.569444 0.812500 0.572222 0.810156 0.579167 0.810937 0.586111 0.809375 0.590278 0.807031 0.593056 0.806250 0.598611 0.804688 0.601389 0.802344 0.604167 0.800781 0.604167 0.800000 0.602778 0.797656 0.602778 0.796094 0.605556 0.793750 0.602778 0.789844 0.602778 0.787500 0.604167 0.783594 0.606944 0.781250 0.611111 0.780469 0.615278 0.779687 0.623611 0.781250 0.627778 0.781250 0.637500 0.780469 0.643056 0.778906 0.645833 0.778906 0.652778 0.777344 0.655556 0.776563 0.659722 0.775781 0.665278 0.775781 0.675000 0.771875 0.675000 0.771094 0.676389 0.767188 0.676389 0.767188 0.673611 0.766406 0.672222 0.766406 0.663889 0.764062 0.663889 0.762500 0.663889 0.760938 0.672222 0.760938 0.675000 0.761719 0.676389 0.761719 0.679167 0.760938 0.680556 0.760938 0.684722 0.761719 0.687500 0.760156 0.681944 0.759375 0.680556 0.756250 0.676389 0.755469 0.673611 0.754687 0.669444 0.754687 0.662500 0.751563 0.656944 0.747656 0.654167 0.742188 0.655556 0.741406 0.658333 0.741406 0.661111 0.740625 0.663889 0.739062 0.666667 0.738281 0.669444 0.737500 0.673611 0.736719 0.683333 0.735938 0.687500 0.734375 0.694444 0.732812 0.697222 0.732812 0.706944 0.733594 0.690278 0.731250 0.688889 0.728906 0.690278 0.726562 0.693056 0.721875 0.693056 0.720313 0.694444 0.718750 0.697222 0.718750 0.708333 0.719531 0.709722 0.719531 0.716667 0.720313 0.719444 0.721094 0.720833 0.725000 0.725000 0.725000 0.729167 0.725781 0.731944 0.724219 0.730556 0.722656 0.725000 0.721094 0.723611 0.719531 0.726389 0.719531 0.730556 0.718750 0.712500 0.716406 0.700000 0.714063 0.691667 0.710156 0.683333 0.708594 0.680556 0.706250 0.679167 0.703906 0.675000 0.702344 0.675000 0.700781 0.673611 0.696875 0.666667 0.694531 0.665278 0.685156 0.663889 0.664844 0.663889 0.682031 0.662500 0.695312 0.663889 0.698438 0.665278 0.700781 0.666667 0.703125 0.668056 0.704688 0.669444 0.705469 0.670833 0.705469 0.672222 0.707031 0.675000 0.707812 0.675000 0.710156 0.679167 0.710156 0.681944 0.712500 0.686111 0.714063 0.679167 0.714063 0.673611 0.710156 0.670833 0.710938 0.668056 0.707812 0.662500 0.707031 0.656944 0.706250 0.652778 0.704688 0.650000 0.703125 0.648611 0.700000 0.648611 0.697656 0.645833 0.695312 0.645833 0.692969 0.643056 0.691406 0.644444 0.689844 0.643056 0.686719 0.640278 0.678125 0.640278 0.675781 0.641667 0.673438 0.643056 0.667969 0.648611 0.665625 0.648611 0.664844 0.645833 0.664844 0.636111 0.667188 0.636111 0.668750 0.633333 0.668750 0.627778 0.666406 0.626389 0.664844 0.629167 0.664844 0.631944 0.664844 0.622222 0.664062 0.620833 0.664844 0.611111 0.664844 0.606944 0.663281 0.601389 0.663281 0.591667 0.664844 0.587500 0.662500 0.579167 0.662500 0.576389 0.663281 0.573611 0.663281 0.569444 0.665625 0.569444 0.667969 0.569444 0.667188 0.566667 0.665625 0.563889 0.664062 0.563889 0.665625 0.563889 0.667188 0.561111 0.667969 0.556944 0.665625 0.556944 0.664062 0.556944 0.662500 0.554167 0.664062 0.555556 0.663281 0.551389 0.662500 0.548611 0.662500 0.548611 0.664062 0.551389 0.666406 0.548611 0.664844 0.545833 0.663281 0.545833 0.662500 0.548611 0.662500 0.548611 0.661719 0.545833 0.661719 0.541667 0.664062 0.538889 0.665625 0.536111 0.663281 0.531944 0.663281 0.529167 0.661719 0.525000 0.663281 0.523611 0.660156 0.518056 0.660156 0.509722 0.663281 0.513889 0.666406 0.513889 0.667969 0.511111 0.668750 0.508333 0.669531 0.502778 0.670312 0.505556 0.670312 0.511111 0.673438 0.516667 0.677344 0.518056 0.679688 0.515278 0.681250 0.519444 0.685156 0.519444 0.686719 0.522222 0.686719 0.523611 0.687500 0.525000 0.689063 0.526389 0.689063 0.527778 0.687500 0.527778 0.686719 0.531944 0.685156 0.531944 0.682813 0.536111 0.682031 0.536111 0.680469 0.538889 0.679688 0.543056 0.678125 0.544444 0.678125 0.555556 0.680469 0.556944 0.681250 0.561111 0.682813 0.562500 0.685937 0.563889 0.687500 0.568056 0.689844 0.569444 0.692969 0.566667 0.693750 0.572222 0.694531 0.569444 0.696094 0.570833 0.699219 0.566667 0.700000 0.565278 0.700781 0.562500 0.702344 0.561111 0.701562 0.556944 0.704688 0.551389 0.703125 0.547222 0.703906 0.537500 0.702344 0.534722 0.700781 0.534722 0.700000 0.530556 0.696094 0.527778 0.694531 0.527778 0.692969 0.530556 0.689063 0.527778 0.689063 0.526389 0.692969 0.525000 0.693750 0.518056 0.691406 0.515278 0.692969 0.511111 0.694531 0.511111 0.694531 0.508333 0.696094 0.508333 0.695312 0.504167 0.696875 0.501389 0.700000 0.500000 0.703906 0.500000 0.706250 0.498611 0.708594 0.495833 0.713281 0.488889 0.715625 0.484722 0.719531 0.476389 0.718750 0.473611 0.717969 0.469444 0.717187 0.462500 0.717187 0.456944 0.717969 0.447222 0.717187 0.444444 0.714063 0.441667 0.711719 0.440278 0.700000 0.437500 0.698438 0.440278 0.696875 0.438889 0.692969 0.431944 0.681250 0.431944 0.678906 0.430556 0.677344 0.429167 0.675000 0.420833 0.673438 0.418056 0.670312 0.415278 0.668750 0.412500 0.669531 0.409722 0.668750 0.405556 0.669531 0.402778 0.671875 0.400000 0.671875 0.395833 0.670312 0.393056 0.672656 0.390278 0.673438 0.386111 0.673438 0.383333 0.676562 0.383333 0.678906 0.381944 0.680469 0.379167 0.676562 0.377778 0.675781 0.380556 0.676562 0.377778 0.675000 0.375000 0.673438 0.373611 0.671875 0.373611 0.669531 0.375000 0.668750 0.380556 0.669531 0.381944 0.669531 0.384722 0.668750 0.397222 0.667969 0.400000 0.665625 0.402778 0.664062 0.386111 0.664062 0.379167 0.665625 0.377778 0.665625 0.375000 0.667188 0.376389 0.670312 0.372222 0.670312 0.369444 0.677344 0.370833 0.679688 0.368056 0.682031 0.366667 0.685156 0.361111 0.686719 0.352778 0.686719 0.343056 0.688281 0.333333 0.689844 0.333333 0.688281 0.337500 0.687500 0.340278 0.687500 0.345833 0.688281 0.350000 0.689844 0.352778 0.688281 0.359722 0.687500 0.363889 0.685937 0.366667 0.686719 0.375000 0.689063 0.370833 0.687500 0.368056 0.689063 0.363889 0.691406 0.359722 0.692187 0.355556 0.692969 0.347222 0.692187 0.344444 0.693750 0.343056 0.694531 0.327778 0.693750 0.323611 0.692187 0.329167 0.689844 0.333333 0.688281 0.333333 0.687500 0.330556 0.688281 0.327778 0.688281 0.325000 0.687500 0.323611 0.687500 0.319444 0.685937 0.312500 0.685156 0.309722 0.681250 0.302778 0.682031 0.295833 0.681250 0.302778 0.684375 0.305556 0.686719 0.305556 0.687500 0.306944 0.689844 0.305556 0.688281 0.302778 0.685937 0.300000 0.684375 0.300000 0.683594 0.297222 0.686719 0.295833 0.689063 0.290278 0.688281 0.287500 0.685156 0.290278 0.685937 0.287500 0.688281 0.280556 0.688281 0.273611 0.689063 0.269444 0.691406 0.262500 0.692187 0.259722 0.691406 0.262500 0.691406 0.266667 0.689063 0.273611 0.689063 0.277778 0.690625 0.280556 0.692187 0.280556 0.692969 0.272222 0.693750 0.265278 0.695312 0.256944 0.696094 0.256944 0.700000 0.256944 0.701562 0.255556 0.704688 0.251389 0.702344 0.250000 0.701562 0.251389 0.698438 0.251389 0.697656 0.252778 0.694531 0.254167 0.696875 0.250000 0.700000 0.250000 0.703906 0.247222 0.705469 0.244444 0.708594 0.244444 0.710938 0.240278 0.712500 0.240278 0.715625 0.236111 0.717187 0.234722 0.719531 0.233333 0.721094 0.229167 0.725000 0.225000 0.728125 0.222222 0.728125 0.222222 0.725781 0.226389 0.725000 0.229167 0.725000 0.231944 0.723437 0.234722 0.727344 0.231944 0.728125 0.227778 0.729688 0.225000 0.732812 0.223611 0.728125 0.222222 0.728125 0.222222 0.739844 0.222222 0.736719 0.226389 0.735156 0.225000 0.733594 0.222222 0.732031 0.225000 0.733594 0.226389 0.734375 0.227778 0.736719 0.226389 0.739844 0.222222 0.742969 0.220833 0.746094 0.218056 0.749219 0.213889 0.749219 0.216667 0.745313 0.222222 0.750781 0.219444 0.753125 0.218056 0.760156 0.219444 0.762500 0.216667 0.762500 0.216667 0.761719 0.219444 0.764062 0.223611 0.766406 0.225000 0.769531 0.223611 0.767188 0.222222 0.765625 0.220833 0.764062 0.218056 0.762500 0.216667 0.762500 0.216667 0.759375 0.215278 0.759375 0.212500 0.760938 0.215278 0.762500 0.215278 0.765625 0.219444 0.767188 0.220833 0.773438 0.220833 0.774219 0.223611 0.777344 0.222222 0.770312 0.225000 0.775781 0.234722 0.777344 0.236111 0.778906 0.237500 0.781250 0.231944 0.782031 0.227778 0.782031 0.223611 0.783594 0.229167 0.785156 0.227778 0.789844 0.236111 0.792188 0.237500 0.798438 0.237500 0.804688 0.234722 0.811719 0.234722 0.813281 0.237500 0.812500 0.237500 0.809375 0.237500 0.803906 0.238889 0.800000 0.240278 0.799219 0.241667 0.797656 0.243056 0.800781 0.244444 0.801562 0.243056 0.803906 0.243056 0.811719 0.243056 0.810156 0.241667 0.811719 0.240278 0.811719 0.243056 0.814844 0.244444 0.815625 0.245833 0.817969 0.244444 0.816406 0.241667 0.814844 0.241667 0.812500 0.237500 0.813281 0.237500 0.814844 0.233333 0.816406 0.237500 0.818750 0.247222 0.821875 0.250000 0.823438 0.247222 0.818750 0.247222 0.816406 0.237500 0.817969 0.233333 0.820312 0.234722 0.822656 0.233333 0.824219 0.231944 0.825000 0.229167 0.828906 0.222222 0.830469 0.220833 0.830469 0.219444 0.832031 0.218056 0.830469 0.222222 0.830469 0.225000 0.829688 0.227778 0.828125 0.230556 0.828125 0.231944 0.825781 0.236111 0.826562 0.238889 0.828906 0.234722 0.828125 0.231944 0.828125 0.230556 0.828906 0.233333 0.832812 0.226389 0.832812 0.222222 0.836719 0.216667 0.839063 0.215278 0.840625 0.212500 0.838281 0.211111 0.836719 0.212500 0.835156 0.215278 0.832812 0.215278 0.835156 0.212500 0.836719 0.212500 0.839063 0.208333 0.840625 0.206944 0.842187 0.206944 0.843750 0.205556 0.849219 0.195833 0.849219 0.201389 0.850781 0.204167 0.851562 0.201389 0.851562 0.197222 0.853906 0.195833 0.856250 0.194444 0.858594 0.193056 0.860156 0.193056 0.869531 0.193056 0.864844 0.190278 0.856250 0.190278 0.855469 0.191667 0.853125 0.191667 0.856250 0.190278 0.857031 0.188889 0.867188 0.188889 0.867969 0.191667 0.871094 0.188889 0.871094 0.190278 0.872656 0.193056 0.875000 0.191667 0.873437 0.190278 0.871094 0.190278 0.871094 0.188889 0.872656 0.188889 0.875000 0.188889 0.876563 0.191667 0.882031 0.190278 0.877344 0.188889 0.889062 0.190278 0.890625 0.190278 0.892969 0.188889 0.893750 0.186111 0.895312 0.186111 0.896094 0.184722 0.900781 0.184722 0.898438 0.184722 0.896875 0.186111 0.895312 0.188889 0.899219 0.187500 0.903125 0.186111 0.907031 0.186111 0.915625 0.187500 0.919531 0.183333 0.927344 0.181944 0.931250 0.183333 0.931250 0.186111 0.935156 0.187500 0.936719 0.190278 0.933594 0.195833 0.934375 0.198611 0.935156 0.201389 0.937500 0.219444 0.934375 0.223611 0.932031 0.225000 0.928906 0.226389 0.925781 0.226389 0.923438 0.227778 0.921875 0.229167 0.920312 0.230556 0.918750 0.233333 0.917188 0.238889 0.917188 0.247222 0.918750 0.254167 0.924219 0.262500 0.925781 0.265278 0.925781 0.270833 0.925000 0.272222 0.925000 0.276389 0.925781 0.277778 0.925781 0.283333 0.927344 0.294444 0.928906 0.298611 0.928906 0.302778 0.929688 0.306944 0.931250 0.309722 0.932813 0.311111 0.944531 0.311111 0.951562 0.308333 0.951562 0.306944 0.953125 0.304167 0.953906 0.301389 0.953125 0.287500 0.951562 0.277778 0.950781 0.266667 0.950781 0.250000 0.949219 0.241667 0.949219 0.223611 0.948438 0.220833 0.946875 0.218056 0.942969 0.218056 0.942187 0.219444 0.937500 0.219444 0.935156 0.201389 0.936719 0.200000 0.939063 0.195833 0.940625 0.193056 0.940625 0.190278 0.942187 0.187500 0.943750 0.187500 0.946094 0.191667 0.952344 0.190278 0.953906 0.190278 0.957812 0.193056 0.959375 0.193056 0.960938 0.197222 0.963281 0.197222 0.965625 0.194444 0.967969 0.194444 0.970313 0.193056 0.974219 0.188889 0.978906 0.187500 0.981250 0.186111 0.983594 0.183333 0.985156 0.180556 0.990625 0.177778 0.991406 0.175000 0.992969 0.175000 0.993750 0.170833 0.995313 0.173611
25 0.691406 0.541667 0.690625 0.545833 0.688281 0.547222 0.685937 0.552778 0.689063 0.558333 0.690625 0.559722 0.694531 0.561111 0.696875 0.559722 0.696875 0.555556 0.696094 0.547222 0.692969 0.541667 0.691406 0.541667
25 0.939063 0.170833 0.941406 0.170833 0.942969 0.172222 0.944531 0.175000 0.948438 0.175000 0.946875 0.175000 0.946094 0.173611 0.943750 0.173611 0.941406 0.170833 0.939063 0.170833
27 0.088281 0.458333 0.087500 0.461111 0.088281 0.465278 0.089844 0.463889 0.089844 0.461111 0.088281 0.458333
27 0.671875 0.375000 0.671094 0.376389 0.669531 0.376389 0.670312 0.381944 0.670312 0.384722 0.669531 0.397222 0.668750 0.400000 0.667969 0.401389 0.667188 0.401389 0.666406 0.405556 0.667969 0.401389 0.668750 0.402778 0.670312 0.401389 0.671094 0.395833 0.669531 0.393056 0.671875 0.390278 0.673438 0.381944 0.676562 0.381944 0.678906 0.380556 0.681250 0.377778 0.679688 0.379167 0.676562 0.379167 0.675000 0.376389 0.673438 0.375000 0.671875 0.375000
27 0.693750 0.325000 0.692969 0.329167 0.690625 0.333333 0.689063 0.337500 0.688281 0.340278 0.688281 0.345833 0.689063 0.350000 0.690625 0.352778 0.689844 0.355556 0.689063 0.359722 0.688281 0.363889 0.686719 0.366667 0.685156 0.375000 0.688281 0.369444 0.686719 0.368056 0.688281 0.363889 0.690625 0.359722 0.691406 0.355556 0.692187 0.347222 0.691406 0.344444 0.692969 0.343056 0.692969 0.329167 0.693750 0.327778 0.693750 0.325000
27 0.617969 0.315278 0.619531 0.316667 0.622656 0.319444 0.640625 0.318056 0.638281 0.319444 0.624219 0.318056 0.619531 0.316667 0.617969 0.315278
27 0.621094 0.305556 0.617969 0.311111 0.618750 0.312500 0.621094 0.305556
27 0.617188 0.290278 0.617188 0.293056 0.615625 0.295833 0.617188 0.302778 0.616406 0.297222 0.617188 0.295833 0.617188 0.290278
27 0.509375 0.280556 0.512500 0.281944 0.516406 0.284722 0.514844 0.283333 0.513281 0.281944 0.510938 0.281944 0.509375 0.280556
27 0.493750 0.277778 0.493750 0.284722 0.494531 0.295833 0.495312 0.298611 0.496875 0.300000 0.500000 0.298611 0.501563 0.301389 0.503125 0.305556 0.504687 0.302778 0.506250 0.302778 0.505469 0.300000 0.509375 0.298611 0.510938 0.295833 0.514062 0.293056 0.512500 0.291667 0.509375 0.288889 0.506250 0.287500 0.504687 0.284722 0.502344 0.284722 0.500000 0.283333 0.498437 0.280556 0.496875 0.280556 0.495312 0.277778 0.493750 0.277778
27 0.502344 0.275000 0.503906 0.276389 0.505469 0.277778 0.508594 0.277778 0.507031 0.277778 0.504687 0.275000 0.502344 0.275000
27 0.586719 0.273611 0.588281 0.272222 0.591406 0.273611 0.591406 0.276389 0.592969 0.272222 0.586719 0.273611
27 0.514062 0.272222 0.514062 0.277778 0.515625 0.279167 0.517188 0.280556 0.517969 0.276389 0.516406 0.275000 0.517969 0.272222 0.515625 0.273611 0.514062 0.272222
27 0.521875 0.266667 0.520312 0.269444 0.521875 0.270833 0.521875 0.266667
27 0.575000 0.247222 0.572656 0.248611 0.572656 0.252778 0.570312 0.255556 0.567969 0.254167 0.567187 0.255556 0.565625 0.255556 0.564063 0.254167 0.565625 0.255556 0.565625 0.256944 0.567187 0.258333 0.568750 0.254167 0.570312 0.258333 0.571875 0.258333 0.572656 0.254167 0.575000 0.254167 0.575781 0.258333 0.575781 0.262500 0.576562 0.265278 0.578125 0.266667 0.578125 0.268056 0.575781 0.262500 0.575781 0.252778 0.575000 0.251389 0.575000 0.247222
27 0.824219 0.244444 0.822656 0.247222 0.819531 0.247222 0.821875 0.248611 0.824219 0.244444
27 0.545312 0.243056 0.546094 0.245833 0.549219 0.245833 0.550781 0.248611 0.552344 0.248611 0.550781 0.247222 0.549219 0.245833 0.547656 0.245833 0.546875 0.244444 0.545312 0.243056
27 0.517188 0.244444 0.519531 0.248611 0.521094 0.252778 0.521875 0.255556 0.522656 0.261111 0.523438 0.252778 0.521094 0.250000 0.521875 0.247222 0.524219 0.247222 0.525000 0.244444 0.526563 0.247222 0.526563 0.250000 0.526563 0.247222 0.524219 0.243056 0.521875 0.241667 0.520312 0.245833 0.519531 0.243056 0.517969 0.241667 0.519531 0.240278 0.517188 0.244444
27 0.809375 0.238889 0.803906 0.240278 0.800000 0.241667 0.797656 0.244444 0.796094 0.244444 0.797656 0.244444 0.798438 0.243056 0.801562 0.241667 0.803906 0.241667 0.810937 0.243056 0.810156 0.238889 0.812500 0.240278 0.812500 0.243056 0.814844 0.243056 0.815625 0.244444 0.817969 0.245833 0.816406 0.243056 0.814844 0.243056 0.812500 0.238889 0.809375 0.238889
27 0.975000 0.183333 0.972656 0.183333 0.968750 0.186111 0.966406 0.191667 0.964844 0.193056 0.962500 0.191667 0.962500 0.187500 0.960156 0.188889 0.960938 0.195833 0.963281 0.195833 0.965625 0.193056 0.967969 0.193056 0.970313 0.191667 0.974219 0.187500 0.973437 0.186111 0.976562 0.181944 0.978906 0.180556 0.975000 0.183333
27 0.443750 0.173611 0.450781 0.173611 0.457031 0.176389 0.467969 0.176389 0.474219 0.175000 0.475000 0.173611 0.476562 0.173611 0.474219 0.173611 0.473438 0.175000 0.461719 0.176389 0.457813 0.176389 0.457031 0.175000 0.451562 0.173611 0.443750 0.173611
27 0.999219 0.000000 0.999219 0.144444 0.996875 0.145833 0.989062 0.151389 0.987500 0.152778 0.985938 0.151389 0.984375 0.152778 0.980469 0.156944 0.978906 0.155556 0.978125 0.158333 0.974219 0.159722 0.971094 0.158333 0.971094 0.161111 0.967969 0.162500 0.969531 0.163889 0.965625 0.166667 0.963281 0.166667 0.957812 0.170833 0.955469 0.170833 0.955469 0.173611 0.950781 0.172222 0.950000 0.173611 0.946875 0.173611 0.946094 0.172222 0.942969 0.173611 0.943750 0.176389 0.942187 0.176389 0.940625 0.172222 0.938281 0.173611 0.936719 0.176389 0.936719 0.181944 0.935937 0.181944 0.934375 0.184722 0.933594 0.180556 0.927344 0.180556 0.919531 0.181944 0.915625 0.186111 0.907031 0.184722 0.903125 0.184722 0.899219 0.186111 0.897656 0.187500 0.896094 0.188889 0.897656 0.187500 0.898438 0.186111 0.901563 0.184722 0.901563 0.183333 0.910156 0.186111 0.913281 0.186111 0.914844 0.184722 0.916406 0.181944 0.925000 0.180556 0.924219 0.179167 0.932031 0.180556 0.933594 0.177778 0.933594 0.176389 0.935937 0.173611 0.933594 0.172222 0.933594 0.176389 0.933594 0.177778 0.931250 0.173611 0.928125 0.176389 0.925781 0.176389 0.924219 0.179167 0.925000 0.180556 0.919531 0.179167 0.921094 0.177778 0.918750 0.176389 0.914062 0.180556 0.911719 0.177778 0.909375 0.180556 0.907813 0.180556 0.905469 0.180556 0.901563 0.183333 0.901563 0.184722 0.896094 0.183333 0.893750 0.184722 0.892969 0.187500 0.891406 0.187500 0.890625 0.188889 0.889062 0.188889 0.876563 0.188889 0.881250 0.190278 0.876563 0.190278 0.875000 0.187500 0.872656 0.190278 0.874219 0.191667 0.871875 0.190278 0.873437 0.188889 0.871094 0.187500 0.867969 0.190278 0.866406 0.187500 0.857031 0.187500 0.853906 0.188889 0.852344 0.191667 0.855469 0.193056 0.864844 0.191667 0.865625 0.193056 0.868750 0.193056 0.860156 0.191667 0.858594 0.191667 0.853906 0.194444 0.850781 0.197222 0.851562 0.200000 0.850781 0.202778 0.849219 0.194444 0.843750 0.204167 0.842187 0.205556 0.840625 0.205556 0.839063 0.206944 0.836719 0.211111 0.835156 0.211111 0.832031 0.215278 0.833594 0.218056 0.835156 0.216667 0.836719 0.213889 0.838281 0.212500 0.841406 0.211111 0.839063 0.213889 0.836719 0.215278 0.832031 0.222222 0.832031 0.226389 0.828125 0.233333 0.828125 0.234722 0.825781 0.238889 0.826562 0.236111 0.828906 0.231944 0.830469 0.227778 0.831250 0.225000 0.832812 0.218056 0.829688 0.219444 0.828906 0.220833 0.824219 0.230556 0.822656 0.231944 0.820312 0.233333 0.817969 0.231944 0.817187 0.236111 0.815625 0.234722 0.814844 0.231944 0.814063 0.236111 0.811719 0.233333 0.807031 0.234722 0.798438 0.236111 0.792188 0.236111 0.789844 0.234722 0.785937 0.227778 0.783594 0.227778 0.783594 0.223611 0.781250 0.223611 0.782031 0.226389 0.781250 0.230556 0.778906 0.236111 0.775781 0.233333 0.771094 0.225000 0.777344 0.225000 0.774219 0.222222 0.773438 0.219444 0.767188 0.219444 0.765625 0.218056 0.762500 0.213889 0.760938 0.213889 0.759375 0.211111 0.758594 0.215278 0.761719 0.216667 0.765625 0.222222 0.768750 0.223611 0.766406 0.223611 0.764062 0.222222 0.762500 0.219444 0.761719 0.216667 0.760156 0.218056 0.753125 0.216667 0.753125 0.216667 0.757812 0.213889 0.756250 0.211111 0.753906 0.212500 0.752344 0.211111 0.750781 0.213889 0.753125 0.216667 0.753125 0.216667 0.750781 0.218056 0.746875 0.222222 0.745313 0.223611 0.749219 0.218056 0.749219 0.212500 0.742969 0.219444 0.739844 0.220833 0.727344 0.222222 0.732031 0.223611 0.733594 0.223611 0.735938 0.226389 0.734375 0.226389 0.732031 0.223611 0.728906 0.225000 0.728125 0.226389 0.727344 0.227778 0.726562 0.231944 0.725000 0.234722 0.722656 0.236111 0.725781 0.231944 0.725781 0.229167 0.725000 0.223611 0.721094 0.227778 0.718750 0.233333 0.715625 0.234722 0.712500 0.238889 0.710938 0.238889 0.708594 0.243056 0.705469 0.243056 0.703906 0.245833 0.700000 0.248611 0.696875 0.248611 0.694531 0.252778 0.697656 0.254167 0.698438 0.252778 0.701562 0.252778 0.704688 0.250000 0.709375 0.250000 0.704688 0.250000 0.703125 0.251389 0.701562 0.254167 0.700000 0.255556 0.698438 0.255556 0.695312 0.255556 0.693750 0.258333 0.693750 0.263889 0.692187 0.272222 0.692187 0.279167 0.690625 0.279167 0.689844 0.273611 0.692187 0.266667 0.691406 0.261111 0.688281 0.269444 0.687500 0.273611 0.687500 0.280556 0.685937 0.284722 0.685156 0.287500 0.688281 0.288889 0.685937 0.295833 0.683594 0.295833 0.684375 0.301389 0.685937 0.301389 0.687500 0.304167 0.689063 0.305556 0.687500 0.305556 0.686719 0.304167 0.684375 0.304167 0.684375 0.304167 0.681250 0.304167 0.682813 0.306944 0.684375 0.304167 0.684375 0.304167 0.682813 0.306944 0.684375 0.309722 0.685937 0.308333 0.685156 0.312500 0.685156 0.315278 0.686719 0.319444 0.686719 0.323611 0.687500 0.325000 0.687500 0.327778 0.685937 0.327778 0.687500 0.333333 0.685937 0.343056 0.685937 0.352778 0.685156 0.354167 0.685156 0.359722 0.681250 0.366667 0.677344 0.369444 0.671094 0.368056 0.669531 0.372222 0.667188 0.375000 0.665625 0.373611 0.664844 0.377778 0.664062 0.375000 0.662500 0.372222 0.659375 0.372222 0.658594 0.370833 0.657031 0.370833 0.657031 0.365278 0.657813 0.362500 0.660156 0.363889 0.661719 0.361111 0.665625 0.359722 0.667969 0.361111 0.668750 0.358333 0.671875 0.359722 0.672656 0.355556 0.674219 0.352778 0.672656 0.350000 0.668750 0.351389 0.664062 0.352778 0.660156 0.355556 0.656250 0.355556 0.656250 0.352778 0.658594 0.350000 0.656250 0.348611 0.653906 0.344444 0.652344 0.340278 0.652344 0.337500 0.649219 0.334722 0.650781 0.333333 0.649219 0.331944 0.646875 0.326389 0.646094 0.322222 0.644531 0.318056 0.642969 0.315278 0.642188 0.315278 0.639844 0.311111 0.630469 0.311111 0.627344 0.309722 0.625000 0.308333 0.623437 0.300000 0.622656 0.304167 0.622656 0.295833 0.621875 0.293056 0.621094 0.290278 0.618750 0.286111 0.618750 0.283333 0.617969 0.280556 0.615625 0.276389 0.614062 0.277778 0.614844 0.279167 0.614844 0.286111 0.610938 0.287500 0.611719 0.284722 0.610156 0.283333 0.612500 0.279167 0.613281 0.279167 0.613281 0.275000 0.612500 0.275000 0.610156 0.277778 0.608594 0.276389 0.606250 0.280556 0.604688 0.277778 0.600000 0.277778 0.599219 0.279167 0.597656 0.279167 0.597656 0.275000 0.595313 0.273611 0.598437 0.275000 0.600000 0.277778 0.606250 0.277778 0.608594 0.276389 0.610156 0.273611 0.609375 0.270833 0.607031 0.268056 0.603125 0.272222 0.601562 0.269444 0.600000 0.268056 0.596094 0.268056 0.595313 0.266667 0.593750 0.266667 0.593750 0.269444 0.592187 0.268056 0.591406 0.265278 0.589844 0.268056 0.587500 0.263889 0.584375 0.261111 0.580469 0.255556 0.578125 0.251389 0.576562 0.247222 0.576562 0.245833 0.572656 0.244444 0.571094 0.247222 0.569531 0.247222 0.564844 0.247222 0.562500 0.250000 0.561719 0.247222 0.558594 0.247222 0.554688 0.243056 0.553125 0.244444 0.553125 0.241667 0.548438 0.236111 0.544531 0.231944 0.542969 0.231944 0.540625 0.227778 0.539062 0.226389 0.536719 0.227778 0.537500 0.230556 0.539062 0.233333 0.539844 0.237500 0.541406 0.241667 0.539062 0.238889 0.539062 0.234722 0.537500 0.229167 0.535156 0.227778 0.532813 0.227778 0.532031 0.233333 0.532031 0.238889 0.530469 0.241667 0.531250 0.234722 0.532813 0.230556 0.530469 0.227778 0.528906 0.231944 0.525781 0.234722 0.523438 0.236111 0.520312 0.236111 0.517969 0.237500 0.515625 0.241667 0.514062 0.248611 0.514062 0.256944 0.513281 0.262500 0.512500 0.265278 0.511719 0.268056 0.510156 0.269444 0.510938 0.270833 0.510156 0.273611 0.506250 0.272222 0.504687 0.272222 0.499219 0.266667 0.496875 0.268056 0.496094 0.252778 0.497656 0.238889 0.496875 0.220833 0.497656 0.213889 0.496875 0.208333 0.496094 0.202778 0.494531 0.198611 0.494531 0.195833 0.496094 0.190278 0.496094 0.187500 0.495312 0.176389 0.494531 0.173611 0.489844 0.173611 0.492188 0.176389 0.492188 0.186111 0.491406 0.183333 0.492188 0.176389 0.489844 0.180556 0.489063 0.176389 0.487500 0.173611 0.485938 0.175000 0.487500 0.173611 0.485938 0.172222 0.487500 0.172222 0.488281 0.173611 0.490625 0.172222 0.486719 0.168056 0.476562 0.168056 0.466406 0.170833 0.464844 0.170833 0.461719 0.169444 0.457031 0.170833 0.440625 0.168056 0.427344 0.169444 0.424219 0.168056 0.419531 0.165278 0.414844 0.166667 0.412500 0.162500 0.412500 0.159722 0.413281 0.148611 0.411719 0.148611 0.411719 0.144444 0.411719 0.141667 0.412500 0.137500 0.410156 0.129167 0.408594 0.126389 0.407813 0.131944 0.408594 0.133333 0.409375 0.140278 0.407031 0.137500 0.407031 0.125000 0.404687 0.122222 0.404687 0.115278 0.404687 0.113889 0.406250 0.122222 0.407031 0.113889 0.405469 0.111111 0.404687 0.113889 0.404687 0.115278 0.403906 0.113889 0.403125 0.087500 0.403125 0.081944 0.404687 0.077778 0.403906 0.073611 0.400781 0.070833 0.401562 0.069444 0.398438 0.065278 0.396875 0.065278 0.396094 0.062500 0.394531 0.059722 0.393750 0.061111 0.392188 0.058333 0.392188 0.055556 0.389062 0.054167 0.386719 0.050000 0.383594 0.051389 0.383594 0.054167 0.382031 0.054167 0.380469 0.058333 0.379688 0.056944 0.376563 0.058333 0.374219 0.061111 0.372656 0.063889 0.373437 0.066667 0.375000 0.065278 0.369531 0.075000 0.370312 0.070833 0.367969 0.076389 0.367969 0.076389 0.366406 0.083333 0.367188 0.097222 0.367969 0.086111 0.368750 0.084722 0.367969 0.076389 0.367969 0.076389 0.368750 0.094444 0.367969 0.156944 0.366406 0.156944 0.367969 0.152778 0.367188 0.116667 0.366406 0.136111 0.366406 0.148611 0.364063 0.152778 0.362500 0.152778 0.363281 0.158333 0.360938 0.154167 0.361719 0.165278 0.361719 0.184722 0.361719 0.165278 0.359375 0.183333 0.357812 0.183333 0.357031 0.184722 0.353125 0.184722 0.332813 0.183333 0.327344 0.184722 0.325000 0.186111 0.323437 0.188889 0.317969 0.190278 0.317969 0.187500 0.314844 0.188889 0.309375 0.187500 0.300000 0.188889 0.293750 0.190278 0.289844 0.191667 0.286719 0.194444 0.276562 0.195833 0.264062 0.195833 0.261719 0.200000 0.260156 0.204167 0.260156 0.206944 0.257031 0.206944 0.255469 0.205556 0.252344 0.198611 0.251563 0.198611 0.250000 0.195833 0.248438 0.198611 0.249219 0.201389 0.251563 0.198611 0.252344 0.198611 0.250781 0.200000 0.250000 0.200000 0.249219 0.204167 0.250000 0.206944 0.253906 0.213889 0.254688 0.216667 0.252344 0.212500 0.252344 0.211111 0.249219 0.205556 0.248438 0.202778 0.248438 0.197222 0.246875 0.194444 0.233594 0.194444 0.227344 0.195833 0.226562 0.318056 0.225000 0.320833 0.224219 0.325000 0.226562 0.327778 0.225781 0.395833 0.225781 0.377778 0.225781 0.365278 0.225781 0.362500 0.225781 0.354167 0.224219 0.356944 0.225000 0.359722 0.225781 0.362500 0.225781 0.365278 0.224219 0.369444 0.224219 0.372222 0.225781 0.377778 0.225781 0.395833 0.224219 0.398611 0.225781 0.411111 0.225781 0.395833 0.226562 0.327778 0.226562 0.491667 0.225000 0.498611 0.225000 0.501389 0.225000 0.509722 0.225000 0.523611 0.225781 0.533333 0.225781 0.537500 0.225000 0.540278 0.223438 0.541667 0.223438 0.544444 0.220312 0.548611 0.218750 0.544444 0.217969 0.540278 0.216406 0.537500 0.214844 0.540278 0.214844 0.544444 0.215625 0.534722 0.214062 0.531944 0.211719 0.531944 0.210938 0.527778 0.208594 0.530556 0.208594 0.533333 0.210156 0.536111 0.210156 0.544444 0.209375 0.547222 0.207813 0.547222 0.206250 0.544444 0.207813 0.540278 0.207031 0.536111 0.209375 0.531944 0.207031 0.530556 0.206250 0.533333 0.203906 0.533333 0.200000 0.540278 0.198437 0.541667 0.196094 0.543056 0.193750 0.544444 0.187500 0.543056 0.186719 0.547222 0.187500 0.541667 0.186719 0.538889 0.182812 0.538889 0.181250 0.538889 0.182031 0.533333 0.179688 0.533333 0.178906 0.534722 0.178125 0.536111 0.175000 0.537500 0.173437 0.536111 0.171875 0.537500 0.170313 0.534722 0.169531 0.531944 0.168750 0.530556 0.167187 0.529167 0.164844 0.527778 0.166406 0.529167 0.168750 0.527778 0.167187 0.525000 0.164844 0.525000 0.167187 0.523611 0.164844 0.522222 0.163281 0.515278 0.162500 0.529167 0.164062 0.530556 0.162500 0.530556 0.163281 0.515278 0.162500 0.512500 0.162500 0.511111 0.157812 0.508333 0.157812 0.505556 0.157812 0.505556 0.158594 0.501389 0.155469 0.501389 0.157812 0.505556 0.157812 0.505556 0.153125 0.498611 0.148438 0.500000 0.150000 0.502778 0.151562 0.502778 0.149219 0.502778 0.148438 0.501389 0.146875 0.501389 0.146094 0.498611 0.145313 0.500000 0.143750 0.498611 0.141406 0.497222 0.140625 0.494444 0.137500 0.494444 0.135937 0.493056 0.135156 0.490278 0.132031 0.490278 0.128906 0.486111 0.127344 0.484722 0.114062 0.484722 0.114062 0.480556 0.112500 0.479167 0.114062 0.476389 0.114062 0.472222 0.113281 0.470833 0.112500 0.465278 0.111719 0.468056 0.110937 0.465278 0.110937 0.470833 0.110156 0.462500 0.110937 0.465278 0.111719 0.461111 0.110156 0.458333 0.107031 0.456944 0.096875 0.456944 0.093750 0.459722 0.092188 0.455556 0.091406 0.458333 0.089063 0.454167 0.087500 0.455556 0.085938 0.451389 0.083594 0.450000 0.082031 0.445833 0.081250 0.440278 0.081250 0.418056 0.079687 0.411111 0.078906 0.408333 0.078125 0.405556 0.076563 0.402778 0.075781 0.411111 0.077344 0.412500 0.078125 0.416667 0.076563 0.412500 0.075000 0.412500 0.074219 0.397222 0.072656 0.395833 0.070312 0.397222 0.071094 0.404167 0.070312 0.405556 0.070312 0.409722 0.069531 0.401389 0.071094 0.398611 0.067969 0.400000 0.066406 0.401389 0.064844 0.402778 0.061719 0.402778 0.059375 0.404167 0.057031 0.404167 0.054688 0.402778 0.052344 0.402778 0.050781 0.401389 0.048438 0.398611 0.046875 0.391667 0.045312 0.388889 0.042188 0.387500 0.038281 0.388889 0.040625 0.393056 0.041406 0.402778 0.039844 0.401389 0.038281 0.401389 0.038281 0.395833 0.037500 0.394444 0.036719 0.391667 0.035937 0.395833 0.035156 0.398611 0.033594 0.397222 0.034375 0.393056 0.032031 0.388889 0.028906 0.393056 0.027344 0.391667 0.025000 0.388889 0.022656 0.384722 0.021875 0.388889 0.023438 0.391667 0.024219 0.391667 0.025000 0.393056 0.025781 0.395833 0.024219 0.393056 0.023438 0.393056 0.021875 0.390278 0.021094 0.386111 0.021094 0.377778 0.018750 0.384722 0.016406 0.384722 0.015625 0.386111 0.010937 0.387500 0.003125 0.388889 0.001563 0.387500 0.004687 0.386111 0.003125 0.381944 0.002344 0.377778 0.000000 0.376389 0.000000 0.219444 0.001563 0.219444 0.014844 0.220833 0.023438 0.219444 0.031250 0.215278 0.035156 0.213889 0.039062 0.213889 0.044531 0.216667 0.053125 0.215278 0.060156 0.218056 0.070312 0.219444 0.078906 0.218056 0.080469 0.218056 0.110937 0.220833 0.132812 0.219444 0.141406 0.216667 0.145313 0.215278 0.147656 0.213889 0.150000 0.211111 0.153125 0.211111 0.157812 0.206944 0.161719 0.206944 0.164062 0.205556 0.166406 0.202778 0.168750 0.201389 0.171875 0.201389 0.175000 0.200000 0.178125 0.197222 0.181250 0.193056 0.185156 0.190278 0.187500 0.190278 0.192969 0.186111 0.196094 0.180556 0.201563 0.169444 0.201563 0.162500 0.203906 0.154167 0.208594 0.143056 0.211719 0.133333 0.212500 0.129167 0.211719 0.108333 0.211719 0.091667 0.213281 0.083333 0.214062 0.062500 0.214062 0.058333 0.210938 0.052778 0.210156 0.050000 0.209375 0.044444 0.208594 0.038889 0.207813 0.031944 0.207813 0.025000 0.209375 0.023611 0.209375 0.011111 0.210156 0.002778 0.210938 0.000000 0.999219 0.000000
20 0.196094 0.776389 0.200000 0.776389 0.198437 0.775000 0.196094 0.776389
20 0.207813 0.773611 0.206250 0.776389 0.208594 0.776389 0.209375 0.775000 0.211719 0.773611 0.207813 0.773611
20 0.856250 0.748611 0.856250 0.751389 0.857812 0.751389 0.856250 0.748611
20 0.175781 0.748611 0.175000 0.751389 0.175000 0.762500 0.172656 0.765278 0.171094 0.762500 0.168750 0.762500 0.171094 0.768056 0.171094 0.772222 0.173437 0.775000 0.165625 0.776389 0.173437 0.776389 0.176563 0.776389 0.177344 0.777778 0.181250 0.779167 0.180469 0.776389 0.183594 0.770833 0.183594 0.765278 0.184375 0.765278 0.185938 0.762500 0.185156 0.759722 0.182812 0.755556 0.182031 0.748611 0.175781 0.748611
20 0.200781 0.745833 0.200781 0.752778 0.200000 0.754167 0.200000 0.759722 0.201563 0.761111 0.200781 0.768056 0.202344 0.768056 0.203125 0.761111 0.204687 0.763889 0.205469 0.765278 0.208594 0.765278 0.209375 0.766667 0.213281 0.768056 0.216406 0.768056 0.219531 0.765278 0.220312 0.768056 0.222656 0.766667 0.221094 0.762500 0.219531 0.762500 0.219531 0.750000 0.216406 0.752778 0.212500 0.752778 0.211719 0.751389 0.207031 0.751389 0.203906 0.745833 0.202344 0.745833 0.200781 0.745833
20 0.360938 0.744444 0.362500 0.745833 0.359375 0.758333 0.358594 0.761111 0.354687 0.762500 0.355469 0.769444 0.350781 0.769444 0.341406 0.766667 0.341406 0.762500 0.343750 0.759722 0.339844 0.759722 0.341406 0.762500 0.341406 0.766667 0.339844 0.766667 0.335156 0.769444 0.331250 0.769444 0.327344 0.766667 0.321875 0.766667 0.318750 0.769444 0.314063 0.769444 0.310937 0.766667 0.308594 0.766667 0.305469 0.768056 0.301563 0.772222 0.299219 0.772222 0.300781 0.772222 0.302344 0.769444 0.300000 0.765278 0.303125 0.765278 0.305469 0.762500 0.310937 0.763889 0.314063 0.762500 0.327344 0.762500 0.318750 0.761111 0.314844 0.758333 0.309375 0.756944 0.303906 0.756944 0.302344 0.758333 0.303125 0.751389 0.306250 0.751389 0.307031 0.748611 0.308594 0.748611 0.310156 0.750000 0.311719 0.752778 0.317969 0.752778 0.327344 0.751389 0.337500 0.748611 0.352344 0.748611 0.357812 0.747222 0.360938 0.744444
20 0.258594 0.750000 0.259375 0.752778 0.260156 0.755556 0.262500 0.759722 0.266406 0.759722 0.267969 0.758333 0.270313 0.754167 0.270313 0.747222 0.272656 0.747222 0.285156 0.748611 0.287500 0.751389 0.290625 0.752778 0.291406 0.748611 0.292187 0.751389 0.291406 0.756944 0.291406 0.754167 0.281250 0.755556 0.278125 0.758333 0.282031 0.761111 0.282031 0.761111 0.271875 0.759722 0.271094 0.761111 0.260156 0.762500 0.263281 0.763889 0.271094 0.768056 0.274219 0.763889 0.275781 0.762500 0.282031 0.761111 0.282031 0.761111 0.288281 0.761111 0.289844 0.762500 0.289062 0.765278 0.290625 0.768056 0.289062 0.769444 0.292187 0.772222 0.287500 0.772222 0.283594 0.769444 0.281250 0.769444 0.271875 0.770833 0.267188 0.773611 0.264062 0.772222 0.261719 0.769444 0.260156 0.769444 0.257031 0.769444 0.255469 0.769444 0.255469 0.766667 0.251563 0.766667 0.250000 0.769444 0.247656 0.768056 0.247656 0.766667 0.245312 0.766667 0.241406 0.768056 0.239844 0.765278 0.237500 0.768056 0.234375 0.770833 0.241406 0.772222 0.235937 0.772222 0.232813 0.773611 0.228125 0.776389 0.223438 0.776389 0.214844 0.775000 0.213281 0.773611 0.214844 0.775000 0.217188 0.775000 0.217969 0.773611 0.220312 0.773611 0.225000 0.776389 0.226562 0.775000 0.228125 0.775000 0.229687 0.770833 0.232813 0.772222 0.233594 0.770833 0.235156 0.769444 0.232813 0.768056 0.235156 0.766667 0.234375 0.763889 0.236719 0.761111 0.234375 0.758333 0.234375 0.755556 0.238281 0.755556 0.240625 0.754167 0.242188 0.752778 0.244531 0.748611 0.246094 0.747222 0.248438 0.747222 0.257812 0.745833 0.258594 0.743056 0.259375 0.738889 0.258594 0.750000
20 0.720313 0.734722 0.718750 0.736111 0.717187 0.738889 0.715625 0.740278 0.711719 0.738889 0.710156 0.738889 0.707812 0.740278 0.706250 0.743056 0.705469 0.747222 0.705469 0.754167 0.703125 0.756944 0.705469 0.756944 0.707031 0.759722 0.708594 0.759722 0.711719 0.758333 0.713281 0.756944 0.714063 0.751389 0.719531 0.752778 0.718750 0.756944 0.717187 0.758333 0.714844 0.758333 0.730469 0.758333 0.732031 0.755556 0.732812 0.754167 0.732812 0.752778 0.732812 0.748611 0.732031 0.748611 0.732031 0.743056 0.733594 0.741667 0.732031 0.741667 0.731250 0.743056 0.725781 0.743056 0.724219 0.740278 0.724219 0.737500 0.723437 0.734722 0.720313 0.734722
20 0.961719 0.711111 0.964063 0.716667 0.963281 0.719444 0.966406 0.720833 0.967969 0.723611 0.970313 0.725000 0.972656 0.725000 0.975000 0.722222 0.977344 0.722222 0.978906 0.720833 0.980469 0.718056 0.981250 0.712500 0.982812 0.712500 0.984375 0.716667 0.986719 0.715278 0.985938 0.722222 0.985938 0.726389 0.985938 0.730556 0.990625 0.727778 0.996875 0.727778 0.997656 0.729167 0.999219 0.729167 0.999219 0.747222 0.989844 0.747222 0.989062 0.748611 0.962500 0.747222 0.949219 0.747222 0.946875 0.747222 0.942969 0.750000 0.936719 0.751389 0.903906 0.752778 0.881250 0.752778 0.880469 0.751389 0.875781 0.751389 0.878906 0.750000 0.877344 0.748611 0.875000 0.747222 0.880469 0.745833 0.873437 0.743056 0.871875 0.743056 0.865625 0.744444 0.863281 0.747222 0.861719 0.748611 0.858594 0.744444 0.857031 0.743056 0.854688 0.744444 0.851562 0.748611 0.853906 0.751389 0.852344 0.752778 0.850000 0.752778 0.850000 0.750000 0.846875 0.751389 0.848437 0.754167 0.840625 0.754167 0.839844 0.755556 0.831250 0.755556 0.830469 0.754167 0.821875 0.754167 0.825000 0.752778 0.818750 0.751389 0.817969 0.754167 0.817969 0.752778 0.820312 0.750000 0.825000 0.748611 0.818750 0.747222 0.817969 0.748611 0.816406 0.750000 0.817969 0.752778 0.817969 0.754167 0.816406 0.754167 0.812500 0.752778 0.811719 0.755556 0.789844 0.755556 0.789062 0.751389 0.788281 0.750000 0.785156 0.748611 0.780469 0.750000 0.778906 0.747222 0.778125 0.756944 0.775781 0.756944 0.774219 0.754167 0.774219 0.751389 0.775000 0.745833 0.775000 0.743056 0.779687 0.744444 0.789844 0.741667 0.792188 0.743056 0.796875 0.741667 0.798438 0.740278 0.799219 0.736111 0.800781 0.740278 0.812500 0.741667 0.817187 0.740278 0.823438 0.741667 0.827344 0.744444 0.830469 0.744444 0.836719 0.741667 0.867188 0.741667 0.871094 0.743056 0.872656 0.743056 0.875000 0.738889 0.877344 0.738889 0.881250 0.740278 0.903125 0.738889 0.904687 0.741667 0.907813 0.741667 0.909375 0.743056 0.911719 0.747222 0.913281 0.745833 0.914844 0.743056 0.919531 0.743056 0.920312 0.738889 0.921875 0.738889 0.923438 0.736111 0.927344 0.737500 0.928125 0.734722 0.930469 0.733333 0.932813 0.731944 0.932031 0.727778 0.932813 0.720833 0.935156 0.719444 0.933594 0.723611 0.932813 0.726389 0.932031 0.729167 0.938281 0.731944 0.942187 0.731944 0.953906 0.731944 0.961719 0.730556 0.962500 0.725000 0.961719 0.720833 0.957812 0.715278 0.960156 0.711111 0.961719 0.711111
28 0.286719 0.704167 0.284375 0.708333 0.282031 0.716667 0.282031 0.733333 0.283594 0.737500 0.282813 0.745833 0.284375 0.747222 0.287500 0.750000 0.290625 0.751389 0.291406 0.747222 0.292187 0.741667 0.292187 0.723611 0.291406 0.708333 0.290625 0.706944 0.290625 0.704167 0.286719 0.704167
28 0.224219 0.704167 0.222656 0.706944 0.219531 0.718056 0.219531 0.736111 0.220312 0.759722 0.221875 0.763889 0.223438 0.768056 0.225000 0.770833 0.228906 0.770833 0.230469 0.769444 0.232031 0.768056 0.233594 0.761111 0.233594 0.751389 0.232813 0.733333 0.233594 0.731944 0.233594 0.715278 0.232813 0.711111 0.229687 0.705556 0.228125 0.704167 0.224219 0.704167
28 0.161719 0.701389 0.160156 0.704167 0.159375 0.704167 0.155469 0.711111 0.154688 0.713889 0.153906 0.718056 0.153125 0.722222 0.153125 0.731944 0.151562 0.737500 0.151562 0.745833 0.155469 0.752778 0.156250 0.755556 0.156250 0.766667 0.157812 0.775000 0.160156 0.776389 0.161719 0.776389 0.163281 0.775000 0.164844 0.763889 0.164844 0.750000 0.165625 0.744444 0.167187 0.740278 0.167969 0.736111 0.168750 0.730556 0.168750 0.718056 0.167969 0.713889 0.166406 0.708333 0.165625 0.705556 0.164844 0.704167 0.161719 0.701389
28 0.263281 0.700000 0.261719 0.704167 0.260937 0.708333 0.260156 0.716667 0.259375 0.725000 0.260156 0.738889 0.259375 0.750000 0.260937 0.755556 0.262500 0.758333 0.266406 0.758333 0.267969 0.756944 0.269531 0.754167 0.269531 0.748611 0.268750 0.738889 0.269531 0.730556 0.271094 0.726389 0.271094 0.723611 0.270313 0.722222 0.269531 0.711111 0.267969 0.706944 0.267188 0.702778 0.265625 0.702778 0.263281 0.700000
28 0.321875 0.698611 0.320312 0.700000 0.319531 0.701389 0.318750 0.704167 0.317969 0.706944 0.317188 0.715278 0.317188 0.727778 0.318750 0.738889 0.318750 0.747222 0.320312 0.750000 0.323437 0.748611 0.324219 0.745833 0.325000 0.729167 0.325000 0.711111 0.323437 0.702778 0.322656 0.701389 0.321875 0.698611
28 0.192969 0.691667 0.189062 0.693056 0.188281 0.695833 0.187500 0.700000 0.185156 0.704167 0.184375 0.706944 0.182031 0.719444 0.182031 0.730556 0.182812 0.736111 0.183594 0.741667 0.187500 0.759722 0.187500 0.765278 0.189062 0.773611 0.190625 0.775000 0.192188 0.776389 0.195312 0.776389 0.196875 0.775000 0.198437 0.769444 0.199219 0.761111 0.200000 0.752778 0.200781 0.718056 0.200000 0.711111 0.199219 0.704167 0.197656 0.698611 0.196094 0.695833 0.192969 0.691667
28 0.353125 0.690278 0.353125 0.697222 0.350781 0.701389 0.350000 0.704167 0.350000 0.718056 0.351562 0.723611 0.351562 0.730556 0.353125 0.737500 0.353125 0.743056 0.354687 0.745833 0.357812 0.745833 0.360938 0.743056 0.361719 0.740278 0.362500 0.736111 0.363281 0.730556 0.363281 0.723611 0.361719 0.719444 0.361719 0.702778 0.361719 0.695833 0.360938 0.693056 0.359375 0.690278 0.357812 0.690278 0.353125 0.690278
28 0.742969 0.655556 0.742188 0.658333 0.742188 0.661111 0.741406 0.663889 0.739844 0.666667 0.739062 0.669444 0.738281 0.673611 0.737500 0.683333 0.736719 0.687500 0.735156 0.694444 0.733594 0.697222 0.733594 0.706944 0.732031 0.716667 0.732031 0.719444 0.732812 0.720833 0.734375 0.731944 0.735156 0.741667 0.735156 0.751389 0.735938 0.752778 0.735938 0.761111 0.735156 0.773611 0.734375 0.776389 0.732031 0.780556 0.732031 0.787500 0.729688 0.802778 0.727344 0.812500 0.727344 0.822222 0.728906 0.825000 0.731250 0.826389 0.735938 0.826389 0.736719 0.823611 0.737500 0.818056 0.737500 0.804167 0.738281 0.801389 0.739844 0.798611 0.742969 0.804167 0.743750 0.809722 0.743750 0.815278 0.745313 0.815278 0.746094 0.816667 0.749219 0.816667 0.750000 0.815278 0.751563 0.815278 0.751563 0.808333 0.750000 0.802778 0.750000 0.798611 0.751563 0.788889 0.756250 0.790278 0.757031 0.793056 0.757812 0.795833 0.758594 0.800000 0.759375 0.804167 0.760156 0.809722 0.760156 0.815278 0.760938 0.820833 0.762500 0.826389 0.762500 0.829167 0.767188 0.829167 0.770312 0.825000 0.771875 0.825000 0.773438 0.823611 0.775781 0.819444 0.775781 0.818056 0.777344 0.815278 0.776563 0.806944 0.775000 0.801389 0.774219 0.794444 0.774219 0.766667 0.773438 0.759722 0.772656 0.752778 0.771094 0.747222 0.771094 0.741667 0.769531 0.738889 0.769531 0.729167 0.767969 0.723611 0.765625 0.720833 0.764844 0.718056 0.764844 0.706944 0.764062 0.700000 0.763281 0.694444 0.762500 0.690278 0.760156 0.686111 0.759375 0.681944 0.755469 0.676389 0.754687 0.673611 0.753906 0.669444 0.753906 0.662500 0.751563 0.658333 0.747656 0.655556 0.742969 0.655556
2 0.125781 0.697222 0.122656 0.698611 0.119531 0.704167 0.119531 0.708333 0.117969 0.711111 0.111719 0.711111 0.099219 0.711111 0.092969 0.712500 0.090625 0.713889 0.089063 0.716667 0.088281 0.716667 0.087500 0.720833 0.084375 0.725000 0.084375 0.731944 0.083594 0.734722 0.081250 0.734722 0.080469 0.730556 0.079687 0.729167 0.078125 0.727778 0.076563 0.726389 0.074219 0.725000 0.071875 0.723611 0.060937 0.722222 0.057813 0.722222 0.042969 0.723611 0.040625 0.725000 0.038281 0.726389 0.032031 0.731944 0.029687 0.736111 0.028125 0.737500 0.024219 0.738889 0.022656 0.743056 0.021875 0.745833 0.021094 0.754167 0.021875 0.759722 0.022656 0.762500 0.024219 0.765278 0.029687 0.765278 0.040625 0.763889 0.044531 0.766667 0.049219 0.766667 0.054688 0.765278 0.058594 0.762500 0.063281 0.761111 0.064844 0.761111 0.070312 0.763889 0.075000 0.763889 0.076563 0.762500 0.078125 0.756944 0.078125 0.752778 0.081250 0.751389 0.079687 0.758333 0.079687 0.766667 0.080469 0.769444 0.082031 0.772222 0.087500 0.772222 0.092188 0.770833 0.095312 0.768056 0.115625 0.768056 0.119531 0.770833 0.123438 0.770833 0.125000 0.769444 0.126562 0.761111 0.126562 0.754167 0.128125 0.748611 0.128906 0.751389 0.130469 0.754167 0.132812 0.755556 0.139063 0.755556 0.141406 0.754167 0.146094 0.754167 0.150000 0.751389 0.150781 0.747222 0.150781 0.737500 0.152344 0.731944 0.152344 0.722222 0.153906 0.716667 0.153906 0.709722 0.153125 0.704167 0.151562 0.700000 0.150000 0.698611 0.142969 0.697222 0.125781 0.697222
2 0.875000 0.666667 0.874219 0.668056 0.867969 0.668056 0.864844 0.672222 0.863281 0.673611 0.860938 0.675000 0.858594 0.676389 0.854688 0.676389 0.851562 0.677778 0.844531 0.681944 0.839063 0.687500 0.831250 0.690278 0.825000 0.694444 0.823438 0.695833 0.821875 0.697222 0.820312 0.700000 0.815625 0.704167 0.811719 0.705556 0.810156 0.705556 0.807813 0.701389 0.807813 0.700000 0.806250 0.697222 0.804688 0.695833 0.803125 0.694444 0.800000 0.693056 0.794531 0.691667 0.787500 0.691667 0.777344 0.693056 0.770312 0.694444 0.768750 0.695833 0.767188 0.697222 0.766406 0.698611 0.764844 0.704167 0.765625 0.718056 0.766406 0.720833 0.767188 0.722222 0.767969 0.722222 0.769531 0.725000 0.770312 0.729167 0.771094 0.740278 0.772656 0.741667 0.775781 0.743056 0.779687 0.743056 0.789062 0.741667 0.796875 0.740278 0.798438 0.738889 0.799219 0.734722 0.800781 0.738889 0.812500 0.740278 0.817969 0.738889 0.825000 0.741667 0.835156 0.740278 0.843750 0.741667 0.850000 0.741667 0.854688 0.738889 0.868750 0.737500 0.878125 0.738889 0.881250 0.738889 0.905469 0.737500 0.910937 0.740278 0.913281 0.740278 0.917969 0.738889 0.923438 0.734722 0.927344 0.734722 0.929688 0.733333 0.931250 0.731944 0.931250 0.727778 0.932031 0.726389 0.932813 0.718056 0.932031 0.711111 0.931250 0.708333 0.928906 0.702778 0.928125 0.698611 0.927344 0.695833 0.926562 0.694444 0.925000 0.693056 0.923438 0.691667 0.919531 0.691667 0.916406 0.688889 0.908594 0.683333 0.907031 0.681944 0.905469 0.679167 0.903906 0.677778 0.899219 0.677778 0.896094 0.672222 0.891406 0.672222 0.889844 0.669444 0.885938 0.668056 0.880469 0.666667 0.875000 0.666667
2 0.667188 0.665278 0.665625 0.666667 0.663281 0.670833 0.662500 0.673611 0.661719 0.676389 0.661719 0.684722 0.664062 0.690278 0.664062 0.697222 0.664844 0.700000 0.665625 0.702778 0.667969 0.706944 0.669531 0.712500 0.671875 0.722222 0.675000 0.727778 0.675781 0.727778 0.678906 0.733333 0.678906 0.734722 0.682031 0.740278 0.685156 0.743056 0.686719 0.745833 0.687500 0.752778 0.689063 0.758333 0.696875 0.758333 0.703125 0.752778 0.703906 0.750000 0.703906 0.747222 0.704688 0.744444 0.708594 0.737500 0.710938 0.736111 0.713281 0.736111 0.717969 0.731944 0.717969 0.712500 0.715625 0.700000 0.713281 0.691667 0.709375 0.683333 0.708594 0.681944 0.706250 0.680556 0.703906 0.676389 0.702344 0.676389 0.700781 0.675000 0.696875 0.668056 0.694531 0.666667 0.685156 0.665278 0.667188 0.665278
2 0.532813 0.604167 0.484375 0.605556 0.460938 0.606944 0.449219 0.608333 0.439063 0.609722 0.425000 0.613889 0.421094 0.615278 0.417969 0.616667 0.415625 0.618056 0.412500 0.622222 0.406250 0.633333 0.401562 0.643056 0.397656 0.651389 0.396875 0.655556 0.389844 0.668056 0.389062 0.670833 0.389062 0.673611 0.388281 0.676389 0.387500 0.677778 0.383594 0.683333 0.382031 0.690278 0.378125 0.698611 0.376563 0.702778 0.373437 0.715278 0.368750 0.726389 0.366406 0.734722 0.366406 0.737500 0.365625 0.740278 0.364844 0.743056 0.359375 0.761111 0.357031 0.765278 0.356250 0.769444 0.354687 0.775000 0.353125 0.781944 0.352344 0.786111 0.351562 0.791667 0.351562 0.797222 0.350781 0.802778 0.349219 0.806944 0.349219 0.815278 0.348438 0.818056 0.346875 0.820833 0.346094 0.826389 0.345313 0.836111 0.346094 0.843056 0.344531 0.847222 0.343750 0.856944 0.343750 0.870833 0.341406 0.877778 0.342187 0.884722 0.340625 0.895833 0.340625 0.927778 0.339844 0.940278 0.339062 0.947222 0.337500 0.951389 0.336719 0.961111 0.335938 0.965278 0.333594 0.972222 0.332813 0.988889 0.332813 0.993056 0.333594 0.994444 0.333594 0.998611 0.692969 0.998611 0.692969 0.990278 0.691406 0.983333 0.691406 0.975000 0.692187 0.959722 0.693750 0.954167 0.694531 0.927778 0.694531 0.886111 0.693750 0.869444 0.692969 0.861111 0.689844 0.843056 0.689063 0.833333 0.689063 0.822222 0.688281 0.813889 0.687500 0.808333 0.686719 0.804167 0.685156 0.800000 0.684375 0.795833 0.683594 0.791667 0.683594 0.783333 0.682813 0.779167 0.682031 0.776389 0.679688 0.773611 0.680469 0.770833 0.682031 0.763889 0.681250 0.763889 0.678906 0.761111 0.678125 0.759722 0.678125 0.758333 0.676562 0.755556 0.676562 0.750000 0.675000 0.740278 0.674219 0.737500 0.671094 0.729167 0.669531 0.720833 0.667969 0.716667 0.664844 0.709722 0.663281 0.705556 0.662500 0.701389 0.661719 0.693056 0.659375 0.688889 0.658594 0.686111 0.657813 0.683333 0.657813 0.680556 0.657031 0.677778 0.653906 0.669444 0.652344 0.669444 0.651563 0.668056 0.649219 0.668056 0.646094 0.666667 0.642969 0.661111 0.640625 0.652778 0.640625 0.648611 0.639844 0.645833 0.635938 0.638889 0.635156 0.634722 0.634375 0.633333 0.633594 0.633333 0.628125 0.626389 0.625781 0.620833 0.623437 0.618056 0.617969 0.613889 0.614844 0.612500 0.610938 0.611111 0.609375 0.611111 0.606250 0.612500 0.596875 0.611111 0.590625 0.608333 0.581250 0.606944 0.571875 0.605556 0.560156 0.606944 0.541406 0.604167 0.532813 0.604167
19 0.355469 0.762500 0.356250 0.768056 0.357031 0.763889 0.355469 0.762500
19 0.234375 0.759722 0.233594 0.762500 0.234375 0.766667 0.234375 0.762500 0.235156 0.762500 0.235937 0.759722 0.234375 0.759722
19 0.303906 0.758333 0.302344 0.759722 0.301563 0.761111 0.300781 0.763889 0.303125 0.763889 0.305469 0.761111 0.310937 0.762500 0.314063 0.761111 0.326562 0.762500 0.318750 0.762500 0.314844 0.759722 0.309375 0.758333 0.303906 0.758333
19 0.281250 0.756944 0.280469 0.758333 0.278906 0.758333 0.282031 0.759722 0.271094 0.762500 0.260937 0.762500 0.264062 0.763889 0.262500 0.766667 0.271094 0.766667 0.274219 0.762500 0.275781 0.761111 0.282031 0.759722 0.288281 0.759722 0.289844 0.761111 0.291406 0.763889 0.290625 0.766667 0.292187 0.768056 0.292187 0.763889 0.292187 0.758333 0.290625 0.756944 0.281250 0.756944
19 0.903906 0.738889 0.907813 0.740278 0.909375 0.741667 0.911719 0.745833 0.913281 0.744444 0.914844 0.741667 0.919531 0.741667 0.919531 0.738889 0.913281 0.741667 0.910937 0.741667 0.906250 0.740278 0.905469 0.738889 0.903906 0.738889
19 0.868750 0.738889 0.867969 0.740278 0.854688 0.740278 0.853906 0.741667 0.850781 0.741667 0.867188 0.740278 0.871094 0.741667 0.872656 0.741667 0.874219 0.738889 0.868750 0.738889
19 0.174219 0.737500 0.181250 0.736111 0.182812 0.741667 0.186719 0.759722 0.185938 0.759722 0.183594 0.755556 0.183594 0.750000 0.182031 0.747222 0.175000 0.748611 0.174219 0.751389 0.174219 0.762500 0.171094 0.761111 0.168750 0.761111 0.170313 0.768056 0.170313 0.772222 0.172656 0.775000 0.164844 0.776389 0.166406 0.779167 0.173437 0.777778 0.176563 0.777778 0.177344 0.779167 0.181250 0.777778 0.184375 0.770833 0.183594 0.766667 0.186719 0.762500 0.185938 0.759722 0.186719 0.759722 0.186719 0.765278 0.187500 0.769444 0.189062 0.775000 0.190625 0.776389 0.192188 0.777778 0.200781 0.776389 0.198437 0.773611 0.198437 0.770833 0.199219 0.762500 0.200781 0.761111 0.200000 0.768056 0.202344 0.769444 0.203125 0.762500 0.205469 0.766667 0.213281 0.769444 0.216406 0.769444 0.219531 0.766667 0.220312 0.769444 0.225000 0.772222 0.228125 0.772222 0.227344 0.775000 0.225000 0.775000 0.220312 0.772222 0.217969 0.772222 0.217188 0.773611 0.214062 0.775000 0.212500 0.773611 0.207813 0.772222 0.205469 0.776389 0.208594 0.777778 0.210938 0.776389 0.212500 0.773611 0.214062 0.775000 0.223438 0.777778 0.228125 0.777778 0.232813 0.775000 0.235937 0.773611 0.239063 0.775000 0.240625 0.773611 0.242188 0.772222 0.234375 0.769444 0.232813 0.770833 0.230469 0.770833 0.232031 0.769444 0.235156 0.770833 0.239063 0.766667 0.241406 0.769444 0.245312 0.769444 0.246094 0.766667 0.248438 0.770833 0.250000 0.770833 0.251563 0.768056 0.255469 0.768056 0.257031 0.770833 0.261719 0.770833 0.264062 0.773611 0.267188 0.775000 0.271875 0.772222 0.281250 0.770833 0.283594 0.770833 0.287500 0.773611 0.301563 0.773611 0.305469 0.769444 0.308594 0.768056 0.310937 0.768056 0.314063 0.770833 0.318750 0.770833 0.321875 0.768056 0.327344 0.768056 0.331250 0.770833 0.335156 0.770833 0.339844 0.768056 0.341406 0.768056 0.350000 0.769444 0.350781 0.770833 0.355469 0.770833 0.352344 0.781944 0.351562 0.786111 0.350781 0.791667 0.350781 0.797222 0.350000 0.802778 0.348438 0.806944 0.348438 0.815278 0.347656 0.818056 0.346094 0.820833 0.345313 0.826389 0.344531 0.836111 0.345313 0.843056 0.343750 0.847222 0.342969 0.856944 0.342969 0.870833 0.340625 0.877778 0.341406 0.883333 0.339844 0.895833 0.339844 0.927778 0.339062 0.940278 0.338281 0.947222 0.336719 0.951389 0.335938 0.961111 0.335156 0.965278 0.332813 0.972222 0.332031 0.988889 0.332031 0.993056 0.332813 0.994444 0.332813 0.998611 0.000000 0.998611 0.000000 0.745833 0.001563 0.745833 0.005469 0.747222 0.008594 0.750000 0.011719 0.751389 0.016406 0.751389 0.017188 0.752778 0.020313 0.752778 0.021094 0.755556 0.021094 0.759722 0.021875 0.762500 0.024219 0.766667 0.029687 0.766667 0.040625 0.765278 0.044531 0.768056 0.049219 0.768056 0.054688 0.766667 0.058594 0.763889 0.063281 0.762500 0.064844 0.762500 0.070312 0.765278 0.075000 0.765278 0.076563 0.763889 0.078125 0.761111 0.078906 0.756944 0.078906 0.752778 0.080469 0.751389 0.078906 0.758333 0.078906 0.766667 0.079687 0.769444 0.082031 0.773611 0.087500 0.773611 0.092188 0.772222 0.095312 0.769444 0.115625 0.769444 0.119531 0.772222 0.123438 0.772222 0.125000 0.770833 0.126562 0.768056 0.127344 0.761111 0.127344 0.754167 0.128125 0.752778 0.128125 0.750000 0.130469 0.755556 0.132812 0.756944 0.137500 0.758333 0.139063 0.756944 0.141406 0.755556 0.146094 0.755556 0.149219 0.754167 0.150781 0.751389 0.151562 0.747222 0.154688 0.752778 0.155469 0.755556 0.155469 0.766667 0.156250 0.773611 0.157812 0.776389 0.160156 0.777778 0.161719 0.777778 0.163281 0.776389 0.164844 0.773611 0.165625 0.763889 0.165625 0.750000 0.166406 0.744444 0.167969 0.737500 0.170313 0.734722 0.170313 0.738889 0.171875 0.737500 0.171875 0.733333 0.174219 0.737500
19 0.722656 0.726389 0.722656 0.729167 0.724219 0.731944 0.725781 0.733333 0.725781 0.729167 0.726562 0.725000 0.727344 0.729167 0.728906 0.725000 0.728906 0.729167 0.729688 0.730556 0.730469 0.736111 0.733594 0.733333 0.733594 0.740278 0.734375 0.741667 0.734375 0.751389 0.735156 0.752778 0.735156 0.761111 0.734375 0.773611 0.733594 0.776389 0.731250 0.780556 0.731250 0.787500 0.728906 0.802778 0.726562 0.812500 0.726562 0.822222 0.728906 0.826389 0.731250 0.827778 0.736719 0.826389 0.737500 0.823611 0.738281 0.818056 0.738281 0.804167 0.739062 0.802778 0.739844 0.800000 0.742188 0.804167 0.742969 0.815278 0.746094 0.818056 0.749219 0.818056 0.751563 0.816667 0.752344 0.808333 0.750781 0.802778 0.750781 0.798611 0.751563 0.790278 0.755469 0.790278 0.757031 0.795833 0.757812 0.800000 0.758594 0.804167 0.759375 0.809722 0.759375 0.815278 0.760156 0.820833 0.760938 0.825000 0.761719 0.829167 0.767188 0.830556 0.770312 0.826389 0.771875 0.826389 0.773438 0.825000 0.776563 0.819444 0.776563 0.818056 0.778125 0.815278 0.777344 0.806944 0.775781 0.801389 0.775000 0.794444 0.775000 0.766667 0.774219 0.759722 0.773438 0.752778 0.771875 0.747222 0.771875 0.741667 0.774219 0.743056 0.774219 0.745833 0.772656 0.748611 0.773438 0.751389 0.773438 0.754167 0.775781 0.758333 0.778125 0.758333 0.778906 0.748611 0.780469 0.751389 0.785156 0.750000 0.787500 0.750000 0.789062 0.752778 0.789062 0.755556 0.811719 0.756944 0.812500 0.754167 0.816406 0.755556 0.817969 0.755556 0.817187 0.750000 0.824219 0.748611 0.820312 0.748611 0.819531 0.750000 0.817969 0.751389 0.824219 0.752778 0.821094 0.754167 0.830469 0.755556 0.831250 0.756944 0.839844 0.756944 0.849219 0.754167 0.847656 0.751389 0.849219 0.750000 0.849219 0.752778 0.852344 0.754167 0.853125 0.752778 0.854688 0.751389 0.855469 0.751389 0.858594 0.751389 0.856250 0.747222 0.855469 0.751389 0.854688 0.751389 0.852344 0.748611 0.854688 0.745833 0.857031 0.744444 0.858594 0.745833 0.860938 0.750000 0.865625 0.745833 0.871875 0.744444 0.873437 0.744444 0.879687 0.745833 0.874219 0.747222 0.878125 0.750000 0.875000 0.751389 0.881250 0.754167 0.903906 0.754167 0.936719 0.752778 0.943750 0.750000 0.942187 0.748611 0.943750 0.750000 0.946094 0.750000 0.946875 0.748611 0.949219 0.748611 0.962500 0.748611 0.956250 0.747222 0.961719 0.747222 0.963281 0.750000 0.989844 0.748611 0.999219 0.748611 0.999219 0.998611 0.693750 0.998611 0.693750 0.990278 0.692187 0.983333 0.692187 0.975000 0.692969 0.959722 0.694531 0.954167 0.695312 0.927778 0.695312 0.886111 0.694531 0.869444 0.693750 0.861111 0.690625 0.843056 0.689844 0.833333 0.689844 0.822222 0.689063 0.813889 0.688281 0.808333 0.687500 0.804167 0.685937 0.800000 0.685156 0.795833 0.684375 0.791667 0.684375 0.783333 0.683594 0.779167 0.682813 0.776389 0.682031 0.775000 0.680469 0.773611 0.681250 0.770833 0.683594 0.766667 0.682031 0.762500 0.678906 0.759722 0.677344 0.755556 0.677344 0.750000 0.675781 0.744444 0.675000 0.737500 0.679688 0.737500 0.684375 0.744444 0.685156 0.744444 0.686719 0.752778 0.687500 0.755556 0.688281 0.758333 0.696875 0.759722 0.701562 0.755556 0.703125 0.754167 0.703906 0.752778 0.704688 0.750000 0.705469 0.744444 0.704688 0.747222 0.704688 0.754167 0.702344 0.756944 0.705469 0.758333 0.707031 0.761111 0.708594 0.761111 0.711719 0.759722 0.713281 0.758333 0.714063 0.752778 0.718750 0.752778 0.718750 0.755556 0.717187 0.756944 0.714063 0.758333 0.731250 0.758333 0.732031 0.756944 0.733594 0.754167 0.734375 0.751389 0.732031 0.747222 0.732031 0.744444 0.733594 0.744444 0.732031 0.740278 0.725781 0.741667 0.725000 0.737500 0.724219 0.734722 0.720313 0.733333 0.718750 0.734722 0.717187 0.737500 0.715625 0.738889 0.712500 0.738889 0.710938 0.737500 0.713281 0.737500 0.719531 0.733333 0.721094 0.725000 0.722656 0.726389
19 0.989062 0.720833 0.987500 0.722222 0.986719 0.726389 0.985938 0.729167 0.990625 0.726389 0.997656 0.727778 0.999219 0.727778 0.999219 0.720833 0.989062 0.720833
19 0.954688 0.720833 0.943750 0.722222 0.942969 0.723611 0.934375 0.723611 0.933594 0.726389 0.932813 0.729167 0.932031 0.731944 0.933594 0.730556 0.935156 0.727778 0.938281 0.730556 0.942187 0.730556 0.954688 0.730556 0.961719 0.729167 0.961719 0.726389 0.960156 0.726389 0.957812 0.725000 0.956250 0.722222 0.954688 0.720833
21 0.672656 0.725000 0.671094 0.726389 0.671875 0.729167 0.672656 0.731944 0.673438 0.734722 0.678906 0.736111 0.678125 0.733333 0.675781 0.729167 0.675000 0.729167 0.672656 0.725000
21 0.302344 0.709722 0.301563 0.712500 0.301563 0.723611 0.303125 0.725000 0.305469 0.723611 0.305469 0.726389 0.304688 0.715278 0.303906 0.718056 0.303125 0.720833 0.302344 0.709722
21 0.731250 0.690278 0.730469 0.691667 0.728906 0.691667 0.726562 0.694444 0.721875 0.694444 0.720313 0.695833 0.720313 0.701389 0.719531 0.708333 0.720313 0.709722 0.720313 0.716667 0.721094 0.719444 0.724219 0.723611 0.727344 0.723611 0.729688 0.718056 0.731250 0.718056 0.732031 0.715278 0.732812 0.690278 0.731250 0.690278
21 0.964063 0.672222 0.962500 0.676389 0.960156 0.676389 0.957031 0.675000 0.957812 0.680556 0.959375 0.680556 0.960156 0.677778 0.960938 0.679167 0.962500 0.676389 0.964844 0.677778 0.964063 0.675000 0.964063 0.672222
21 0.997656 0.655556 0.997656 0.659722 0.996094 0.662500 0.993750 0.662500 0.993750 0.670833 0.992969 0.676389 0.988281 0.684722 0.985938 0.690278 0.985156 0.694444 0.985156 0.697222 0.986719 0.700000 0.985938 0.704167 0.986719 0.708333 0.987500 0.711111 0.988281 0.713889 0.988281 0.708333 0.989844 0.702778 0.992969 0.705556 0.990625 0.709722 0.989844 0.713889 0.991406 0.715278 0.989062 0.716667 0.989844 0.719444 0.999219 0.719444 0.999219 0.700000 0.996094 0.701389 0.995313 0.697222 0.997656 0.688889 0.996094 0.684722 0.997656 0.681944 0.997656 0.679167 0.996875 0.677778 0.996875 0.673611 0.999219 0.670833 0.999219 0.655556 0.997656 0.655556
21 0.686719 0.641667 0.689844 0.644444 0.691406 0.645833 0.691406 0.650000 0.690625 0.652778 0.692969 0.654167 0.694531 0.651389 0.692969 0.650000 0.691406 0.650000 0.691406 0.645833 0.692969 0.644444 0.695312 0.647222 0.697656 0.647222 0.700000 0.650000 0.703125 0.650000 0.704688 0.651389 0.705469 0.655556 0.706250 0.658333 0.708594 0.659722 0.707031 0.662500 0.710156 0.668056 0.709375 0.670833 0.710938 0.673611 0.713281 0.673611 0.713281 0.679167 0.712500 0.680556 0.712500 0.684722 0.710938 0.681944 0.710938 0.679167 0.706250 0.672222 0.706250 0.670833 0.704688 0.668056 0.703125 0.666667 0.700781 0.665278 0.698438 0.663889 0.695312 0.662500 0.682031 0.661111 0.666406 0.661111 0.665625 0.658333 0.666406 0.655556 0.665625 0.650000 0.667969 0.650000 0.673438 0.644444 0.675781 0.643056 0.678125 0.641667 0.686719 0.641667
21 0.959375 0.638889 0.960938 0.640278 0.961719 0.641667 0.961719 0.643056 0.963281 0.645833 0.966406 0.645833 0.967187 0.648611 0.966406 0.651389 0.965625 0.651389 0.964063 0.654167 0.963281 0.654167 0.962500 0.658333 0.964063 0.662500 0.964063 0.668056 0.960938 0.668056 0.958594 0.669444 0.957031 0.669444 0.955469 0.665278 0.956250 0.663889 0.956250 0.659722 0.953906 0.661111 0.953906 0.666667 0.956250 0.663889 0.955469 0.665278 0.953125 0.668056 0.953906 0.679167 0.956250 0.681944 0.953125 0.680556 0.953906 0.686111 0.953906 0.690278 0.950781 0.688889 0.944531 0.690278 0.939844 0.691667 0.938281 0.694444 0.938281 0.697222 0.936719 0.700000 0.939063 0.702778 0.940625 0.700000 0.942187 0.700000 0.943750 0.697222 0.946875 0.695833 0.950000 0.695833 0.952344 0.698611 0.953906 0.700000 0.955469 0.695833 0.953906 0.693056 0.953906 0.690278 0.953906 0.686111 0.957031 0.688889 0.958594 0.688889 0.960156 0.690278 0.960938 0.691667 0.962500 0.695833 0.961719 0.700000 0.962500 0.701389 0.962500 0.705556 0.961719 0.706944 0.961719 0.709722 0.960156 0.709722 0.958594 0.708333 0.956250 0.705556 0.956250 0.712500 0.957031 0.709722 0.958594 0.708333 0.960156 0.709722 0.957031 0.716667 0.955469 0.719444 0.953906 0.720833 0.943750 0.720833 0.942969 0.722222 0.935156 0.722222 0.935937 0.719444 0.932813 0.719444 0.932813 0.712500 0.934375 0.709722 0.934375 0.706944 0.933594 0.702778 0.929688 0.693056 0.932813 0.688889 0.934375 0.688889 0.935937 0.686111 0.937500 0.687500 0.939844 0.681944 0.939844 0.677778 0.942187 0.676389 0.940625 0.673611 0.940625 0.669444 0.944531 0.669444 0.946094 0.672222 0.948438 0.669444 0.948438 0.668056 0.950000 0.666667 0.950781 0.666667 0.951562 0.662500 0.949219 0.658333 0.949219 0.656944 0.947656 0.654167 0.944531 0.654167 0.943750 0.655556 0.942187 0.656944 0.943750 0.658333 0.944531 0.659722 0.948438 0.668056 0.948438 0.669444 0.944531 0.669444 0.940625 0.669444 0.938281 0.675000 0.937500 0.670833 0.936719 0.668056 0.935156 0.663889 0.933594 0.663889 0.932031 0.668056 0.932813 0.670833 0.930469 0.668056 0.929688 0.665278 0.929688 0.662500 0.927344 0.661111 0.925781 0.663889 0.928125 0.665278 0.925000 0.666667 0.922656 0.668056 0.921094 0.668056 0.919531 0.665278 0.918750 0.668056 0.917188 0.668056 0.916406 0.666667 0.914844 0.666667 0.914062 0.662500 0.914844 0.661111 0.914844 0.658333 0.917969 0.659722 0.919531 0.659722 0.921094 0.654167 0.921094 0.647222 0.922656 0.647222 0.923438 0.645833 0.948438 0.644444 0.945312 0.643056 0.944531 0.640278 0.941406 0.638889 0.959375 0.638889
21 0.821875 0.563889 0.822656 0.577778 0.824219 0.587500 0.825000 0.619444 0.826562 0.627778 0.825781 0.634722 0.827344 0.641667 0.827344 0.680556 0.828906 0.687500 0.828906 0.687500 0.825000 0.690278 0.825781 0.693056 0.828906 0.687500 0.828906 0.687500 0.828906 0.691667 0.827344 0.691667 0.825000 0.693056 0.823438 0.694444 0.821875 0.695833 0.820312 0.698611 0.815625 0.702778 0.812500 0.702778 0.811719 0.704167 0.809375 0.705556 0.809375 0.701389 0.806250 0.695833 0.804688 0.694444 0.803125 0.693056 0.800000 0.691667 0.794531 0.690278 0.787500 0.690278 0.777344 0.691667 0.775781 0.693056 0.778906 0.690278 0.782031 0.688889 0.778125 0.687500 0.775781 0.683333 0.775000 0.677778 0.774219 0.687500 0.773438 0.688889 0.773438 0.691667 0.771875 0.691667 0.771094 0.693056 0.768750 0.693056 0.765625 0.695833 0.764062 0.695833 0.763281 0.693056 0.762500 0.688889 0.761719 0.684722 0.761719 0.680556 0.762500 0.679167 0.762500 0.676389 0.761719 0.675000 0.761719 0.672222 0.762500 0.665278 0.764062 0.665278 0.765625 0.663889 0.765625 0.672222 0.766406 0.676389 0.771094 0.677778 0.775781 0.676389 0.776563 0.665278 0.777344 0.659722 0.778125 0.655556 0.779687 0.652778 0.779687 0.645833 0.781250 0.643056 0.782031 0.637500 0.782031 0.627778 0.780469 0.623611 0.781250 0.615278 0.782031 0.611111 0.782813 0.606944 0.785156 0.608333 0.789844 0.604167 0.793750 0.604167 0.795312 0.606944 0.797656 0.604167 0.800000 0.604167 0.800781 0.605556 0.802344 0.605556 0.804688 0.602778 0.807031 0.598611 0.807031 0.595833 0.807813 0.593056 0.808594 0.591667 0.809375 0.591667 0.810156 0.590278 0.810156 0.588889 0.811719 0.586111 0.810937 0.580556 0.811719 0.577778 0.813281 0.576389 0.813281 0.572222 0.814063 0.569444 0.816406 0.565278 0.820312 0.563889 0.821875 0.563889
21 0.910156 0.537500 0.901563 0.554167 0.901563 0.558333 0.902344 0.559722 0.902344 0.562500 0.902344 0.566667 0.902344 0.569444 0.901563 0.572222 0.900781 0.575000 0.896875 0.581944 0.895312 0.583333 0.891406 0.583333 0.887500 0.576389 0.885938 0.572222 0.885156 0.569444 0.884375 0.566667 0.884375 0.558333 0.881250 0.554167 0.878125 0.555556 0.874219 0.548611 0.872656 0.547222 0.869531 0.547222 0.867188 0.550000 0.864062 0.547222 0.861719 0.548611 0.860938 0.551389 0.860938 0.556944 0.860156 0.559722 0.849219 0.579167 0.842187 0.568056 0.840625 0.569444 0.838281 0.572222 0.836719 0.570833 0.830469 0.581944 0.830469 0.597222 0.831250 0.609722 0.833594 0.612500 0.834375 0.616667 0.834375 0.625000 0.835938 0.629167 0.835156 0.652778 0.835938 0.654167 0.834375 0.656944 0.835938 0.656944 0.835938 0.680556 0.835156 0.684722 0.834375 0.687500 0.835938 0.687500 0.836719 0.686111 0.839063 0.686111 0.844531 0.680556 0.851562 0.676389 0.854688 0.675000 0.858594 0.675000 0.860938 0.673611 0.863281 0.672222 0.864844 0.670833 0.867969 0.666667 0.874219 0.666667 0.875000 0.665278 0.880469 0.665278 0.885938 0.666667 0.889844 0.668056 0.891406 0.670833 0.896094 0.670833 0.897656 0.668056 0.899219 0.666667 0.900781 0.669444 0.901563 0.673611 0.901563 0.676389 0.903906 0.676389 0.905469 0.673611 0.905469 0.670833 0.904687 0.668056 0.906250 0.663889 0.905469 0.655556 0.906250 0.647222 0.903125 0.636111 0.903906 0.627778 0.903125 0.623611 0.900781 0.619444 0.900781 0.618056 0.899219 0.615278 0.896875 0.613889 0.896094 0.612500 0.893750 0.606944 0.893750 0.604167 0.904687 0.584722 0.910156 0.584722 0.914844 0.593056 0.915625 0.588889 0.915625 0.579167 0.916406 0.575000 0.917969 0.572222 0.917969 0.565278 0.918750 0.561111 0.921094 0.552778 0.923438 0.548611 0.922656 0.545833 0.921094 0.541667 0.917969 0.540278 0.916406 0.540278 0.913281 0.543056 0.910156 0.537500
21 0.689063 0.529167 0.689844 0.530556 0.692969 0.531944 0.694531 0.529167 0.696094 0.529167 0.699219 0.530556 0.699219 0.533333 0.700781 0.536111 0.702344 0.536111 0.702344 0.545833 0.703906 0.550000 0.700781 0.556944 0.701562 0.561111 0.699219 0.565278 0.696094 0.569444 0.694531 0.568056 0.693750 0.570833 0.693750 0.566667 0.693750 0.562500 0.695312 0.561111 0.696875 0.561111 0.697656 0.555556 0.696875 0.547222 0.692969 0.540278 0.691406 0.540278 0.690625 0.544444 0.688281 0.545833 0.685156 0.551389 0.689063 0.559722 0.690625 0.561111 0.693750 0.562500 0.693750 0.566667 0.689844 0.568056 0.688281 0.568056 0.685937 0.562500 0.682813 0.561111 0.681250 0.559722 0.681250 0.556944 0.678906 0.555556 0.678906 0.544444 0.681250 0.538889 0.682031 0.537500 0.685156 0.533333 0.686719 0.533333 0.687500 0.529167 0.689063 0.529167
21 0.461719 0.515278 0.464844 0.519444 0.466406 0.520833 0.471094 0.522222 0.473438 0.525000 0.475000 0.525000 0.477344 0.525000 0.478125 0.527778 0.478906 0.527778 0.481250 0.527778 0.483594 0.527778 0.482031 0.529167 0.485156 0.531944 0.489063 0.531944 0.490625 0.533333 0.492188 0.536111 0.492969 0.538889 0.493750 0.543056 0.492969 0.556944 0.492969 0.561111 0.493750 0.562500 0.493750 0.568056 0.492969 0.570833 0.491406 0.575000 0.489063 0.577778 0.487500 0.575000 0.485938 0.575000 0.483594 0.568056 0.482031 0.568056 0.484375 0.565278 0.482031 0.562500 0.480469 0.565278 0.482031 0.568056 0.483594 0.568056 0.482031 0.570833 0.480469 0.570833 0.478125 0.572222 0.476562 0.569444 0.474219 0.566667 0.471094 0.569444 0.472656 0.570833 0.467969 0.572222 0.465625 0.570833 0.466406 0.568056 0.464844 0.565278 0.463281 0.563889 0.460938 0.566667 0.462500 0.568056 0.461719 0.570833 0.462500 0.572222 0.460156 0.576389 0.457813 0.576389 0.456250 0.579167 0.457813 0.583333 0.457031 0.586111 0.456250 0.586111 0.455469 0.590278 0.453906 0.593056 0.450781 0.590278 0.446875 0.593056 0.444531 0.590278 0.443750 0.587500 0.443750 0.577778 0.442188 0.575000 0.442188 0.570833 0.439844 0.569444 0.438281 0.566667 0.438281 0.566667 0.436719 0.561111 0.432812 0.561111 0.431250 0.559722 0.429688 0.556944 0.430469 0.551389 0.429688 0.544444 0.431250 0.536111 0.432812 0.531944 0.434375 0.529167 0.437500 0.527778 0.439063 0.522222 0.444531 0.518056 0.446875 0.516667 0.451562 0.516667 0.453125 0.519444 0.456250 0.519444 0.457031 0.516667 0.458594 0.519444 0.460156 0.515278 0.461719 0.515278
21 0.667188 0.405556 0.665625 0.406944 0.664844 0.412500 0.662500 0.419444 0.664062 0.420833 0.662500 0.422222 0.661719 0.423611 0.657031 0.426389 0.657031 0.436111 0.658594 0.441667 0.657031 0.454167 0.654687 0.445833 0.653906 0.438889 0.655469 0.420833 0.651563 0.420833 0.650781 0.422222 0.649219 0.422222 0.649219 0.431944 0.650000 0.437500 0.651563 0.443056 0.653125 0.444444 0.653906 0.451389 0.653906 0.456944 0.657031 0.459722 0.658594 0.462500 0.659375 0.465278 0.659375 0.473611 0.658594 0.475000 0.658594 0.481944 0.660156 0.487500 0.660937 0.495833 0.659375 0.501389 0.659375 0.504167 0.660156 0.508333 0.661719 0.511111 0.663281 0.512500 0.667188 0.511111 0.667969 0.508333 0.667969 0.505556 0.668750 0.504167 0.669531 0.501389 0.670312 0.504167 0.671094 0.505556 0.671094 0.511111 0.673438 0.515278 0.677344 0.516667 0.680469 0.515278 0.681250 0.518056 0.685156 0.518056 0.687500 0.523611 0.689063 0.525000 0.692969 0.523611 0.692969 0.518056 0.690625 0.515278 0.692187 0.512500 0.693750 0.511111 0.694531 0.506944 0.696094 0.505556 0.694531 0.504167 0.696875 0.500000 0.700000 0.498611 0.703906 0.498611 0.706250 0.497222 0.708594 0.494444 0.713281 0.487500 0.714844 0.484722 0.717969 0.473611 0.717187 0.469444 0.716406 0.462500 0.716406 0.456944 0.717187 0.447222 0.716406 0.444444 0.714063 0.443056 0.711719 0.441667 0.700000 0.440278 0.698438 0.441667 0.696875 0.440278 0.692969 0.433333 0.681250 0.433333 0.678906 0.431944 0.677344 0.430556 0.676562 0.429167 0.674219 0.422222 0.674219 0.420833 0.673438 0.419444 0.672656 0.419444 0.670312 0.416667 0.667969 0.412500 0.668750 0.409722 0.668750 0.404167 0.667188 0.405556
21 0.640625 0.384722 0.642188 0.391667 0.641406 0.384722 0.642188 0.379167 0.640625 0.384722
21 0.225781 0.366667 0.225000 0.369444 0.225000 0.372222 0.225781 0.376389 0.225781 0.366667
21 0.625000 0.309722 0.630469 0.312500 0.639844 0.312500 0.642969 0.316667 0.643750 0.318056 0.643750 0.319444 0.645312 0.322222 0.646094 0.326389 0.650000 0.333333 0.648438 0.334722 0.648438 0.336111 0.647656 0.343056 0.650000 0.343056 0.648438 0.336111 0.648438 0.334722 0.650000 0.337500 0.651563 0.337500 0.651563 0.340278 0.653125 0.344444 0.656250 0.350000 0.657813 0.350000 0.655469 0.352778 0.655469 0.351389 0.653906 0.347222 0.653906 0.354167 0.655469 0.351389 0.655469 0.352778 0.655469 0.355556 0.659375 0.356944 0.658594 0.361111 0.657813 0.363889 0.656250 0.365278 0.656250 0.370833 0.654687 0.370833 0.653906 0.368056 0.649219 0.370833 0.646094 0.372222 0.645312 0.373611 0.643750 0.373611 0.642969 0.372222 0.640625 0.370833 0.646875 0.366667 0.636719 0.365278 0.635938 0.354167 0.634375 0.351389 0.632031 0.350000 0.629687 0.350000 0.629687 0.347222 0.631250 0.344444 0.632812 0.341667 0.632031 0.338889 0.632812 0.337500 0.631250 0.334722 0.626563 0.334722 0.621094 0.333333 0.619531 0.331944 0.618750 0.329167 0.619531 0.326389 0.621094 0.325000 0.622656 0.325000 0.622656 0.320833 0.620313 0.318056 0.622656 0.320833 0.640625 0.320833 0.640625 0.316667 0.638281 0.318056 0.624219 0.316667 0.623437 0.315278 0.619531 0.315278 0.623437 0.308333 0.625000 0.309722
21 0.989062 0.176389 0.986719 0.177778 0.983594 0.177778 0.980469 0.179167 0.976562 0.183333 0.974219 0.186111 0.976562 0.187500 0.978906 0.186111 0.981250 0.184722 0.982812 0.181944 0.984375 0.180556 0.984375 0.179167 0.989844 0.177778 0.990625 0.175000 0.989062 0.176389
21 0.997656 0.170833 0.995313 0.172222 0.996875 0.176389 0.999219 0.175000 0.999219 0.170833 0.997656 0.170833
21 0.405469 0.112500 0.406250 0.115278 0.406250 0.120833 0.405469 0.112500
21 0.385937 0.050000 0.389062 0.052778 0.389062 0.055556 0.391406 0.055556 0.391406 0.058333 0.393750 0.062500 0.394531 0.061111 0.396875 0.063889 0.396875 0.066667 0.399219 0.065278 0.401562 0.070833 0.400781 0.072222 0.403125 0.073611 0.403906 0.076389 0.402344 0.081944 0.402344 0.087500 0.403125 0.113889 0.404687 0.123611 0.405469 0.123611 0.407031 0.138889 0.408594 0.140278 0.409375 0.133333 0.408594 0.131944 0.407813 0.126389 0.409375 0.129167 0.411719 0.137500 0.410938 0.141667 0.410938 0.144444 0.412500 0.148611 0.411719 0.159722 0.411719 0.162500 0.414844 0.168056 0.419531 0.166667 0.424219 0.169444 0.427344 0.170833 0.440625 0.169444 0.457031 0.172222 0.457813 0.175000 0.451562 0.172222 0.442969 0.173611 0.450781 0.175000 0.457031 0.177778 0.467969 0.177778 0.474219 0.176389 0.477344 0.173611 0.474219 0.172222 0.461719 0.175000 0.457813 0.175000 0.457031 0.172222 0.461719 0.170833 0.464844 0.172222 0.466406 0.172222 0.476562 0.169444 0.486719 0.169444 0.490625 0.173611 0.490625 0.173611 0.489844 0.172222 0.487500 0.170833 0.485156 0.172222 0.486719 0.173611 0.488281 0.176389 0.488281 0.179167 0.489844 0.181944 0.490625 0.176389 0.492188 0.175000 0.490625 0.173611 0.490625 0.173611 0.492188 0.175000 0.490625 0.177778 0.490625 0.183333 0.491406 0.184722 0.492188 0.187500 0.492188 0.175000 0.490625 0.173611 0.493750 0.173611 0.494531 0.176389 0.495312 0.187500 0.495312 0.190278 0.493750 0.195833 0.493750 0.198611 0.495312 0.202778 0.496094 0.208333 0.496875 0.213889 0.496094 0.219444 0.496875 0.238889 0.495312 0.252778 0.496094 0.268056 0.493750 0.266667 0.492969 0.263889 0.492969 0.243056 0.492188 0.255556 0.490625 0.254167 0.489844 0.252778 0.488281 0.258333 0.488281 0.265278 0.481250 0.261111 0.467969 0.250000 0.461719 0.247222 0.457813 0.244444 0.454688 0.241667 0.451562 0.237500 0.449219 0.238889 0.448437 0.241667 0.449219 0.248611 0.450781 0.247222 0.451562 0.250000 0.452344 0.254167 0.451562 0.258333 0.453125 0.259722 0.451562 0.263889 0.450781 0.266667 0.452344 0.269444 0.453906 0.266667 0.453906 0.265278 0.455469 0.262500 0.454688 0.255556 0.453906 0.254167 0.453906 0.250000 0.456250 0.250000 0.460156 0.252778 0.469531 0.259722 0.475000 0.265278 0.485156 0.270833 0.486719 0.272222 0.488281 0.273611 0.489063 0.276389 0.489063 0.284722 0.491406 0.288889 0.492969 0.290278 0.493750 0.286111 0.493750 0.293056 0.489063 0.294444 0.489063 0.295833 0.488281 0.297222 0.486719 0.298611 0.481250 0.300000 0.475781 0.298611 0.472656 0.297222 0.471094 0.287500 0.471094 0.276389 0.470313 0.273611 0.468750 0.270833 0.462500 0.265278 0.457031 0.268056 0.455469 0.269444 0.453125 0.273611 0.453906 0.293056 0.453906 0.306944 0.452344 0.309722 0.452344 0.311111 0.451562 0.312500 0.450781 0.312500 0.446094 0.319444 0.445312 0.291667 0.444531 0.283333 0.443750 0.279167 0.441406 0.275000 0.439063 0.273611 0.435156 0.280556 0.426563 0.280556 0.422656 0.283333 0.421875 0.286111 0.421875 0.298611 0.422656 0.304167 0.425781 0.309722 0.426563 0.313889 0.426563 0.320833 0.428125 0.327778 0.427344 0.334722 0.427344 0.337500 0.428125 0.338889 0.428125 0.343056 0.428906 0.345833 0.430469 0.348611 0.435156 0.348611 0.435937 0.350000 0.438281 0.350000 0.439063 0.352778 0.436719 0.361111 0.433594 0.365278 0.433594 0.368056 0.432031 0.366667 0.429688 0.368056 0.428906 0.370833 0.427344 0.369444 0.425000 0.365278 0.424219 0.368056 0.422656 0.368056 0.420312 0.361111 0.418750 0.363889 0.417187 0.362500 0.417187 0.358333 0.415625 0.355556 0.412500 0.355556 0.411719 0.358333 0.410156 0.355556 0.408594 0.354167 0.409375 0.348611 0.407813 0.345833 0.405469 0.348611 0.404687 0.345833 0.403125 0.347222 0.402344 0.347222 0.401562 0.351389 0.400000 0.355556 0.396094 0.359722 0.394531 0.361111 0.392969 0.362500 0.392188 0.359722 0.391406 0.355556 0.389062 0.358333 0.388281 0.361111 0.386719 0.361111 0.384375 0.366667 0.381250 0.363889 0.379688 0.365278 0.377344 0.361111 0.375781 0.354167 0.375000 0.351389 0.373437 0.347222 0.371094 0.343056 0.367188 0.341667 0.362500 0.341667 0.359375 0.338889 0.357812 0.343056 0.356250 0.340278 0.355469 0.343056 0.353906 0.345833 0.352344 0.348611 0.350000 0.350000 0.346875 0.348611 0.346094 0.350000 0.344531 0.351389 0.346875 0.356944 0.343750 0.362500 0.345313 0.368056 0.342969 0.372222 0.343750 0.375000 0.345313 0.376389 0.343750 0.375000 0.342969 0.379167 0.340625 0.377778 0.339062 0.380556 0.339062 0.376389 0.336719 0.373611 0.336719 0.370833 0.334375 0.365278 0.335938 0.363889 0.333594 0.361111 0.335938 0.358333 0.335156 0.355556 0.335156 0.354167 0.332813 0.355556 0.330469 0.362500 0.329688 0.366667 0.328125 0.368056 0.326562 0.368056 0.325000 0.370833 0.325000 0.373611 0.322656 0.368056 0.320312 0.368056 0.317969 0.372222 0.315625 0.372222 0.314844 0.365278 0.313281 0.359722 0.311719 0.358333 0.307812 0.359722 0.308594 0.362500 0.307031 0.365278 0.306250 0.363889 0.303906 0.370833 0.303125 0.373611 0.303906 0.376389 0.302344 0.388889 0.300000 0.388889 0.297656 0.391667 0.296094 0.394444 0.297656 0.395833 0.294531 0.401389 0.295312 0.404167 0.292969 0.402778 0.292187 0.405556 0.291406 0.406944 0.291406 0.409722 0.289062 0.413889 0.289062 0.416667 0.285156 0.412500 0.284375 0.411111 0.281250 0.408333 0.280469 0.406944 0.279687 0.404167 0.278906 0.402778 0.278125 0.401389 0.275000 0.398611 0.273438 0.394444 0.271094 0.391667 0.266406 0.387500 0.264062 0.386111 0.265625 0.393056 0.267188 0.393056 0.269531 0.397222 0.271094 0.400000 0.272656 0.402778 0.274219 0.402778 0.275781 0.405556 0.276562 0.405556 0.276562 0.409722 0.276562 0.412500 0.278125 0.416667 0.277344 0.418056 0.278906 0.423611 0.278906 0.427778 0.276562 0.427778 0.275781 0.429167 0.273438 0.429167 0.271875 0.426389 0.271094 0.426389 0.270313 0.425000 0.267969 0.420833 0.267188 0.418056 0.266406 0.413889 0.265625 0.416667 0.264844 0.418056 0.261719 0.420833 0.262500 0.425000 0.260937 0.426389 0.260937 0.430556 0.259375 0.433333 0.259375 0.437500 0.261719 0.440278 0.262500 0.443056 0.262500 0.456944 0.261719 0.459722 0.260156 0.462500 0.259375 0.469444 0.258594 0.469444 0.257031 0.472222 0.254688 0.473611 0.254688 0.475000 0.251563 0.477778 0.250000 0.477778 0.247656 0.477778 0.246094 0.477778 0.244531 0.479167 0.241406 0.483333 0.240625 0.487500 0.239063 0.490278 0.238281 0.495833 0.238281 0.501389 0.239063 0.511111 0.241406 0.515278 0.242969 0.523611 0.242188 0.533333 0.242969 0.537500 0.240625 0.541667 0.239844 0.544444 0.239844 0.551389 0.241406 0.555556 0.244531 0.563889 0.248438 0.570833 0.249219 0.573611 0.250000 0.576389 0.250000 0.580556 0.251563 0.584722 0.253906 0.586111 0.257031 0.591667 0.260156 0.598611 0.261719 0.598611 0.264062 0.602778 0.267188 0.602778 0.276562 0.601389 0.278125 0.602778 0.279687 0.604167 0.281250 0.606944 0.285156 0.609722 0.286719 0.611111 0.285938 0.613889 0.289062 0.613889 0.288281 0.627778 0.289062 0.633333 0.290625 0.636111 0.292187 0.637500 0.290625 0.637500 0.287500 0.643056 0.286719 0.647222 0.286719 0.654167 0.287500 0.655556 0.287500 0.663889 0.290625 0.669444 0.293750 0.668056 0.292187 0.670833 0.293750 0.673611 0.292187 0.676389 0.292187 0.722222 0.292187 0.708333 0.291406 0.704167 0.286719 0.702778 0.283594 0.708333 0.281250 0.716667 0.281250 0.733333 0.282813 0.737500 0.282031 0.744444 0.283594 0.747222 0.272656 0.745833 0.269531 0.747222 0.269531 0.738889 0.270313 0.730556 0.271875 0.726389 0.271875 0.723611 0.271094 0.722222 0.270313 0.711111 0.268750 0.704167 0.267188 0.701389 0.265625 0.701389 0.263281 0.698611 0.260937 0.704167 0.260156 0.708333 0.259375 0.716667 0.258594 0.725000 0.258594 0.738889 0.257812 0.743056 0.257031 0.745833 0.249219 0.747222 0.245312 0.747222 0.243750 0.747222 0.243750 0.716667 0.242188 0.688889 0.240625 0.695833 0.240625 0.743056 0.239844 0.744444 0.239844 0.747222 0.235937 0.747222 0.235937 0.744444 0.233594 0.745833 0.233594 0.733333 0.234375 0.731944 0.234375 0.715278 0.233594 0.711111 0.229687 0.704167 0.228125 0.702778 0.224219 0.702778 0.225000 0.683333 0.225000 0.681944 0.226562 0.679167 0.227344 0.676389 0.227344 0.659722 0.226562 0.656944 0.225000 0.654167 0.221875 0.652778 0.216406 0.652778 0.212500 0.654167 0.210938 0.656944 0.210156 0.661111 0.210156 0.676389 0.210938 0.680556 0.211719 0.683333 0.225000 0.683333 0.224219 0.702778 0.221875 0.706944 0.218750 0.718056 0.219531 0.737500 0.219531 0.748611 0.216406 0.751389 0.212500 0.751389 0.211719 0.750000 0.207031 0.750000 0.203906 0.744444 0.201563 0.745833 0.201563 0.718056 0.200781 0.711111 0.200000 0.704167 0.199219 0.701389 0.198437 0.698611 0.196094 0.694444 0.195312 0.694444 0.192969 0.690278 0.188281 0.693056 0.187500 0.695833 0.186719 0.700000 0.183594 0.705556 0.182812 0.708333 0.182031 0.711111 0.181250 0.719444 0.182031 0.731944 0.182031 0.734722 0.180469 0.736111 0.174219 0.736111 0.173437 0.733333 0.168750 0.736111 0.168750 0.731944 0.169531 0.730556 0.169531 0.718056 0.168750 0.713889 0.166406 0.705556 0.164844 0.702778 0.163281 0.701389 0.161719 0.700000 0.160156 0.702778 0.159375 0.702778 0.154688 0.712500 0.154688 0.709722 0.153906 0.708333 0.153906 0.704167 0.152344 0.701389 0.152344 0.700000 0.151562 0.698611 0.150000 0.697222 0.142969 0.695833 0.125781 0.695833 0.122656 0.697222 0.118750 0.704167 0.118750 0.708333 0.110937 0.708333 0.099219 0.709722 0.092969 0.711111 0.090625 0.712500 0.088281 0.715278 0.086719 0.718056 0.086719 0.720833 0.085156 0.723611 0.084375 0.723611 0.083594 0.731944 0.082812 0.734722 0.081250 0.730556 0.079687 0.727778 0.076563 0.725000 0.074219 0.723611 0.071875 0.722222 0.060937 0.720833 0.057813 0.720833 0.042969 0.722222 0.040625 0.723611 0.038281 0.725000 0.034375 0.729167 0.032813 0.729167 0.031250 0.726389 0.028906 0.725000 0.029687 0.722222 0.028125 0.719444 0.026562 0.718056 0.025000 0.718056 0.023438 0.720833 0.021875 0.720833 0.020313 0.723611 0.020313 0.725000 0.017969 0.729167 0.016406 0.733333 0.016406 0.738889 0.014844 0.741667 0.014063 0.745833 0.012500 0.747222 0.010937 0.748611 0.008594 0.748611 0.005469 0.745833 0.002344 0.745833 0.001563 0.744444 0.000000 0.744444 0.000000 0.733333 0.001563 0.736111 0.003125 0.731944 0.004687 0.733333 0.003906 0.734722 0.005469 0.741667 0.007812 0.741667 0.009375 0.741667 0.010937 0.738889 0.007031 0.730556 0.005469 0.727778 0.004687 0.733333 0.003125 0.731944 0.001563 0.727778 0.003906 0.726389 0.000000 0.725000 0.000000 0.377778 0.001563 0.377778 0.001563 0.380556 0.002344 0.384722 0.003906 0.386111 0.000781 0.387500 0.003125 0.390278 0.010937 0.388889 0.015625 0.387500 0.018750 0.386111 0.019531 0.377778 0.020313 0.386111 0.021094 0.390278 0.024219 0.395833 0.026562 0.395833 0.025781 0.393056 0.024219 0.390278 0.023438 0.390278 0.022656 0.386111 0.025000 0.390278 0.027344 0.393056 0.028906 0.394444 0.032031 0.390278 0.035156 0.388889 0.034375 0.391667 0.033594 0.393056 0.032813 0.397222 0.035156 0.400000 0.035937 0.397222 0.036719 0.393056 0.037500 0.395833 0.037500 0.401389 0.039844 0.402778 0.041406 0.393056 0.039062 0.388889 0.042188 0.388889 0.046094 0.391667 0.046875 0.394444 0.046875 0.395833 0.047656 0.398611 0.048438 0.400000 0.049219 0.400000 0.050781 0.402778 0.052344 0.404167 0.054688 0.404167 0.057031 0.405556 0.059375 0.405556 0.061719 0.404167 0.064844 0.404167 0.066406 0.402778 0.069531 0.398611 0.071094 0.397222 0.071094 0.397222 0.068750 0.401389 0.068750 0.409722 0.071875 0.404167 0.071094 0.397222 0.071094 0.397222 0.072656 0.397222 0.074219 0.398611 0.074219 0.412500 0.077344 0.415278 0.076563 0.411111 0.076563 0.406944 0.075781 0.404167 0.077344 0.405556 0.078125 0.408333 0.078125 0.411111 0.079687 0.412500 0.079687 0.416667 0.080469 0.418056 0.080469 0.440278 0.081250 0.445833 0.082812 0.448611 0.082812 0.450000 0.083594 0.451389 0.085938 0.452778 0.086719 0.454167 0.087500 0.456944 0.088281 0.456944 0.086719 0.461111 0.087500 0.465278 0.090625 0.463889 0.090625 0.461111 0.089063 0.459722 0.088281 0.456944 0.087500 0.456944 0.089844 0.456944 0.089844 0.458333 0.093750 0.461111 0.096875 0.458333 0.107031 0.458333 0.110156 0.459722 0.110937 0.463889 0.110156 0.461111 0.109375 0.470833 0.111719 0.470833 0.110937 0.466667 0.111719 0.469444 0.112500 0.466667 0.112500 0.470833 0.113281 0.472222 0.113281 0.476389 0.111719 0.479167 0.113281 0.480556 0.113281 0.484722 0.127344 0.486111 0.128906 0.487500 0.132031 0.491667 0.135156 0.491667 0.136719 0.493056 0.137500 0.495833 0.140625 0.495833 0.141406 0.498611 0.142187 0.497222 0.143750 0.500000 0.146094 0.500000 0.146875 0.502778 0.149219 0.504167 0.152344 0.502778 0.149219 0.500000 0.152344 0.501389 0.153906 0.500000 0.156250 0.501389 0.157812 0.501389 0.157812 0.504167 0.158594 0.505556 0.157812 0.509722 0.159375 0.512500 0.161719 0.511111 0.163281 0.516667 0.163281 0.520833 0.164844 0.523611 0.166406 0.523611 0.164062 0.525000 0.167969 0.527778 0.166406 0.527778 0.164062 0.527778 0.165625 0.530556 0.164844 0.530556 0.162500 0.515278 0.161719 0.530556 0.164844 0.530556 0.165625 0.530556 0.167187 0.530556 0.168750 0.531944 0.169531 0.534722 0.172656 0.534722 0.173437 0.537500 0.175000 0.538889 0.178125 0.537500 0.180469 0.533333 0.181250 0.537500 0.182812 0.540278 0.185938 0.538889 0.186719 0.541667 0.186719 0.548611 0.187500 0.544444 0.193750 0.545833 0.196094 0.544444 0.198437 0.543056 0.200000 0.541667 0.203906 0.534722 0.205469 0.533333 0.207031 0.531944 0.208594 0.531944 0.208594 0.531944 0.206250 0.536111 0.207031 0.540278 0.205469 0.544444 0.207813 0.548611 0.210156 0.547222 0.210938 0.544444 0.210938 0.536111 0.208594 0.531944 0.208594 0.531944 0.210156 0.529167 0.211719 0.530556 0.211719 0.533333 0.214844 0.534722 0.214844 0.545833 0.216406 0.538889 0.217969 0.544444 0.220312 0.550000 0.223438 0.545833 0.225781 0.540278 0.226562 0.537500 0.226562 0.533333 0.225781 0.523611 0.225781 0.509722 0.226562 0.504167 0.225781 0.501389 0.225781 0.498611 0.227344 0.491667 0.227344 0.327778 0.225000 0.325000 0.225781 0.320833 0.227344 0.318056 0.227344 0.197222 0.232813 0.197222 0.233594 0.195833 0.246875 0.195833 0.247656 0.202778 0.248438 0.205556 0.250000 0.208333 0.252344 0.209722 0.251563 0.212500 0.253906 0.216667 0.252344 0.209722 0.250000 0.208333 0.250000 0.204167 0.250000 0.201389 0.250000 0.197222 0.251563 0.200000 0.252344 0.200000 0.254688 0.205556 0.255469 0.206944 0.257031 0.208333 0.258594 0.209722 0.260937 0.206944 0.260937 0.204167 0.262500 0.200000 0.264062 0.197222 0.276562 0.197222 0.286719 0.195833 0.289844 0.193056 0.293750 0.191667 0.300000 0.190278 0.309375 0.188889 0.314844 0.190278 0.316406 0.190278 0.323437 0.190278 0.325000 0.187500 0.327344 0.186111 0.332813 0.184722 0.353125 0.186111 0.357031 0.186111 0.359375 0.184722 0.360156 0.165278 0.361719 0.163889 0.361719 0.158333 0.360938 0.155556 0.362500 0.154167 0.364063 0.154167 0.367188 0.148611 0.367188 0.136111 0.367188 0.118056 0.367188 0.152778 0.365625 0.156944 0.367969 0.158333 0.369531 0.094444 0.368750 0.076389 0.367188 0.086111 0.367188 0.095833 0.367188 0.083333 0.368750 0.076389 0.369531 0.070833 0.369531 0.076389 0.375781 0.065278 0.373437 0.065278 0.374219 0.062500 0.375000 0.062500 0.376563 0.059722 0.378906 0.059722 0.378906 0.056944 0.380469 0.059722 0.382031 0.056944 0.383594 0.055556 0.384375 0.051389 0.385937 0.050000
21 0.204687 0.026389 0.203125 0.027778 0.202344 0.030556 0.208594 0.041667 0.207813 0.038889 0.207031 0.031944 0.207031 0.025000 0.204687 0.026389
21 0.202344 0.000000 0.202344 0.002778 0.203906 0.005556 0.204687 0.008333 0.204687 0.011111 0.209375 0.009722 0.210156 0.000000 0.202344 0.000000
