19 0.926562 0.831944 0.927344 0.834722 0.932031 0.836111 0.938281 0.836111 0.939063 0.837500 0.946094 0.838889 0.949219 0.838889 0.961719 0.836111 0.972656 0.836111 0.980469 0.837500 0.981250 0.838889 0.982812 0.838889 0.980469 0.833333 0.974219 0.833333 0.972656 0.836111 0.967969 0.836111 0.957812 0.834722 0.947656 0.837500 0.941406 0.837500 0.937500 0.836111 0.935156 0.831944 0.932031 0.833333 0.926562 0.831944
19 0.924219 0.827778 0.924219 0.830556 0.925781 0.826389 0.928125 0.825000 0.924219 0.827778
19 0.827344 0.793056 0.825000 0.794444 0.828125 0.795833 0.827344 0.793056
19 0.960938 0.659722 0.962500 0.662500 0.963281 0.662500 0.964844 0.665278 0.966406 0.665278 0.964844 0.662500 0.963281 0.661111 0.960938 0.659722
19 0.925000 0.636111 0.927344 0.637500 0.931250 0.641667 0.934375 0.641667 0.932031 0.638889 0.928906 0.637500 0.925000 0.636111
19 0.909375 0.626389 0.907813 0.627778 0.910156 0.629167 0.911719 0.630556 0.914062 0.630556 0.911719 0.629167 0.909375 0.626389
19 0.891406 0.619444 0.892969 0.620833 0.895312 0.623611 0.899219 0.623611 0.897656 0.623611 0.896875 0.622222 0.894531 0.622222 0.893750 0.620833 0.891406 0.619444
19 0.842187 0.586111 0.846094 0.588889 0.848437 0.588889 0.850781 0.590278 0.853125 0.594444 0.854688 0.595833 0.858594 0.598611 0.860938 0.600000 0.864062 0.600000 0.867188 0.601389 0.871094 0.605556 0.875000 0.605556 0.873437 0.604167 0.872656 0.602778 0.869531 0.601389 0.866406 0.600000 0.862500 0.600000 0.861719 0.597222 0.857812 0.594444 0.856250 0.594444 0.855469 0.591667 0.851562 0.590278 0.850781 0.587500 0.847656 0.587500 0.846875 0.586111 0.842187 0.586111
19 0.820312 0.579167 0.821875 0.580556 0.822656 0.580556 0.824219 0.581944 0.821875 0.579167 0.820312 0.579167
19 0.817187 0.570833 0.820312 0.572222 0.825781 0.576389 0.828125 0.576389 0.829688 0.577778 0.828125 0.576389 0.826562 0.575000 0.824219 0.573611 0.821875 0.573611 0.819531 0.570833 0.817187 0.570833
19 0.702344 0.508333 0.700781 0.512500 0.701562 0.509722 0.703906 0.509722 0.708594 0.511111 0.711719 0.513889 0.715625 0.515278 0.719531 0.515278 0.722656 0.516667 0.725781 0.518056 0.732812 0.522222 0.734375 0.523611 0.739844 0.530556 0.742969 0.531944 0.746094 0.536111 0.747656 0.537500 0.750000 0.538889 0.756250 0.541667 0.761719 0.543056 0.759375 0.544444 0.761719 0.545833 0.762500 0.543056 0.764844 0.543056 0.765625 0.544444 0.768750 0.544444 0.765625 0.544444 0.762500 0.543056 0.759375 0.540278 0.756250 0.540278 0.753906 0.537500 0.748437 0.537500 0.746875 0.536111 0.744531 0.531944 0.742969 0.530556 0.741406 0.530556 0.739844 0.529167 0.736719 0.525000 0.734375 0.522222 0.731250 0.522222 0.730469 0.519444 0.728906 0.518056 0.725781 0.516667 0.721875 0.516667 0.717969 0.513889 0.712500 0.513889 0.711719 0.511111 0.709375 0.511111 0.707812 0.508333 0.702344 0.508333
19 0.661719 0.483333 0.664844 0.488889 0.667188 0.490278 0.669531 0.493056 0.667969 0.488889 0.666406 0.487500 0.664844 0.487500 0.663281 0.484722 0.661719 0.483333
19 0.597656 0.436111 0.599219 0.436111 0.601562 0.438889 0.603125 0.438889 0.613281 0.448611 0.620313 0.452778 0.623437 0.452778 0.626563 0.454167 0.627344 0.456944 0.630469 0.458333 0.632812 0.461111 0.639062 0.462500 0.639844 0.465278 0.642188 0.466667 0.644531 0.468056 0.646875 0.469444 0.645312 0.466667 0.643750 0.465278 0.642188 0.465278 0.639844 0.461111 0.635938 0.461111 0.635156 0.458333 0.633594 0.456944 0.628125 0.455556 0.626563 0.452778 0.619531 0.448611 0.617969 0.445833 0.614062 0.444444 0.610156 0.444444 0.608594 0.444444 0.607812 0.441667 0.605469 0.438889 0.602344 0.438889 0.600000 0.436111 0.597656 0.436111
19 0.566406 0.413889 0.566406 0.418056 0.568750 0.422222 0.570312 0.423611 0.572656 0.423611 0.575000 0.426389 0.580469 0.429167 0.584375 0.429167 0.589063 0.433333 0.592187 0.434722 0.596094 0.433333 0.594531 0.433333 0.593750 0.431944 0.591406 0.431944 0.589844 0.429167 0.586719 0.427778 0.584375 0.427778 0.579688 0.423611 0.574219 0.422222 0.571094 0.419444 0.571875 0.416667 0.574219 0.412500 0.575781 0.412500 0.566406 0.413889
19 0.582031 0.394444 0.584375 0.398611 0.584375 0.394444 0.582031 0.394444
19 0.491406 0.338889 0.493750 0.338889 0.494531 0.340278 0.500000 0.340278 0.501563 0.338889 0.500000 0.338889 0.499219 0.340278 0.496875 0.340278 0.491406 0.338889
19 0.130469 0.331944 0.132031 0.336111 0.132812 0.340278 0.132812 0.355556 0.133594 0.359722 0.136719 0.365278 0.140625 0.369444 0.145313 0.377778 0.146094 0.383333 0.147656 0.386111 0.153906 0.388889 0.157031 0.391667 0.160156 0.395833 0.161719 0.397222 0.168750 0.394444 0.170313 0.394444 0.171094 0.395833 0.174219 0.397222 0.178906 0.397222 0.188281 0.402778 0.192188 0.406944 0.201563 0.406944 0.203906 0.402778 0.207031 0.402778 0.207813 0.404167 0.210938 0.404167 0.211719 0.402778 0.214844 0.402778 0.220312 0.405556 0.224219 0.408333 0.227344 0.413889 0.232031 0.418056 0.233594 0.418056 0.234375 0.416667 0.235937 0.416667 0.240625 0.418056 0.245312 0.416667 0.247656 0.415278 0.249219 0.412500 0.249219 0.402778 0.250000 0.400000 0.252344 0.395833 0.255469 0.394444 0.258594 0.395833 0.261719 0.398611 0.267188 0.398611 0.268750 0.397222 0.271875 0.391667 0.272656 0.384722 0.272656 0.344444 0.271875 0.334722 0.276562 0.334722 0.278125 0.336111 0.275000 0.337500 0.285156 0.337500 0.282031 0.334722 0.285156 0.333333 0.285938 0.337500 0.289062 0.338889 0.289844 0.340278 0.291406 0.340278 0.296094 0.338889 0.302344 0.334722 0.310156 0.334722 0.311719 0.337500 0.314063 0.338889 0.321094 0.337500 0.319531 0.343056 0.315625 0.348611 0.313281 0.356944 0.311719 0.361111 0.309375 0.363889 0.308594 0.366667 0.307812 0.370833 0.307031 0.375000 0.306250 0.383333 0.305469 0.395833 0.304688 0.458333 0.305469 0.466667 0.305469 0.469444 0.304688 0.491667 0.305469 0.502778 0.308594 0.508333 0.310156 0.509722 0.314063 0.511111 0.321875 0.509722 0.325781 0.506944 0.330469 0.498611 0.331250 0.495833 0.331250 0.488889 0.332031 0.486111 0.333594 0.483333 0.338281 0.484722 0.339062 0.487500 0.339844 0.500000 0.341406 0.501389 0.342969 0.501389 0.346875 0.497222 0.350000 0.495833 0.350000 0.494444 0.351562 0.490278 0.353125 0.487500 0.357812 0.487500 0.360156 0.484722 0.362500 0.483333 0.365625 0.483333 0.371875 0.483333 0.376563 0.486111 0.393750 0.486111 0.407813 0.487500 0.410938 0.490278 0.412500 0.490278 0.415625 0.487500 0.421094 0.488889 0.421875 0.487500 0.426563 0.487500 0.431250 0.488889 0.433594 0.491667 0.435156 0.494444 0.436719 0.500000 0.437500 0.508333 0.438281 0.512500 0.440625 0.516667 0.442969 0.519444 0.445312 0.522222 0.455469 0.522222 0.457031 0.520833 0.460938 0.513889 0.463281 0.505556 0.464062 0.501389 0.464844 0.495833 0.465625 0.490278 0.466406 0.483333 0.467187 0.472222 0.467969 0.458333 0.468750 0.443056 0.468750 0.411111 0.467969 0.404167 0.467187 0.397222 0.466406 0.393056 0.464062 0.384722 0.464062 0.380556 0.461719 0.373611 0.460156 0.362500 0.459375 0.359722 0.457031 0.355556 0.456250 0.351389 0.457813 0.350000 0.460156 0.350000 0.463281 0.344444 0.464844 0.343056 0.467187 0.341667 0.484375 0.340278 0.489063 0.340278 0.491406 0.341667 0.492969 0.343056 0.492969 0.345833 0.499219 0.347222 0.501563 0.350000 0.505469 0.350000 0.506250 0.351389 0.509375 0.351389 0.512500 0.347222 0.507031 0.345833 0.506250 0.344444 0.503125 0.344444 0.514844 0.344444 0.515625 0.343056 0.516406 0.340278 0.523438 0.337500 0.525781 0.334722 0.529687 0.334722 0.532031 0.337500 0.534375 0.337500 0.536719 0.341667 0.538281 0.341667 0.541406 0.345833 0.543750 0.345833 0.544531 0.350000 0.551562 0.350000 0.544531 0.351389 0.563281 0.352778 0.568750 0.351389 0.571875 0.350000 0.576562 0.345833 0.579688 0.341667 0.585938 0.331944 0.586719 0.334722 0.585938 0.337500 0.585938 0.340278 0.588281 0.343056 0.585938 0.347222 0.585938 0.350000 0.586719 0.351389 0.587500 0.354167 0.588281 0.352778 0.590625 0.356944 0.588281 0.356944 0.587500 0.358333 0.584375 0.359722 0.588281 0.361111 0.585156 0.362500 0.582812 0.366667 0.582812 0.369444 0.583594 0.370833 0.583594 0.373611 0.582812 0.376389 0.581250 0.381944 0.575781 0.383333 0.571875 0.384722 0.568750 0.386111 0.567187 0.388889 0.572656 0.390278 0.571094 0.390278 0.570312 0.391667 0.564063 0.391667 0.562500 0.393056 0.563281 0.398611 0.561719 0.398611 0.560156 0.398611 0.558594 0.401389 0.557813 0.406944 0.557813 0.413889 0.558594 0.418056 0.560937 0.423611 0.565625 0.427778 0.568750 0.430556 0.572656 0.433333 0.586719 0.440278 0.591406 0.444444 0.596094 0.447222 0.599219 0.447222 0.603125 0.451389 0.605469 0.451389 0.609375 0.455556 0.611719 0.455556 0.615625 0.459722 0.620313 0.461111 0.625000 0.465278 0.628125 0.466667 0.632031 0.466667 0.634375 0.468056 0.635938 0.470833 0.637500 0.472222 0.639062 0.475000 0.642969 0.473611 0.646094 0.475000 0.649219 0.476389 0.651563 0.477778 0.654687 0.483333 0.657813 0.484722 0.657813 0.487500 0.660156 0.491667 0.660156 0.494444 0.661719 0.497222 0.663281 0.498611 0.667188 0.500000 0.668750 0.502778 0.671094 0.504167 0.672656 0.502778 0.675000 0.506944 0.678125 0.508333 0.682813 0.511111 0.685937 0.511111 0.687500 0.513889 0.689844 0.515278 0.692969 0.515278 0.695312 0.518056 0.697656 0.515278 0.696875 0.511111 0.698438 0.511111 0.697656 0.515278 0.700781 0.519444 0.703906 0.520833 0.706250 0.522222 0.711719 0.522222 0.714844 0.525000 0.718750 0.526389 0.720313 0.525000 0.721875 0.525000 0.725000 0.526389 0.727344 0.527778 0.728906 0.529167 0.730469 0.531944 0.730469 0.536111 0.737500 0.536111 0.739062 0.538889 0.740625 0.538889 0.741406 0.541667 0.742969 0.543056 0.746094 0.545833 0.750000 0.548611 0.753125 0.548611 0.753906 0.550000 0.755469 0.551389 0.757812 0.551389 0.760156 0.550000 0.761719 0.552778 0.762500 0.550000 0.764844 0.554167 0.766406 0.554167 0.768750 0.550000 0.770312 0.554167 0.771875 0.554167 0.773438 0.551389 0.775781 0.551389 0.778125 0.555556 0.781250 0.554167 0.781250 0.556944 0.785156 0.558333 0.786719 0.559722 0.790625 0.565278 0.792969 0.568056 0.793750 0.565278 0.795312 0.566667 0.796094 0.570833 0.797656 0.573611 0.800781 0.573611 0.803125 0.576389 0.806250 0.577778 0.809375 0.579167 0.813281 0.579167 0.815625 0.580556 0.817969 0.581944 0.819531 0.584722 0.822656 0.584722 0.825000 0.587500 0.826562 0.583333 0.828125 0.583333 0.828906 0.584722 0.830469 0.584722 0.831250 0.583333 0.832812 0.583333 0.834375 0.584722 0.836719 0.588889 0.839844 0.590278 0.837500 0.591667 0.836719 0.588889 0.835156 0.591667 0.842969 0.594444 0.844531 0.598611 0.847656 0.600000 0.848437 0.598611 0.850000 0.598611 0.850781 0.600000 0.853125 0.600000 0.854688 0.602778 0.858594 0.602778 0.857031 0.602778 0.857812 0.608333 0.861719 0.609722 0.862500 0.605556 0.862500 0.608333 0.864844 0.608333 0.867188 0.609722 0.867969 0.613889 0.870313 0.613889 0.871875 0.611111 0.874219 0.612500 0.875781 0.611111 0.877344 0.615278 0.875781 0.616667 0.873437 0.616667 0.872656 0.619444 0.877344 0.619444 0.875781 0.616667 0.877344 0.615278 0.878125 0.616667 0.881250 0.616667 0.882031 0.619444 0.885938 0.620833 0.884375 0.622222 0.886719 0.623611 0.884375 0.626389 0.885938 0.629167 0.889062 0.626389 0.891406 0.626389 0.892969 0.629167 0.896094 0.629167 0.895312 0.631944 0.898438 0.633333 0.900781 0.631944 0.903906 0.633333 0.906250 0.631944 0.908594 0.633333 0.912500 0.638889 0.914844 0.640278 0.917188 0.641667 0.918750 0.640278 0.921094 0.644444 0.924219 0.644444 0.925000 0.647222 0.926562 0.647222 0.928906 0.651389 0.931250 0.652778 0.934375 0.654167 0.937500 0.655556 0.942969 0.654167 0.949219 0.655556 0.949219 0.658333 0.952344 0.659722 0.954688 0.662500 0.957031 0.662500 0.956250 0.668056 0.957812 0.669444 0.961719 0.669444 0.963281 0.670833 0.965625 0.675000 0.967187 0.676389 0.968750 0.677778 0.971094 0.676389 0.974219 0.679167 0.980469 0.684722 0.981250 0.683333 0.983594 0.686111 0.985938 0.686111 0.990625 0.690278 0.992969 0.691667 0.993750 0.688889 0.999219 0.693056 0.999219 0.811111 0.997656 0.811111 0.996875 0.812500 0.992969 0.812500 0.985156 0.816667 0.981250 0.818056 0.972656 0.818056 0.968750 0.819444 0.965625 0.820833 0.960156 0.825000 0.955469 0.826389 0.947656 0.826389 0.943750 0.825000 0.935937 0.819444 0.931250 0.816667 0.920312 0.816667 0.916406 0.818056 0.913281 0.820833 0.907813 0.820833 0.903906 0.825000 0.900000 0.825000 0.890625 0.820833 0.878125 0.813889 0.856250 0.805556 0.853125 0.804167 0.850781 0.801389 0.848437 0.801389 0.846875 0.800000 0.845313 0.797222 0.843750 0.797222 0.841406 0.794444 0.839063 0.788889 0.838281 0.790278 0.836719 0.790278 0.832031 0.788889 0.828125 0.787500 0.825781 0.786111 0.824219 0.783333 0.817969 0.781944 0.817969 0.780556 0.812500 0.779167 0.809375 0.776389 0.806250 0.776389 0.803906 0.775000 0.801562 0.773611 0.800000 0.770833 0.797656 0.772222 0.791406 0.768056 0.787500 0.763889 0.781250 0.762500 0.778906 0.761111 0.776563 0.758333 0.773438 0.756944 0.771094 0.756944 0.770312 0.754167 0.762500 0.754167 0.761719 0.752778 0.757031 0.754167 0.758594 0.755556 0.759375 0.756944 0.761719 0.758333 0.769531 0.758333 0.773438 0.761111 0.774219 0.765278 0.776563 0.765278 0.778125 0.765278 0.778906 0.766667 0.782031 0.766667 0.780469 0.768056 0.782031 0.770833 0.783594 0.772222 0.785937 0.773611 0.791406 0.773611 0.796094 0.775000 0.797656 0.777778 0.801562 0.777778 0.808594 0.781944 0.810156 0.784722 0.811719 0.786111 0.814063 0.784722 0.817969 0.788889 0.819531 0.788889 0.821094 0.790278 0.816406 0.791667 0.812500 0.790278 0.808594 0.788889 0.803125 0.786111 0.764844 0.763889 0.754687 0.758333 0.749219 0.755556 0.742188 0.752778 0.713281 0.741667 0.702344 0.737500 0.691406 0.733333 0.687500 0.731944 0.682031 0.730556 0.676562 0.729167 0.653906 0.723611 0.647656 0.722222 0.636719 0.719444 0.584375 0.720833 0.578125 0.722222 0.525000 0.736111 0.525000 0.727778 0.535937 0.727778 0.537500 0.730556 0.549219 0.729167 0.545312 0.726389 0.540625 0.725000 0.533594 0.723611 0.525000 0.723611 0.524219 0.722222 0.516406 0.723611 0.521094 0.726389 0.525000 0.727778 0.525000 0.736111 0.513281 0.738889 0.504687 0.738889 0.467969 0.723611 0.457813 0.719444 0.453906 0.718056 0.446094 0.716667 0.422656 0.712500 0.407031 0.709722 0.389062 0.711111 0.371094 0.713889 0.353125 0.715278 0.326562 0.715278 0.316406 0.713889 0.306250 0.712500 0.296094 0.709722 0.285938 0.708333 0.275781 0.706944 0.258594 0.705556 0.225000 0.702778 0.208594 0.701389 0.136719 0.702778 0.089844 0.708333 0.066406 0.711111 0.032813 0.716667 0.021875 0.716667 0.010156 0.719444 0.000000 0.719444 0.000000 0.643056 0.002344 0.643056 0.003906 0.644444 0.005469 0.645833 0.007812 0.650000 0.010937 0.651389 0.021094 0.652778 0.030469 0.652778 0.035156 0.651389 0.038281 0.650000 0.044531 0.644444 0.050000 0.634722 0.053125 0.623611 0.053906 0.619444 0.053906 0.615278 0.056250 0.606944 0.057031 0.601389 0.057813 0.594444 0.057813 0.586111 0.058594 0.583333 0.060156 0.580556 0.060937 0.577778 0.061719 0.572222 0.062500 0.562500 0.062500 0.556944 0.059375 0.551389 0.059375 0.544444 0.065625 0.544444 0.067969 0.548611 0.069531 0.544444 0.075781 0.543056 0.082812 0.545833 0.085156 0.543056 0.087500 0.541667 0.093750 0.540278 0.099219 0.536111 0.103125 0.534722 0.106250 0.533333 0.108594 0.533333 0.109375 0.534722 0.111719 0.534722 0.113281 0.533333 0.115625 0.530556 0.112500 0.523611 0.115625 0.520833 0.119531 0.518056 0.121094 0.518056 0.123438 0.518056 0.123438 0.519444 0.125000 0.522222 0.125781 0.526389 0.127344 0.529167 0.128906 0.530556 0.130469 0.530556 0.132031 0.533333 0.133594 0.534722 0.140625 0.536111 0.150000 0.536111 0.153125 0.534722 0.159375 0.523611 0.160156 0.520833 0.160938 0.516667 0.161719 0.511111 0.162500 0.502778 0.163281 0.484722 0.163281 0.458333 0.164844 0.451389 0.165625 0.441667 0.165625 0.438889 0.164844 0.431944 0.164062 0.423611 0.163281 0.415278 0.162500 0.411111 0.161719 0.408333 0.159375 0.401389 0.157812 0.397222 0.153906 0.390278 0.152344 0.388889 0.150781 0.387500 0.147656 0.386111 0.145313 0.384722 0.143750 0.381944 0.143750 0.379167 0.142969 0.376389 0.139844 0.375000 0.137500 0.370833 0.135937 0.369444 0.134375 0.369444 0.132031 0.366667 0.127344 0.355556 0.123438 0.354167 0.121875 0.352778 0.127344 0.352778 0.129688 0.351389 0.129688 0.340278 0.131250 0.336111 0.129688 0.329167 0.130469 0.331944
19 0.554688 0.326389 0.553125 0.329167 0.547656 0.329167 0.546094 0.329167 0.554688 0.327778 0.555469 0.330556 0.553906 0.333333 0.552344 0.334722 0.550000 0.334722 0.549219 0.333333 0.546875 0.333333 0.546875 0.336111 0.548438 0.336111 0.549219 0.337500 0.554688 0.337500 0.557813 0.340278 0.565625 0.340278 0.568750 0.337500 0.572656 0.337500 0.570312 0.336111 0.569531 0.330556 0.571094 0.330556 0.567969 0.331944 0.557813 0.330556 0.556250 0.326389 0.554688 0.326389
19 0.532031 0.326389 0.531250 0.327778 0.528125 0.327778 0.538281 0.327778 0.539844 0.330556 0.544531 0.330556 0.540625 0.330556 0.536719 0.326389 0.532031 0.326389
19 0.512500 0.326389 0.510938 0.330556 0.507031 0.330556 0.507031 0.333333 0.505469 0.336111 0.511719 0.334722 0.514062 0.333333 0.515625 0.330556 0.516406 0.326389 0.517969 0.329167 0.520312 0.330556 0.523438 0.330556 0.520312 0.330556 0.518750 0.329167 0.517188 0.326389 0.512500 0.326389
19 0.471094 0.325000 0.464844 0.326389 0.456250 0.333333 0.456250 0.337500 0.455469 0.338889 0.455469 0.341667 0.456250 0.337500 0.457813 0.340278 0.457031 0.343056 0.455469 0.345833 0.455469 0.348611 0.457031 0.347222 0.458594 0.343056 0.458594 0.340278 0.463281 0.333333 0.464844 0.330556 0.465625 0.327778 0.467969 0.330556 0.480469 0.330556 0.474219 0.330556 0.472656 0.327778 0.480469 0.326389 0.471094 0.325000
19 0.325781 0.322222 0.325781 0.329167 0.325000 0.331944 0.323437 0.334722 0.325781 0.330556 0.326562 0.327778 0.325781 0.322222
19 0.284375 0.318056 0.282813 0.322222 0.281250 0.320833 0.282813 0.322222 0.284375 0.323611 0.284375 0.318056
19 0.262500 0.308333 0.264062 0.309722 0.265625 0.309722 0.264062 0.308333 0.262500 0.308333
19 0.825000 0.301389 0.821094 0.302778 0.818750 0.305556 0.814063 0.306944 0.800000 0.308333 0.782031 0.308333 0.778125 0.308333 0.775000 0.311111 0.760938 0.311111 0.757812 0.313889 0.742969 0.313889 0.739062 0.316667 0.728125 0.315278 0.726562 0.318056 0.724219 0.319444 0.714063 0.320833 0.694531 0.319444 0.692969 0.322222 0.690625 0.320833 0.677344 0.319444 0.675781 0.320833 0.674219 0.322222 0.671094 0.327778 0.669531 0.329167 0.665625 0.330556 0.658594 0.327778 0.654687 0.330556 0.643750 0.331944 0.642188 0.331944 0.635156 0.330556 0.632031 0.327778 0.626563 0.330556 0.624219 0.330556 0.617969 0.329167 0.615625 0.326389 0.614062 0.329167 0.610938 0.329167 0.612500 0.329167 0.613281 0.334722 0.610938 0.336111 0.607031 0.333333 0.606250 0.337500 0.604688 0.338889 0.602344 0.338889 0.603906 0.343056 0.604688 0.340278 0.605469 0.344444 0.603906 0.350000 0.602344 0.355556 0.604688 0.354167 0.606250 0.356944 0.607031 0.370833 0.607031 0.388889 0.606250 0.390278 0.606250 0.393056 0.608594 0.387500 0.608594 0.381944 0.610156 0.376389 0.610938 0.370833 0.612500 0.376389 0.613281 0.377778 0.614062 0.377778 0.615625 0.379167 0.619531 0.377778 0.621875 0.380556 0.625781 0.380556 0.628125 0.381944 0.633594 0.387500 0.637500 0.388889 0.641406 0.388889 0.639844 0.387500 0.642188 0.386111 0.644531 0.388889 0.649219 0.387500 0.652344 0.386111 0.654687 0.383333 0.658594 0.381944 0.663281 0.381944 0.675000 0.380556 0.678906 0.380556 0.689063 0.381944 0.684375 0.380556 0.689063 0.377778 0.692969 0.377778 0.696094 0.375000 0.700781 0.376389 0.702344 0.376389 0.708594 0.375000 0.713281 0.372222 0.718750 0.372222 0.721875 0.368056 0.724219 0.368056 0.728906 0.369444 0.729688 0.368056 0.734375 0.368056 0.735156 0.366667 0.736719 0.366667 0.737500 0.363889 0.742188 0.363889 0.747656 0.359722 0.754687 0.358333 0.768750 0.358333 0.775000 0.355556 0.792969 0.354167 0.799219 0.352778 0.801562 0.351389 0.803125 0.350000 0.806250 0.341667 0.810937 0.333333 0.811719 0.334722 0.813281 0.333333 0.815625 0.329167 0.815625 0.327778 0.817187 0.325000 0.817969 0.327778 0.819531 0.323611 0.819531 0.322222 0.822656 0.319444 0.822656 0.316667 0.824219 0.313889 0.826562 0.313889 0.827344 0.311111 0.826562 0.309722 0.828125 0.308333 0.830469 0.308333 0.828125 0.308333 0.832031 0.305556 0.832812 0.301389 0.825000 0.301389
20 0.852344 0.595833 0.850781 0.598611 0.853125 0.598611 0.857812 0.601389 0.859375 0.602778 0.857031 0.604167 0.857812 0.606944 0.861719 0.608333 0.864062 0.605556 0.863281 0.608333 0.864844 0.606944 0.866406 0.606944 0.867188 0.611111 0.868750 0.608333 0.870313 0.612500 0.871875 0.609722 0.874219 0.611111 0.875781 0.609722 0.871875 0.606944 0.866406 0.602778 0.861719 0.602778 0.860938 0.601389 0.860156 0.600000 0.858594 0.600000 0.856250 0.597222 0.853906 0.595833 0.852344 0.595833
20 0.742969 0.516667 0.745313 0.518056 0.749219 0.522222 0.757812 0.526389 0.760938 0.526389 0.763281 0.527778 0.765625 0.530556 0.767969 0.530556 0.772656 0.534722 0.775000 0.538889 0.777344 0.540278 0.778906 0.543056 0.779687 0.543056 0.780469 0.544444 0.781250 0.547222 0.781250 0.548611 0.775781 0.545833 0.773438 0.548611 0.781250 0.548611 0.781250 0.547222 0.781250 0.551389 0.780469 0.554167 0.778125 0.554167 0.775781 0.550000 0.773438 0.550000 0.771875 0.552778 0.770312 0.552778 0.768750 0.548611 0.767188 0.551389 0.766406 0.552778 0.764844 0.552778 0.762500 0.548611 0.761719 0.551389 0.760156 0.548611 0.757812 0.548611 0.757031 0.551389 0.755469 0.548611 0.753125 0.547222 0.750000 0.547222 0.747656 0.544444 0.743750 0.543056 0.742969 0.540278 0.741406 0.538889 0.739062 0.537500 0.737500 0.538889 0.739062 0.537500 0.737500 0.534722 0.731250 0.536111 0.731250 0.531944 0.728906 0.527778 0.725781 0.526389 0.724219 0.519444 0.725781 0.519444 0.726562 0.520833 0.728906 0.522222 0.730469 0.522222 0.730469 0.522222 0.732812 0.523611 0.734375 0.525000 0.739844 0.531944 0.742969 0.533333 0.746094 0.537500 0.747656 0.538889 0.750000 0.540278 0.753125 0.541667 0.756250 0.543056 0.760938 0.543056 0.758594 0.544444 0.760156 0.547222 0.761719 0.547222 0.762500 0.544444 0.765625 0.543056 0.762500 0.541667 0.759375 0.538889 0.756250 0.538889 0.753906 0.536111 0.748437 0.536111 0.746875 0.534722 0.744531 0.530556 0.742969 0.529167 0.741406 0.529167 0.739844 0.527778 0.736719 0.523611 0.734375 0.520833 0.730469 0.522222 0.730469 0.522222 0.729688 0.518056 0.736719 0.515278 0.742969 0.516667
20 0.782813 0.437500 0.782031 0.451389 0.783594 0.451389 0.785156 0.454167 0.787500 0.455556 0.792969 0.455556 0.794531 0.456944 0.797656 0.461111 0.800000 0.462500 0.804688 0.465278 0.807813 0.465278 0.810156 0.468056 0.814844 0.469444 0.821094 0.468056 0.823438 0.470833 0.826562 0.470833 0.828906 0.473611 0.833594 0.473611 0.837500 0.476389 0.845313 0.476389 0.846094 0.479167 0.848437 0.481944 0.850000 0.483333 0.852344 0.484722 0.860938 0.487500 0.864844 0.488889 0.868750 0.487500 0.870313 0.487500 0.873437 0.490278 0.878125 0.490278 0.881250 0.493056 0.885156 0.494444 0.892969 0.495833 0.895312 0.498611 0.897656 0.498611 0.898438 0.500000 0.900000 0.500000 0.900781 0.498611 0.903125 0.498611 0.905469 0.500000 0.907813 0.502778 0.910937 0.504167 0.916406 0.505556 0.930469 0.511111 0.932031 0.512500 0.935156 0.512500 0.935937 0.515278 0.941406 0.518056 0.946094 0.518056 0.948438 0.520833 0.950781 0.522222 0.957031 0.522222 0.960938 0.523611 0.962500 0.526389 0.964844 0.527778 0.970313 0.526389 0.972656 0.530556 0.975000 0.531944 0.977344 0.533333 0.984375 0.534722 0.986719 0.536111 0.988281 0.538889 0.990625 0.540278 0.992969 0.541667 0.999219 0.541667 0.999219 0.502778 0.997656 0.502778 0.996875 0.501389 0.989844 0.500000 0.984375 0.495833 0.977344 0.494444 0.968750 0.494444 0.960938 0.488889 0.952344 0.488889 0.948438 0.486111 0.944531 0.484722 0.942969 0.486111 0.940625 0.484722 0.936719 0.481944 0.932813 0.480556 0.924219 0.477778 0.919531 0.477778 0.915625 0.475000 0.911719 0.473611 0.904687 0.473611 0.900000 0.470833 0.893750 0.470833 0.886719 0.466667 0.882031 0.466667 0.878125 0.463889 0.872656 0.463889 0.865625 0.459722 0.860156 0.458333 0.854688 0.456944 0.843750 0.455556 0.839063 0.452778 0.833594 0.452778 0.827344 0.448611 0.824219 0.447222 0.818750 0.447222 0.814844 0.444444 0.807031 0.444444 0.802344 0.443056 0.799219 0.440278 0.792969 0.438889 0.782813 0.437500
20 0.751563 0.390278 0.742969 0.391667 0.743750 0.394444 0.746875 0.398611 0.746875 0.405556 0.752344 0.406944 0.759375 0.405556 0.760938 0.406944 0.764844 0.412500 0.766406 0.413889 0.767969 0.413889 0.771875 0.412500 0.780469 0.415278 0.786719 0.413889 0.796094 0.415278 0.802344 0.419444 0.807813 0.418056 0.811719 0.419444 0.814063 0.422222 0.817969 0.422222 0.818750 0.420833 0.822656 0.420833 0.827344 0.425000 0.835938 0.425000 0.841406 0.427778 0.850781 0.427778 0.855469 0.430556 0.860938 0.430556 0.864844 0.433333 0.874219 0.433333 0.881250 0.434722 0.886719 0.437500 0.896094 0.437500 0.899219 0.441667 0.901563 0.443056 0.907031 0.441667 0.908594 0.441667 0.925781 0.443056 0.932813 0.445833 0.935937 0.445833 0.943750 0.444444 0.947656 0.447222 0.952344 0.448611 0.953906 0.448611 0.955469 0.447222 0.971875 0.448611 0.975000 0.450000 0.976562 0.452778 0.981250 0.452778 0.984375 0.455556 0.991406 0.455556 0.996094 0.458333 0.999219 0.458333 0.999219 0.434722 0.997656 0.433333 0.993750 0.434722 0.989844 0.431944 0.976562 0.431944 0.970313 0.430556 0.966406 0.426389 0.953906 0.426389 0.944531 0.425000 0.938281 0.423611 0.935937 0.420833 0.922656 0.420833 0.917969 0.418056 0.913281 0.416667 0.898438 0.416667 0.895312 0.415278 0.892969 0.412500 0.883594 0.412500 0.876563 0.409722 0.875000 0.409722 0.874219 0.411111 0.871875 0.411111 0.865625 0.408333 0.853125 0.408333 0.850781 0.405556 0.839844 0.405556 0.833594 0.402778 0.826562 0.401389 0.817969 0.401389 0.809375 0.398611 0.806250 0.400000 0.800000 0.400000 0.791406 0.398611 0.785937 0.395833 0.777344 0.394444 0.762500 0.394444 0.760938 0.391667 0.751563 0.390278
20 0.610938 0.372222 0.610938 0.376389 0.609375 0.381944 0.609375 0.387500 0.607031 0.391667 0.607812 0.398611 0.604688 0.404167 0.600000 0.402778 0.596094 0.404167 0.592187 0.401389 0.603906 0.400000 0.589063 0.400000 0.587500 0.395833 0.586719 0.400000 0.582812 0.398611 0.581250 0.394444 0.586719 0.393056 0.586719 0.390278 0.583594 0.387500 0.584375 0.384722 0.582812 0.383333 0.580469 0.383333 0.575781 0.384722 0.571875 0.386111 0.571094 0.387500 0.567969 0.388889 0.573438 0.390278 0.570312 0.393056 0.564063 0.393056 0.562500 0.394444 0.564063 0.398611 0.560937 0.398611 0.559375 0.401389 0.558594 0.406944 0.558594 0.413889 0.560156 0.416667 0.559375 0.419444 0.560937 0.422222 0.564063 0.425000 0.568750 0.429167 0.572656 0.431944 0.577344 0.434722 0.579688 0.436111 0.586719 0.438889 0.591406 0.443056 0.596094 0.445833 0.599219 0.445833 0.603125 0.450000 0.605469 0.450000 0.609375 0.454167 0.611719 0.454167 0.615625 0.458333 0.622656 0.461111 0.624219 0.462500 0.625781 0.459722 0.625000 0.458333 0.623437 0.461111 0.620313 0.454167 0.618750 0.452778 0.617188 0.451389 0.613281 0.450000 0.609375 0.445833 0.607031 0.444444 0.603906 0.444444 0.601562 0.441667 0.597656 0.441667 0.594531 0.440278 0.593750 0.436111 0.591406 0.434722 0.589063 0.434722 0.584375 0.430556 0.580469 0.430556 0.575000 0.427778 0.572656 0.425000 0.570312 0.425000 0.568750 0.423611 0.565625 0.418056 0.565625 0.413889 0.567187 0.411111 0.576562 0.412500 0.574219 0.413889 0.572656 0.416667 0.571875 0.419444 0.574219 0.420833 0.579688 0.422222 0.584375 0.426389 0.586719 0.426389 0.589844 0.427778 0.592187 0.430556 0.590625 0.429167 0.592187 0.427778 0.592969 0.426389 0.596875 0.425000 0.605469 0.425000 0.601562 0.422222 0.605469 0.418056 0.607812 0.416667 0.613281 0.416667 0.616406 0.413889 0.622656 0.412500 0.625000 0.413889 0.632812 0.412500 0.635156 0.409722 0.648438 0.408333 0.655469 0.408333 0.661719 0.409722 0.667969 0.411111 0.671875 0.413889 0.683594 0.413889 0.686719 0.415278 0.692187 0.419444 0.696875 0.420833 0.702344 0.420833 0.703906 0.423611 0.706250 0.425000 0.711719 0.426389 0.712500 0.427778 0.714063 0.427778 0.716406 0.425000 0.721094 0.426389 0.721094 0.423611 0.719531 0.420833 0.719531 0.418056 0.717969 0.415278 0.715625 0.412500 0.714063 0.411111 0.707812 0.406944 0.705469 0.406944 0.702344 0.401389 0.700000 0.400000 0.699219 0.398611 0.698438 0.395833 0.697656 0.391667 0.700000 0.387500 0.700000 0.386111 0.701562 0.384722 0.706250 0.384722 0.700781 0.384722 0.699219 0.381944 0.693750 0.381944 0.678906 0.381944 0.675000 0.381944 0.663281 0.383333 0.657031 0.384722 0.653125 0.391667 0.646875 0.391667 0.643750 0.390278 0.642188 0.387500 0.642188 0.388889 0.640625 0.391667 0.636719 0.388889 0.633594 0.388889 0.628125 0.383333 0.625781 0.381944 0.621875 0.381944 0.619531 0.379167 0.614844 0.380556 0.613281 0.379167 0.611719 0.376389 0.610938 0.372222
20 0.607812 0.326389 0.607031 0.330556 0.605469 0.330556 0.608594 0.331944 0.610938 0.334722 0.613281 0.333333 0.612500 0.330556 0.610938 0.330556 0.607812 0.326389
20 0.482812 0.326389 0.486719 0.327778 0.503125 0.326389 0.506250 0.330556 0.505469 0.334722 0.511719 0.336111 0.514062 0.334722 0.516406 0.330556 0.516406 0.327778 0.517969 0.330556 0.520312 0.331944 0.523438 0.331944 0.526563 0.329167 0.538281 0.329167 0.539844 0.331944 0.544531 0.331944 0.554688 0.329167 0.553906 0.331944 0.552344 0.333333 0.550000 0.333333 0.549219 0.331944 0.546875 0.331944 0.546094 0.336111 0.549219 0.338889 0.554688 0.338889 0.557813 0.341667 0.565625 0.341667 0.568750 0.338889 0.573438 0.337500 0.570312 0.334722 0.569531 0.331944 0.571094 0.331944 0.571875 0.330556 0.576562 0.329167 0.583594 0.329167 0.584375 0.331944 0.579688 0.340278 0.576562 0.344444 0.571875 0.348611 0.568750 0.350000 0.563281 0.351389 0.545312 0.351389 0.552344 0.350000 0.544531 0.348611 0.542969 0.348611 0.542188 0.344444 0.538281 0.340278 0.536719 0.340278 0.534375 0.336111 0.532031 0.336111 0.529687 0.333333 0.525781 0.333333 0.523438 0.336111 0.517969 0.337500 0.516406 0.338889 0.516406 0.341667 0.502344 0.344444 0.507031 0.347222 0.511719 0.347222 0.509375 0.350000 0.506250 0.350000 0.505469 0.348611 0.501563 0.348611 0.499219 0.345833 0.493750 0.345833 0.492969 0.341667 0.491406 0.340278 0.490625 0.338889 0.494531 0.341667 0.500000 0.341667 0.500781 0.340278 0.502344 0.338889 0.500000 0.337500 0.499219 0.338889 0.496875 0.338889 0.490625 0.338889 0.491406 0.340278 0.489063 0.338889 0.484375 0.338889 0.467187 0.340278 0.464844 0.341667 0.463281 0.343056 0.460156 0.348611 0.457813 0.348611 0.457031 0.350000 0.455469 0.350000 0.457813 0.347222 0.457813 0.345833 0.459375 0.343056 0.459375 0.340278 0.462500 0.334722 0.463281 0.334722 0.465625 0.329167 0.467969 0.331944 0.481250 0.330556 0.473438 0.327778 0.481250 0.326389 0.482812 0.326389
20 0.563281 0.323611 0.557031 0.325000 0.557813 0.329167 0.564844 0.329167 0.564063 0.326389 0.563281 0.323611
20 0.271875 0.319444 0.270313 0.322222 0.270313 0.325000 0.271094 0.326389 0.271094 0.330556 0.271875 0.333333 0.276562 0.333333 0.277344 0.334722 0.278906 0.336111 0.275781 0.337500 0.284375 0.337500 0.282813 0.337500 0.281250 0.334722 0.285156 0.331944 0.284375 0.325000 0.282813 0.323611 0.281250 0.323611 0.280469 0.320833 0.278125 0.320833 0.277344 0.319444 0.271875 0.319444
20 0.452344 0.313889 0.450781 0.315278 0.450781 0.318056 0.452344 0.318056 0.453906 0.320833 0.456250 0.322222 0.457813 0.319444 0.459375 0.319444 0.460156 0.320833 0.462500 0.322222 0.458594 0.323611 0.456250 0.327778 0.453906 0.329167 0.451562 0.329167 0.453125 0.331944 0.453906 0.331944 0.455469 0.334722 0.456250 0.331944 0.457813 0.331944 0.464844 0.325000 0.470313 0.325000 0.464062 0.322222 0.461719 0.319444 0.459375 0.318056 0.457813 0.318056 0.455469 0.318056 0.454688 0.313889 0.452344 0.313889
20 0.698438 0.311111 0.699219 0.313889 0.710156 0.313889 0.705469 0.316667 0.688281 0.316667 0.672656 0.319444 0.672656 0.322222 0.671094 0.325000 0.669531 0.326389 0.665625 0.326389 0.662500 0.323611 0.655469 0.323611 0.647656 0.327778 0.645312 0.327778 0.642969 0.325000 0.632031 0.325000 0.628125 0.327778 0.625000 0.327778 0.620313 0.323611 0.618750 0.323611 0.617188 0.325000 0.617969 0.327778 0.624219 0.329167 0.626563 0.329167 0.632812 0.326389 0.635156 0.329167 0.642188 0.330556 0.643750 0.330556 0.654687 0.329167 0.659375 0.326389 0.665625 0.329167 0.669531 0.327778 0.671094 0.326389 0.674219 0.320833 0.675781 0.319444 0.677344 0.318056 0.691406 0.318056 0.691406 0.320833 0.692969 0.320833 0.694531 0.318056 0.714063 0.319444 0.724219 0.318056 0.726562 0.316667 0.728125 0.313889 0.731250 0.313889 0.728906 0.313889 0.727344 0.311111 0.698438 0.311111
20 0.776563 0.305556 0.775781 0.306944 0.772656 0.306944 0.771094 0.309722 0.757812 0.308333 0.756250 0.312500 0.757812 0.312500 0.758594 0.311111 0.760938 0.309722 0.775000 0.309722 0.778125 0.306944 0.782031 0.306944 0.800000 0.305556 0.797656 0.305556 0.796875 0.306944 0.791406 0.305556 0.787500 0.306944 0.785937 0.306944 0.776563 0.305556
21 0.961719 0.837500 0.960938 0.838889 0.950000 0.838889 0.952344 0.838889 0.953125 0.840278 0.959375 0.841667 0.986719 0.847222 0.992188 0.847222 0.993750 0.843056 0.995313 0.845833 0.994531 0.848611 0.999219 0.848611 0.999219 0.838889 0.993750 0.838889 0.992969 0.837500 0.982812 0.837500 0.982812 0.840278 0.981250 0.840278 0.972656 0.837500 0.961719 0.837500
21 0.931250 0.818056 0.939063 0.823611 0.943750 0.826389 0.947656 0.827778 0.955469 0.827778 0.960156 0.826389 0.965625 0.822222 0.968750 0.820833 0.972656 0.819444 0.977344 0.819444 0.977344 0.822222 0.976562 0.826389 0.975781 0.829167 0.975000 0.831944 0.972656 0.834722 0.967969 0.834722 0.957812 0.833333 0.948438 0.836111 0.941406 0.836111 0.937500 0.834722 0.935156 0.830556 0.932031 0.831944 0.926562 0.830556 0.928125 0.827778 0.926562 0.825000 0.925000 0.826389 0.928125 0.827778 0.926562 0.830556 0.926562 0.834722 0.925000 0.833333 0.920312 0.833333 0.915625 0.831944 0.906250 0.827778 0.905469 0.826389 0.903125 0.826389 0.904687 0.825000 0.907813 0.822222 0.913281 0.822222 0.916406 0.819444 0.920312 0.818056 0.931250 0.818056
21 0.800000 0.775000 0.803125 0.775000 0.805469 0.776389 0.810156 0.780556 0.811719 0.781944 0.811719 0.784722 0.814063 0.783333 0.819531 0.787500 0.821094 0.788889 0.820312 0.793056 0.824219 0.794444 0.827344 0.791667 0.828906 0.795833 0.831250 0.795833 0.832031 0.797222 0.835938 0.797222 0.847656 0.801389 0.848437 0.802778 0.850781 0.802778 0.848437 0.802778 0.846875 0.801389 0.845313 0.798611 0.843750 0.798611 0.842187 0.795833 0.841406 0.795833 0.841406 0.790278 0.838281 0.791667 0.836719 0.791667 0.832031 0.790278 0.828125 0.788889 0.825781 0.787500 0.824219 0.784722 0.818750 0.784722 0.817187 0.780556 0.812500 0.780556 0.809375 0.777778 0.806250 0.777778 0.801562 0.775000 0.800000 0.775000
21 0.517188 0.723611 0.520312 0.723611 0.521094 0.725000 0.525000 0.726389 0.535937 0.726389 0.537500 0.729167 0.548438 0.729167 0.546094 0.729167 0.545312 0.727778 0.540625 0.726389 0.533594 0.725000 0.525000 0.725000 0.524219 0.723611 0.517188 0.723611
21 0.857812 0.295833 0.857812 0.298611 0.856250 0.300000 0.854688 0.305556 0.854688 0.309722 0.857812 0.313889 0.860938 0.318056 0.864844 0.318056 0.866406 0.319444 0.867969 0.337500 0.867969 0.344444 0.867188 0.372222 0.869531 0.376389 0.871094 0.377778 0.876563 0.377778 0.881250 0.380556 0.895312 0.380556 0.903906 0.381944 0.910937 0.383333 0.917188 0.386111 0.925000 0.387500 0.936719 0.387500 0.943750 0.384722 0.951562 0.383333 0.962500 0.383333 0.967969 0.381944 0.971875 0.379167 0.977344 0.377778 0.982031 0.376389 0.988281 0.376389 0.989844 0.373611 0.989844 0.372222 0.994531 0.365278 0.995313 0.354167 0.999219 0.354167 0.999219 0.341667 0.994531 0.340278 0.995313 0.336111 0.999219 0.336111 0.999219 0.326389 0.997656 0.326389 0.993750 0.333333 0.992188 0.331944 0.990625 0.330556 0.982031 0.325000 0.980469 0.322222 0.977344 0.322222 0.974219 0.319444 0.970313 0.318056 0.967187 0.320833 0.965625 0.319444 0.962500 0.315278 0.960938 0.313889 0.958594 0.313889 0.957812 0.312500 0.956250 0.312500 0.948438 0.315278 0.946875 0.315278 0.946094 0.313889 0.939844 0.311111 0.935156 0.309722 0.931250 0.313889 0.922656 0.313889 0.917969 0.311111 0.911719 0.312500 0.909375 0.309722 0.903906 0.309722 0.900781 0.311111 0.898438 0.312500 0.896875 0.313889 0.896094 0.315278 0.895312 0.319444 0.893750 0.322222 0.892188 0.323611 0.889844 0.325000 0.886719 0.326389 0.875781 0.325000 0.875781 0.319444 0.875000 0.316667 0.872656 0.309722 0.871094 0.312500 0.868750 0.312500 0.866406 0.313889 0.864844 0.316667 0.863281 0.311111 0.860938 0.309722 0.859375 0.305556 0.861719 0.301389 0.860156 0.297222 0.857812 0.295833
21 0.284375 0.288889 0.285938 0.290278 0.287500 0.288889 0.288281 0.284722 0.284375 0.288889
21 0.432812 0.281944 0.432812 0.286111 0.435156 0.288889 0.436719 0.288889 0.438281 0.291667 0.438281 0.288889 0.436719 0.288889 0.435156 0.286111 0.435156 0.284722 0.432812 0.281944
21 0.520312 0.275000 0.520312 0.277778 0.522656 0.279167 0.521094 0.277778 0.520312 0.275000
21 0.109375 0.270833 0.108594 0.273611 0.107813 0.277778 0.103125 0.277778 0.103906 0.279167 0.103125 0.288889 0.102344 0.291667 0.103906 0.288889 0.104688 0.288889 0.107813 0.283333 0.109375 0.277778 0.111719 0.272222 0.109375 0.270833
21 0.400781 0.266667 0.407813 0.266667 0.406250 0.265278 0.400781 0.266667
21 0.738281 0.263889 0.740625 0.268056 0.740625 0.262500 0.738281 0.263889
21 0.767969 0.245833 0.770312 0.247222 0.771094 0.254167 0.772656 0.255556 0.774219 0.255556 0.778125 0.250000 0.778906 0.255556 0.781250 0.256944 0.783594 0.256944 0.785156 0.256944 0.787500 0.255556 0.789844 0.254167 0.790625 0.250000 0.792188 0.250000 0.792188 0.252778 0.794531 0.255556 0.793750 0.258333 0.799219 0.258333 0.798438 0.255556 0.801562 0.256944 0.803125 0.252778 0.807813 0.251389 0.810937 0.248611 0.817969 0.248611 0.819531 0.252778 0.823438 0.250000 0.824219 0.254167 0.827344 0.248611 0.828906 0.248611 0.830469 0.252778 0.835156 0.254167 0.836719 0.252778 0.839063 0.252778 0.839844 0.261111 0.841406 0.263889 0.841406 0.266667 0.839844 0.268056 0.841406 0.273611 0.842187 0.277778 0.843750 0.279167 0.846094 0.275000 0.847656 0.279167 0.846875 0.281944 0.848437 0.284722 0.848437 0.286111 0.850000 0.288889 0.853125 0.287500 0.853125 0.290278 0.852344 0.294444 0.850781 0.297222 0.853906 0.298611 0.850781 0.301389 0.852344 0.302778 0.851562 0.305556 0.851562 0.308333 0.847656 0.306944 0.846094 0.306944 0.839844 0.308333 0.837500 0.306944 0.833594 0.309722 0.831250 0.308333 0.829688 0.308333 0.830469 0.305556 0.832812 0.304167 0.834375 0.301389 0.835938 0.298611 0.838281 0.300000 0.840625 0.304167 0.843750 0.304167 0.845313 0.302778 0.846875 0.300000 0.847656 0.297222 0.846094 0.295833 0.845313 0.294444 0.841406 0.294444 0.837500 0.295833 0.835938 0.298611 0.834375 0.301389 0.825000 0.300000 0.821094 0.301389 0.818750 0.304167 0.810937 0.305556 0.809375 0.305556 0.803125 0.305556 0.800781 0.305556 0.800000 0.304167 0.797656 0.304167 0.791406 0.304167 0.787500 0.305556 0.785937 0.305556 0.771094 0.304167 0.764062 0.306944 0.757031 0.306944 0.743750 0.305556 0.741406 0.301389 0.741406 0.298611 0.741406 0.290278 0.740625 0.294444 0.738281 0.295833 0.737500 0.283333 0.735938 0.280556 0.732812 0.277778 0.732031 0.273611 0.731250 0.272222 0.730469 0.270833 0.728125 0.269444 0.726562 0.273611 0.725000 0.270833 0.724219 0.275000 0.725000 0.279167 0.726562 0.280556 0.729688 0.280556 0.731250 0.283333 0.731250 0.288889 0.734375 0.287500 0.734375 0.291667 0.731250 0.295833 0.727344 0.295833 0.725000 0.293056 0.717187 0.293056 0.715625 0.291667 0.715625 0.288889 0.710938 0.280556 0.707812 0.280556 0.707031 0.275000 0.708594 0.270833 0.707031 0.266667 0.704688 0.269444 0.701562 0.270833 0.703125 0.273611 0.705469 0.273611 0.700000 0.273611 0.698438 0.276389 0.700000 0.280556 0.700000 0.283333 0.701562 0.286111 0.698438 0.287500 0.698438 0.283333 0.697656 0.281944 0.697656 0.273611 0.696094 0.270833 0.697656 0.270833 0.698438 0.272222 0.700000 0.272222 0.701562 0.269444 0.701562 0.266667 0.704688 0.263889 0.704688 0.262500 0.706250 0.259722 0.707812 0.259722 0.708594 0.255556 0.710156 0.255556 0.710156 0.268056 0.710938 0.269444 0.711719 0.272222 0.712500 0.265278 0.714063 0.262500 0.715625 0.266667 0.716406 0.263889 0.717187 0.262500 0.717187 0.259722 0.717969 0.263889 0.722656 0.265278 0.723437 0.262500 0.725000 0.263889 0.725781 0.266667 0.727344 0.266667 0.731250 0.268056 0.733594 0.262500 0.735156 0.268056 0.738281 0.273611 0.739844 0.273611 0.740625 0.276389 0.742969 0.273611 0.745313 0.272222 0.746875 0.269444 0.746094 0.266667 0.744531 0.269444 0.742969 0.270833 0.742969 0.266667 0.743750 0.262500 0.745313 0.258333 0.745313 0.265278 0.747656 0.265278 0.749219 0.259722 0.748437 0.258333 0.750000 0.255556 0.750781 0.256944 0.757812 0.261111 0.757031 0.255556 0.753906 0.255556 0.750781 0.256944 0.750000 0.255556 0.751563 0.254167 0.753125 0.254167 0.754687 0.251389 0.756250 0.250000 0.757812 0.254167 0.759375 0.254167 0.759375 0.250000 0.760938 0.250000 0.761719 0.254167 0.763281 0.255556 0.764844 0.254167 0.764844 0.252778 0.764844 0.247222 0.766406 0.245833 0.767969 0.245833
21 0.645312 0.244444 0.645312 0.256944 0.646094 0.254167 0.645312 0.244444
21 0.256250 0.236111 0.251563 0.237500 0.250781 0.241667 0.252344 0.240278 0.253125 0.238889 0.254688 0.238889 0.256250 0.236111
21 0.259375 0.233333 0.260937 0.237500 0.261719 0.236111 0.262500 0.238889 0.262500 0.233333 0.259375 0.233333
21 0.632031 0.227778 0.631250 0.230556 0.633594 0.234722 0.636719 0.237500 0.635156 0.240278 0.636719 0.241667 0.637500 0.243056 0.639844 0.248611 0.640625 0.254167 0.642188 0.256944 0.643750 0.258333 0.642188 0.259722 0.643750 0.263889 0.646094 0.261111 0.646875 0.258333 0.648438 0.261111 0.650000 0.265278 0.649219 0.269444 0.651563 0.269444 0.653125 0.268056 0.651563 0.265278 0.650000 0.265278 0.648438 0.261111 0.648438 0.251389 0.649219 0.247222 0.650781 0.250000 0.652344 0.247222 0.651563 0.244444 0.658594 0.244444 0.660937 0.240278 0.662500 0.238889 0.668750 0.237500 0.670312 0.238889 0.672656 0.240278 0.675781 0.240278 0.677344 0.241667 0.678906 0.244444 0.678125 0.247222 0.675000 0.247222 0.672656 0.244444 0.667969 0.244444 0.667188 0.247222 0.668750 0.250000 0.675000 0.252778 0.679688 0.254167 0.682031 0.252778 0.678125 0.247222 0.678906 0.244444 0.680469 0.244444 0.682031 0.247222 0.686719 0.252778 0.689063 0.256944 0.690625 0.254167 0.689063 0.256944 0.691406 0.259722 0.690625 0.262500 0.687500 0.262500 0.686719 0.265278 0.685156 0.266667 0.687500 0.270833 0.688281 0.276389 0.689063 0.269444 0.687500 0.262500 0.690625 0.262500 0.691406 0.277778 0.691406 0.288889 0.690625 0.291667 0.689844 0.294444 0.687500 0.294444 0.686719 0.298611 0.685937 0.293056 0.688281 0.288889 0.684375 0.291667 0.682031 0.298611 0.680469 0.300000 0.676562 0.300000 0.674219 0.300000 0.674219 0.294444 0.668750 0.284722 0.666406 0.281944 0.664062 0.280556 0.652344 0.281944 0.649219 0.280556 0.637500 0.283333 0.634375 0.283333 0.632031 0.281944 0.628125 0.277778 0.625000 0.273611 0.623437 0.272222 0.621875 0.273611 0.620313 0.273611 0.621094 0.277778 0.621094 0.281944 0.621094 0.294444 0.617188 0.294444 0.614062 0.290278 0.612500 0.288889 0.609375 0.288889 0.609375 0.288889 0.610938 0.290278 0.610938 0.281944 0.608594 0.286111 0.609375 0.288889 0.609375 0.288889 0.607812 0.288889 0.606250 0.287500 0.605469 0.286111 0.604688 0.283333 0.604688 0.281944 0.603906 0.279167 0.602344 0.279167 0.602344 0.275000 0.603125 0.273611 0.603906 0.258333 0.603125 0.254167 0.608594 0.255556 0.620313 0.255556 0.624219 0.254167 0.626563 0.252778 0.628125 0.251389 0.631250 0.245833 0.630469 0.248611 0.630469 0.250000 0.628906 0.252778 0.628906 0.258333 0.631250 0.262500 0.632031 0.266667 0.635156 0.272222 0.636719 0.273611 0.638281 0.270833 0.639062 0.268056 0.639062 0.262500 0.637500 0.254167 0.636719 0.251389 0.635156 0.247222 0.633594 0.245833 0.632031 0.241667 0.632031 0.236111 0.630469 0.229167 0.632031 0.227778
21 0.035156 0.225000 0.036719 0.230556 0.038281 0.231944 0.041406 0.231944 0.040625 0.237500 0.043750 0.243056 0.042188 0.245833 0.040625 0.243056 0.039062 0.244444 0.042188 0.245833 0.043750 0.243056 0.046094 0.243056 0.046875 0.241667 0.048438 0.241667 0.051562 0.244444 0.055469 0.244444 0.057813 0.248611 0.060937 0.250000 0.062500 0.248611 0.064062 0.251389 0.066406 0.252778 0.071094 0.251389 0.072656 0.251389 0.079687 0.252778 0.081250 0.250000 0.079687 0.247222 0.078906 0.245833 0.079687 0.237500 0.081250 0.240278 0.081250 0.245833 0.082812 0.247222 0.085156 0.248611 0.089063 0.247222 0.090625 0.247222 0.092188 0.248611 0.093750 0.255556 0.093750 0.265278 0.095312 0.266667 0.094531 0.284722 0.094531 0.287500 0.096875 0.294444 0.096875 0.298611 0.092188 0.306944 0.090625 0.306944 0.090625 0.309722 0.086719 0.309722 0.083594 0.305556 0.079687 0.304167 0.078125 0.301389 0.074219 0.298611 0.071875 0.297222 0.069531 0.295833 0.066406 0.295833 0.060937 0.291667 0.055469 0.291667 0.057813 0.290278 0.053906 0.287500 0.049219 0.287500 0.045312 0.283333 0.043750 0.281944 0.042188 0.286111 0.039062 0.286111 0.038281 0.276389 0.036719 0.272222 0.036719 0.269444 0.034375 0.265278 0.033594 0.265278 0.030469 0.259722 0.029687 0.259722 0.028125 0.255556 0.030469 0.255556 0.030469 0.247222 0.028906 0.245833 0.027344 0.245833 0.035937 0.243056 0.034375 0.241667 0.033594 0.240278 0.030469 0.241667 0.027344 0.240278 0.025000 0.237500 0.022656 0.237500 0.027344 0.237500 0.023438 0.233333 0.021875 0.231944 0.031250 0.231944 0.034375 0.229167 0.035156 0.226389 0.035156 0.220833 0.035156 0.225000
21 0.508594 0.213889 0.511719 0.212500 0.510156 0.213889 0.508594 0.213889
21 0.612500 0.201389 0.612500 0.211111 0.610938 0.215278 0.613281 0.215278 0.614062 0.216667 0.622656 0.216667 0.621094 0.213889 0.621094 0.212500 0.617188 0.205556 0.614844 0.204167 0.612500 0.201389
21 0.550000 0.138889 0.550000 0.141667 0.550781 0.143056 0.550781 0.147222 0.551562 0.150000 0.553125 0.151389 0.555469 0.150000 0.560156 0.151389 0.558594 0.151389 0.553906 0.147222 0.550000 0.138889
21 0.589063 0.137500 0.589063 0.141667 0.589844 0.143056 0.589844 0.151389 0.588281 0.162500 0.587500 0.190278 0.588281 0.211111 0.590625 0.215278 0.592969 0.216667 0.594531 0.216667 0.593750 0.220833 0.591406 0.219444 0.592969 0.223611 0.593750 0.244444 0.593750 0.265278 0.592969 0.266667 0.592969 0.286111 0.592187 0.281944 0.588281 0.281944 0.586719 0.286111 0.583594 0.286111 0.578906 0.290278 0.573438 0.298611 0.572656 0.294444 0.571094 0.291667 0.568750 0.288889 0.567187 0.287500 0.565625 0.286111 0.544531 0.286111 0.541406 0.287500 0.538281 0.290278 0.536719 0.291667 0.538281 0.288889 0.536719 0.286111 0.534375 0.283333 0.530469 0.280556 0.524219 0.280556 0.532031 0.280556 0.535937 0.283333 0.539062 0.288889 0.544531 0.286111 0.542969 0.283333 0.540625 0.283333 0.535156 0.277778 0.529687 0.275000 0.526563 0.275000 0.525781 0.273611 0.523438 0.273611 0.521094 0.265278 0.519531 0.262500 0.517188 0.262500 0.517188 0.259722 0.515625 0.258333 0.514844 0.255556 0.515625 0.244444 0.515625 0.241667 0.514844 0.240278 0.515625 0.237500 0.516406 0.236111 0.516406 0.233333 0.514062 0.231944 0.513281 0.237500 0.514844 0.240278 0.515625 0.241667 0.514062 0.238889 0.512500 0.240278 0.511719 0.245833 0.509375 0.250000 0.508594 0.252778 0.509375 0.255556 0.503125 0.258333 0.502344 0.261111 0.501563 0.266667 0.501563 0.277778 0.500000 0.277778 0.495312 0.276389 0.493750 0.279167 0.487500 0.275000 0.487500 0.268056 0.485938 0.265278 0.483594 0.268056 0.483594 0.268056 0.481250 0.265278 0.478906 0.268056 0.483594 0.268056 0.483594 0.268056 0.487500 0.268056 0.487500 0.275000 0.485938 0.275000 0.484375 0.275000 0.479687 0.277778 0.473438 0.276389 0.471094 0.277778 0.470313 0.275000 0.468750 0.273611 0.470313 0.270833 0.474219 0.269444 0.472656 0.266667 0.467969 0.268056 0.469531 0.269444 0.470313 0.270833 0.468750 0.273611 0.464844 0.275000 0.463281 0.272222 0.462500 0.273611 0.460938 0.272222 0.460938 0.268056 0.460938 0.266667 0.464062 0.263889 0.465625 0.256944 0.464844 0.254167 0.464062 0.250000 0.465625 0.247222 0.467187 0.251389 0.467969 0.247222 0.465625 0.247222 0.464062 0.250000 0.461719 0.254167 0.462500 0.255556 0.460938 0.258333 0.460938 0.266667 0.460938 0.268056 0.459375 0.266667 0.457031 0.268056 0.458594 0.270833 0.460938 0.268056 0.460938 0.272222 0.457031 0.277778 0.450000 0.277778 0.450000 0.272222 0.451562 0.263889 0.453125 0.261111 0.452344 0.252778 0.457813 0.251389 0.458594 0.252778 0.458594 0.248611 0.457031 0.247222 0.459375 0.247222 0.460156 0.238889 0.462500 0.243056 0.464062 0.240278 0.464062 0.237500 0.466406 0.237500 0.471875 0.240278 0.474219 0.238889 0.473438 0.234722 0.475000 0.238889 0.476562 0.237500 0.477344 0.234722 0.480469 0.236111 0.481250 0.245833 0.478906 0.247222 0.479687 0.245833 0.476562 0.243056 0.475781 0.245833 0.479687 0.245833 0.478906 0.247222 0.480469 0.250000 0.482031 0.251389 0.481250 0.245833 0.480469 0.236111 0.484375 0.237500 0.485938 0.237500 0.491406 0.233333 0.492969 0.231944 0.494531 0.230556 0.497656 0.226389 0.500000 0.223611 0.501563 0.226389 0.497656 0.233333 0.497656 0.238889 0.494531 0.244444 0.491406 0.244444 0.492188 0.244444 0.494531 0.244444 0.497656 0.238889 0.499219 0.238889 0.500781 0.236111 0.503906 0.227778 0.503906 0.223611 0.505469 0.220833 0.505469 0.223611 0.503906 0.223611 0.503906 0.227778 0.502344 0.230556 0.504687 0.230556 0.507031 0.229167 0.507812 0.226389 0.507812 0.222222 0.508594 0.218056 0.510156 0.218056 0.509375 0.220833 0.509375 0.223611 0.511719 0.225000 0.514062 0.220833 0.514062 0.215278 0.515625 0.209722 0.517969 0.206944 0.519531 0.208333 0.521094 0.211111 0.525000 0.213889 0.527344 0.213889 0.528906 0.212500 0.530469 0.211111 0.534375 0.205556 0.535937 0.202778 0.536719 0.200000 0.537500 0.195833 0.534375 0.194444 0.531250 0.197222 0.528125 0.198611 0.522656 0.198611 0.521094 0.201389 0.514844 0.202778 0.515625 0.200000 0.514062 0.198611 0.513281 0.195833 0.514844 0.197222 0.515625 0.200000 0.517969 0.194444 0.521094 0.191667 0.522656 0.191667 0.526563 0.187500 0.528906 0.188889 0.531250 0.187500 0.532813 0.184722 0.533594 0.181944 0.534375 0.176389 0.535156 0.169444 0.537500 0.172222 0.539844 0.173611 0.541406 0.170833 0.539844 0.168056 0.539844 0.165278 0.537500 0.163889 0.539062 0.163889 0.539844 0.159722 0.535937 0.159722 0.531250 0.151389 0.533594 0.148611 0.530469 0.147222 0.528125 0.143056 0.526563 0.141667 0.528125 0.143056 0.529687 0.144444 0.531250 0.147222 0.532813 0.147222 0.534375 0.150000 0.533594 0.154167 0.535156 0.156944 0.536719 0.158333 0.539844 0.158333 0.541406 0.161111 0.541406 0.168056 0.542969 0.173611 0.540625 0.180556 0.540625 0.183333 0.543750 0.181944 0.543750 0.180556 0.546094 0.176389 0.546094 0.169444 0.545312 0.163889 0.544531 0.162500 0.543750 0.158333 0.545312 0.159722 0.546875 0.162500 0.548438 0.163889 0.551562 0.165278 0.553125 0.163889 0.553906 0.163889 0.554688 0.162500 0.554688 0.161111 0.556250 0.158333 0.560156 0.156944 0.568750 0.158333 0.571875 0.161111 0.578906 0.161111 0.582031 0.159722 0.583594 0.155556 0.585938 0.152778 0.586719 0.141667 0.587500 0.140278 0.587500 0.137500 0.589063 0.137500
21 0.103125 0.131944 0.101562 0.133333 0.100000 0.134722 0.105469 0.136111 0.107813 0.136111 0.112500 0.134722 0.113281 0.133333 0.115625 0.133333 0.113281 0.133333 0.112500 0.131944 0.103125 0.131944
21 0.525000 0.081944 0.525000 0.083333 0.528906 0.083333 0.529687 0.086111 0.529687 0.090278 0.528906 0.093056 0.527344 0.090278 0.526563 0.093056 0.528906 0.093056 0.529687 0.090278 0.533594 0.088889 0.536719 0.088889 0.538281 0.091667 0.539062 0.094444 0.539062 0.097222 0.540625 0.101389 0.545312 0.109722 0.545312 0.115278 0.543750 0.113889 0.543750 0.111111 0.541406 0.109722 0.542188 0.106944 0.540625 0.104167 0.539062 0.105556 0.538281 0.101389 0.535937 0.098611 0.535937 0.095833 0.531250 0.095833 0.532031 0.098611 0.528906 0.102778 0.528125 0.108333 0.528125 0.113889 0.532031 0.119444 0.533594 0.123611 0.535937 0.125000 0.537500 0.129167 0.537500 0.130556 0.539844 0.131944 0.541406 0.129167 0.539844 0.127778 0.538281 0.126389 0.539844 0.125000 0.540625 0.122222 0.541406 0.125000 0.543750 0.125000 0.544531 0.122222 0.543750 0.118056 0.543750 0.120833 0.546094 0.123611 0.546094 0.126389 0.546094 0.131944 0.544531 0.134722 0.538281 0.134722 0.535937 0.133333 0.532813 0.126389 0.531250 0.123611 0.528906 0.120833 0.525000 0.122222 0.527344 0.129167 0.525781 0.134722 0.525781 0.138889 0.524219 0.136111 0.525000 0.131944 0.524219 0.129167 0.525000 0.131944 0.527344 0.129167 0.525000 0.125000 0.524219 0.125000 0.521875 0.119444 0.520312 0.118056 0.521875 0.115278 0.522656 0.111111 0.521875 0.109722 0.522656 0.105556 0.525000 0.106944 0.525000 0.109722 0.524219 0.113889 0.526563 0.115278 0.527344 0.111111 0.525000 0.109722 0.525000 0.106944 0.526563 0.105556 0.528125 0.108333 0.528906 0.100000 0.525000 0.098611 0.524219 0.095833 0.525000 0.087500 0.523438 0.079167 0.525000 0.081944
21 0.532813 0.077778 0.532813 0.080556 0.533594 0.083333 0.535156 0.083333 0.536719 0.084722 0.532813 0.077778
21 0.515625 0.072222 0.515625 0.075000 0.517969 0.075000 0.515625 0.072222
21 0.532813 0.069444 0.532813 0.072222 0.535156 0.072222 0.535937 0.073611 0.538281 0.073611 0.539844 0.072222 0.537500 0.072222 0.536719 0.070833 0.532813 0.069444
21 0.517188 0.065278 0.518750 0.065278 0.519531 0.066667 0.524219 0.069444 0.526563 0.069444 0.530469 0.072222 0.527344 0.068056 0.525000 0.066667 0.521094 0.066667 0.520312 0.065278 0.517188 0.065278
21 0.432812 0.048611 0.432031 0.051389 0.431250 0.055556 0.432812 0.056944 0.435156 0.058333 0.435156 0.065278 0.435937 0.056944 0.439844 0.056944 0.439844 0.054167 0.441406 0.054167 0.442188 0.052778 0.443750 0.052778 0.447656 0.054167 0.448437 0.055556 0.452344 0.054167 0.450781 0.051389 0.447656 0.051389 0.446875 0.054167 0.444531 0.051389 0.441406 0.051389 0.440625 0.048611 0.435156 0.047222 0.432812 0.048611
21 0.693750 0.043056 0.695312 0.041667 0.694531 0.048611 0.695312 0.051389 0.697656 0.052778 0.700781 0.058333 0.698438 0.054167 0.698438 0.058333 0.699219 0.062500 0.700000 0.065278 0.699219 0.068056 0.696094 0.070833 0.696094 0.072222 0.694531 0.075000 0.694531 0.079167 0.692969 0.083333 0.693750 0.086111 0.696875 0.086111 0.698438 0.088889 0.695312 0.091667 0.692969 0.090278 0.689844 0.090278 0.688281 0.086111 0.684375 0.087500 0.685937 0.088889 0.684375 0.093056 0.682813 0.091667 0.680469 0.095833 0.680469 0.095833 0.681250 0.091667 0.678125 0.091667 0.680469 0.095833 0.680469 0.095833 0.679688 0.100000 0.678906 0.108333 0.678125 0.106944 0.676562 0.111111 0.675000 0.108333 0.675000 0.104167 0.674219 0.104167 0.671094 0.100000 0.668750 0.102778 0.667969 0.100000 0.666406 0.101389 0.665625 0.102778 0.664844 0.105556 0.664844 0.108333 0.666406 0.111111 0.667969 0.111111 0.671094 0.108333 0.674219 0.104167 0.675000 0.104167 0.673438 0.106944 0.670312 0.113889 0.668750 0.115278 0.664062 0.115278 0.661719 0.118056 0.661719 0.115278 0.664062 0.112500 0.659375 0.108333 0.657031 0.108333 0.656250 0.102778 0.657813 0.100000 0.655469 0.097222 0.654687 0.100000 0.653125 0.098611 0.651563 0.098611 0.651563 0.095833 0.653125 0.094444 0.653125 0.094444 0.654687 0.097222 0.657813 0.094444 0.653125 0.094444 0.653125 0.094444 0.653125 0.091667 0.650000 0.087500 0.647656 0.081944 0.646875 0.086111 0.643750 0.088889 0.641406 0.093056 0.638281 0.093056 0.639844 0.091667 0.641406 0.088889 0.641406 0.086111 0.638281 0.084722 0.637500 0.087500 0.635938 0.088889 0.633594 0.088889 0.632031 0.091667 0.632031 0.094444 0.633594 0.097222 0.635156 0.097222 0.636719 0.094444 0.635156 0.100000 0.633594 0.102778 0.632031 0.102778 0.630469 0.105556 0.633594 0.105556 0.633594 0.111111 0.634375 0.112500 0.632812 0.113889 0.631250 0.116667 0.632812 0.118056 0.630469 0.123611 0.628125 0.123611 0.627344 0.122222 0.625000 0.122222 0.622656 0.125000 0.620313 0.126389 0.617188 0.125000 0.617188 0.122222 0.616406 0.120833 0.616406 0.115278 0.617188 0.112500 0.617969 0.111111 0.619531 0.109722 0.623437 0.111111 0.628125 0.104167 0.628906 0.101389 0.629687 0.098611 0.628906 0.095833 0.627344 0.098611 0.625781 0.100000 0.625000 0.102778 0.621875 0.104167 0.620313 0.106944 0.618750 0.106944 0.619531 0.100000 0.621875 0.094444 0.622656 0.091667 0.623437 0.087500 0.624219 0.083333 0.624219 0.079167 0.626563 0.066667 0.627344 0.063889 0.628906 0.059722 0.631250 0.055556 0.633594 0.052778 0.637500 0.050000 0.640625 0.048611 0.645312 0.047222 0.652344 0.047222 0.657813 0.044444 0.667969 0.044444 0.670312 0.045833 0.672656 0.048611 0.675000 0.050000 0.682031 0.050000 0.683594 0.048611 0.687500 0.043056 0.689063 0.041667 0.690625 0.040278 0.692969 0.038889 0.693750 0.043056
21 0.664844 0.000000 0.664844 0.004167 0.665625 0.006944 0.669531 0.006944 0.666406 0.006944 0.664844 0.004167 0.664844 0.000000
22 0.864062 0.361111 0.862500 0.362500 0.864062 0.362500 0.864844 0.361111 0.866406 0.361111 0.864062 0.361111
22 0.862500 0.352778 0.860156 0.356944 0.858594 0.356944 0.861719 0.359722 0.863281 0.356944 0.861719 0.355556 0.864062 0.354167 0.864844 0.355556 0.866406 0.355556 0.866406 0.352778 0.862500 0.352778
23 0.042969 0.283333 0.042969 0.286111 0.044531 0.287500 0.047656 0.288889 0.053125 0.288889 0.053906 0.290278 0.057031 0.290278 0.054688 0.290278 0.053906 0.288889 0.049219 0.288889 0.042969 0.283333
23 0.025781 0.258333 0.025000 0.258333 0.024219 0.262500 0.025000 0.263889 0.025000 0.266667 0.024219 0.269444 0.022656 0.272222 0.022656 0.273611 0.017188 0.273611 0.013281 0.276389 0.013281 0.279167 0.019531 0.277778 0.021875 0.279167 0.021875 0.281944 0.023438 0.283333 0.029687 0.283333 0.035937 0.284722 0.036719 0.286111 0.038281 0.286111 0.037500 0.276389 0.035937 0.272222 0.035937 0.269444 0.034375 0.266667 0.030469 0.261111 0.027344 0.256944 0.025781 0.258333
24 0.757812 0.754167 0.761719 0.756944 0.769531 0.756944 0.773438 0.759722 0.775000 0.765278 0.778125 0.763889 0.782813 0.766667 0.781250 0.768056 0.782813 0.769444 0.783594 0.770833 0.785937 0.772222 0.791406 0.772222 0.796094 0.773611 0.797656 0.776389 0.801562 0.776389 0.808594 0.780556 0.810156 0.783333 0.812500 0.784722 0.810937 0.783333 0.805469 0.777778 0.803125 0.776389 0.800000 0.772222 0.797656 0.773611 0.795312 0.770833 0.791406 0.769444 0.787500 0.765278 0.781250 0.763889 0.778906 0.762500 0.776563 0.759722 0.771094 0.758333 0.770312 0.755556 0.767969 0.756944 0.762500 0.755556 0.761719 0.754167 0.757812 0.754167
24 0.592969 0.401389 0.595313 0.401389 0.596875 0.402778 0.600781 0.401389 0.592969 0.401389
24 0.588281 0.283333 0.587500 0.286111 0.592187 0.286111 0.592187 0.283333 0.588281 0.283333
24 0.439844 0.272222 0.439844 0.275000 0.441406 0.273611 0.439844 0.272222
24 0.396875 0.270833 0.400781 0.270833 0.401562 0.272222 0.407813 0.272222 0.412500 0.275000 0.420312 0.275000 0.421094 0.276389 0.423438 0.276389 0.421875 0.276389 0.421094 0.275000 0.415625 0.273611 0.408594 0.272222 0.402344 0.272222 0.401562 0.270833 0.396875 0.270833
24 0.443750 0.259722 0.442188 0.259722 0.442969 0.268056 0.444531 0.265278 0.446094 0.265278 0.446875 0.256944 0.443750 0.259722
24 0.221094 0.247222 0.223438 0.248611 0.225000 0.247222 0.223438 0.247222 0.221094 0.247222
24 0.022656 0.241667 0.024219 0.241667 0.025000 0.243056 0.035156 0.243056 0.033594 0.241667 0.030469 0.243056 0.022656 0.241667
24 0.453125 0.237500 0.452344 0.240278 0.450000 0.245833 0.451562 0.251389 0.450781 0.261111 0.449219 0.256944 0.448437 0.272222 0.446094 0.273611 0.447656 0.275000 0.448437 0.279167 0.448437 0.283333 0.446875 0.287500 0.446875 0.291667 0.448437 0.293056 0.449219 0.294444 0.449219 0.300000 0.448437 0.301389 0.447656 0.304167 0.446094 0.295833 0.442969 0.297222 0.439063 0.290278 0.438281 0.294444 0.439063 0.297222 0.442188 0.302778 0.442188 0.305556 0.443750 0.308333 0.443750 0.312500 0.445312 0.318056 0.447656 0.316667 0.448437 0.313889 0.449219 0.305556 0.449219 0.293056 0.450000 0.284722 0.452344 0.281944 0.451562 0.279167 0.449219 0.277778 0.449219 0.272222 0.450000 0.268056 0.450781 0.263889 0.452344 0.261111 0.451562 0.254167 0.452344 0.248611 0.451562 0.241667 0.452344 0.240278 0.453125 0.237500
24 0.513281 0.231944 0.514844 0.238889 0.512500 0.245833 0.510938 0.247222 0.510156 0.250000 0.510156 0.251389 0.510156 0.254167 0.508594 0.258333 0.503906 0.258333 0.503125 0.261111 0.502344 0.266667 0.502344 0.290278 0.500781 0.291667 0.500781 0.298611 0.501563 0.298611 0.501563 0.305556 0.499219 0.304167 0.500781 0.308333 0.503125 0.315278 0.503906 0.319444 0.503906 0.323611 0.505469 0.329167 0.510156 0.329167 0.510938 0.329167 0.512500 0.323611 0.512500 0.320833 0.511719 0.319444 0.511719 0.315278 0.510156 0.311111 0.510156 0.294444 0.510938 0.288889 0.512500 0.283333 0.513281 0.277778 0.513281 0.270833 0.513281 0.255556 0.514062 0.255556 0.514062 0.245833 0.514062 0.240278 0.515625 0.236111 0.515625 0.233333 0.513281 0.231944
24 0.192969 0.220833 0.192188 0.225000 0.192188 0.229167 0.193750 0.233333 0.192188 0.234722 0.192188 0.237500 0.192969 0.238889 0.192969 0.241667 0.192969 0.245833 0.195312 0.245833 0.193750 0.237500 0.194531 0.227778 0.192969 0.220833
24 0.605469 0.215278 0.600781 0.218056 0.596875 0.216667 0.595313 0.218056 0.594531 0.219444 0.593750 0.222222 0.592187 0.219444 0.593750 0.223611 0.594531 0.244444 0.594531 0.265278 0.593750 0.266667 0.593750 0.288889 0.595313 0.294444 0.595313 0.297222 0.593750 0.308333 0.593750 0.322222 0.592969 0.325000 0.592187 0.327778 0.591406 0.329167 0.589063 0.331944 0.584375 0.330556 0.586719 0.331944 0.586719 0.333333 0.586719 0.337500 0.586719 0.340278 0.588281 0.341667 0.588281 0.345833 0.586719 0.347222 0.587500 0.352778 0.591406 0.356944 0.588281 0.358333 0.587500 0.359722 0.585156 0.359722 0.588281 0.363889 0.585156 0.363889 0.583594 0.366667 0.583594 0.369444 0.584375 0.370833 0.584375 0.373611 0.583594 0.376389 0.581250 0.380556 0.584375 0.383333 0.584375 0.387500 0.586719 0.388889 0.586719 0.394444 0.585156 0.398611 0.586719 0.398611 0.587500 0.394444 0.589063 0.398611 0.607031 0.398611 0.606250 0.394444 0.604688 0.388889 0.606250 0.384722 0.604688 0.383333 0.604688 0.379167 0.606250 0.377778 0.606250 0.375000 0.603906 0.372222 0.604688 0.365278 0.605469 0.370833 0.605469 0.356944 0.603906 0.355556 0.603125 0.350000 0.603906 0.345833 0.604688 0.344444 0.604688 0.341667 0.602344 0.343056 0.602344 0.341667 0.602344 0.337500 0.604688 0.337500 0.606250 0.336111 0.606250 0.333333 0.605469 0.329167 0.607031 0.329167 0.607031 0.325000 0.602344 0.323611 0.602344 0.306944 0.601562 0.302778 0.600781 0.300000 0.602344 0.281944 0.603125 0.286111 0.604688 0.286111 0.603125 0.279167 0.601562 0.279167 0.601562 0.275000 0.603125 0.258333 0.603125 0.250000 0.601562 0.243056 0.600781 0.234722 0.600781 0.230556 0.601562 0.220833 0.602344 0.218056 0.605469 0.215278
24 0.511719 0.215278 0.510938 0.218056 0.510156 0.220833 0.510156 0.223611 0.511719 0.223611 0.513281 0.220833 0.513281 0.215278 0.511719 0.215278
24 0.507812 0.220833 0.507812 0.218056 0.509375 0.218056 0.508594 0.215278 0.507812 0.220833
24 0.199219 0.195833 0.199219 0.202778 0.200000 0.204167 0.200781 0.222222 0.200000 0.240278 0.200000 0.245833 0.203125 0.247222 0.203125 0.244444 0.201563 0.231944 0.202344 0.225000 0.202344 0.222222 0.201563 0.218056 0.200000 0.212500 0.200781 0.197222 0.199219 0.195833
24 0.510938 0.183333 0.511719 0.188889 0.510938 0.188889 0.510156 0.191667 0.512500 0.191667 0.510938 0.188889 0.511719 0.188889 0.514062 0.194444 0.512500 0.195833 0.513281 0.198611 0.512500 0.200000 0.510938 0.202778 0.511719 0.205556 0.513281 0.202778 0.512500 0.200000 0.513281 0.198611 0.514844 0.200000 0.514062 0.204167 0.512500 0.206944 0.511719 0.211111 0.510938 0.198611 0.510156 0.197222 0.510938 0.183333
24 0.195312 0.177778 0.194531 0.180556 0.194531 0.186111 0.195312 0.220833 0.196094 0.236111 0.197656 0.244444 0.198437 0.233333 0.197656 0.206944 0.196875 0.187500 0.196094 0.186111 0.195312 0.177778
24 0.510156 0.179167 0.511719 0.179167 0.515625 0.176389 0.514062 0.170833 0.512500 0.170833 0.511719 0.173611 0.510938 0.170833 0.510156 0.179167
24 0.503906 0.169444 0.504687 0.175000 0.503125 0.175000 0.503125 0.177778 0.503906 0.184722 0.502344 0.190278 0.502344 0.197222 0.503906 0.202778 0.503906 0.205556 0.502344 0.208333 0.501563 0.216667 0.500000 0.220833 0.502344 0.227778 0.498437 0.236111 0.503125 0.227778 0.503906 0.222222 0.504687 0.218056 0.505469 0.211111 0.503906 0.209722 0.505469 0.187500 0.506250 0.186111 0.506250 0.168056 0.503906 0.169444
24 0.500781 0.168056 0.501563 0.173611 0.502344 0.169444 0.502344 0.165278 0.500781 0.168056
24 0.505469 0.133333 0.506250 0.138889 0.505469 0.145833 0.505469 0.148611 0.504687 0.151389 0.506250 0.151389 0.505469 0.133333
24 0.507812 0.122222 0.506250 0.125000 0.506250 0.129167 0.508594 0.126389 0.509375 0.129167 0.510938 0.134722 0.510938 0.138889 0.510156 0.140278 0.510938 0.145833 0.510938 0.155556 0.510938 0.158333 0.510156 0.165278 0.511719 0.166667 0.512500 0.163889 0.511719 0.158333 0.514062 0.158333 0.513281 0.155556 0.514844 0.152778 0.514062 0.145833 0.513281 0.137500 0.512500 0.133333 0.510938 0.129167 0.509375 0.125000 0.507812 0.122222
24 0.221094 0.102778 0.225781 0.106944 0.228125 0.108333 0.233594 0.108333 0.235937 0.111111 0.238281 0.111111 0.239844 0.112500 0.241406 0.118056 0.241406 0.123611 0.241406 0.118056 0.240625 0.115278 0.239063 0.112500 0.237500 0.111111 0.235937 0.113889 0.228906 0.113889 0.223438 0.115278 0.220312 0.116667 0.220312 0.119444 0.213281 0.120833 0.220312 0.123611 0.224219 0.123611 0.227344 0.122222 0.231250 0.118056 0.235937 0.118056 0.234375 0.122222 0.234375 0.125000 0.232813 0.122222 0.222656 0.125000 0.221875 0.126389 0.208594 0.125000 0.203125 0.126389 0.200781 0.129167 0.198437 0.133333 0.199219 0.137500 0.200781 0.141667 0.199219 0.143056 0.201563 0.144444 0.200000 0.155556 0.201563 0.158333 0.201563 0.162500 0.200781 0.165278 0.198437 0.166667 0.197656 0.154167 0.198437 0.150000 0.196875 0.140278 0.196875 0.125000 0.198437 0.122222 0.200781 0.122222 0.201563 0.120833 0.203125 0.120833 0.207813 0.120833 0.208594 0.122222 0.212500 0.120833 0.209375 0.118056 0.200000 0.118056 0.196094 0.119444 0.196094 0.155556 0.195312 0.169444 0.196094 0.172222 0.195312 0.175000 0.195312 0.172222 0.194531 0.170833 0.194531 0.168056 0.194531 0.159722 0.192969 0.131944 0.192188 0.168056 0.190625 0.165278 0.189844 0.165278 0.188281 0.156944 0.189062 0.152778 0.190625 0.150000 0.190625 0.147222 0.189062 0.143056 0.189062 0.138889 0.191406 0.134722 0.189062 0.131944 0.185156 0.136111 0.180469 0.136111 0.177344 0.133333 0.173437 0.133333 0.171875 0.130556 0.171094 0.130556 0.171094 0.126389 0.171875 0.126389 0.173437 0.123611 0.175000 0.122222 0.177344 0.120833 0.181250 0.119444 0.186719 0.119444 0.186719 0.120833 0.181250 0.122222 0.177344 0.125000 0.172656 0.125000 0.174219 0.131944 0.175781 0.129167 0.178906 0.129167 0.180469 0.126389 0.185156 0.126389 0.185938 0.125000 0.189844 0.125000 0.190625 0.126389 0.192188 0.129167 0.192969 0.122222 0.186719 0.120833 0.186719 0.119444 0.190625 0.113889 0.189062 0.116667 0.191406 0.118056 0.192969 0.115278 0.192969 0.111111 0.194531 0.111111 0.195312 0.109722 0.198437 0.108333 0.198437 0.111111 0.196094 0.112500 0.197656 0.116667 0.206250 0.113889 0.215625 0.112500 0.205469 0.109722 0.201563 0.109722 0.198437 0.111111 0.198437 0.108333 0.208594 0.109722 0.217969 0.108333 0.219531 0.105556 0.219531 0.104167 0.221094 0.102778
24 0.519531 0.068056 0.521875 0.073611 0.523438 0.075000 0.525000 0.075000 0.524219 0.072222 0.523438 0.069444 0.521875 0.069444 0.521094 0.068056 0.519531 0.068056
24 0.519531 0.059722 0.517969 0.061111 0.518750 0.063889 0.520312 0.063889 0.521094 0.065278 0.525000 0.065278 0.528125 0.068056 0.533594 0.068056 0.536719 0.069444 0.539844 0.070833 0.542188 0.073611 0.547656 0.076389 0.561719 0.081944 0.566406 0.086111 0.568750 0.087500 0.581250 0.094444 0.586719 0.095833 0.590625 0.100000 0.594531 0.101389 0.596875 0.105556 0.596875 0.108333 0.596094 0.113889 0.596875 0.131944 0.595313 0.134722 0.592969 0.134722 0.598437 0.134722 0.597656 0.115278 0.599219 0.112500 0.600781 0.111111 0.602344 0.109722 0.604688 0.109722 0.602344 0.106944 0.602344 0.104167 0.603125 0.095833 0.601562 0.087500 0.597656 0.087500 0.597656 0.091667 0.594531 0.097222 0.592187 0.097222 0.589063 0.095833 0.581250 0.091667 0.567969 0.081944 0.562500 0.079167 0.559375 0.079167 0.556250 0.077778 0.553906 0.075000 0.551562 0.075000 0.549219 0.072222 0.546094 0.072222 0.539844 0.068056 0.532813 0.066667 0.530469 0.063889 0.527344 0.062500 0.523438 0.061111 0.519531 0.059722
24 0.503125 0.052778 0.507031 0.054167 0.505469 0.052778 0.503125 0.052778
24 0.451562 0.051389 0.453125 0.054167 0.451562 0.055556 0.465625 0.056944 0.467187 0.056944 0.469531 0.054167 0.474219 0.052778 0.475781 0.054167 0.473438 0.052778 0.472656 0.051389 0.459375 0.052778 0.455469 0.052778 0.454688 0.051389 0.451562 0.051389
24 0.514844 0.048611 0.514062 0.048611 0.513281 0.050000 0.513281 0.051389 0.511719 0.054167 0.509375 0.055556 0.511719 0.055556 0.514844 0.052778 0.516406 0.047222 0.514844 0.048611
24 0.467969 0.043056 0.467969 0.045833 0.475000 0.045833 0.470313 0.047222 0.474219 0.047222 0.475000 0.048611 0.481250 0.050000 0.486719 0.048611 0.487500 0.051389 0.489844 0.051389 0.497656 0.050000 0.499219 0.052778 0.498437 0.055556 0.494531 0.056944 0.493750 0.058333 0.492969 0.059722 0.485156 0.061111 0.485156 0.066667 0.488281 0.066667 0.489063 0.068056 0.493750 0.066667 0.494531 0.068056 0.499219 0.065278 0.503906 0.065278 0.505469 0.066667 0.507812 0.069444 0.513281 0.076389 0.514844 0.076389 0.514844 0.068056 0.514844 0.065278 0.513281 0.062500 0.511719 0.061111 0.507812 0.061111 0.506250 0.058333 0.502344 0.058333 0.499219 0.055556 0.501563 0.054167 0.497656 0.045833 0.496094 0.045833 0.495312 0.044444 0.488281 0.044444 0.486719 0.047222 0.485156 0.047222 0.484375 0.045833 0.481250 0.044444 0.478906 0.044444 0.475000 0.045833 0.467969 0.043056
24 0.421094 0.038889 0.420312 0.041667 0.417969 0.041667 0.416406 0.043056 0.420312 0.043056 0.422656 0.045833 0.426563 0.045833 0.425781 0.041667 0.428125 0.041667 0.443750 0.044444 0.461719 0.044444 0.462500 0.043056 0.465625 0.043056 0.463281 0.043056 0.462500 0.041667 0.460156 0.041667 0.459375 0.040278 0.457813 0.040278 0.453906 0.041667 0.439063 0.038889 0.431250 0.040278 0.425000 0.040278 0.421094 0.038889
24 0.596875 0.000000 0.596875 0.002778 0.597656 0.025000 0.595313 0.030556 0.596094 0.034722 0.603125 0.033333 0.603906 0.034722 0.609375 0.033333 0.607812 0.031944 0.607812 0.029167 0.604688 0.025000 0.604688 0.015278 0.605469 0.011111 0.607031 0.008333 0.608594 0.011111 0.610156 0.011111 0.613281 0.009722 0.615625 0.008333 0.615625 0.004167 0.613281 0.000000 0.596875 0.000000
24 0.146875 0.000000 0.146875 0.011111 0.148438 0.015278 0.147656 0.020833 0.148438 0.026389 0.150000 0.029167 0.148438 0.043056 0.148438 0.066667 0.150000 0.072222 0.148438 0.079167 0.147656 0.087500 0.147656 0.095833 0.148438 0.108333 0.146875 0.112500 0.146875 0.120833 0.148438 0.123611 0.150000 0.125000 0.148438 0.127778 0.147656 0.133333 0.146875 0.134722 0.147656 0.138889 0.148438 0.136111 0.150000 0.133333 0.148438 0.127778 0.150000 0.125000 0.151562 0.125000 0.152344 0.123611 0.153906 0.123611 0.155469 0.125000 0.157031 0.127778 0.153906 0.125000 0.151562 0.125000 0.151562 0.129167 0.153125 0.130556 0.152344 0.131944 0.156250 0.137500 0.158594 0.138889 0.160938 0.138889 0.161719 0.136111 0.163281 0.137500 0.164062 0.138889 0.164062 0.140278 0.164062 0.144444 0.164062 0.147222 0.161719 0.145833 0.158594 0.150000 0.157812 0.147222 0.159375 0.145833 0.157812 0.144444 0.157812 0.141667 0.155469 0.143056 0.153906 0.143056 0.151562 0.147222 0.152344 0.150000 0.150000 0.155556 0.150781 0.156944 0.149219 0.159722 0.150781 0.162500 0.152344 0.159722 0.153906 0.159722 0.153906 0.165278 0.152344 0.165278 0.151562 0.169444 0.149219 0.172222 0.150000 0.176389 0.151562 0.177778 0.149219 0.181944 0.151562 0.187500 0.149219 0.188889 0.150781 0.191667 0.151562 0.205556 0.150781 0.208333 0.150000 0.208333 0.150781 0.213889 0.150781 0.220833 0.149219 0.222222 0.148438 0.226389 0.148438 0.229167 0.150000 0.230556 0.149219 0.236111 0.150000 0.238889 0.150000 0.241667 0.150000 0.244444 0.149219 0.247222 0.147656 0.251389 0.146875 0.247222 0.145313 0.244444 0.144531 0.251389 0.142969 0.254167 0.132031 0.254167 0.133594 0.252778 0.135937 0.251389 0.137500 0.248611 0.138281 0.237500 0.139063 0.177778 0.139063 0.175000 0.138281 0.162500 0.139063 0.145833 0.138281 0.134722 0.136719 0.134722 0.137500 0.129167 0.138281 0.127778 0.138281 0.113889 0.136719 0.111111 0.134375 0.111111 0.136719 0.109722 0.137500 0.111111 0.139063 0.100000 0.138281 0.087500 0.138281 0.084722 0.139063 0.070833 0.140625 0.065278 0.139063 0.056944 0.139063 0.047222 0.140625 0.045833 0.140625 0.038889 0.139063 0.034722 0.140625 0.033333 0.139844 0.020833 0.139844 0.016667 0.138281 0.015278 0.140625 0.013889 0.141406 0.011111 0.141406 0.000000 0.146875 0.000000
24 0.088281 0.009722 0.089844 0.020833 0.089063 0.031944 0.088281 0.033333 0.088281 0.038889 0.089063 0.031944 0.090625 0.041667 0.089063 0.044444 0.089063 0.052778 0.090625 0.070833 0.090625 0.090278 0.089063 0.097222 0.087500 0.095833 0.085156 0.094444 0.086719 0.095833 0.088281 0.095833 0.089844 0.098611 0.089063 0.102778 0.084375 0.104167 0.088281 0.105556 0.089844 0.106944 0.091406 0.119444 0.091406 0.134722 0.089063 0.143056 0.089844 0.151389 0.089844 0.154167 0.088281 0.155556 0.088281 0.159722 0.089063 0.168056 0.091406 0.169444 0.092188 0.170833 0.092188 0.172222 0.093750 0.175000 0.094531 0.183333 0.092969 0.186111 0.092188 0.190278 0.092188 0.195833 0.092969 0.197222 0.092188 0.202778 0.092188 0.205556 0.092188 0.218056 0.093750 0.226389 0.092969 0.231944 0.093750 0.233333 0.092969 0.237500 0.093750 0.254167 0.094531 0.255556 0.094531 0.265278 0.096094 0.266667 0.095312 0.284722 0.095312 0.287500 0.097656 0.294444 0.097656 0.298611 0.092188 0.308333 0.090625 0.308333 0.090625 0.311111 0.088281 0.311111 0.089844 0.312500 0.092188 0.313889 0.092969 0.315278 0.095312 0.320833 0.097656 0.322222 0.103125 0.330556 0.105469 0.331944 0.107031 0.334722 0.107813 0.334722 0.109375 0.337500 0.107813 0.334722 0.107813 0.333333 0.107031 0.331944 0.105469 0.330556 0.103906 0.330556 0.098437 0.320833 0.095312 0.318056 0.093750 0.315278 0.093750 0.312500 0.092188 0.308333 0.098437 0.298611 0.101562 0.293056 0.103125 0.286111 0.103125 0.279167 0.101562 0.270833 0.101562 0.251389 0.100000 0.236111 0.099219 0.212500 0.100000 0.200000 0.100000 0.194444 0.100000 0.190278 0.098437 0.187500 0.097656 0.163889 0.097656 0.159722 0.098437 0.158333 0.098437 0.154167 0.098437 0.127778 0.101562 0.125000 0.099219 0.125000 0.098437 0.127778 0.096875 0.120833 0.096875 0.094444 0.096094 0.079167 0.096094 0.076389 0.094531 0.066667 0.094531 0.055556 0.093750 0.048611 0.092969 0.043056 0.092969 0.036111 0.091406 0.036111 0.091406 0.026389 0.092188 0.025000 0.092188 0.020833 0.091406 0.025000 0.090625 0.015278 0.091406 0.013889 0.091406 0.008333 0.090625 0.013889 0.089844 0.004167 0.089063 0.002778 0.089063 0.000000 0.088281 0.009722
29 0.607031 0.216667 0.606250 0.218056 0.603125 0.218056 0.602344 0.220833 0.601562 0.230556 0.601562 0.234722 0.602344 0.243056 0.603125 0.248611 0.603906 0.251389 0.608594 0.254167 0.620313 0.254167 0.624219 0.252778 0.626563 0.251389 0.628125 0.250000 0.631250 0.244444 0.631250 0.236111 0.630469 0.230556 0.629687 0.225000 0.628906 0.222222 0.627344 0.220833 0.625781 0.219444 0.623437 0.218056 0.613281 0.216667 0.607031 0.216667
29 0.238281 0.123611 0.237500 0.125000 0.235156 0.125000 0.232813 0.129167 0.232031 0.133333 0.232031 0.155556 0.232813 0.158333 0.234375 0.161111 0.235937 0.162500 0.239063 0.163889 0.242188 0.165278 0.246094 0.165278 0.249219 0.162500 0.250000 0.159722 0.250000 0.136111 0.249219 0.133333 0.246875 0.130556 0.244531 0.127778 0.239844 0.123611 0.238281 0.123611
29 0.414062 0.062500 0.410938 0.063889 0.408594 0.065278 0.405469 0.070833 0.404687 0.077778 0.404687 0.091667 0.405469 0.106944 0.407031 0.112500 0.408594 0.115278 0.410156 0.116667 0.414062 0.118056 0.418750 0.118056 0.423438 0.116667 0.425781 0.115278 0.427344 0.113889 0.427344 0.111111 0.428125 0.109722 0.428125 0.101389 0.426563 0.094444 0.426563 0.088889 0.427344 0.077778 0.426563 0.072222 0.425000 0.068056 0.423438 0.065278 0.421875 0.063889 0.418750 0.062500 0.414062 0.062500
30 0.087500 0.166667 0.083594 0.169444 0.075000 0.170833 0.073438 0.176389 0.073438 0.179167 0.075000 0.184722 0.078125 0.186111 0.083594 0.187500 0.091406 0.187500 0.093750 0.183333 0.092969 0.175000 0.091406 0.170833 0.087500 0.166667
30 0.602344 0.111111 0.600781 0.112500 0.599219 0.113889 0.599219 0.134722 0.591406 0.136111 0.591406 0.138889 0.590625 0.140278 0.590625 0.151389 0.589063 0.162500 0.588281 0.190278 0.589063 0.211111 0.590625 0.213889 0.594531 0.215278 0.596094 0.216667 0.604688 0.215278 0.607812 0.213889 0.610938 0.211111 0.610938 0.180556 0.612500 0.155556 0.611719 0.137500 0.613281 0.134722 0.614062 0.134722 0.615625 0.127778 0.614844 0.112500 0.613281 0.111111 0.602344 0.111111
30 0.515625 0.076389 0.509375 0.079167 0.501563 0.079167 0.496875 0.083333 0.489063 0.087500 0.485156 0.088889 0.481250 0.088889 0.478125 0.090278 0.475781 0.091667 0.474219 0.094444 0.473438 0.098611 0.474219 0.115278 0.475781 0.116667 0.478125 0.118056 0.489063 0.118056 0.501563 0.111111 0.510156 0.111111 0.513281 0.111111 0.516406 0.106944 0.517969 0.105556 0.520312 0.105556 0.523438 0.100000 0.524219 0.086111 0.523438 0.080556 0.521875 0.077778 0.518750 0.076389 0.515625 0.076389
30 0.597656 0.034722 0.591406 0.036111 0.589844 0.037500 0.589063 0.072222 0.589844 0.081944 0.591406 0.084722 0.592969 0.086111 0.603125 0.087500 0.610938 0.084722 0.611719 0.077778 0.611719 0.038889 0.610938 0.036111 0.603125 0.034722 0.597656 0.034722
25 0.995313 0.337500 0.995313 0.340278 0.999219 0.340278 0.999219 0.337500 0.995313 0.337500
25 0.864844 0.322222 0.863281 0.325000 0.861719 0.325000 0.860156 0.327778 0.863281 0.327778 0.864062 0.326389 0.866406 0.326389 0.866406 0.322222 0.864844 0.322222
25 0.488281 0.312500 0.485156 0.312500 0.483594 0.313889 0.483594 0.316667 0.482031 0.323611 0.483594 0.325000 0.487500 0.323611 0.485938 0.320833 0.485938 0.316667 0.487500 0.313889 0.489844 0.313889 0.493750 0.312500 0.496094 0.313889 0.493750 0.316667 0.492188 0.316667 0.495312 0.316667 0.496094 0.318056 0.497656 0.319444 0.496094 0.320833 0.497656 0.322222 0.500000 0.323611 0.501563 0.325000 0.500000 0.322222 0.500000 0.318056 0.498437 0.313889 0.496875 0.311111 0.490625 0.309722 0.488281 0.312500
25 0.841406 0.295833 0.840625 0.297222 0.836719 0.298611 0.838281 0.298611 0.840625 0.302778 0.843750 0.302778 0.845313 0.301389 0.846094 0.300000 0.846875 0.297222 0.845313 0.295833 0.841406 0.295833
25 0.685156 0.291667 0.685156 0.293056 0.683594 0.300000 0.686719 0.300000 0.685156 0.298611 0.685156 0.293056 0.687500 0.288889 0.685156 0.291667
25 0.403906 0.277778 0.403125 0.280556 0.405469 0.280556 0.403906 0.277778
25 0.621875 0.275000 0.620313 0.276389 0.621875 0.277778 0.621875 0.281944 0.621875 0.294444 0.617188 0.295833 0.614062 0.291667 0.613281 0.291667 0.611719 0.290278 0.610938 0.283333 0.609375 0.287500 0.613281 0.293056 0.615625 0.295833 0.617188 0.297222 0.619531 0.297222 0.620313 0.298611 0.621875 0.300000 0.620313 0.302778 0.620313 0.306944 0.621094 0.302778 0.626563 0.293056 0.629687 0.291667 0.633594 0.286111 0.635938 0.284722 0.634375 0.284722 0.632031 0.283333 0.628125 0.279167 0.625781 0.275000 0.624219 0.276389 0.623437 0.273611 0.621875 0.275000
25 0.460938 0.273611 0.457031 0.279167 0.452344 0.279167 0.452344 0.283333 0.451562 0.283333 0.450781 0.287500 0.450000 0.293056 0.449219 0.306944 0.449219 0.311111 0.453125 0.311111 0.455469 0.312500 0.456250 0.315278 0.462500 0.315278 0.463281 0.316667 0.470313 0.316667 0.471094 0.315278 0.474219 0.315278 0.475000 0.312500 0.477344 0.311111 0.476562 0.309722 0.480469 0.308333 0.482031 0.305556 0.478906 0.301389 0.481250 0.302778 0.482812 0.300000 0.485938 0.301389 0.485156 0.304167 0.486719 0.305556 0.488281 0.304167 0.489844 0.300000 0.491406 0.302778 0.499219 0.302778 0.501563 0.304167 0.502344 0.298611 0.500781 0.300000 0.499219 0.297222 0.499219 0.293056 0.501563 0.290278 0.501563 0.279167 0.500000 0.279167 0.499219 0.277778 0.495312 0.277778 0.493750 0.280556 0.491406 0.279167 0.487500 0.276389 0.485938 0.276389 0.484375 0.276389 0.478906 0.279167 0.472656 0.279167 0.471094 0.279167 0.470313 0.276389 0.468750 0.275000 0.464844 0.276389 0.463281 0.273611 0.462500 0.275000 0.460938 0.273611
25 0.728125 0.270833 0.726562 0.275000 0.725000 0.272222 0.725000 0.275000 0.725781 0.276389 0.725781 0.279167 0.730469 0.280556 0.731250 0.281944 0.732031 0.288889 0.733594 0.287500 0.735156 0.291667 0.733594 0.294444 0.732031 0.295833 0.733594 0.297222 0.735938 0.300000 0.737500 0.300000 0.737500 0.284722 0.735156 0.280556 0.733594 0.280556 0.732031 0.277778 0.731250 0.273611 0.729688 0.270833 0.728125 0.270833
25 0.704688 0.270833 0.702344 0.270833 0.706250 0.273611 0.699219 0.276389 0.700781 0.280556 0.700781 0.283333 0.702344 0.286111 0.703125 0.291667 0.700781 0.293056 0.701562 0.297222 0.703906 0.295833 0.706250 0.294444 0.710156 0.287500 0.713281 0.287500 0.714844 0.290278 0.710938 0.281944 0.707812 0.281944 0.706250 0.279167 0.706250 0.275000 0.707031 0.268056 0.704688 0.270833
25 0.468750 0.268056 0.470313 0.269444 0.473438 0.269444 0.468750 0.268056
25 0.650000 0.266667 0.650000 0.269444 0.652344 0.268056 0.650000 0.266667
25 0.481250 0.266667 0.479687 0.268056 0.482812 0.268056 0.481250 0.266667
25 0.687500 0.263889 0.685937 0.266667 0.688281 0.270833 0.688281 0.275000 0.688281 0.269444 0.687500 0.268056 0.687500 0.263889
25 0.753906 0.256944 0.753125 0.258333 0.750781 0.258333 0.750000 0.261111 0.757812 0.259722 0.757031 0.256944 0.753906 0.256944
25 0.514844 0.256944 0.515625 0.259722 0.515625 0.262500 0.520312 0.265278 0.520312 0.266667 0.521875 0.269444 0.522656 0.273611 0.526563 0.276389 0.529687 0.276389 0.535156 0.279167 0.540625 0.284722 0.543750 0.286111 0.539062 0.287500 0.535937 0.281944 0.532031 0.279167 0.523438 0.280556 0.530469 0.281944 0.534375 0.284722 0.537500 0.288889 0.535937 0.291667 0.535937 0.293056 0.534375 0.295833 0.531250 0.298611 0.528906 0.300000 0.525781 0.300000 0.523438 0.301389 0.521094 0.302778 0.519531 0.304167 0.517969 0.306944 0.517188 0.306944 0.516406 0.308333 0.515625 0.311111 0.514844 0.315278 0.515625 0.325000 0.512500 0.325000 0.513281 0.320833 0.512500 0.319444 0.512500 0.315278 0.510938 0.311111 0.510938 0.294444 0.511719 0.288889 0.513281 0.283333 0.514062 0.277778 0.514844 0.270833 0.514844 0.269444 0.515625 0.272222 0.516406 0.268056 0.514844 0.269444 0.514844 0.270833 0.513281 0.256944 0.514844 0.256944
25 0.462500 0.254167 0.463281 0.255556 0.461719 0.259722 0.461719 0.266667 0.462500 0.263889 0.464062 0.262500 0.464062 0.254167 0.464062 0.251389 0.465625 0.250000 0.466406 0.247222 0.467187 0.250000 0.467187 0.247222 0.462500 0.254167
25 0.667969 0.245833 0.668750 0.248611 0.671875 0.250000 0.675000 0.251389 0.678906 0.251389 0.679688 0.252778 0.681250 0.252778 0.678125 0.248611 0.675000 0.248611 0.672656 0.245833 0.667969 0.245833
25 0.476562 0.244444 0.478906 0.245833 0.480469 0.248611 0.482031 0.250000 0.481250 0.247222 0.478906 0.245833 0.476562 0.244444
25 0.632031 0.243056 0.632031 0.247222 0.631250 0.250000 0.629687 0.252778 0.629687 0.258333 0.631250 0.261111 0.632031 0.261111 0.632812 0.266667 0.635156 0.270833 0.636719 0.272222 0.637500 0.269444 0.638281 0.268056 0.638281 0.262500 0.637500 0.258333 0.636719 0.254167 0.635938 0.251389 0.634375 0.247222 0.632812 0.245833 0.632031 0.243056
25 0.496875 0.240278 0.495312 0.243056 0.491406 0.247222 0.494531 0.243056 0.495312 0.243056 0.496875 0.240278
25 0.534375 0.195833 0.531250 0.198611 0.528125 0.200000 0.522656 0.200000 0.521094 0.202778 0.516406 0.202778 0.514844 0.204167 0.513281 0.206944 0.512500 0.212500 0.510938 0.215278 0.509375 0.216667 0.510938 0.216667 0.511719 0.213889 0.514062 0.213889 0.514062 0.211111 0.515625 0.208333 0.516406 0.208333 0.517969 0.205556 0.519531 0.206944 0.521094 0.209722 0.525000 0.212500 0.527344 0.212500 0.528906 0.211111 0.530469 0.209722 0.534375 0.204167 0.535156 0.202778 0.535937 0.200000 0.536719 0.195833 0.534375 0.195833
25 0.087500 0.155556 0.086719 0.158333 0.085938 0.161111 0.085156 0.156944 0.082812 0.156944 0.081250 0.159722 0.081250 0.165278 0.082812 0.166667 0.086719 0.166667 0.088281 0.166667 0.088281 0.161111 0.087500 0.159722 0.087500 0.155556
25 0.000000 0.154167 0.000000 0.279167 0.006250 0.279167 0.007031 0.280556 0.016406 0.281944 0.021094 0.281944 0.021094 0.279167 0.019531 0.279167 0.012500 0.279167 0.013281 0.275000 0.014844 0.275000 0.017969 0.272222 0.021875 0.273611 0.023438 0.269444 0.024219 0.266667 0.024219 0.263889 0.023438 0.262500 0.023438 0.259722 0.025000 0.256944 0.026562 0.255556 0.028125 0.254167 0.030469 0.254167 0.030469 0.248611 0.028906 0.247222 0.027344 0.247222 0.026562 0.244444 0.021875 0.241667 0.026562 0.240278 0.025000 0.238889 0.021875 0.237500 0.027344 0.234722 0.023438 0.234722 0.022656 0.233333 0.021094 0.231944 0.031250 0.230556 0.032031 0.229167 0.033594 0.229167 0.034375 0.226389 0.035156 0.219444 0.035937 0.225000 0.036719 0.226389 0.036719 0.229167 0.038281 0.230556 0.042188 0.231944 0.041406 0.237500 0.043750 0.241667 0.046094 0.241667 0.046875 0.240278 0.048438 0.240278 0.051562 0.243056 0.055469 0.243056 0.057813 0.247222 0.060937 0.248611 0.062500 0.247222 0.064062 0.250000 0.066406 0.251389 0.071094 0.250000 0.072656 0.250000 0.080469 0.250000 0.078125 0.245833 0.078125 0.238889 0.079687 0.236111 0.082031 0.240278 0.082031 0.245833 0.085156 0.247222 0.089063 0.245833 0.090625 0.245833 0.092969 0.248611 0.092188 0.237500 0.092969 0.233333 0.092188 0.231944 0.092969 0.225000 0.091406 0.218056 0.091406 0.205556 0.091406 0.202778 0.092188 0.197222 0.091406 0.195833 0.091406 0.190278 0.092188 0.187500 0.083594 0.188889 0.078125 0.187500 0.075000 0.186111 0.073438 0.183333 0.072656 0.179167 0.072656 0.176389 0.074219 0.170833 0.075781 0.168056 0.078906 0.168056 0.075781 0.165278 0.074219 0.162500 0.069531 0.162500 0.063281 0.163889 0.057813 0.158333 0.055469 0.156944 0.049219 0.155556 0.044531 0.165278 0.039062 0.169444 0.036719 0.173611 0.027344 0.173611 0.024219 0.172222 0.021875 0.169444 0.016406 0.168056 0.014844 0.166667 0.013281 0.165278 0.005469 0.155556 0.003125 0.154167 0.000000 0.154167
25 0.118750 0.131944 0.112500 0.136111 0.107813 0.137500 0.105469 0.137500 0.098437 0.137500 0.099219 0.154167 0.099219 0.158333 0.098437 0.159722 0.098437 0.163889 0.099219 0.187500 0.100781 0.190278 0.100781 0.200000 0.100000 0.212500 0.100781 0.236111 0.101562 0.250000 0.103125 0.256944 0.102344 0.263889 0.103125 0.276389 0.105469 0.276389 0.107813 0.276389 0.108594 0.270833 0.110937 0.270833 0.112500 0.270833 0.114062 0.268056 0.114062 0.266667 0.114844 0.265278 0.119531 0.258333 0.121875 0.256944 0.124219 0.255556 0.131250 0.255556 0.132031 0.251389 0.136719 0.248611 0.137500 0.237500 0.138281 0.177778 0.138281 0.175000 0.137500 0.162500 0.138281 0.145833 0.137500 0.144444 0.137500 0.134722 0.135937 0.134722 0.133594 0.137500 0.131250 0.138889 0.128906 0.138889 0.126562 0.137500 0.125000 0.136111 0.124219 0.133333 0.118750 0.131944
25 0.148438 0.129167 0.148438 0.133333 0.147656 0.134722 0.147656 0.137500 0.149219 0.133333 0.148438 0.129167
25 0.525000 0.111111 0.525000 0.113889 0.526563 0.113889 0.526563 0.111111 0.525000 0.111111
25 0.667969 0.101389 0.666406 0.102778 0.665625 0.105556 0.666406 0.109722 0.667969 0.109722 0.669531 0.108333 0.671094 0.106944 0.674219 0.101389 0.671094 0.101389 0.668750 0.104167 0.667969 0.101389
25 0.628906 0.097222 0.628125 0.100000 0.624219 0.105556 0.621875 0.105556 0.620313 0.108333 0.617188 0.109722 0.618750 0.109722 0.619531 0.108333 0.624219 0.109722 0.627344 0.104167 0.628125 0.100000 0.628906 0.097222
25 0.136719 0.068056 0.135937 0.072222 0.137500 0.075000 0.136719 0.076389 0.136719 0.080556 0.138281 0.083333 0.139063 0.069444 0.136719 0.068056
25 0.139063 0.052778 0.137500 0.054167 0.137500 0.058333 0.139063 0.061111 0.139844 0.065278 0.139063 0.055556 0.139063 0.052778
25 0.137500 0.048611 0.139063 0.050000 0.138281 0.047222 0.139844 0.045833 0.137500 0.048611
25 0.260937 0.033333 0.260156 0.036111 0.261719 0.036111 0.264062 0.040278 0.260937 0.033333
25 0.533594 0.009722 0.532813 0.012500 0.535156 0.009722 0.533594 0.009722
25 0.999219 0.000000 0.999219 0.325000 0.996875 0.326389 0.994531 0.331944 0.982031 0.323611 0.980469 0.320833 0.977344 0.320833 0.974219 0.318056 0.970313 0.316667 0.967969 0.319444 0.965625 0.318056 0.962500 0.313889 0.960938 0.312500 0.958594 0.312500 0.957812 0.311111 0.956250 0.311111 0.948438 0.313889 0.946875 0.313889 0.946094 0.312500 0.939844 0.309722 0.935156 0.308333 0.931250 0.312500 0.924219 0.313889 0.922656 0.312500 0.917969 0.309722 0.912500 0.311111 0.909375 0.308333 0.903906 0.308333 0.900781 0.309722 0.898438 0.311111 0.896875 0.312500 0.895312 0.315278 0.894531 0.319444 0.893750 0.320833 0.892188 0.322222 0.889844 0.323611 0.886719 0.325000 0.876563 0.325000 0.876563 0.319444 0.875781 0.316667 0.872656 0.308333 0.871094 0.311111 0.868750 0.311111 0.866406 0.312500 0.864844 0.315278 0.864844 0.312500 0.863281 0.309722 0.860938 0.308333 0.862500 0.301389 0.860938 0.298611 0.860938 0.297222 0.859375 0.294444 0.857812 0.294444 0.857031 0.298611 0.854688 0.301389 0.853906 0.305556 0.853906 0.309722 0.852344 0.309722 0.853125 0.304167 0.851562 0.301389 0.853906 0.301389 0.851562 0.297222 0.853125 0.294444 0.853906 0.290278 0.853906 0.287500 0.850000 0.287500 0.847656 0.281944 0.848437 0.279167 0.847656 0.276389 0.846094 0.273611 0.843750 0.277778 0.842187 0.276389 0.840625 0.268056 0.842187 0.266667 0.842187 0.263889 0.840625 0.261111 0.840625 0.254167 0.839063 0.251389 0.837500 0.252778 0.835156 0.252778 0.830469 0.251389 0.829688 0.248611 0.827344 0.247222 0.824219 0.252778 0.824219 0.250000 0.819531 0.251389 0.817969 0.251389 0.810937 0.247222 0.807813 0.250000 0.805469 0.248611 0.803906 0.251389 0.802344 0.252778 0.801562 0.255556 0.798438 0.254167 0.798438 0.258333 0.794531 0.258333 0.794531 0.254167 0.792969 0.252778 0.792969 0.250000 0.790625 0.248611 0.789844 0.252778 0.788281 0.252778 0.786719 0.252778 0.785156 0.255556 0.783594 0.255556 0.781250 0.255556 0.779687 0.255556 0.780469 0.251389 0.778906 0.248611 0.774219 0.254167 0.772656 0.254167 0.771094 0.252778 0.770312 0.245833 0.769531 0.245833 0.767969 0.244444 0.766406 0.244444 0.764844 0.245833 0.764062 0.254167 0.761719 0.252778 0.761719 0.250000 0.758594 0.250000 0.759375 0.252778 0.757031 0.251389 0.756250 0.248611 0.754687 0.250000 0.753125 0.252778 0.751563 0.252778 0.750000 0.254167 0.747656 0.258333 0.747656 0.262500 0.746094 0.265278 0.746875 0.258333 0.744531 0.258333 0.744531 0.259722 0.742969 0.262500 0.742188 0.266667 0.741406 0.268056 0.741406 0.262500 0.739062 0.261111 0.737500 0.263889 0.737500 0.268056 0.739062 0.270833 0.741406 0.268056 0.742188 0.266667 0.742969 0.272222 0.744531 0.270833 0.746094 0.268056 0.745313 0.270833 0.742969 0.272222 0.740625 0.275000 0.739844 0.272222 0.738281 0.272222 0.735938 0.268056 0.735156 0.263889 0.733594 0.261111 0.732031 0.263889 0.731250 0.266667 0.728906 0.263889 0.725781 0.265278 0.724219 0.261111 0.722656 0.262500 0.718750 0.263889 0.718750 0.259722 0.715625 0.265278 0.715625 0.262500 0.713281 0.263889 0.711719 0.265278 0.712500 0.266667 0.711719 0.270833 0.710938 0.268056 0.710938 0.255556 0.707812 0.255556 0.708594 0.256944 0.706250 0.258333 0.703906 0.262500 0.702344 0.263889 0.700781 0.266667 0.700781 0.269444 0.698438 0.270833 0.697656 0.269444 0.695312 0.270833 0.696875 0.273611 0.697656 0.283333 0.697656 0.293056 0.696094 0.294444 0.696094 0.302778 0.695312 0.304167 0.695312 0.309722 0.693750 0.306944 0.692187 0.308333 0.692187 0.305556 0.691406 0.304167 0.690625 0.294444 0.692187 0.288889 0.692187 0.277778 0.692187 0.261111 0.690625 0.256944 0.686719 0.251389 0.681250 0.245833 0.680469 0.243056 0.678906 0.243056 0.677344 0.240278 0.675781 0.238889 0.672656 0.238889 0.670312 0.237500 0.662500 0.237500 0.660937 0.238889 0.658594 0.243056 0.650781 0.244444 0.650781 0.248611 0.649219 0.245833 0.647656 0.248611 0.647656 0.251389 0.648438 0.259722 0.646875 0.256944 0.646094 0.259722 0.643750 0.262500 0.642969 0.259722 0.644531 0.258333 0.645312 0.258333 0.646094 0.255556 0.646875 0.254167 0.646875 0.245833 0.645312 0.243056 0.645312 0.258333 0.644531 0.258333 0.642969 0.255556 0.642188 0.255556 0.640625 0.248611 0.638281 0.244444 0.638281 0.243056 0.635938 0.240278 0.636719 0.236111 0.635938 0.236111 0.633594 0.233333 0.632031 0.230556 0.632812 0.227778 0.630469 0.227778 0.630469 0.225000 0.629687 0.222222 0.628906 0.220833 0.627344 0.219444 0.624219 0.218056 0.621875 0.213889 0.617188 0.204167 0.614844 0.202778 0.613281 0.200000 0.611719 0.211111 0.610938 0.213889 0.606250 0.216667 0.607812 0.215278 0.609375 0.213889 0.610938 0.212500 0.611719 0.180556 0.613281 0.155556 0.612500 0.138889 0.613281 0.136111 0.614062 0.136111 0.615625 0.133333 0.616406 0.127778 0.616406 0.122222 0.616406 0.125000 0.620313 0.127778 0.622656 0.126389 0.625000 0.123611 0.627344 0.123611 0.628125 0.125000 0.631250 0.123611 0.633594 0.118056 0.632031 0.116667 0.633594 0.115278 0.635156 0.112500 0.635156 0.109722 0.635156 0.106944 0.633594 0.104167 0.631250 0.105556 0.634375 0.102778 0.635156 0.101389 0.635938 0.100000 0.635938 0.098611 0.637500 0.095833 0.636719 0.093056 0.635156 0.095833 0.633594 0.095833 0.632812 0.091667 0.635938 0.090278 0.638281 0.086111 0.640625 0.086111 0.639844 0.090278 0.639062 0.090278 0.637500 0.093056 0.641406 0.094444 0.643750 0.090278 0.646094 0.088889 0.646875 0.083333 0.649219 0.086111 0.649219 0.087500 0.650781 0.088889 0.652344 0.091667 0.652344 0.094444 0.650781 0.095833 0.650781 0.098611 0.653125 0.100000 0.655469 0.098611 0.657031 0.100000 0.655469 0.102778 0.655469 0.106944 0.657031 0.109722 0.659375 0.109722 0.661719 0.112500 0.663281 0.112500 0.660937 0.115278 0.661719 0.119444 0.664062 0.116667 0.668750 0.116667 0.670312 0.115278 0.674219 0.108333 0.675000 0.105556 0.674219 0.108333 0.676562 0.112500 0.678125 0.109722 0.678906 0.109722 0.680469 0.106944 0.681250 0.098611 0.681250 0.095833 0.678906 0.091667 0.680469 0.091667 0.681250 0.095833 0.682813 0.093056 0.684375 0.094444 0.686719 0.090278 0.685156 0.087500 0.689063 0.088889 0.689063 0.090278 0.695312 0.093056 0.697656 0.093056 0.699219 0.090278 0.698438 0.087500 0.696094 0.083333 0.693750 0.084722 0.694531 0.081944 0.695312 0.079167 0.695312 0.075000 0.696875 0.070833 0.698438 0.070833 0.700000 0.066667 0.700000 0.063889 0.698438 0.056944 0.699219 0.054167 0.697656 0.051389 0.695312 0.050000 0.696094 0.041667 0.693750 0.040278 0.694531 0.037500 0.696094 0.036111 0.696094 0.033333 0.696094 0.029167 0.694531 0.031944 0.692969 0.022222 0.691406 0.019444 0.689844 0.016667 0.688281 0.013889 0.685156 0.011111 0.678125 0.011111 0.672656 0.009722 0.671875 0.008333 0.670312 0.008333 0.668750 0.004167 0.666406 0.005556 0.665625 0.000000 0.999219 0.000000
25 0.532813 0.001389 0.531250 0.002778 0.529687 0.005556 0.529687 0.012500 0.528125 0.020833 0.528906 0.022222 0.525000 0.025000 0.523438 0.026389 0.521875 0.029167 0.523438 0.030556 0.520312 0.031944 0.519531 0.030556 0.517188 0.030556 0.515625 0.033333 0.517188 0.036111 0.519531 0.037500 0.518750 0.040278 0.517969 0.044444 0.516406 0.041667 0.514844 0.041667 0.514062 0.036111 0.512500 0.038889 0.510938 0.044444 0.512500 0.050000 0.511719 0.052778 0.508594 0.055556 0.514062 0.056944 0.516406 0.058333 0.517188 0.059722 0.518750 0.059722 0.517188 0.061111 0.517969 0.063889 0.516406 0.065278 0.518750 0.066667 0.518750 0.069444 0.521875 0.075000 0.523438 0.076389 0.525000 0.076389 0.526563 0.077778 0.528125 0.081944 0.528906 0.081944 0.531250 0.086111 0.532031 0.086111 0.532813 0.088889 0.531250 0.090278 0.529687 0.091667 0.530469 0.086111 0.529687 0.083333 0.525781 0.083333 0.523438 0.077778 0.521875 0.076389 0.520312 0.076389 0.518750 0.075000 0.516406 0.070833 0.515625 0.068056 0.515625 0.065278 0.513281 0.061111 0.511719 0.059722 0.507812 0.059722 0.506250 0.056944 0.502344 0.056944 0.501563 0.055556 0.500000 0.055556 0.502344 0.054167 0.502344 0.052778 0.503906 0.055556 0.507812 0.054167 0.506250 0.052778 0.505469 0.051389 0.502344 0.052778 0.502344 0.054167 0.498437 0.045833 0.495312 0.043056 0.488281 0.043056 0.486719 0.045833 0.485156 0.045833 0.484375 0.044444 0.481250 0.043056 0.478906 0.043056 0.474219 0.045833 0.475000 0.044444 0.468750 0.041667 0.466406 0.043056 0.463281 0.041667 0.460156 0.040278 0.459375 0.038889 0.457813 0.038889 0.453906 0.040278 0.439063 0.037500 0.432031 0.038889 0.425000 0.038889 0.421094 0.037500 0.417969 0.040278 0.417187 0.041667 0.415625 0.043056 0.420312 0.044444 0.422656 0.047222 0.427344 0.045833 0.425781 0.044444 0.428125 0.043056 0.428906 0.041667 0.430469 0.041667 0.428125 0.043056 0.443750 0.045833 0.461719 0.045833 0.466406 0.043056 0.468750 0.041667 0.467969 0.047222 0.475000 0.044444 0.474219 0.045833 0.469531 0.047222 0.475000 0.050000 0.475000 0.051389 0.472656 0.050000 0.459375 0.051389 0.455469 0.051389 0.445312 0.050000 0.438281 0.045833 0.434375 0.045833 0.432812 0.047222 0.432031 0.048611 0.431250 0.051389 0.430469 0.054167 0.431250 0.056944 0.434375 0.058333 0.435156 0.066667 0.435937 0.058333 0.438281 0.058333 0.439844 0.055556 0.442188 0.054167 0.443750 0.054167 0.448437 0.056944 0.465625 0.058333 0.467187 0.058333 0.469531 0.055556 0.474219 0.054167 0.476562 0.054167 0.475000 0.051389 0.475000 0.050000 0.481250 0.051389 0.486719 0.050000 0.487500 0.052778 0.489844 0.052778 0.498437 0.052778 0.497656 0.055556 0.494531 0.055556 0.492188 0.059722 0.485156 0.059722 0.484375 0.066667 0.489063 0.069444 0.493750 0.068056 0.494531 0.069444 0.499219 0.066667 0.503906 0.066667 0.505469 0.068056 0.506250 0.070833 0.507812 0.070833 0.509375 0.073611 0.511719 0.076389 0.509375 0.077778 0.501563 0.077778 0.496875 0.081944 0.489063 0.086111 0.485156 0.087500 0.481250 0.087500 0.478125 0.088889 0.475781 0.090278 0.473438 0.094444 0.472656 0.098611 0.428906 0.101389 0.427344 0.094444 0.427344 0.088889 0.428125 0.077778 0.427344 0.072222 0.425781 0.068056 0.423438 0.063889 0.421875 0.062500 0.418750 0.061111 0.414062 0.061111 0.410938 0.062500 0.408594 0.063889 0.404687 0.070833 0.403906 0.077778 0.403906 0.091667 0.404687 0.106944 0.405469 0.109722 0.406250 0.112500 0.408594 0.116667 0.410156 0.118056 0.414062 0.119444 0.418750 0.119444 0.423438 0.118056 0.425781 0.116667 0.427344 0.115278 0.428906 0.109722 0.428906 0.101389 0.472656 0.098611 0.472656 0.113889 0.474219 0.116667 0.475781 0.118056 0.478125 0.119444 0.489063 0.119444 0.501563 0.112500 0.510156 0.112500 0.513281 0.112500 0.516406 0.108333 0.517969 0.106944 0.520312 0.106944 0.524219 0.100000 0.524219 0.097222 0.528125 0.100000 0.528906 0.108333 0.529687 0.102778 0.532031 0.100000 0.532031 0.095833 0.535156 0.095833 0.535156 0.098611 0.537500 0.101389 0.538281 0.105556 0.540625 0.105556 0.540625 0.109722 0.542969 0.111111 0.543750 0.115278 0.543750 0.116667 0.543750 0.122222 0.545312 0.119444 0.543750 0.116667 0.543750 0.115278 0.544531 0.115278 0.546094 0.118056 0.545312 0.120833 0.542969 0.125000 0.542188 0.122222 0.539844 0.123611 0.537500 0.126389 0.539062 0.127778 0.541406 0.127778 0.539844 0.130556 0.538281 0.130556 0.536719 0.126389 0.536719 0.125000 0.532813 0.119444 0.532031 0.118056 0.528906 0.113889 0.528906 0.108333 0.526563 0.104167 0.525000 0.105556 0.522656 0.104167 0.521094 0.109722 0.521875 0.111111 0.521094 0.115278 0.519531 0.118056 0.521094 0.119444 0.524219 0.126389 0.525000 0.126389 0.526563 0.129167 0.525781 0.129167 0.524219 0.131944 0.523438 0.136111 0.525781 0.140278 0.526563 0.134722 0.528125 0.130556 0.527344 0.127778 0.525781 0.129167 0.526563 0.129167 0.525781 0.122222 0.528906 0.122222 0.530469 0.125000 0.531250 0.125000 0.532031 0.126389 0.535937 0.134722 0.538281 0.136111 0.544531 0.136111 0.542188 0.143056 0.541406 0.147222 0.541406 0.151389 0.543750 0.159722 0.544531 0.163889 0.545312 0.169444 0.545312 0.176389 0.542969 0.180556 0.542969 0.181944 0.541406 0.183333 0.541406 0.180556 0.543750 0.173611 0.542188 0.168056 0.542188 0.161111 0.539844 0.156944 0.536719 0.156944 0.535156 0.155556 0.535156 0.150000 0.533594 0.147222 0.533594 0.147222 0.531250 0.145833 0.529687 0.143056 0.528125 0.144444 0.530469 0.148611 0.533594 0.147222 0.533594 0.147222 0.532031 0.150000 0.530469 0.151389 0.535937 0.161111 0.539062 0.159722 0.539844 0.163889 0.539844 0.163889 0.538281 0.161111 0.536719 0.163889 0.539844 0.163889 0.539844 0.163889 0.539062 0.168056 0.540625 0.170833 0.537500 0.170833 0.535156 0.168056 0.533594 0.170833 0.533594 0.176389 0.532813 0.177778 0.532813 0.181944 0.532031 0.184722 0.531250 0.186111 0.530469 0.186111 0.528125 0.186111 0.526563 0.186111 0.521094 0.190278 0.519531 0.191667 0.517969 0.193056 0.517188 0.194444 0.517188 0.195833 0.515625 0.198611 0.514844 0.193056 0.512500 0.188889 0.511719 0.183333 0.511719 0.180556 0.514062 0.177778 0.515625 0.177778 0.514844 0.172222 0.514844 0.170833 0.512500 0.169444 0.511719 0.168056 0.513281 0.165278 0.511719 0.159722 0.514062 0.159722 0.515625 0.152778 0.514844 0.145833 0.514062 0.137500 0.513281 0.133333 0.511719 0.129167 0.510156 0.125000 0.507812 0.120833 0.507031 0.123611 0.505469 0.125000 0.506250 0.130556 0.507031 0.126389 0.510156 0.134722 0.510156 0.138889 0.509375 0.140278 0.510156 0.144444 0.510156 0.155556 0.510156 0.158333 0.510156 0.166667 0.511719 0.168056 0.512500 0.169444 0.511719 0.172222 0.509375 0.179167 0.511719 0.180556 0.511719 0.183333 0.509375 0.197222 0.510156 0.198611 0.510156 0.212500 0.508594 0.206944 0.507031 0.209722 0.507031 0.212500 0.507031 0.223611 0.506250 0.226389 0.505469 0.229167 0.503125 0.230556 0.498437 0.238889 0.497656 0.234722 0.498437 0.238889 0.499219 0.236111 0.504687 0.227778 0.504687 0.223611 0.506250 0.223611 0.506250 0.220833 0.504687 0.220833 0.505469 0.218056 0.506250 0.211111 0.504687 0.209722 0.506250 0.187500 0.507031 0.186111 0.506250 0.166667 0.504687 0.166667 0.503125 0.169444 0.503125 0.169444 0.503125 0.165278 0.506250 0.152778 0.507031 0.134722 0.505469 0.131944 0.505469 0.138889 0.504687 0.141667 0.504687 0.148611 0.506250 0.152778 0.503125 0.165278 0.500781 0.165278 0.500000 0.168056 0.500000 0.172222 0.501563 0.175000 0.503125 0.169444 0.503125 0.169444 0.504687 0.173611 0.503125 0.173611 0.502344 0.177778 0.503125 0.184722 0.502344 0.184722 0.500781 0.181944 0.498437 0.184722 0.500000 0.187500 0.502344 0.184722 0.503125 0.184722 0.501563 0.190278 0.501563 0.197222 0.503125 0.202778 0.503125 0.205556 0.501563 0.208333 0.500781 0.216667 0.499219 0.219444 0.500000 0.222222 0.498437 0.225000 0.494531 0.229167 0.492969 0.230556 0.491406 0.231944 0.485938 0.236111 0.484375 0.236111 0.480469 0.234722 0.478906 0.231944 0.476562 0.236111 0.475000 0.237500 0.475000 0.234722 0.473438 0.238889 0.471875 0.238889 0.471094 0.237500 0.466406 0.236111 0.464062 0.236111 0.463281 0.240278 0.461719 0.243056 0.460156 0.237500 0.459375 0.245833 0.456250 0.247222 0.458594 0.251389 0.452344 0.251389 0.453125 0.248611 0.451562 0.240278 0.450781 0.243056 0.449219 0.245833 0.450781 0.251389 0.450781 0.259722 0.449219 0.255556 0.447656 0.258333 0.441406 0.259722 0.442969 0.269444 0.444531 0.266667 0.446094 0.266667 0.447656 0.258333 0.449219 0.255556 0.448437 0.270833 0.446875 0.270833 0.445312 0.273611 0.442188 0.273611 0.440625 0.270833 0.439063 0.270833 0.438281 0.275000 0.440625 0.275000 0.442188 0.273611 0.445312 0.273611 0.446875 0.277778 0.447656 0.279167 0.447656 0.283333 0.446094 0.287500 0.446094 0.291667 0.447656 0.291667 0.448437 0.300000 0.447656 0.302778 0.447656 0.297222 0.446094 0.294444 0.442969 0.295833 0.438281 0.287500 0.435937 0.286111 0.433594 0.280556 0.432812 0.287500 0.433594 0.287500 0.435156 0.290278 0.436719 0.290278 0.438281 0.297222 0.441406 0.302778 0.441406 0.305556 0.442969 0.308333 0.442969 0.312500 0.444531 0.318056 0.445312 0.320833 0.448437 0.322222 0.449219 0.325000 0.456250 0.323611 0.457813 0.320833 0.459375 0.320833 0.462500 0.323611 0.464844 0.323611 0.462500 0.323611 0.461719 0.322222 0.458594 0.322222 0.456250 0.326389 0.453906 0.327778 0.450781 0.329167 0.453906 0.333333 0.450781 0.334722 0.447656 0.329167 0.443750 0.313889 0.441406 0.306944 0.439844 0.301389 0.435156 0.293056 0.432812 0.293056 0.431250 0.291667 0.430469 0.286111 0.429688 0.283333 0.427344 0.280556 0.423438 0.277778 0.421094 0.279167 0.419531 0.283333 0.417187 0.281944 0.415625 0.279167 0.409375 0.279167 0.408594 0.275000 0.411719 0.275000 0.421094 0.277778 0.424219 0.276389 0.421094 0.273611 0.415625 0.272222 0.408594 0.270833 0.402344 0.270833 0.401562 0.269444 0.400000 0.266667 0.408594 0.266667 0.407031 0.265278 0.406250 0.263889 0.400781 0.263889 0.400000 0.266667 0.401562 0.269444 0.396094 0.270833 0.400781 0.272222 0.385937 0.272222 0.385156 0.270833 0.363281 0.272222 0.357031 0.270833 0.353906 0.272222 0.352344 0.273611 0.350781 0.276389 0.349219 0.277778 0.346094 0.277778 0.344531 0.279167 0.337500 0.290278 0.335938 0.293056 0.333594 0.302778 0.330469 0.308333 0.328906 0.312500 0.328125 0.315278 0.327344 0.319444 0.327344 0.322222 0.325000 0.319444 0.325000 0.312500 0.326562 0.304167 0.326562 0.301389 0.325781 0.298611 0.324219 0.295833 0.323437 0.293056 0.322656 0.287500 0.321875 0.284722 0.317969 0.277778 0.315625 0.276389 0.299219 0.276389 0.295312 0.277778 0.293750 0.279167 0.290625 0.284722 0.288281 0.294444 0.287500 0.297222 0.288281 0.294444 0.286719 0.291667 0.285156 0.290278 0.287500 0.290278 0.288281 0.288889 0.288281 0.287500 0.285156 0.286111 0.282031 0.284722 0.264062 0.286111 0.261719 0.290278 0.260937 0.293056 0.260937 0.301389 0.262500 0.305556 0.260156 0.304167 0.259375 0.304167 0.254688 0.295833 0.252344 0.294444 0.249219 0.290278 0.246875 0.286111 0.246094 0.283333 0.245312 0.279167 0.245312 0.265278 0.243750 0.258333 0.250781 0.240278 0.253125 0.240278 0.254688 0.240278 0.256250 0.237500 0.259375 0.236111 0.261719 0.237500 0.262500 0.240278 0.263281 0.233333 0.258594 0.233333 0.259375 0.236111 0.256250 0.237500 0.251563 0.236111 0.250781 0.240278 0.243750 0.258333 0.241406 0.256944 0.238281 0.252778 0.239063 0.251389 0.237500 0.250000 0.236719 0.248611 0.232813 0.250000 0.235156 0.251389 0.233594 0.251389 0.232813 0.252778 0.230469 0.252778 0.228125 0.251389 0.225781 0.248611 0.224219 0.248611 0.225781 0.248611 0.226562 0.250000 0.233594 0.248611 0.230469 0.245833 0.221094 0.245833 0.221094 0.248611 0.219531 0.248611 0.217969 0.250000 0.214844 0.250000 0.207031 0.248611 0.203125 0.245833 0.200781 0.247222 0.202344 0.247222 0.203906 0.244444 0.202344 0.231944 0.203125 0.225000 0.203125 0.222222 0.200781 0.212500 0.201563 0.197222 0.199219 0.194444 0.192969 0.186111 0.193750 0.186111 0.194531 0.220833 0.195312 0.236111 0.196094 0.243056 0.197656 0.245833 0.199219 0.243056 0.199219 0.233333 0.198437 0.206944 0.197656 0.187500 0.196875 0.179167 0.195312 0.176389 0.195312 0.176389 0.196875 0.172222 0.196094 0.169444 0.196875 0.155556 0.196094 0.120833 0.199219 0.120833 0.200000 0.119444 0.209375 0.119444 0.210156 0.120833 0.211719 0.120833 0.208594 0.120833 0.207813 0.119444 0.204687 0.120833 0.203125 0.119444 0.201563 0.119444 0.200781 0.120833 0.198437 0.120833 0.196094 0.125000 0.196094 0.140278 0.197656 0.148611 0.196875 0.154167 0.198437 0.168056 0.201563 0.165278 0.202344 0.162500 0.202344 0.158333 0.201563 0.155556 0.202344 0.144444 0.200000 0.143056 0.200000 0.137500 0.199219 0.133333 0.200781 0.130556 0.203125 0.127778 0.208594 0.126389 0.221875 0.127778 0.232031 0.126389 0.232813 0.123611 0.232031 0.129167 0.231250 0.133333 0.231250 0.155556 0.232031 0.158333 0.234375 0.162500 0.235937 0.163889 0.239063 0.165278 0.242188 0.166667 0.246094 0.166667 0.248438 0.165278 0.250000 0.162500 0.250781 0.159722 0.250781 0.136111 0.250000 0.133333 0.249219 0.131944 0.248438 0.131944 0.243750 0.126389 0.242188 0.125000 0.241406 0.116667 0.240625 0.123611 0.238281 0.120833 0.237500 0.123611 0.235156 0.123611 0.236719 0.119444 0.231250 0.116667 0.227344 0.120833 0.224219 0.122222 0.220312 0.122222 0.219531 0.120833 0.214062 0.120833 0.220312 0.120833 0.220312 0.118056 0.222656 0.118056 0.223438 0.116667 0.228906 0.115278 0.235937 0.115278 0.237500 0.112500 0.239063 0.113889 0.239844 0.115278 0.240625 0.118056 0.241406 0.113889 0.239844 0.111111 0.238281 0.109722 0.235937 0.109722 0.233594 0.106944 0.228125 0.106944 0.225781 0.105556 0.221094 0.101389 0.218750 0.104167 0.217969 0.106944 0.221094 0.108333 0.218750 0.108333 0.217969 0.106944 0.209375 0.108333 0.198437 0.106944 0.195312 0.108333 0.192969 0.109722 0.192188 0.115278 0.189844 0.116667 0.186719 0.118056 0.181250 0.118056 0.177344 0.119444 0.175000 0.120833 0.173437 0.122222 0.171875 0.125000 0.177344 0.126389 0.181250 0.123611 0.186719 0.122222 0.192188 0.122222 0.192188 0.127778 0.189844 0.123611 0.185938 0.123611 0.185156 0.125000 0.180469 0.125000 0.178906 0.127778 0.175781 0.127778 0.174219 0.130556 0.172656 0.127778 0.172656 0.126389 0.169531 0.127778 0.171094 0.131944 0.173437 0.134722 0.177344 0.134722 0.180469 0.137500 0.185156 0.137500 0.189062 0.133333 0.190625 0.134722 0.188281 0.138889 0.188281 0.143056 0.189844 0.147222 0.189844 0.150000 0.188281 0.152778 0.187500 0.155556 0.188281 0.163889 0.189844 0.166667 0.190625 0.166667 0.192188 0.169444 0.192969 0.133333 0.193750 0.159722 0.192969 0.165278 0.193750 0.168056 0.195312 0.176389 0.195312 0.176389 0.194531 0.179167 0.193750 0.180556 0.193750 0.186111 0.192969 0.186111 0.192969 0.179167 0.191406 0.183333 0.192969 0.186111 0.199219 0.194444 0.198437 0.202778 0.200000 0.222222 0.200000 0.238889 0.199219 0.240278 0.199219 0.245833 0.196094 0.245833 0.195312 0.243056 0.194531 0.237500 0.195312 0.227778 0.193750 0.220833 0.191406 0.225000 0.191406 0.229167 0.192969 0.233333 0.191406 0.234722 0.191406 0.237500 0.192188 0.238889 0.192188 0.241667 0.192188 0.245833 0.190625 0.245833 0.185156 0.247222 0.174219 0.245833 0.165625 0.243056 0.156250 0.244444 0.155469 0.241667 0.153906 0.243056 0.153125 0.244444 0.153125 0.245833 0.151562 0.248611 0.150000 0.248611 0.147656 0.252778 0.145313 0.255556 0.142187 0.255556 0.145313 0.251389 0.145313 0.245833 0.146094 0.251389 0.148438 0.251389 0.148438 0.250000 0.150000 0.247222 0.150781 0.244444 0.150781 0.241667 0.150781 0.238889 0.150000 0.236111 0.150000 0.233333 0.149219 0.229167 0.149219 0.226389 0.150000 0.225000 0.150000 0.222222 0.151562 0.220833 0.150000 0.209722 0.152344 0.206944 0.150781 0.195833 0.150000 0.188889 0.152344 0.187500 0.150000 0.183333 0.152344 0.177778 0.150000 0.172222 0.152344 0.169444 0.152344 0.166667 0.153906 0.166667 0.154688 0.159722 0.152344 0.158333 0.151562 0.161111 0.150000 0.159722 0.150781 0.155556 0.152344 0.154167 0.153906 0.150000 0.152344 0.147222 0.153906 0.144444 0.155469 0.144444 0.156250 0.141667 0.157031 0.144444 0.158594 0.145833 0.158594 0.151389 0.160156 0.148611 0.160156 0.145833 0.161719 0.147222 0.164062 0.148611 0.164844 0.144444 0.164844 0.138889 0.163281 0.136111 0.161719 0.134722 0.160938 0.137500 0.158594 0.137500 0.156250 0.136111 0.153125 0.131944 0.151562 0.127778 0.153906 0.126389 0.156250 0.130556 0.157812 0.127778 0.155469 0.123611 0.153906 0.122222 0.152344 0.122222 0.151562 0.123611 0.150000 0.123611 0.148438 0.122222 0.147656 0.112500 0.149219 0.108333 0.148438 0.095833 0.148438 0.087500 0.149219 0.079167 0.150781 0.072222 0.149219 0.066667 0.149219 0.043056 0.150000 0.030556 0.151562 0.027778 0.152344 0.027778 0.153906 0.023611 0.156250 0.026389 0.159375 0.027778 0.164844 0.026389 0.167969 0.026389 0.169531 0.030556 0.174219 0.031944 0.174219 0.033333 0.175781 0.037500 0.177344 0.040278 0.178906 0.037500 0.179688 0.038889 0.181250 0.036111 0.179688 0.034722 0.181250 0.036111 0.182031 0.040278 0.182812 0.041667 0.185156 0.044444 0.187500 0.043056 0.188281 0.041667 0.196875 0.040278 0.200781 0.043056 0.203906 0.037500 0.203906 0.034722 0.204687 0.031944 0.205469 0.030556 0.208594 0.026389 0.214062 0.027778 0.216406 0.026389 0.218750 0.023611 0.220312 0.023611 0.221875 0.027778 0.223438 0.029167 0.225000 0.029167 0.226562 0.026389 0.229687 0.019444 0.230469 0.015278 0.231250 0.012500 0.232031 0.011111 0.233594 0.009722 0.243750 0.009722 0.246875 0.016667 0.249219 0.019444 0.250781 0.020833 0.253125 0.020833 0.255469 0.023611 0.257812 0.026389 0.257812 0.029167 0.259375 0.030556 0.258594 0.033333 0.257812 0.037500 0.259375 0.038889 0.260156 0.040278 0.260937 0.043056 0.261719 0.040278 0.261719 0.044444 0.264062 0.045833 0.265625 0.043056 0.267969 0.043056 0.267188 0.047222 0.269531 0.048611 0.273438 0.047222 0.273438 0.050000 0.275781 0.055556 0.276562 0.063889 0.280469 0.065278 0.278906 0.066667 0.283594 0.070833 0.287500 0.072222 0.289062 0.075000 0.289844 0.077778 0.292969 0.077778 0.293750 0.080556 0.295312 0.080556 0.296875 0.081944 0.297656 0.083333 0.298438 0.087500 0.302344 0.094444 0.307812 0.093056 0.312500 0.094444 0.312500 0.097222 0.311719 0.100000 0.309375 0.101389 0.311719 0.102778 0.314063 0.102778 0.314063 0.105556 0.315625 0.111111 0.318750 0.111111 0.318750 0.115278 0.320312 0.118056 0.321875 0.119444 0.322656 0.145833 0.322656 0.151389 0.327344 0.148611 0.327344 0.148611 0.328906 0.150000 0.330469 0.148611 0.333594 0.152778 0.331250 0.154167 0.329688 0.156944 0.328906 0.159722 0.329688 0.161111 0.328125 0.162500 0.328906 0.168056 0.328125 0.170833 0.330469 0.177778 0.332813 0.181944 0.334375 0.183333 0.335938 0.184722 0.337500 0.183333 0.339062 0.183333 0.340625 0.179167 0.342969 0.175000 0.343750 0.169444 0.346875 0.162500 0.346094 0.156944 0.344531 0.150000 0.343750 0.137500 0.340625 0.136111 0.339062 0.136111 0.340625 0.133333 0.342187 0.133333 0.340625 0.129167 0.337500 0.131944 0.336719 0.127778 0.335156 0.125000 0.333594 0.123611 0.330469 0.127778 0.330469 0.129167 0.328906 0.131944 0.326562 0.134722 0.325781 0.134722 0.325000 0.140278 0.326562 0.141667 0.325781 0.145833 0.327344 0.148611 0.327344 0.148611 0.325781 0.147222 0.325000 0.145833 0.322656 0.145833 0.321875 0.119444 0.325781 0.112500 0.326562 0.109722 0.325781 0.105556 0.324219 0.106944 0.322656 0.109722 0.321094 0.111111 0.317188 0.106944 0.316406 0.101389 0.315625 0.100000 0.315625 0.097222 0.317188 0.098611 0.317969 0.101389 0.319531 0.098611 0.319531 0.094444 0.325000 0.093056 0.327344 0.095833 0.327344 0.090278 0.325781 0.087500 0.324219 0.087500 0.322656 0.086111 0.324219 0.080556 0.326562 0.073611 0.328906 0.069444 0.328906 0.066667 0.330469 0.062500 0.332813 0.061111 0.337500 0.052778 0.338281 0.048611 0.339844 0.047222 0.342187 0.048611 0.348438 0.045833 0.342187 0.044444 0.343750 0.043056 0.345313 0.041667 0.346875 0.041667 0.348438 0.040278 0.350781 0.036111 0.351562 0.033333 0.352344 0.029167 0.352344 0.020833 0.353125 0.018056 0.355469 0.013889 0.356250 0.013889 0.357812 0.011111 0.359375 0.005556 0.359375 0.000000 0.532813 0.001389
25 0.332813 0.163889 0.332031 0.172222 0.333594 0.175000 0.333594 0.176389 0.336719 0.177778 0.335938 0.173611 0.336719 0.170833 0.339062 0.168056 0.337500 0.168056 0.336719 0.170833 0.335156 0.172222 0.333594 0.169444 0.332813 0.163889
25 0.332813 0.131944 0.332813 0.133333 0.331250 0.136111 0.328906 0.137500 0.328906 0.141667 0.330469 0.144444 0.332031 0.145833 0.333594 0.145833 0.335156 0.148611 0.332031 0.143056 0.332031 0.140278 0.334375 0.136111 0.337500 0.134722 0.335938 0.134722 0.334375 0.130556 0.332813 0.131944
25 0.201563 0.111111 0.198437 0.112500 0.197656 0.113889 0.196094 0.115278 0.197656 0.115278 0.198437 0.113889 0.206250 0.112500 0.214844 0.112500 0.205469 0.111111 0.201563 0.111111
26 0.862500 0.602778 0.865625 0.602778 0.864062 0.601389 0.862500 0.602778
26 0.604688 0.400000 0.603906 0.401389 0.600781 0.402778 0.604688 0.402778 0.606250 0.400000 0.604688 0.400000
26 0.654687 0.384722 0.652344 0.387500 0.649219 0.388889 0.645312 0.388889 0.646875 0.390278 0.653125 0.390278 0.656250 0.384722 0.654687 0.384722
26 0.700000 0.313889 0.705469 0.315278 0.706250 0.313889 0.709375 0.313889 0.700000 0.313889
26 0.449219 0.312500 0.449219 0.315278 0.447656 0.318056 0.446094 0.318056 0.446094 0.320833 0.448437 0.320833 0.449219 0.323611 0.455469 0.320833 0.453906 0.322222 0.452344 0.319444 0.450000 0.318056 0.450781 0.313889 0.451562 0.313889 0.453125 0.312500 0.449219 0.312500
26 0.837500 0.308333 0.839844 0.309722 0.846094 0.308333 0.847656 0.308333 0.851562 0.309722 0.855469 0.311111 0.860938 0.319444 0.864844 0.319444 0.866406 0.320833 0.864844 0.320833 0.863281 0.323611 0.861719 0.323611 0.860156 0.325000 0.863281 0.329167 0.864062 0.327778 0.866406 0.327778 0.867188 0.337500 0.867188 0.344444 0.866406 0.351389 0.862500 0.351389 0.864844 0.356944 0.866406 0.356944 0.866406 0.359722 0.864062 0.359722 0.863281 0.359722 0.863281 0.355556 0.862500 0.355556 0.860156 0.355556 0.857812 0.356944 0.859375 0.359722 0.861719 0.361111 0.863281 0.359722 0.864062 0.359722 0.863281 0.361111 0.861719 0.362500 0.864062 0.363889 0.864844 0.362500 0.866406 0.362500 0.866406 0.372222 0.869531 0.377778 0.871094 0.379167 0.876563 0.379167 0.881250 0.381944 0.895312 0.381944 0.903906 0.383333 0.910937 0.384722 0.917188 0.387500 0.925000 0.388889 0.936719 0.388889 0.943750 0.386111 0.951562 0.384722 0.962500 0.384722 0.967969 0.383333 0.971875 0.380556 0.977344 0.379167 0.982031 0.377778 0.988281 0.377778 0.990625 0.372222 0.995313 0.365278 0.995313 0.355556 0.999219 0.355556 0.999219 0.433333 0.997656 0.431944 0.993750 0.433333 0.989844 0.430556 0.976562 0.430556 0.970313 0.429167 0.966406 0.425000 0.953906 0.425000 0.944531 0.423611 0.938281 0.422222 0.935937 0.419444 0.922656 0.419444 0.917969 0.416667 0.913281 0.415278 0.898438 0.415278 0.895312 0.413889 0.892969 0.411111 0.883594 0.411111 0.876563 0.408333 0.875000 0.408333 0.874219 0.409722 0.871875 0.409722 0.865625 0.406944 0.853125 0.406944 0.850781 0.404167 0.839844 0.404167 0.833594 0.401389 0.826562 0.400000 0.817969 0.400000 0.810156 0.397222 0.806250 0.398611 0.800781 0.398611 0.791406 0.397222 0.785937 0.394444 0.777344 0.393056 0.762500 0.393056 0.760938 0.390278 0.751563 0.388889 0.742188 0.391667 0.742969 0.394444 0.743750 0.395833 0.744531 0.395833 0.746094 0.398611 0.746094 0.405556 0.751563 0.408333 0.759375 0.406944 0.760938 0.408333 0.764844 0.413889 0.766406 0.415278 0.767969 0.415278 0.771875 0.413889 0.780469 0.416667 0.786719 0.415278 0.796094 0.416667 0.800000 0.419444 0.802344 0.420833 0.807813 0.419444 0.811719 0.420833 0.814063 0.423611 0.817969 0.423611 0.818750 0.422222 0.822656 0.422222 0.827344 0.426389 0.835938 0.426389 0.841406 0.429167 0.850781 0.429167 0.855469 0.431944 0.860938 0.431944 0.864844 0.434722 0.874219 0.434722 0.881250 0.436111 0.886719 0.438889 0.896094 0.438889 0.899219 0.443056 0.901563 0.444444 0.907031 0.443056 0.908594 0.443056 0.925781 0.444444 0.932813 0.447222 0.935937 0.447222 0.943750 0.445833 0.947656 0.448611 0.952344 0.450000 0.953906 0.450000 0.971875 0.450000 0.975000 0.451389 0.976562 0.454167 0.981250 0.454167 0.984375 0.456944 0.991406 0.456944 0.996094 0.459722 0.999219 0.459722 0.999219 0.501389 0.997656 0.501389 0.993750 0.500000 0.989844 0.498611 0.984375 0.494444 0.977344 0.493056 0.968750 0.493056 0.960938 0.487500 0.952344 0.487500 0.948438 0.484722 0.944531 0.483333 0.942969 0.484722 0.940625 0.483333 0.936719 0.480556 0.932813 0.479167 0.924219 0.476389 0.919531 0.476389 0.915625 0.473611 0.911719 0.472222 0.904687 0.472222 0.900000 0.469444 0.893750 0.469444 0.886719 0.465278 0.882031 0.465278 0.878125 0.462500 0.872656 0.462500 0.865625 0.458333 0.860156 0.456944 0.854688 0.455556 0.843750 0.454167 0.839063 0.451389 0.833594 0.451389 0.827344 0.447222 0.824219 0.445833 0.818750 0.445833 0.814844 0.443056 0.807031 0.443056 0.802344 0.441667 0.799219 0.438889 0.792969 0.437500 0.782813 0.436111 0.781250 0.438889 0.781250 0.451389 0.783594 0.452778 0.785156 0.455556 0.787500 0.456944 0.792969 0.456944 0.794531 0.458333 0.797656 0.462500 0.800000 0.463889 0.804688 0.466667 0.807813 0.466667 0.810156 0.469444 0.814844 0.470833 0.820312 0.469444 0.823438 0.472222 0.826562 0.472222 0.828906 0.475000 0.833594 0.475000 0.837500 0.477778 0.845313 0.477778 0.846875 0.480556 0.848437 0.483333 0.850000 0.484722 0.852344 0.486111 0.860938 0.488889 0.864844 0.490278 0.868750 0.488889 0.870313 0.488889 0.873437 0.491667 0.878125 0.491667 0.881250 0.494444 0.885156 0.495833 0.892969 0.497222 0.895312 0.500000 0.897656 0.500000 0.898438 0.501389 0.900000 0.501389 0.900781 0.500000 0.903125 0.500000 0.905469 0.501389 0.907813 0.504167 0.910937 0.505556 0.916406 0.506944 0.930469 0.506944 0.930469 0.512500 0.932031 0.513889 0.935156 0.515278 0.936719 0.518056 0.941406 0.519444 0.946094 0.519444 0.948438 0.522222 0.950781 0.523611 0.957031 0.523611 0.960938 0.525000 0.962500 0.527778 0.964844 0.529167 0.970313 0.527778 0.972656 0.531944 0.975000 0.533333 0.977344 0.534722 0.984375 0.536111 0.986719 0.537500 0.988281 0.540278 0.990625 0.541667 0.992969 0.543056 0.999219 0.543056 0.998437 0.683333 0.998437 0.686111 0.999219 0.691667 0.997656 0.691667 0.996094 0.690278 0.994531 0.687500 0.992969 0.690278 0.985938 0.684722 0.983594 0.684722 0.981250 0.681944 0.980469 0.683333 0.974219 0.677778 0.971094 0.675000 0.968750 0.676389 0.965625 0.673611 0.963281 0.669444 0.964844 0.666667 0.967187 0.665278 0.964844 0.661111 0.963281 0.659722 0.960938 0.661111 0.962500 0.663889 0.964844 0.666667 0.963281 0.669444 0.961719 0.668056 0.957812 0.668056 0.956250 0.666667 0.956250 0.663889 0.957812 0.662500 0.954688 0.661111 0.952344 0.658333 0.950000 0.658333 0.950000 0.655556 0.942969 0.652778 0.937500 0.654167 0.931250 0.651389 0.928906 0.650000 0.926562 0.645833 0.925000 0.645833 0.924219 0.643056 0.925000 0.637500 0.928125 0.640278 0.931250 0.643056 0.935156 0.641667 0.932031 0.637500 0.928906 0.636111 0.925000 0.637500 0.924219 0.643056 0.921094 0.643056 0.918750 0.638889 0.917188 0.640278 0.914844 0.638889 0.912500 0.637500 0.908594 0.631944 0.906250 0.630556 0.907031 0.627778 0.911719 0.631944 0.914844 0.630556 0.912500 0.629167 0.909375 0.625000 0.907031 0.627778 0.906250 0.630556 0.903906 0.631944 0.902344 0.629167 0.900781 0.630556 0.898438 0.631944 0.896094 0.631944 0.896875 0.629167 0.898438 0.626389 0.896875 0.620833 0.894531 0.620833 0.893750 0.619444 0.891406 0.620833 0.895312 0.625000 0.898438 0.626389 0.896875 0.629167 0.892969 0.627778 0.891406 0.625000 0.889062 0.625000 0.886719 0.627778 0.885156 0.626389 0.886719 0.626389 0.885156 0.622222 0.886719 0.620833 0.885156 0.618056 0.882812 0.619444 0.882812 0.616667 0.881250 0.615278 0.880469 0.616667 0.878125 0.615278 0.876563 0.613889 0.876563 0.609722 0.875781 0.608333 0.874219 0.606944 0.872656 0.606944 0.875781 0.605556 0.874219 0.602778 0.872656 0.601389 0.869531 0.600000 0.866406 0.598611 0.862500 0.598611 0.861719 0.595833 0.856250 0.593056 0.854688 0.588889 0.851562 0.587500 0.846875 0.584722 0.841406 0.586111 0.842969 0.588889 0.845313 0.588889 0.847656 0.591667 0.850781 0.591667 0.852344 0.594444 0.850781 0.597222 0.847656 0.598611 0.845313 0.598611 0.842969 0.593056 0.835938 0.593056 0.836719 0.590278 0.837500 0.593056 0.839063 0.591667 0.840625 0.590278 0.839063 0.588889 0.838281 0.587500 0.836719 0.587500 0.834375 0.583333 0.832812 0.581944 0.831250 0.581944 0.830469 0.583333 0.828906 0.583333 0.828125 0.581944 0.826562 0.581944 0.825781 0.577778 0.828906 0.576389 0.827344 0.575000 0.826562 0.573611 0.824219 0.572222 0.821875 0.572222 0.819531 0.569444 0.816406 0.570833 0.817969 0.573611 0.825781 0.577778 0.826562 0.581944 0.825781 0.586111 0.822656 0.583333 0.823438 0.580556 0.821875 0.577778 0.819531 0.579167 0.821094 0.580556 0.823438 0.580556 0.822656 0.583333 0.819531 0.583333 0.817969 0.580556 0.815625 0.579167 0.813281 0.577778 0.809375 0.577778 0.806250 0.576389 0.803125 0.575000 0.800781 0.572222 0.797656 0.572222 0.796875 0.568056 0.795312 0.565278 0.795312 0.561111 0.796875 0.558333 0.795312 0.555556 0.793750 0.555556 0.793750 0.559722 0.795312 0.561111 0.795312 0.565278 0.786719 0.558333 0.785156 0.556944 0.781250 0.555556 0.781250 0.552778 0.782031 0.547222 0.781250 0.544444 0.779687 0.541667 0.777344 0.538889 0.775000 0.537500 0.772656 0.533333 0.767969 0.529167 0.765625 0.529167 0.763281 0.526389 0.760938 0.525000 0.757812 0.525000 0.749219 0.520833 0.745313 0.516667 0.742969 0.515278 0.736719 0.513889 0.729688 0.516667 0.726562 0.516667 0.725781 0.515278 0.721875 0.515278 0.717969 0.512500 0.712500 0.512500 0.711719 0.509722 0.709375 0.509722 0.707812 0.506944 0.702344 0.506944 0.700781 0.509722 0.704688 0.512500 0.708594 0.512500 0.711719 0.515278 0.715625 0.516667 0.719531 0.516667 0.722656 0.518056 0.724219 0.520833 0.724219 0.525000 0.722656 0.525000 0.721875 0.523611 0.719531 0.525000 0.714844 0.523611 0.711719 0.520833 0.706250 0.520833 0.703906 0.519444 0.700781 0.518056 0.698438 0.515278 0.699219 0.511111 0.696875 0.509722 0.696875 0.515278 0.692969 0.513889 0.689844 0.513889 0.687500 0.512500 0.685937 0.509722 0.682813 0.509722 0.677344 0.505556 0.675000 0.505556 0.673438 0.504167 0.672656 0.501389 0.671094 0.502778 0.668750 0.501389 0.667188 0.498611 0.663281 0.497222 0.661719 0.495833 0.660937 0.491667 0.659375 0.488889 0.658594 0.484722 0.660937 0.483333 0.664844 0.490278 0.667188 0.491667 0.668750 0.494444 0.670312 0.493056 0.668750 0.488889 0.667969 0.487500 0.666406 0.486111 0.664062 0.484722 0.664062 0.483333 0.662500 0.480556 0.660937 0.483333 0.658594 0.484722 0.657031 0.481944 0.654687 0.481944 0.653125 0.479167 0.653125 0.477778 0.652344 0.476389 0.650781 0.475000 0.649219 0.473611 0.646094 0.473611 0.642969 0.470833 0.641406 0.470833 0.639062 0.473611 0.638281 0.470833 0.639844 0.469444 0.637500 0.468056 0.634375 0.466667 0.632031 0.465278 0.628125 0.465278 0.627344 0.463889 0.625000 0.463889 0.624219 0.459722 0.624219 0.459722 0.626563 0.459722 0.625000 0.456944 0.624219 0.459722 0.624219 0.459722 0.621094 0.454167 0.623437 0.454167 0.624219 0.455556 0.626563 0.455556 0.627344 0.458333 0.628906 0.458333 0.632812 0.462500 0.639062 0.463889 0.639844 0.466667 0.642188 0.468056 0.644531 0.469444 0.646875 0.468056 0.645312 0.465278 0.643750 0.463889 0.642188 0.463889 0.639844 0.459722 0.638281 0.458333 0.635938 0.459722 0.633594 0.455556 0.628125 0.454167 0.626563 0.451389 0.619531 0.447222 0.617969 0.444444 0.614062 0.443056 0.612500 0.443056 0.610156 0.443056 0.607812 0.444444 0.607812 0.440278 0.607031 0.440278 0.605469 0.437500 0.602344 0.437500 0.600000 0.434722 0.596875 0.436111 0.603125 0.440278 0.604688 0.441667 0.606250 0.443056 0.603906 0.443056 0.601562 0.440278 0.597656 0.440278 0.593750 0.437500 0.596094 0.436111 0.594531 0.431944 0.592969 0.430556 0.591406 0.429167 0.592969 0.427778 0.596875 0.426389 0.606250 0.425000 0.604688 0.422222 0.602344 0.422222 0.603906 0.420833 0.605469 0.419444 0.607812 0.418056 0.613281 0.418056 0.616406 0.415278 0.622656 0.413889 0.625000 0.415278 0.632812 0.413889 0.635156 0.411111 0.648438 0.409722 0.655469 0.409722 0.661719 0.411111 0.667969 0.412500 0.671875 0.415278 0.683594 0.415278 0.686719 0.416667 0.692187 0.420833 0.696875 0.422222 0.702344 0.422222 0.703906 0.425000 0.706250 0.426389 0.711719 0.427778 0.712500 0.429167 0.714063 0.429167 0.716406 0.426389 0.718750 0.427778 0.721875 0.426389 0.721875 0.423611 0.720313 0.420833 0.720313 0.418056 0.717969 0.413889 0.715625 0.411111 0.714063 0.409722 0.707812 0.405556 0.705469 0.405556 0.702344 0.400000 0.700000 0.398611 0.699219 0.395833 0.698438 0.391667 0.700781 0.386111 0.705469 0.387500 0.707031 0.384722 0.705469 0.381944 0.701562 0.383333 0.699219 0.380556 0.692969 0.381944 0.689844 0.381944 0.689063 0.380556 0.685156 0.380556 0.688281 0.380556 0.689063 0.379167 0.692969 0.379167 0.696094 0.376389 0.700781 0.377778 0.702344 0.377778 0.708594 0.376389 0.713281 0.373611 0.718750 0.373611 0.721875 0.369444 0.724219 0.369444 0.728906 0.370833 0.729688 0.369444 0.734375 0.369444 0.736719 0.368056 0.737500 0.365278 0.742188 0.365278 0.747656 0.361111 0.754687 0.359722 0.768750 0.359722 0.775000 0.356944 0.792969 0.355556 0.799219 0.354167 0.801562 0.352778 0.803125 0.351389 0.803906 0.350000 0.807031 0.341667 0.810937 0.334722 0.811719 0.336111 0.813281 0.334722 0.817187 0.326389 0.817969 0.329167 0.820312 0.323611 0.821875 0.322222 0.823438 0.319444 0.823438 0.316667 0.826562 0.315278 0.827344 0.312500 0.830469 0.311111 0.831250 0.309722 0.837500 0.308333
26 0.771094 0.305556 0.770312 0.306944 0.764844 0.306944 0.771875 0.306944 0.772656 0.305556 0.775781 0.305556 0.771094 0.305556
26 0.482812 0.301389 0.481250 0.304167 0.478906 0.304167 0.482031 0.308333 0.480469 0.309722 0.477344 0.309722 0.476562 0.313889 0.475000 0.315278 0.470313 0.318056 0.463281 0.318056 0.462500 0.316667 0.456250 0.318056 0.457813 0.316667 0.459375 0.316667 0.461719 0.318056 0.464062 0.320833 0.467187 0.322222 0.470313 0.323611 0.477344 0.325000 0.483594 0.326389 0.486719 0.326389 0.500000 0.325000 0.498437 0.323611 0.495312 0.320833 0.496875 0.319444 0.495312 0.318056 0.492188 0.313889 0.493750 0.315278 0.495312 0.313889 0.493750 0.313889 0.492188 0.312500 0.489844 0.315278 0.486719 0.316667 0.488281 0.318056 0.486719 0.320833 0.488281 0.323611 0.486719 0.326389 0.483594 0.326389 0.482031 0.325000 0.480469 0.320833 0.482812 0.316667 0.483594 0.312500 0.485156 0.311111 0.488281 0.311111 0.490625 0.308333 0.496875 0.309722 0.499219 0.313889 0.500781 0.318056 0.500781 0.322222 0.503125 0.325000 0.503125 0.319444 0.502344 0.315278 0.500000 0.308333 0.498437 0.305556 0.489844 0.304167 0.490625 0.302778 0.489063 0.301389 0.488281 0.305556 0.487500 0.305556 0.485938 0.306944 0.484375 0.304167 0.485156 0.301389 0.482812 0.301389
26 0.698438 0.288889 0.698438 0.293056 0.696875 0.294444 0.696875 0.302778 0.695312 0.311111 0.693750 0.308333 0.691406 0.308333 0.690625 0.304167 0.690625 0.295833 0.687500 0.295833 0.686719 0.301389 0.682813 0.300000 0.681250 0.300000 0.677344 0.300000 0.675000 0.301389 0.675000 0.304167 0.674219 0.305556 0.673438 0.316667 0.687500 0.316667 0.697656 0.313889 0.698438 0.309722 0.727344 0.309722 0.728906 0.312500 0.732031 0.313889 0.740625 0.313889 0.742969 0.312500 0.755469 0.312500 0.757031 0.311111 0.756250 0.306944 0.743750 0.306944 0.740625 0.301389 0.741406 0.295833 0.739844 0.297222 0.738281 0.297222 0.737500 0.301389 0.735938 0.301389 0.732812 0.297222 0.727344 0.297222 0.725000 0.294444 0.717187 0.294444 0.715625 0.293056 0.713281 0.288889 0.710156 0.288889 0.706250 0.295833 0.701562 0.298611 0.700000 0.295833 0.700781 0.291667 0.702344 0.291667 0.700781 0.288889 0.698438 0.288889
27 0.997656 0.812500 0.992969 0.813889 0.981250 0.819444 0.978125 0.819444 0.978125 0.822222 0.977344 0.826389 0.975781 0.831944 0.980469 0.831944 0.981250 0.834722 0.993750 0.837500 0.999219 0.837500 0.999219 0.812500 0.997656 0.812500
27 0.334375 0.126389 0.335156 0.126389 0.335938 0.127778 0.336719 0.131944 0.340625 0.130556 0.342187 0.130556 0.340625 0.131944 0.339062 0.133333 0.340625 0.137500 0.342969 0.141667 0.343750 0.138889 0.343750 0.150000 0.345313 0.156944 0.346094 0.162500 0.342969 0.169444 0.339844 0.168056 0.337500 0.166667 0.336719 0.169444 0.339844 0.168056 0.342969 0.169444 0.342187 0.172222 0.342187 0.175000 0.340625 0.177778 0.338281 0.179167 0.336719 0.179167 0.337500 0.175000 0.337500 0.172222 0.335156 0.170833 0.334375 0.166667 0.333594 0.165278 0.332813 0.162500 0.331250 0.165278 0.331250 0.172222 0.332813 0.176389 0.334375 0.179167 0.336719 0.179167 0.338281 0.179167 0.339062 0.181944 0.336719 0.183333 0.332813 0.180556 0.331250 0.177778 0.328906 0.170833 0.329688 0.168056 0.328125 0.165278 0.325781 0.166667 0.328125 0.165278 0.328906 0.163889 0.330469 0.161111 0.329688 0.159722 0.331250 0.155556 0.332813 0.156944 0.334375 0.154167 0.333594 0.151389 0.331250 0.148611 0.330469 0.151389 0.328125 0.147222 0.322656 0.150000 0.322656 0.147222 0.325000 0.147222 0.327344 0.147222 0.326562 0.145833 0.327344 0.141667 0.328125 0.141667 0.330469 0.145833 0.332031 0.147222 0.334375 0.145833 0.332813 0.143056 0.332813 0.140278 0.334375 0.137500 0.335938 0.137500 0.336719 0.136111 0.338281 0.134722 0.335156 0.131944 0.335156 0.130556 0.332031 0.131944 0.332031 0.133333 0.331250 0.134722 0.328906 0.136111 0.328125 0.141667 0.327344 0.141667 0.325781 0.140278 0.325781 0.136111 0.328906 0.133333 0.331250 0.127778 0.334375 0.126389
27 0.530469 0.069444 0.532031 0.070833 0.532813 0.073611 0.532813 0.076389 0.532031 0.080556 0.532813 0.083333 0.535156 0.084722 0.537500 0.084722 0.532813 0.076389 0.532813 0.073611 0.535937 0.075000 0.538281 0.075000 0.539062 0.073611 0.541406 0.073611 0.544531 0.075000 0.546875 0.076389 0.546094 0.079167 0.549219 0.080556 0.550781 0.079167 0.553125 0.079167 0.556250 0.081944 0.561719 0.083333 0.566406 0.087500 0.568750 0.088889 0.581250 0.095833 0.586719 0.097222 0.590625 0.101389 0.594531 0.102778 0.596094 0.105556 0.596094 0.108333 0.595313 0.113889 0.596094 0.131944 0.592969 0.133333 0.591406 0.134722 0.589844 0.137500 0.589844 0.141667 0.589844 0.137500 0.587500 0.136111 0.585938 0.141667 0.585156 0.147222 0.584375 0.154167 0.582812 0.156944 0.578906 0.159722 0.571875 0.159722 0.568750 0.156944 0.560156 0.155556 0.560937 0.151389 0.557813 0.148611 0.553906 0.145833 0.550000 0.137500 0.549219 0.141667 0.550000 0.143056 0.550000 0.147222 0.550781 0.150000 0.551562 0.151389 0.553125 0.152778 0.560937 0.151389 0.560156 0.155556 0.556250 0.156944 0.553906 0.162500 0.552344 0.163889 0.548438 0.162500 0.546875 0.161111 0.545312 0.158333 0.544531 0.158333 0.543750 0.156944 0.542969 0.154167 0.542188 0.151389 0.542188 0.147222 0.542969 0.143056 0.545312 0.134722 0.546875 0.131944 0.547656 0.129167 0.546875 0.126389 0.546875 0.123611 0.545312 0.113889 0.546094 0.109722 0.544531 0.106944 0.544531 0.105556 0.539844 0.095833 0.539062 0.091667 0.538281 0.088889 0.533594 0.087500 0.531250 0.084722 0.528125 0.080556 0.527344 0.079167 0.525781 0.076389 0.525000 0.073611 0.524219 0.070833 0.526563 0.070833 0.527344 0.072222 0.528906 0.072222 0.528906 0.069444 0.530469 0.069444
27 0.614062 0.000000 0.614844 0.002778 0.616406 0.004167 0.616406 0.008333 0.614844 0.011111 0.613281 0.011111 0.611719 0.009722 0.610156 0.012500 0.608594 0.012500 0.607031 0.009722 0.605469 0.015278 0.605469 0.025000 0.607031 0.027778 0.607812 0.027778 0.608594 0.031944 0.609375 0.034722 0.611719 0.036111 0.612500 0.038889 0.612500 0.077778 0.611719 0.084722 0.610156 0.087500 0.603125 0.088889 0.603125 0.094444 0.603906 0.095833 0.603125 0.104167 0.603906 0.108333 0.605469 0.109722 0.614844 0.109722 0.616406 0.113889 0.617188 0.111111 0.617969 0.108333 0.617969 0.105556 0.618750 0.104167 0.618750 0.100000 0.621094 0.094444 0.621875 0.091667 0.622656 0.087500 0.623437 0.083333 0.623437 0.079167 0.625781 0.066667 0.626563 0.063889 0.628125 0.059722 0.631250 0.054167 0.633594 0.051389 0.637500 0.048611 0.640625 0.047222 0.645312 0.045833 0.652344 0.045833 0.657813 0.043056 0.667969 0.043056 0.670312 0.044444 0.672656 0.047222 0.675000 0.048611 0.682031 0.048611 0.683594 0.047222 0.687500 0.041667 0.690625 0.038889 0.693750 0.038889 0.695312 0.036111 0.695312 0.033333 0.696094 0.030556 0.694531 0.033333 0.693750 0.030556 0.692969 0.029167 0.692187 0.025000 0.692969 0.020833 0.691406 0.020833 0.690625 0.020833 0.689063 0.018056 0.689063 0.016667 0.688281 0.015278 0.686719 0.013889 0.685156 0.012500 0.678125 0.012500 0.672656 0.011111 0.669531 0.008333 0.664844 0.006944 0.664062 0.004167 0.664062 0.000000 0.614062 0.000000
27 0.534375 0.001389 0.536719 0.001389 0.596094 0.000000 0.596094 0.002778 0.596875 0.004167 0.596875 0.025000 0.594531 0.030556 0.595313 0.034722 0.591406 0.034722 0.589844 0.036111 0.588281 0.072222 0.589063 0.081944 0.589844 0.084722 0.592969 0.087500 0.596875 0.087500 0.596875 0.091667 0.594531 0.095833 0.592187 0.095833 0.589063 0.094444 0.581250 0.090278 0.567969 0.080556 0.562500 0.077778 0.559375 0.077778 0.556250 0.076389 0.553906 0.073611 0.551562 0.073611 0.549219 0.070833 0.546094 0.070833 0.536719 0.065278 0.533594 0.063889 0.527344 0.061111 0.520312 0.059722 0.517188 0.058333 0.514844 0.056944 0.514062 0.055556 0.512500 0.055556 0.514062 0.054167 0.514844 0.054167 0.515625 0.052778 0.515625 0.051389 0.517188 0.048611 0.512500 0.048611 0.511719 0.045833 0.514062 0.037500 0.514062 0.041667 0.516406 0.043056 0.517969 0.045833 0.519531 0.043056 0.519531 0.040278 0.519531 0.036111 0.516406 0.033333 0.519531 0.031944 0.520312 0.033333 0.522656 0.033333 0.524219 0.030556 0.522656 0.029167 0.525000 0.026389 0.528125 0.025000 0.529687 0.022222 0.529687 0.013889 0.531250 0.004167 0.532031 0.004167 0.533594 0.008333 0.533594 0.012500 0.535937 0.009722 0.533594 0.008333 0.532031 0.004167 0.532813 0.000000 0.534375 0.001389
27 0.358594 0.000000 0.358594 0.005556 0.357812 0.008333 0.357031 0.011111 0.356250 0.012500 0.352344 0.018056 0.351562 0.020833 0.352344 0.030556 0.350781 0.030556 0.350000 0.036111 0.348438 0.038889 0.346875 0.040278 0.345313 0.040278 0.341406 0.044444 0.347656 0.045833 0.349219 0.048611 0.347656 0.045833 0.342187 0.047222 0.339844 0.045833 0.338281 0.047222 0.336719 0.050000 0.336719 0.052778 0.332813 0.059722 0.330469 0.061111 0.329688 0.062500 0.329688 0.063889 0.328125 0.066667 0.328125 0.069444 0.325781 0.073611 0.323437 0.080556 0.322656 0.083333 0.321875 0.086111 0.323437 0.087500 0.324219 0.088889 0.326562 0.090278 0.326562 0.091667 0.327344 0.094444 0.325000 0.091667 0.320312 0.091667 0.318750 0.094444 0.317969 0.100000 0.316406 0.095833 0.314844 0.100000 0.315625 0.101389 0.315625 0.105556 0.317188 0.108333 0.321094 0.112500 0.322656 0.111111 0.324219 0.108333 0.325000 0.108333 0.326562 0.105556 0.325781 0.109722 0.325000 0.112500 0.321875 0.118056 0.320312 0.116667 0.318750 0.109722 0.316406 0.111111 0.314063 0.101389 0.311719 0.101389 0.310156 0.101389 0.312500 0.100000 0.313281 0.097222 0.313281 0.094444 0.307812 0.091667 0.302344 0.093056 0.299219 0.087500 0.298438 0.083333 0.296875 0.080556 0.293750 0.079167 0.292187 0.075000 0.289844 0.075000 0.287500 0.070833 0.283594 0.069444 0.278906 0.069444 0.281250 0.065278 0.277344 0.063889 0.277344 0.061111 0.276562 0.055556 0.275000 0.054167 0.273438 0.051389 0.274219 0.047222 0.271094 0.048611 0.267969 0.047222 0.268750 0.043056 0.265625 0.041667 0.264062 0.044444 0.262500 0.044444 0.261719 0.038889 0.260937 0.041667 0.258594 0.037500 0.259375 0.036111 0.262500 0.036111 0.260937 0.031944 0.259375 0.036111 0.258594 0.037500 0.259375 0.033333 0.258594 0.029167 0.257812 0.025000 0.257031 0.025000 0.253125 0.019444 0.250781 0.019444 0.249219 0.018056 0.246875 0.015278 0.244531 0.009722 0.233594 0.008333 0.232031 0.009722 0.230469 0.012500 0.228906 0.019444 0.225781 0.026389 0.223438 0.027778 0.221875 0.026389 0.220312 0.022222 0.218750 0.022222 0.216406 0.025000 0.214062 0.026389 0.208594 0.025000 0.205469 0.029167 0.203906 0.031944 0.203125 0.034722 0.203125 0.037500 0.200781 0.041667 0.196875 0.038889 0.188281 0.040278 0.185156 0.043056 0.183594 0.041667 0.182031 0.038889 0.181250 0.034722 0.177344 0.038889 0.175000 0.031944 0.173437 0.029167 0.169531 0.029167 0.167969 0.025000 0.166406 0.026389 0.159375 0.026389 0.156250 0.025000 0.153906 0.022222 0.153125 0.025000 0.152344 0.026389 0.151562 0.026389 0.148438 0.020833 0.149219 0.015278 0.147656 0.011111 0.147656 0.000000 0.358594 0.000000
27 0.140625 0.000000 0.140625 0.011111 0.139844 0.012500 0.137500 0.015278 0.139844 0.018056 0.139063 0.020833 0.139844 0.033333 0.138281 0.034722 0.139844 0.044444 0.138281 0.044444 0.136719 0.047222 0.139063 0.051389 0.136719 0.054167 0.136719 0.058333 0.138281 0.061111 0.138281 0.063889 0.139063 0.065278 0.139063 0.068056 0.136719 0.066667 0.135156 0.072222 0.136719 0.075000 0.135937 0.076389 0.135937 0.080556 0.137500 0.083333 0.136719 0.088889 0.136719 0.093056 0.138281 0.094444 0.138281 0.100000 0.137500 0.101389 0.137500 0.109722 0.133594 0.111111 0.136719 0.112500 0.137500 0.127778 0.136719 0.129167 0.136719 0.133333 0.135156 0.133333 0.133594 0.136111 0.132812 0.134722 0.130469 0.131944 0.129688 0.134722 0.132812 0.134722 0.133594 0.136111 0.131250 0.137500 0.128906 0.137500 0.126562 0.136111 0.125000 0.134722 0.123438 0.130556 0.118750 0.130556 0.117969 0.131944 0.113281 0.131944 0.103125 0.130556 0.101562 0.131944 0.098437 0.136111 0.098437 0.129167 0.100781 0.129167 0.102344 0.126389 0.098437 0.125000 0.097656 0.120833 0.097656 0.094444 0.096094 0.083333 0.096875 0.079167 0.096875 0.076389 0.095312 0.066667 0.095312 0.055556 0.094531 0.048611 0.092969 0.044444 0.093750 0.036111 0.092188 0.036111 0.092969 0.025000 0.092188 0.019444 0.091406 0.023611 0.091406 0.015278 0.092188 0.013889 0.091406 0.006944 0.090625 0.012500 0.089844 0.002778 0.089844 0.000000 0.140625 0.000000
27 0.087500 0.000000 0.087500 0.009722 0.089063 0.019444 0.088281 0.031944 0.089844 0.031944 0.089844 0.040278 0.088281 0.044444 0.088281 0.052778 0.089844 0.070833 0.089844 0.090278 0.089063 0.098611 0.089063 0.095833 0.085938 0.091667 0.085156 0.095833 0.086719 0.097222 0.089063 0.095833 0.089063 0.098611 0.089063 0.101389 0.085156 0.101389 0.083594 0.104167 0.085156 0.106944 0.088281 0.106944 0.089844 0.108333 0.089844 0.118056 0.090625 0.119444 0.090625 0.134722 0.089063 0.140278 0.088281 0.143056 0.088281 0.148611 0.089063 0.154167 0.087500 0.154167 0.086719 0.155556 0.082812 0.155556 0.080469 0.159722 0.081250 0.163889 0.080469 0.165278 0.082031 0.166667 0.083594 0.168056 0.079687 0.168056 0.074219 0.161111 0.069531 0.161111 0.063281 0.162500 0.057813 0.156944 0.055469 0.155556 0.049219 0.154167 0.044531 0.163889 0.039062 0.168056 0.036719 0.172222 0.027344 0.172222 0.024219 0.170833 0.021875 0.168056 0.016406 0.166667 0.014844 0.165278 0.013281 0.163889 0.005469 0.154167 0.003125 0.152778 0.000000 0.152778 0.000000 0.000000 0.087500 0.000000
2 0.544531 0.287500 0.541406 0.288889 0.536719 0.293056 0.534375 0.297222 0.532813 0.298611 0.531250 0.300000 0.528906 0.301389 0.525781 0.301389 0.523438 0.302778 0.521094 0.304167 0.519531 0.305556 0.517188 0.308333 0.516406 0.311111 0.515625 0.315278 0.515625 0.322222 0.516406 0.325000 0.518750 0.327778 0.520312 0.329167 0.525000 0.329167 0.528125 0.326389 0.532031 0.325000 0.536719 0.325000 0.540625 0.329167 0.545312 0.329167 0.548438 0.326389 0.553125 0.326389 0.557031 0.323611 0.563281 0.322222 0.564844 0.325000 0.565625 0.329167 0.567969 0.330556 0.576562 0.327778 0.585938 0.329167 0.589844 0.329167 0.591406 0.327778 0.592187 0.325000 0.592969 0.322222 0.592969 0.308333 0.594531 0.297222 0.594531 0.294444 0.593750 0.290278 0.592969 0.287500 0.583594 0.287500 0.578906 0.291667 0.572656 0.298611 0.571875 0.294444 0.571094 0.293056 0.570312 0.293056 0.568750 0.290278 0.567187 0.288889 0.565625 0.287500 0.544531 0.287500
2 0.653125 0.281944 0.638281 0.283333 0.633594 0.287500 0.629687 0.293056 0.626563 0.294444 0.621875 0.302778 0.620313 0.308333 0.620313 0.301389 0.617969 0.298611 0.611719 0.291667 0.605469 0.287500 0.603125 0.287500 0.602344 0.294444 0.602344 0.302778 0.603125 0.306944 0.603125 0.323611 0.607031 0.323611 0.610156 0.327778 0.614062 0.327778 0.617969 0.323611 0.619531 0.309722 0.621094 0.323611 0.622656 0.325000 0.625000 0.326389 0.628125 0.326389 0.632031 0.323611 0.642969 0.323611 0.645312 0.326389 0.647656 0.326389 0.650781 0.325000 0.655469 0.322222 0.662500 0.322222 0.665625 0.325000 0.669531 0.325000 0.671094 0.323611 0.671875 0.319444 0.673438 0.315278 0.674219 0.304167 0.674219 0.301389 0.673438 0.294444 0.668750 0.286111 0.666406 0.283333 0.664062 0.281944 0.653125 0.281944
2 0.165625 0.244444 0.174219 0.247222 0.185156 0.248611 0.200000 0.247222 0.207031 0.250000 0.214844 0.251389 0.217969 0.251389 0.220312 0.248611 0.225781 0.250000 0.228125 0.252778 0.230469 0.254167 0.232813 0.254167 0.233594 0.252778 0.236719 0.252778 0.238281 0.254167 0.239844 0.255556 0.243750 0.259722 0.243750 0.263889 0.244531 0.265278 0.244531 0.279167 0.245312 0.283333 0.246094 0.286111 0.249219 0.291667 0.252344 0.295833 0.254688 0.297222 0.259375 0.305556 0.262500 0.309722 0.264062 0.311111 0.266406 0.309722 0.264844 0.306944 0.264062 0.306944 0.262500 0.304167 0.261719 0.301389 0.261719 0.293056 0.262500 0.290278 0.264062 0.287500 0.283594 0.288889 0.285938 0.293056 0.286719 0.293056 0.288281 0.295833 0.291406 0.284722 0.293750 0.280556 0.295312 0.279167 0.299219 0.277778 0.315625 0.277778 0.317969 0.279167 0.321094 0.284722 0.321875 0.287500 0.322656 0.293056 0.323437 0.295833 0.325000 0.298611 0.325781 0.301389 0.325781 0.304167 0.324219 0.312500 0.324219 0.319444 0.325000 0.320833 0.325000 0.329167 0.323437 0.331944 0.324219 0.334722 0.326562 0.330556 0.327344 0.327778 0.328125 0.319444 0.328906 0.315278 0.329688 0.312500 0.331250 0.308333 0.334375 0.302778 0.335938 0.295833 0.336719 0.293056 0.337500 0.291667 0.344531 0.280556 0.346094 0.279167 0.349219 0.279167 0.350781 0.277778 0.352344 0.275000 0.353906 0.273611 0.357031 0.272222 0.363281 0.273611 0.385156 0.272222 0.407813 0.273611 0.408594 0.279167 0.407813 0.280556 0.404687 0.276389 0.403125 0.277778 0.402344 0.280556 0.407813 0.280556 0.408594 0.279167 0.415625 0.280556 0.417187 0.283333 0.418750 0.284722 0.420312 0.283333 0.421094 0.280556 0.421875 0.280556 0.425000 0.280556 0.430469 0.291667 0.431250 0.293056 0.432812 0.294444 0.435156 0.294444 0.439063 0.301389 0.442969 0.313889 0.445312 0.323611 0.446875 0.329167 0.450781 0.336111 0.454688 0.336111 0.454688 0.350000 0.455469 0.352778 0.456250 0.355556 0.458594 0.359722 0.459375 0.362500 0.460938 0.373611 0.463281 0.380556 0.463281 0.384722 0.465625 0.393056 0.466406 0.397222 0.467187 0.404167 0.467969 0.411111 0.467969 0.443056 0.467187 0.458333 0.466406 0.472222 0.465625 0.483333 0.464844 0.490278 0.464062 0.495833 0.463281 0.501389 0.462500 0.505556 0.460156 0.513889 0.457031 0.519444 0.455469 0.520833 0.445312 0.520833 0.442969 0.518056 0.440625 0.515278 0.439063 0.512500 0.437500 0.500000 0.436719 0.497222 0.435937 0.494444 0.433594 0.490278 0.431250 0.487500 0.426563 0.486111 0.421875 0.486111 0.421094 0.487500 0.415625 0.486111 0.412500 0.488889 0.410938 0.488889 0.407813 0.486111 0.393750 0.484722 0.376563 0.484722 0.372656 0.481944 0.365625 0.481944 0.362500 0.481944 0.360156 0.483333 0.357812 0.486111 0.353125 0.486111 0.350781 0.490278 0.349219 0.495833 0.346875 0.495833 0.342969 0.500000 0.341406 0.500000 0.339844 0.498611 0.339844 0.487500 0.339062 0.484722 0.337500 0.481944 0.333594 0.481944 0.331250 0.486111 0.330469 0.488889 0.330469 0.495833 0.329688 0.498611 0.325781 0.505556 0.321875 0.508333 0.314063 0.509722 0.310156 0.508333 0.308594 0.506944 0.306250 0.502778 0.305469 0.491667 0.306250 0.469444 0.306250 0.466667 0.305469 0.458333 0.306250 0.395833 0.307031 0.383333 0.307812 0.375000 0.308594 0.370833 0.309375 0.366667 0.310156 0.363889 0.310937 0.362500 0.311719 0.362500 0.312500 0.361111 0.314063 0.356944 0.316406 0.348611 0.319531 0.344444 0.320312 0.343056 0.320312 0.341667 0.321875 0.338889 0.314063 0.337500 0.311719 0.336111 0.310156 0.333333 0.302344 0.333333 0.296094 0.337500 0.291406 0.338889 0.289844 0.338889 0.286719 0.337500 0.286719 0.334722 0.285938 0.333333 0.285156 0.327778 0.284375 0.316667 0.282813 0.320833 0.277344 0.318056 0.270313 0.318056 0.268750 0.315278 0.269531 0.320833 0.270313 0.326389 0.271094 0.331944 0.271875 0.343056 0.271875 0.383333 0.271094 0.391667 0.268750 0.395833 0.267188 0.397222 0.261719 0.397222 0.258594 0.394444 0.255469 0.393056 0.252344 0.394444 0.249219 0.400000 0.248438 0.402778 0.248438 0.412500 0.245312 0.415278 0.240625 0.416667 0.235937 0.415278 0.234375 0.415278 0.233594 0.416667 0.232031 0.416667 0.227344 0.412500 0.224219 0.406944 0.220312 0.404167 0.214844 0.401389 0.211719 0.401389 0.210938 0.402778 0.207813 0.402778 0.207031 0.401389 0.203906 0.401389 0.201563 0.405556 0.192188 0.405556 0.188281 0.401389 0.178906 0.395833 0.174219 0.395833 0.171094 0.394444 0.170313 0.393056 0.168750 0.393056 0.161719 0.395833 0.160156 0.394444 0.157031 0.390278 0.153906 0.387500 0.149219 0.384722 0.146875 0.386111 0.147656 0.384722 0.146875 0.380556 0.146094 0.377778 0.140625 0.368056 0.136719 0.363889 0.134375 0.359722 0.133594 0.355556 0.133594 0.340278 0.132812 0.336111 0.130469 0.329167 0.130469 0.336111 0.128906 0.340278 0.129688 0.350000 0.128125 0.350000 0.127344 0.351389 0.121094 0.352778 0.122656 0.354167 0.123438 0.355556 0.126562 0.355556 0.131250 0.366667 0.132031 0.368056 0.132812 0.368056 0.134375 0.370833 0.135937 0.370833 0.137500 0.372222 0.139844 0.376389 0.142187 0.376389 0.142969 0.379167 0.142969 0.381944 0.145313 0.386111 0.147656 0.384722 0.146875 0.386111 0.148438 0.387500 0.149219 0.388889 0.150781 0.388889 0.152344 0.390278 0.153906 0.391667 0.157031 0.397222 0.158594 0.401389 0.160938 0.408333 0.161719 0.411111 0.162500 0.415278 0.163281 0.423611 0.164062 0.431944 0.164844 0.438889 0.164844 0.441667 0.164062 0.451389 0.162500 0.458333 0.162500 0.484722 0.161719 0.502778 0.160938 0.511111 0.160156 0.516667 0.159375 0.520833 0.158594 0.523611 0.153125 0.533333 0.150000 0.534722 0.140625 0.534722 0.133594 0.533333 0.132031 0.531944 0.130469 0.529167 0.128906 0.529167 0.127344 0.527778 0.126562 0.526389 0.125781 0.522222 0.124219 0.518056 0.122656 0.515278 0.121094 0.516667 0.119531 0.516667 0.115625 0.519444 0.114062 0.520833 0.112500 0.522222 0.114844 0.530556 0.111719 0.533333 0.109375 0.533333 0.108594 0.531944 0.106250 0.531944 0.103125 0.533333 0.099219 0.534722 0.093750 0.538889 0.087500 0.540278 0.085156 0.541667 0.083594 0.544444 0.075781 0.541667 0.069531 0.543056 0.067969 0.547222 0.065625 0.543056 0.059375 0.543056 0.058594 0.551389 0.061719 0.556944 0.061719 0.562500 0.060937 0.572222 0.060156 0.577778 0.059375 0.580556 0.057813 0.583333 0.057031 0.586111 0.057031 0.594444 0.056250 0.601389 0.055469 0.606944 0.053125 0.615278 0.053125 0.619444 0.052344 0.623611 0.049219 0.634722 0.044531 0.643056 0.038281 0.648611 0.035156 0.650000 0.030469 0.651389 0.021094 0.651389 0.010937 0.650000 0.007812 0.648611 0.005469 0.644444 0.003906 0.643056 0.002344 0.641667 0.000000 0.641667 0.000000 0.280556 0.006250 0.280556 0.015625 0.281944 0.022656 0.283333 0.036719 0.287500 0.043750 0.287500 0.047656 0.290278 0.051562 0.290278 0.055469 0.293056 0.060937 0.293056 0.062500 0.294444 0.064062 0.297222 0.067187 0.298611 0.072656 0.300000 0.075781 0.301389 0.077344 0.304167 0.079687 0.305556 0.083594 0.306944 0.085156 0.308333 0.092188 0.315278 0.095312 0.322222 0.097656 0.323611 0.103125 0.331944 0.105469 0.333333 0.107031 0.336111 0.107031 0.330556 0.105469 0.329167 0.103906 0.329167 0.099219 0.320833 0.098437 0.319444 0.097656 0.319444 0.096094 0.316667 0.095312 0.316667 0.092969 0.308333 0.097656 0.300000 0.104688 0.290278 0.108594 0.283333 0.112500 0.272222 0.114844 0.266667 0.119531 0.259722 0.121875 0.258333 0.124219 0.256944 0.132031 0.255556 0.141406 0.255556 0.143750 0.256944 0.145313 0.259722 0.147656 0.255556 0.147656 0.254167 0.150000 0.250000 0.151562 0.250000 0.153906 0.245833 0.157031 0.244444 0.165625 0.244444
