23 0.083594 0.555556 0.082031 0.558333 0.081250 0.561111 0.080469 0.563889 0.079687 0.569444 0.079687 0.584722 0.078125 0.591667 0.078125 0.597222 0.092969 0.597222 0.100000 0.591667 0.101562 0.591667 0.103125 0.595833 0.101562 0.598611 0.099219 0.600000 0.094531 0.601389 0.084375 0.600000 0.078906 0.600000 0.078906 0.602778 0.079687 0.604167 0.080469 0.608333 0.091406 0.606944 0.095312 0.609722 0.102344 0.608333 0.106250 0.606944 0.107813 0.605556 0.108594 0.604167 0.109375 0.601389 0.109375 0.598611 0.107813 0.597222 0.107031 0.590278 0.105469 0.584722 0.103906 0.581944 0.102344 0.586111 0.101562 0.577778 0.100000 0.575000 0.098437 0.573611 0.096875 0.572222 0.093750 0.570833 0.097656 0.569444 0.101562 0.573611 0.100781 0.570833 0.100000 0.563889 0.098437 0.561111 0.096875 0.559722 0.095312 0.558333 0.089844 0.555556 0.083594 0.555556
23 0.653906 0.488889 0.651563 0.493056 0.648438 0.495833 0.650000 0.495833 0.650781 0.494444 0.655469 0.494444 0.653906 0.491667 0.653906 0.488889
23 0.612500 0.480556 0.612500 0.486111 0.614844 0.488889 0.612500 0.490278 0.612500 0.493056 0.617969 0.501389 0.622656 0.500000 0.626563 0.495833 0.635156 0.497222 0.643750 0.495833 0.642188 0.495833 0.639844 0.491667 0.639062 0.487500 0.637500 0.486111 0.635938 0.487500 0.632031 0.494444 0.629687 0.495833 0.626563 0.494444 0.625000 0.491667 0.624219 0.488889 0.624219 0.486111 0.626563 0.481944 0.623437 0.481944 0.622656 0.480556 0.614844 0.481944 0.612500 0.480556
24 0.935937 0.602778 0.933594 0.605556 0.935156 0.606944 0.937500 0.604167 0.935937 0.602778
24 0.811719 0.554167 0.810937 0.556944 0.813281 0.555556 0.811719 0.554167
24 0.735156 0.519444 0.733594 0.522222 0.732031 0.522222 0.725781 0.533333 0.725781 0.538889 0.726562 0.543056 0.728125 0.545833 0.728906 0.551389 0.728906 0.556944 0.729688 0.558333 0.729688 0.563889 0.730469 0.566667 0.732812 0.565278 0.734375 0.568056 0.735156 0.572222 0.732812 0.576389 0.734375 0.579167 0.735938 0.580556 0.737500 0.581944 0.742188 0.584722 0.745313 0.579167 0.744531 0.575000 0.741406 0.569444 0.739062 0.572222 0.737500 0.569444 0.735938 0.573611 0.735156 0.568056 0.737500 0.563889 0.739062 0.563889 0.739844 0.565278 0.742969 0.568056 0.742969 0.556944 0.744531 0.554167 0.746094 0.547222 0.745313 0.541667 0.744531 0.541667 0.742969 0.538889 0.742188 0.538889 0.741406 0.537500 0.740625 0.534722 0.739844 0.531944 0.739844 0.536111 0.741406 0.543056 0.741406 0.547222 0.740625 0.550000 0.738281 0.551389 0.736719 0.548611 0.734375 0.540278 0.735938 0.522222 0.735938 0.523611 0.737500 0.526389 0.739844 0.523611 0.739062 0.520833 0.735156 0.519444
24 0.796875 0.505556 0.790625 0.516667 0.790625 0.523611 0.789844 0.529167 0.788281 0.531944 0.787500 0.534722 0.787500 0.540278 0.785937 0.545833 0.787500 0.548611 0.787500 0.550000 0.790625 0.555556 0.791406 0.562500 0.791406 0.577778 0.792188 0.586111 0.793750 0.588889 0.793750 0.591667 0.794531 0.601389 0.798438 0.600000 0.799219 0.601389 0.802344 0.601389 0.804688 0.600000 0.807813 0.594444 0.808594 0.591667 0.809375 0.580556 0.808594 0.568056 0.808594 0.563889 0.809375 0.547222 0.808594 0.536111 0.807813 0.527778 0.807031 0.519444 0.806250 0.513889 0.803125 0.506944 0.796875 0.505556
24 0.237500 0.470833 0.237500 0.475000 0.235937 0.476389 0.236719 0.480556 0.244531 0.479167 0.243750 0.476389 0.242188 0.473611 0.238281 0.475000 0.238281 0.473611 0.237500 0.470833
24 0.061719 0.341667 0.065625 0.343056 0.067187 0.344444 0.068750 0.350000 0.068750 0.365278 0.069531 0.368056 0.071875 0.372222 0.080469 0.372222 0.078125 0.372222 0.079687 0.376389 0.078125 0.377778 0.082031 0.383333 0.082812 0.386111 0.083594 0.393056 0.084375 0.401389 0.084375 0.416667 0.082031 0.418056 0.080469 0.419444 0.076563 0.413889 0.077344 0.411111 0.075000 0.409722 0.073438 0.412500 0.075000 0.415278 0.076563 0.413889 0.080469 0.419444 0.082031 0.420833 0.084375 0.422222 0.084375 0.433333 0.085156 0.437500 0.084375 0.443056 0.082812 0.443056 0.081250 0.447222 0.080469 0.444444 0.078906 0.450000 0.078125 0.455556 0.077344 0.463889 0.078125 0.468056 0.078906 0.468056 0.079687 0.469444 0.080469 0.480556 0.083594 0.486111 0.086719 0.484722 0.086719 0.488889 0.084375 0.490278 0.083594 0.495833 0.082031 0.500000 0.082031 0.512500 0.084375 0.519444 0.082812 0.526389 0.082031 0.526389 0.081250 0.527778 0.079687 0.526389 0.081250 0.487500 0.079687 0.473611 0.078125 0.476389 0.077344 0.494444 0.078906 0.502778 0.078125 0.516667 0.079687 0.526389 0.081250 0.527778 0.080469 0.530556 0.082031 0.536111 0.080469 0.538889 0.081250 0.544444 0.080469 0.545833 0.082031 0.551389 0.082812 0.555556 0.080469 0.561111 0.079687 0.563889 0.078906 0.569444 0.078906 0.584722 0.077344 0.591667 0.077344 0.598611 0.078125 0.602778 0.078906 0.606944 0.080469 0.609722 0.078906 0.609722 0.076563 0.613889 0.075781 0.618056 0.076563 0.652778 0.076563 0.661111 0.075781 0.673611 0.075000 0.676389 0.074219 0.679167 0.070312 0.681944 0.067969 0.686111 0.060156 0.687500 0.057813 0.683333 0.055469 0.681944 0.053906 0.679167 0.056250 0.677778 0.053125 0.676389 0.053125 0.669444 0.054688 0.663889 0.054688 0.638889 0.053906 0.625000 0.053125 0.613889 0.050781 0.608333 0.051562 0.605556 0.053125 0.604167 0.053906 0.601389 0.054688 0.595833 0.053125 0.580556 0.053125 0.577778 0.053906 0.570833 0.053125 0.544444 0.051562 0.520833 0.050781 0.473611 0.050000 0.477778 0.047656 0.475000 0.047656 0.470833 0.048438 0.459722 0.050000 0.454167 0.050781 0.454167 0.050000 0.463889 0.051562 0.470833 0.052344 0.461111 0.050781 0.454167 0.050000 0.454167 0.050781 0.443056 0.050781 0.391667 0.049219 0.370833 0.049219 0.358333 0.049219 0.355556 0.050000 0.348611 0.051562 0.345833 0.051562 0.344444 0.054688 0.341667 0.061719 0.341667
24 0.428125 0.108333 0.418750 0.109722 0.421094 0.109722 0.421875 0.111111 0.426563 0.111111 0.427344 0.113889 0.429688 0.111111 0.431250 0.113889 0.430469 0.143056 0.430469 0.155556 0.426563 0.150000 0.431250 0.158333 0.431250 0.162500 0.431250 0.159722 0.432031 0.158333 0.431250 0.154167 0.432812 0.133333 0.433594 0.155556 0.434375 0.156944 0.434375 0.165278 0.433594 0.126389 0.433594 0.113889 0.435156 0.112500 0.435156 0.109722 0.428125 0.108333
24 0.391406 0.106944 0.391406 0.109722 0.404687 0.111111 0.403125 0.108333 0.392969 0.106944 0.391406 0.106944
24 0.427344 0.100000 0.427344 0.105556 0.428906 0.105556 0.428906 0.100000 0.427344 0.100000
24 0.117188 0.095833 0.116406 0.097222 0.112500 0.097222 0.111719 0.100000 0.109375 0.098611 0.106250 0.100000 0.102344 0.101389 0.102344 0.105556 0.100781 0.108333 0.101562 0.109722 0.100781 0.112500 0.102344 0.115278 0.101562 0.129167 0.101562 0.133333 0.103125 0.134722 0.103125 0.137500 0.102344 0.140278 0.103125 0.143056 0.103906 0.133333 0.103125 0.131944 0.103906 0.122222 0.103906 0.116667 0.102344 0.108333 0.103906 0.105556 0.106250 0.104167 0.112500 0.098611 0.115625 0.098611 0.116406 0.097222 0.118750 0.095833 0.117188 0.095833
24 0.125781 0.086111 0.121875 0.090278 0.121875 0.094444 0.120313 0.095833 0.123438 0.095833 0.124219 0.097222 0.125781 0.097222 0.128125 0.094444 0.130469 0.094444 0.132812 0.093056 0.132812 0.090278 0.135156 0.091667 0.135156 0.088889 0.133594 0.086111 0.125781 0.086111
24 0.959375 0.041667 0.958594 0.044444 0.960938 0.048611 0.960938 0.051389 0.960938 0.047222 0.959375 0.041667
24 0.953906 0.037500 0.953125 0.040278 0.949219 0.041667 0.948438 0.045833 0.947656 0.041667 0.946094 0.041667 0.946094 0.055556 0.943750 0.061111 0.943750 0.068056 0.945312 0.073611 0.945312 0.080556 0.944531 0.098611 0.942969 0.109722 0.942187 0.125000 0.942187 0.150000 0.940625 0.155556 0.939844 0.168056 0.939063 0.183333 0.939844 0.219444 0.941406 0.225000 0.939844 0.290278 0.939844 0.322222 0.940625 0.326389 0.940625 0.336111 0.939063 0.344444 0.939844 0.356944 0.938281 0.359722 0.937500 0.365278 0.939063 0.366667 0.937500 0.368056 0.938281 0.370833 0.936719 0.372222 0.937500 0.376389 0.935937 0.376389 0.935937 0.380556 0.936719 0.381944 0.936719 0.395833 0.935937 0.397222 0.936719 0.406944 0.937500 0.404167 0.938281 0.411111 0.936719 0.411111 0.936719 0.413889 0.936719 0.418056 0.936719 0.420833 0.936719 0.418056 0.937500 0.416667 0.938281 0.411111 0.939844 0.416667 0.939844 0.441667 0.939063 0.452778 0.937500 0.452778 0.937500 0.456944 0.939063 0.458333 0.939063 0.461111 0.937500 0.462500 0.938281 0.472222 0.937500 0.513889 0.935937 0.527778 0.935156 0.515278 0.934375 0.561111 0.934375 0.568056 0.935156 0.584722 0.935937 0.593056 0.936719 0.595833 0.939063 0.600000 0.942969 0.600000 0.946875 0.598611 0.950000 0.595833 0.951562 0.595833 0.952344 0.598611 0.953125 0.594444 0.953906 0.591667 0.956250 0.587500 0.956250 0.562500 0.957812 0.554167 0.957812 0.511111 0.957031 0.509722 0.957031 0.506944 0.957812 0.541667 0.957812 0.552778 0.956250 0.558333 0.955469 0.563889 0.956250 0.570833 0.956250 0.573611 0.955469 0.576389 0.953906 0.579167 0.953125 0.569444 0.954688 0.552778 0.955469 0.523611 0.955469 0.473611 0.955469 0.415278 0.954688 0.388889 0.955469 0.370833 0.955469 0.361111 0.954688 0.348611 0.955469 0.333333 0.955469 0.291667 0.955469 0.281944 0.955469 0.219444 0.955469 0.211111 0.953906 0.183333 0.953906 0.163889 0.953906 0.144444 0.954688 0.133333 0.955469 0.122222 0.957031 0.120833 0.957812 0.108333 0.957812 0.102778 0.957031 0.088889 0.957812 0.087500 0.957031 0.075000 0.957031 0.070833 0.957812 0.069444 0.957031 0.063889 0.958594 0.058333 0.957031 0.056944 0.956250 0.044444 0.955469 0.041667 0.957031 0.040278 0.956250 0.036111 0.953906 0.037500
24 0.227344 0.000000 0.227344 0.011111 0.228125 0.012500 0.228125 0.023611 0.228906 0.025000 0.229687 0.025000 0.229687 0.048611 0.228906 0.030556 0.228906 0.058333 0.229687 0.059722 0.229687 0.077778 0.230469 0.054167 0.231250 0.079167 0.230469 0.080556 0.230469 0.086111 0.231250 0.081944 0.232031 0.100000 0.231250 0.101389 0.231250 0.111111 0.232813 0.111111 0.232813 0.120833 0.232031 0.141667 0.233594 0.144444 0.232813 0.161111 0.232813 0.170833 0.234375 0.177778 0.233594 0.195833 0.233594 0.201389 0.234375 0.218056 0.235156 0.225000 0.235937 0.227778 0.237500 0.230556 0.240625 0.230556 0.241406 0.227778 0.241406 0.204167 0.239844 0.204167 0.239844 0.191667 0.241406 0.181944 0.241406 0.177778 0.239844 0.176389 0.239063 0.170833 0.239063 0.159722 0.239844 0.158333 0.239844 0.147222 0.239063 0.155556 0.238281 0.143056 0.239063 0.126389 0.238281 0.130556 0.237500 0.122222 0.238281 0.100000 0.237500 0.111111 0.236719 0.091667 0.238281 0.088889 0.236719 0.054167 0.235937 0.059722 0.235156 0.041667 0.236719 0.041667 0.236719 0.038889 0.235937 0.036111 0.236719 0.022222 0.235937 0.018056 0.234375 0.018056 0.234375 0.011111 0.235937 0.011111 0.235156 0.006944 0.234375 0.008333 0.233594 0.000000 0.228125 0.002778 0.227344 0.000000
25 0.914844 0.848611 0.918750 0.848611 0.919531 0.850000 0.923438 0.850000 0.924219 0.851389 0.926562 0.851389 0.925000 0.850000 0.921094 0.848611 0.914844 0.848611
25 0.908594 0.843056 0.908594 0.845833 0.910937 0.847222 0.909375 0.845833 0.908594 0.843056
25 0.812500 0.770833 0.813281 0.776389 0.815625 0.776389 0.817187 0.777778 0.812500 0.770833
25 0.809375 0.727778 0.803906 0.737500 0.803906 0.743056 0.805469 0.745833 0.807813 0.744444 0.809375 0.748611 0.809375 0.727778
25 0.765625 0.598611 0.764062 0.600000 0.763281 0.605556 0.767188 0.609722 0.769531 0.611111 0.773438 0.612500 0.775781 0.611111 0.775000 0.608333 0.769531 0.606944 0.769531 0.605556 0.768750 0.600000 0.771094 0.602778 0.775000 0.605556 0.777344 0.605556 0.775781 0.602778 0.774219 0.601389 0.772656 0.600000 0.770312 0.598611 0.765625 0.598611
25 0.970313 0.545833 0.970313 0.552778 0.972656 0.551389 0.971875 0.548611 0.971875 0.547222 0.970313 0.545833
25 0.985156 0.536111 0.985156 0.541667 0.987500 0.544444 0.984375 0.552778 0.985938 0.554167 0.989062 0.554167 0.989844 0.551389 0.990625 0.547222 0.992969 0.544444 0.993750 0.541667 0.995313 0.543056 0.999219 0.540278 0.996875 0.540278 0.994531 0.537500 0.992969 0.537500 0.991406 0.541667 0.989844 0.541667 0.988281 0.538889 0.988281 0.537500 0.985156 0.536111
25 0.969531 0.538889 0.971094 0.543056 0.971094 0.536111 0.969531 0.538889
25 0.958594 0.530556 0.958594 0.554167 0.957031 0.562500 0.957812 0.587500 0.963281 0.588889 0.965625 0.587500 0.966406 0.584722 0.967187 0.580556 0.967969 0.573611 0.968750 0.577778 0.969531 0.579167 0.968750 0.584722 0.971094 0.583333 0.971875 0.581944 0.975000 0.580556 0.978125 0.576389 0.982812 0.576389 0.985938 0.573611 0.986719 0.570833 0.986719 0.566667 0.987500 0.565278 0.987500 0.562500 0.985156 0.562500 0.983594 0.566667 0.981250 0.568056 0.977344 0.566667 0.974219 0.569444 0.971094 0.566667 0.969531 0.566667 0.964844 0.568056 0.964063 0.566667 0.958594 0.565278 0.958594 0.552778 0.958594 0.550000 0.958594 0.540278 0.959375 0.533333 0.958594 0.530556
25 0.996875 0.529167 0.996875 0.533333 0.999219 0.533333 0.999219 0.527778 0.996875 0.529167
25 0.807813 0.525000 0.808594 0.527778 0.809375 0.536111 0.809375 0.545833 0.810156 0.547222 0.810156 0.554167 0.812500 0.554167 0.816406 0.556944 0.818750 0.558333 0.824219 0.561111 0.832812 0.561111 0.837500 0.562500 0.841406 0.563889 0.844531 0.566667 0.849219 0.566667 0.853125 0.569444 0.858594 0.569444 0.859375 0.570833 0.862500 0.570833 0.860156 0.566667 0.860156 0.563889 0.864844 0.555556 0.864062 0.547222 0.862500 0.545833 0.860156 0.547222 0.849219 0.527778 0.837500 0.529167 0.835938 0.529167 0.833594 0.531944 0.831250 0.531944 0.829688 0.534722 0.826562 0.534722 0.825000 0.531944 0.822656 0.531944 0.821875 0.533333 0.818750 0.533333 0.815625 0.537500 0.814063 0.536111 0.807813 0.525000
25 0.690625 0.500000 0.692187 0.501389 0.696875 0.509722 0.699219 0.512500 0.701562 0.513889 0.701562 0.515278 0.703906 0.515278 0.705469 0.515278 0.707031 0.512500 0.708594 0.511111 0.713281 0.511111 0.714063 0.512500 0.718750 0.511111 0.720313 0.513889 0.718750 0.516667 0.719531 0.519444 0.721094 0.516667 0.720313 0.513889 0.718750 0.511111 0.719531 0.508333 0.719531 0.500000 0.722656 0.500000 0.723437 0.501389 0.726562 0.501389 0.726562 0.504167 0.728125 0.506944 0.728125 0.509722 0.725000 0.509722 0.726562 0.511111 0.725781 0.515278 0.728125 0.518056 0.729688 0.518056 0.731250 0.522222 0.726562 0.531944 0.725000 0.533333 0.725000 0.537500 0.712500 0.536111 0.708594 0.534722 0.706250 0.533333 0.706250 0.531944 0.709375 0.531944 0.710938 0.530556 0.712500 0.527778 0.703906 0.526389 0.704688 0.529167 0.706250 0.531944 0.706250 0.533333 0.704688 0.531944 0.702344 0.527778 0.700781 0.526389 0.697656 0.526389 0.693750 0.522222 0.691406 0.522222 0.689063 0.520833 0.680469 0.522222 0.671094 0.522222 0.670312 0.520833 0.668750 0.520833 0.667969 0.518056 0.665625 0.516667 0.664844 0.513889 0.667188 0.512500 0.670312 0.511111 0.672656 0.511111 0.673438 0.512500 0.675000 0.512500 0.682813 0.512500 0.685156 0.512500 0.686719 0.509722 0.686719 0.504167 0.687500 0.501389 0.690625 0.500000
25 0.669531 0.497222 0.668750 0.509722 0.670312 0.506944 0.670312 0.501389 0.669531 0.497222
25 0.721875 0.494444 0.723437 0.497222 0.725781 0.498611 0.727344 0.498611 0.728125 0.495833 0.726562 0.494444 0.725000 0.493056 0.721875 0.494444
25 0.608594 0.491667 0.607031 0.491667 0.607812 0.494444 0.610156 0.495833 0.611719 0.498611 0.614062 0.498611 0.613281 0.495833 0.611719 0.491667 0.610156 0.490278 0.608594 0.491667
25 0.609375 0.481944 0.610156 0.486111 0.611719 0.486111 0.611719 0.480556 0.609375 0.481944
25 0.759375 0.468056 0.759375 0.470833 0.768750 0.491667 0.770312 0.493056 0.772656 0.493056 0.776563 0.486111 0.778125 0.484722 0.779687 0.484722 0.782813 0.480556 0.792969 0.497222 0.796875 0.504167 0.789844 0.516667 0.789844 0.523611 0.789062 0.526389 0.787500 0.527778 0.788281 0.530556 0.786719 0.534722 0.786719 0.540278 0.785937 0.541667 0.785937 0.544444 0.782813 0.544444 0.782031 0.543056 0.780469 0.543056 0.780469 0.536111 0.782813 0.527778 0.782813 0.516667 0.780469 0.512500 0.771875 0.513889 0.772656 0.515278 0.770312 0.513889 0.769531 0.515278 0.766406 0.516667 0.760938 0.516667 0.756250 0.519444 0.761719 0.522222 0.772656 0.522222 0.772656 0.518056 0.772656 0.515278 0.771875 0.513889 0.774219 0.519444 0.774219 0.525000 0.770312 0.529167 0.765625 0.533333 0.761719 0.533333 0.760156 0.531944 0.757812 0.527778 0.753906 0.526389 0.750000 0.525000 0.747656 0.526389 0.743750 0.531944 0.742969 0.537500 0.744531 0.540278 0.746094 0.541667 0.744531 0.540278 0.742188 0.537500 0.741406 0.534722 0.741406 0.531944 0.740625 0.529167 0.742188 0.530556 0.743750 0.527778 0.746094 0.522222 0.739844 0.522222 0.738281 0.518056 0.734375 0.519444 0.732812 0.516667 0.734375 0.516667 0.745313 0.497222 0.743750 0.494444 0.746875 0.488889 0.746875 0.486111 0.747656 0.483333 0.750781 0.477778 0.750781 0.476389 0.752344 0.473611 0.751563 0.470833 0.754687 0.465278 0.756250 0.465278 0.757031 0.466667 0.759375 0.466667 0.763281 0.459722 0.759375 0.468056
25 0.589063 0.459722 0.590625 0.461111 0.592187 0.462500 0.591406 0.459722 0.589063 0.459722
25 0.955469 0.452778 0.955469 0.472222 0.956250 0.473611 0.956250 0.523611 0.955469 0.552778 0.954688 0.568056 0.953906 0.577778 0.953125 0.580556 0.954688 0.576389 0.955469 0.573611 0.955469 0.570833 0.954688 0.563889 0.955469 0.558333 0.957031 0.552778 0.957031 0.541667 0.957031 0.505556 0.958594 0.511111 0.958594 0.526389 0.959375 0.520833 0.971094 0.504167 0.970313 0.501389 0.975000 0.493056 0.974219 0.488889 0.975000 0.487500 0.975781 0.481944 0.975000 0.479167 0.974219 0.476389 0.972656 0.473611 0.970313 0.472222 0.961719 0.456944 0.959375 0.459722 0.955469 0.452778
25 0.771094 0.418056 0.767969 0.426389 0.770312 0.430556 0.770312 0.434722 0.772656 0.430556 0.777344 0.426389 0.781250 0.427778 0.779687 0.426389 0.776563 0.426389 0.771094 0.418056
25 0.025781 0.415278 0.026562 0.418056 0.028125 0.419444 0.028906 0.427778 0.030469 0.422222 0.032031 0.419444 0.032031 0.418056 0.036719 0.418056 0.035156 0.420833 0.033594 0.420833 0.035156 0.425000 0.035937 0.429167 0.035937 0.426389 0.037500 0.426389 0.037500 0.422222 0.035937 0.420833 0.036719 0.416667 0.028125 0.416667 0.025781 0.415278
25 0.124219 0.413889 0.129688 0.413889 0.130469 0.415278 0.135937 0.413889 0.124219 0.413889
25 0.100000 0.405556 0.100000 0.415278 0.104688 0.415278 0.121094 0.413889 0.103125 0.415278 0.101562 0.413889 0.100000 0.411111 0.100000 0.405556
25 0.211719 0.404167 0.210938 0.409722 0.214844 0.409722 0.214062 0.405556 0.213281 0.402778 0.211719 0.404167
25 0.184375 0.402778 0.182031 0.402778 0.183594 0.406944 0.171875 0.426389 0.170313 0.423611 0.167969 0.422222 0.165625 0.420833 0.163281 0.422222 0.160938 0.420833 0.159375 0.418056 0.157031 0.418056 0.154688 0.422222 0.153125 0.423611 0.150781 0.423611 0.150000 0.426389 0.149219 0.422222 0.146094 0.425000 0.142187 0.425000 0.143750 0.427778 0.144531 0.431944 0.149219 0.440278 0.150000 0.444444 0.151562 0.441667 0.153125 0.440278 0.153906 0.444444 0.150781 0.450000 0.151562 0.461111 0.151562 0.469444 0.150781 0.473611 0.156250 0.472222 0.161719 0.473611 0.168750 0.470833 0.185156 0.472222 0.186719 0.472222 0.193750 0.469444 0.197656 0.470833 0.198437 0.466667 0.198437 0.448611 0.200000 0.443056 0.200000 0.434722 0.198437 0.431944 0.198437 0.430556 0.196875 0.427778 0.196094 0.437500 0.183594 0.415278 0.183594 0.409722 0.184375 0.406944 0.186719 0.402778 0.184375 0.402778
25 0.096875 0.390278 0.096875 0.393056 0.099219 0.398611 0.097656 0.395833 0.096875 0.390278
25 0.896094 0.384722 0.892969 0.390278 0.892188 0.395833 0.893750 0.395833 0.894531 0.394444 0.898438 0.394444 0.899219 0.391667 0.898438 0.388889 0.896094 0.384722
25 0.939844 0.336111 0.922656 0.366667 0.925781 0.372222 0.923438 0.376389 0.925781 0.381944 0.926562 0.387500 0.926562 0.400000 0.919531 0.412500 0.918750 0.416667 0.914844 0.423611 0.919531 0.431944 0.919531 0.440278 0.919531 0.443056 0.921094 0.445833 0.921094 0.455556 0.909375 0.476389 0.907813 0.476389 0.909375 0.481944 0.909375 0.486111 0.907813 0.490278 0.907813 0.494444 0.903125 0.502778 0.900781 0.512500 0.903125 0.513889 0.914844 0.534722 0.915625 0.537500 0.915625 0.544444 0.905469 0.562500 0.905469 0.565278 0.902344 0.572222 0.899219 0.573611 0.899219 0.576389 0.910937 0.576389 0.917188 0.579167 0.922656 0.577778 0.924219 0.577778 0.926562 0.580556 0.932031 0.580556 0.934375 0.581944 0.933594 0.568056 0.933594 0.561111 0.935156 0.513889 0.935937 0.526389 0.935937 0.515278 0.936719 0.513889 0.937500 0.472222 0.936719 0.462500 0.938281 0.461111 0.938281 0.458333 0.936719 0.456944 0.936719 0.454167 0.938281 0.452778 0.938281 0.443056 0.939063 0.441667 0.939063 0.433333 0.935937 0.431944 0.933594 0.429167 0.932031 0.426389 0.928906 0.419444 0.928125 0.415278 0.928125 0.409722 0.929688 0.404167 0.931250 0.401389 0.934375 0.398611 0.935937 0.395833 0.935156 0.380556 0.935156 0.376389 0.935937 0.372222 0.936719 0.368056 0.938281 0.366667 0.937500 0.359722 0.939063 0.355556 0.938281 0.344444 0.939063 0.343056 0.939844 0.336111
25 0.517188 0.322222 0.517188 0.325000 0.515625 0.329167 0.517188 0.330556 0.518750 0.329167 0.517188 0.325000 0.517188 0.322222
25 0.047656 0.320833 0.042969 0.322222 0.040625 0.325000 0.037500 0.329167 0.035156 0.334722 0.033594 0.340278 0.024219 0.356944 0.022656 0.361111 0.021875 0.366667 0.022656 0.379167 0.021094 0.388889 0.008594 0.388889 0.014063 0.387500 0.018750 0.388889 0.021094 0.393056 0.021875 0.395833 0.022656 0.398611 0.022656 0.402778 0.024219 0.408333 0.025781 0.411111 0.027344 0.412500 0.030469 0.413889 0.037500 0.413889 0.041406 0.418056 0.044531 0.416667 0.046094 0.413889 0.050000 0.405556 0.050000 0.391667 0.048438 0.369444 0.048438 0.358333 0.048438 0.355556 0.049219 0.348611 0.050781 0.344444 0.052344 0.341667 0.054688 0.340278 0.057031 0.338889 0.060937 0.338889 0.061719 0.340278 0.063281 0.341667 0.062500 0.334722 0.060937 0.330556 0.059375 0.327778 0.057031 0.325000 0.054688 0.323611 0.050000 0.320833 0.047656 0.320833
25 0.508594 0.312500 0.510938 0.313889 0.511719 0.319444 0.514062 0.315278 0.513281 0.312500 0.508594 0.312500
25 0.501563 0.295833 0.500781 0.300000 0.500781 0.302778 0.502344 0.302778 0.503906 0.301389 0.501563 0.295833
25 0.106250 0.248611 0.103906 0.250000 0.100781 0.252778 0.101562 0.255556 0.107031 0.263889 0.108594 0.261111 0.109375 0.256944 0.109375 0.251389 0.107813 0.248611 0.106250 0.248611
25 0.118750 0.236111 0.117969 0.238889 0.118750 0.241667 0.119531 0.238889 0.118750 0.236111
25 0.096094 0.226389 0.099219 0.231944 0.100781 0.231944 0.100000 0.226389 0.096094 0.226389
25 0.961719 0.211111 0.959375 0.215278 0.957812 0.215278 0.956250 0.212500 0.956250 0.219444 0.955469 0.220833 0.956250 0.281944 0.956250 0.291667 0.956250 0.333333 0.955469 0.348611 0.955469 0.359722 0.956250 0.361111 0.956250 0.370833 0.955469 0.387500 0.955469 0.384722 0.956250 0.383333 0.957031 0.377778 0.956250 0.366667 0.956250 0.361111 0.957812 0.354167 0.958594 0.338889 0.959375 0.347222 0.960938 0.345833 0.960938 0.338889 0.959375 0.319444 0.959375 0.313889 0.962500 0.306944 0.969531 0.294444 0.969531 0.290278 0.966406 0.284722 0.966406 0.281944 0.967187 0.272222 0.964063 0.262500 0.964063 0.259722 0.964844 0.258333 0.964844 0.254167 0.967187 0.245833 0.966406 0.238889 0.967187 0.234722 0.964844 0.227778 0.966406 0.220833 0.966406 0.215278 0.964063 0.215278 0.961719 0.211111
25 0.107813 0.137500 0.110937 0.138889 0.112500 0.140278 0.114062 0.143056 0.114062 0.145833 0.113281 0.145833 0.110937 0.145833 0.110156 0.147222 0.107813 0.143056 0.106250 0.144444 0.105469 0.144444 0.104688 0.151389 0.106250 0.154167 0.107813 0.154167 0.110156 0.150000 0.110156 0.147222 0.110937 0.145833 0.110937 0.148611 0.112500 0.152778 0.113281 0.145833 0.114062 0.145833 0.116406 0.150000 0.114844 0.156944 0.114062 0.156944 0.113281 0.151389 0.112500 0.154167 0.114062 0.156944 0.114844 0.156944 0.117188 0.158333 0.117969 0.159722 0.119531 0.159722 0.114844 0.156944 0.116406 0.150000 0.117969 0.150000 0.121875 0.152778 0.125781 0.152778 0.127344 0.154167 0.129688 0.159722 0.130469 0.163889 0.131250 0.165278 0.132812 0.166667 0.134375 0.168056 0.137500 0.169444 0.141406 0.169444 0.142187 0.166667 0.143750 0.166667 0.146875 0.169444 0.146094 0.172222 0.144531 0.175000 0.143750 0.179167 0.146094 0.177778 0.147656 0.176389 0.146094 0.172222 0.146875 0.169444 0.150000 0.175000 0.152344 0.175000 0.154688 0.177778 0.157031 0.177778 0.158594 0.181944 0.161719 0.183333 0.164062 0.180556 0.165625 0.177778 0.167187 0.173611 0.170313 0.176389 0.172656 0.180556 0.171094 0.172222 0.171875 0.170833 0.174219 0.170833 0.175000 0.168056 0.172656 0.166667 0.171875 0.170833 0.171094 0.172222 0.170313 0.176389 0.167187 0.173611 0.167969 0.166667 0.169531 0.165278 0.173437 0.162500 0.176563 0.162500 0.175781 0.172222 0.175000 0.175000 0.178125 0.175000 0.178125 0.175000 0.182031 0.175000 0.182812 0.172222 0.180469 0.166667 0.179688 0.170833 0.178125 0.175000 0.178125 0.175000 0.175781 0.172222 0.176563 0.162500 0.178125 0.161111 0.182031 0.154167 0.183594 0.154167 0.188281 0.155556 0.188281 0.158333 0.186719 0.159722 0.185938 0.162500 0.189062 0.162500 0.186719 0.159722 0.188281 0.158333 0.191406 0.158333 0.192969 0.161111 0.192969 0.168056 0.189844 0.173611 0.192188 0.175000 0.193750 0.177778 0.195312 0.179167 0.196875 0.176389 0.195312 0.175000 0.193750 0.172222 0.192969 0.168056 0.192969 0.161111 0.196875 0.162500 0.202344 0.161111 0.203906 0.163889 0.207813 0.163889 0.207031 0.166667 0.206250 0.169444 0.208594 0.169444 0.210938 0.169444 0.211719 0.166667 0.207031 0.166667 0.207813 0.163889 0.208594 0.162500 0.211719 0.162500 0.214844 0.163889 0.216406 0.165278 0.217188 0.166667 0.217969 0.169444 0.217188 0.169444 0.214844 0.169444 0.214062 0.173611 0.210938 0.175000 0.210156 0.177778 0.211719 0.181944 0.213281 0.181944 0.215625 0.177778 0.216406 0.175000 0.217188 0.172222 0.217188 0.169444 0.217969 0.169444 0.218750 0.177778 0.218750 0.188889 0.215625 0.193056 0.213281 0.188889 0.211719 0.193056 0.213281 0.195833 0.215625 0.193056 0.218750 0.188889 0.219531 0.198611 0.221875 0.201389 0.220312 0.204167 0.221875 0.206944 0.225000 0.211111 0.227344 0.212500 0.233594 0.213889 0.232813 0.216667 0.230469 0.219444 0.234375 0.219444 0.234375 0.225000 0.235156 0.227778 0.237500 0.231944 0.239063 0.233333 0.241406 0.230556 0.242188 0.227778 0.242188 0.222222 0.244531 0.225000 0.247656 0.231944 0.251563 0.233333 0.253125 0.236111 0.254688 0.234722 0.255469 0.237500 0.257031 0.238889 0.258594 0.241667 0.260156 0.241667 0.262500 0.245833 0.262500 0.247222 0.261719 0.250000 0.264062 0.250000 0.262500 0.247222 0.262500 0.245833 0.267188 0.244444 0.269531 0.241667 0.271875 0.240278 0.271094 0.248611 0.272656 0.251389 0.272656 0.255556 0.275000 0.255556 0.274219 0.254167 0.275000 0.250000 0.274219 0.247222 0.272656 0.244444 0.271875 0.240278 0.269531 0.241667 0.271094 0.236111 0.272656 0.236111 0.274219 0.238889 0.275781 0.240278 0.285156 0.240278 0.288281 0.238889 0.289844 0.244444 0.288281 0.250000 0.287500 0.256944 0.288281 0.259722 0.289844 0.256944 0.289844 0.252778 0.291406 0.248611 0.289844 0.244444 0.288281 0.238889 0.289062 0.236111 0.290625 0.237500 0.292969 0.233333 0.294531 0.233333 0.295312 0.230556 0.296875 0.229167 0.298438 0.227778 0.296875 0.230556 0.297656 0.233333 0.297656 0.233333 0.292187 0.238889 0.292969 0.241667 0.296094 0.237500 0.296875 0.236111 0.297656 0.233333 0.297656 0.233333 0.300000 0.230556 0.298438 0.236111 0.297656 0.247222 0.298438 0.252778 0.300000 0.250000 0.303906 0.245833 0.302344 0.243056 0.301563 0.243056 0.300781 0.234722 0.303906 0.241667 0.305469 0.245833 0.305469 0.248611 0.304688 0.255556 0.304688 0.255556 0.303906 0.248611 0.303125 0.254167 0.301563 0.255556 0.300781 0.265278 0.302344 0.273611 0.303125 0.258333 0.304688 0.255556 0.304688 0.255556 0.305469 0.261111 0.307031 0.263889 0.307031 0.265278 0.307812 0.266667 0.307812 0.268056 0.311719 0.275000 0.311719 0.276389 0.310937 0.279167 0.308594 0.279167 0.307812 0.281944 0.305469 0.279167 0.303906 0.276389 0.303125 0.281944 0.305469 0.279167 0.307812 0.281944 0.309375 0.284722 0.310937 0.283333 0.312500 0.281944 0.310937 0.279167 0.311719 0.276389 0.313281 0.279167 0.315625 0.279167 0.317188 0.281944 0.318750 0.283333 0.320312 0.281944 0.323437 0.286111 0.321875 0.288889 0.319531 0.288889 0.318750 0.288889 0.317969 0.291667 0.316406 0.293056 0.320312 0.294444 0.321094 0.295833 0.323437 0.294444 0.321875 0.293056 0.321875 0.288889 0.323437 0.286111 0.324219 0.290278 0.325781 0.290278 0.327344 0.295833 0.326562 0.297222 0.327344 0.300000 0.329688 0.305556 0.331250 0.308333 0.334375 0.306944 0.335938 0.304167 0.338281 0.306944 0.337500 0.309722 0.330469 0.309722 0.329688 0.312500 0.328125 0.312500 0.325781 0.316667 0.323437 0.318056 0.321875 0.322222 0.317188 0.320833 0.316406 0.325000 0.314844 0.327778 0.312500 0.329167 0.311719 0.333333 0.310937 0.334722 0.309375 0.336111 0.312500 0.341667 0.310937 0.345833 0.310156 0.345833 0.309375 0.352778 0.310937 0.355556 0.310937 0.363889 0.313281 0.370833 0.313281 0.375000 0.314063 0.377778 0.314844 0.379167 0.316406 0.380556 0.319531 0.380556 0.324219 0.384722 0.329688 0.386111 0.332031 0.388889 0.332813 0.386111 0.334375 0.387500 0.337500 0.388889 0.337500 0.391667 0.335938 0.388889 0.333594 0.390278 0.335156 0.391667 0.337500 0.391667 0.337500 0.388889 0.341406 0.388889 0.345313 0.395833 0.354687 0.395833 0.358594 0.397222 0.361719 0.398611 0.364844 0.402778 0.368750 0.401389 0.372656 0.397222 0.379688 0.384722 0.381250 0.377778 0.381250 0.361111 0.377344 0.355556 0.378906 0.352778 0.380469 0.352778 0.381250 0.348611 0.380469 0.344444 0.379688 0.341667 0.381250 0.340278 0.381250 0.337500 0.382031 0.336111 0.382812 0.333333 0.383594 0.336111 0.385156 0.334722 0.384375 0.330556 0.385937 0.327778 0.387500 0.326389 0.389844 0.326389 0.390625 0.326389 0.389062 0.329167 0.392188 0.330556 0.390625 0.326389 0.389844 0.326389 0.391406 0.323611 0.393750 0.318056 0.393750 0.322222 0.395313 0.319444 0.395313 0.315278 0.393750 0.315278 0.394531 0.311111 0.396094 0.311111 0.395313 0.308333 0.397656 0.305556 0.400000 0.304167 0.403906 0.306944 0.403906 0.306944 0.403125 0.309722 0.405469 0.309722 0.403906 0.306944 0.403906 0.306944 0.404687 0.304167 0.403906 0.306944 0.406250 0.304167 0.409375 0.304167 0.411719 0.302778 0.415625 0.306944 0.415625 0.311111 0.417187 0.308333 0.417969 0.304167 0.416406 0.301389 0.417969 0.294444 0.417187 0.290278 0.414844 0.290278 0.416406 0.301389 0.417969 0.304167 0.415625 0.306944 0.411719 0.302778 0.412500 0.297222 0.413281 0.293056 0.414844 0.286111 0.417187 0.281944 0.418750 0.275000 0.421094 0.270833 0.421875 0.270833 0.423438 0.270833 0.423438 0.272222 0.425781 0.273611 0.425781 0.266667 0.425000 0.269444 0.423438 0.272222 0.423438 0.270833 0.425781 0.263889 0.428125 0.259722 0.428125 0.256944 0.428906 0.254167 0.428906 0.251389 0.430469 0.245833 0.428906 0.248611 0.428906 0.251389 0.428906 0.254167 0.428906 0.241667 0.431250 0.236111 0.431250 0.218056 0.432031 0.222222 0.435156 0.220833 0.435156 0.213889 0.435937 0.211111 0.437500 0.212500 0.439063 0.213889 0.439063 0.216667 0.440625 0.219444 0.444531 0.219444 0.446094 0.222222 0.444531 0.222222 0.443750 0.227778 0.445312 0.230556 0.447656 0.229167 0.447656 0.231944 0.449219 0.233333 0.444531 0.233333 0.444531 0.241667 0.446875 0.240278 0.448437 0.243056 0.450000 0.244444 0.447656 0.241667 0.443750 0.244444 0.445312 0.247222 0.446094 0.247222 0.447656 0.250000 0.448437 0.254167 0.447656 0.256944 0.450000 0.261111 0.450000 0.262500 0.451562 0.265278 0.450000 0.270833 0.452344 0.270833 0.453125 0.275000 0.450781 0.273611 0.450000 0.270833 0.446875 0.277778 0.450781 0.277778 0.453125 0.281944 0.453906 0.279167 0.454688 0.277778 0.455469 0.265278 0.456250 0.265278 0.457813 0.263889 0.457813 0.266667 0.458594 0.268056 0.459375 0.273611 0.459375 0.277778 0.457813 0.280556 0.458594 0.288889 0.459375 0.284722 0.462500 0.283333 0.464844 0.284722 0.466406 0.287500 0.469531 0.286111 0.472656 0.287500 0.478906 0.294444 0.482031 0.297222 0.492188 0.295833 0.493750 0.298611 0.494531 0.301389 0.494531 0.304167 0.496094 0.306944 0.498437 0.306944 0.500000 0.311111 0.499219 0.312500 0.497656 0.311111 0.493750 0.309722 0.492969 0.308333 0.489844 0.308333 0.487500 0.311111 0.485938 0.313889 0.486719 0.316667 0.489844 0.313889 0.495312 0.313889 0.496094 0.312500 0.497656 0.311111 0.499219 0.312500 0.500781 0.313889 0.502344 0.313889 0.503125 0.316667 0.505469 0.319444 0.507031 0.315278 0.509375 0.319444 0.510156 0.322222 0.510938 0.329167 0.504687 0.329167 0.502344 0.329167 0.501563 0.337500 0.488281 0.333333 0.482812 0.330556 0.478125 0.329167 0.478125 0.326389 0.481250 0.322222 0.479687 0.319444 0.478125 0.319444 0.476562 0.322222 0.478125 0.326389 0.478125 0.329167 0.475781 0.333333 0.466406 0.325000 0.462500 0.322222 0.464062 0.323611 0.464844 0.325000 0.466406 0.325000 0.475781 0.333333 0.478906 0.336111 0.485156 0.337500 0.486719 0.336111 0.488281 0.333333 0.501563 0.337500 0.503125 0.341667 0.510938 0.355556 0.512500 0.356944 0.514844 0.350000 0.517188 0.345833 0.520312 0.350000 0.521094 0.354167 0.520312 0.361111 0.518750 0.363889 0.520312 0.366667 0.520312 0.369444 0.523438 0.370833 0.525781 0.366667 0.528125 0.366667 0.526563 0.376389 0.528906 0.383333 0.528906 0.388889 0.529687 0.391667 0.530469 0.394444 0.535937 0.404167 0.540625 0.413889 0.538281 0.419444 0.536719 0.423611 0.536719 0.425000 0.531250 0.419444 0.529687 0.418056 0.526563 0.418056 0.524219 0.422222 0.520312 0.423611 0.521875 0.425000 0.522656 0.426389 0.525000 0.426389 0.521875 0.429167 0.521875 0.430556 0.521875 0.436111 0.524219 0.440278 0.525000 0.440278 0.517969 0.441667 0.515625 0.440278 0.515625 0.437500 0.517188 0.433333 0.516406 0.425000 0.511719 0.422222 0.509375 0.426389 0.507812 0.425000 0.504687 0.426389 0.500781 0.429167 0.496094 0.430556 0.490625 0.430556 0.484375 0.431944 0.481250 0.433333 0.478125 0.434722 0.475781 0.436111 0.469531 0.447222 0.476562 0.448611 0.480469 0.450000 0.482812 0.451389 0.485156 0.454167 0.487500 0.455556 0.503906 0.456944 0.509375 0.455556 0.512500 0.458333 0.516406 0.459722 0.522656 0.459722 0.525000 0.456944 0.528125 0.455556 0.529687 0.456944 0.530469 0.456944 0.531250 0.461111 0.532813 0.463889 0.536719 0.466667 0.542188 0.466667 0.552344 0.466667 0.552344 0.470833 0.548438 0.469444 0.546875 0.472222 0.546094 0.475000 0.547656 0.479167 0.552344 0.470833 0.552344 0.466667 0.556250 0.458333 0.560156 0.458333 0.561719 0.461111 0.560156 0.465278 0.559375 0.475000 0.561719 0.479167 0.564063 0.481944 0.566406 0.483333 0.568750 0.484722 0.573438 0.484722 0.584375 0.484722 0.594531 0.491667 0.598437 0.491667 0.600781 0.493056 0.602344 0.494444 0.604688 0.498611 0.609375 0.502778 0.606250 0.506944 0.602344 0.506944 0.596875 0.505556 0.596094 0.506944 0.590625 0.506944 0.587500 0.505556 0.585938 0.502778 0.584375 0.501389 0.582812 0.501389 0.578906 0.502778 0.576562 0.500000 0.568750 0.498611 0.566406 0.495833 0.564063 0.494444 0.561719 0.490278 0.560156 0.488889 0.552344 0.487500 0.542969 0.483333 0.539062 0.481944 0.536719 0.480556 0.531250 0.472222 0.530469 0.469444 0.527344 0.469444 0.529687 0.466667 0.526563 0.465278 0.521875 0.466667 0.512500 0.465278 0.511719 0.462500 0.509375 0.461111 0.506250 0.461111 0.503125 0.458333 0.501563 0.458333 0.496094 0.459722 0.492188 0.456944 0.486719 0.455556 0.479687 0.455556 0.457813 0.458333 0.453906 0.458333 0.453125 0.456944 0.450000 0.456944 0.450000 0.454167 0.435156 0.455556 0.434375 0.456944 0.423438 0.456944 0.429688 0.459722 0.432812 0.459722 0.434375 0.456944 0.435156 0.455556 0.441406 0.456944 0.439844 0.458333 0.437500 0.458333 0.434375 0.461111 0.439063 0.463889 0.442969 0.465278 0.446875 0.465278 0.438281 0.466667 0.432031 0.463889 0.428906 0.465278 0.410156 0.462500 0.389062 0.462500 0.396875 0.462500 0.398438 0.459722 0.400000 0.454167 0.400000 0.451389 0.399219 0.450000 0.399219 0.445833 0.396094 0.440278 0.391406 0.434722 0.389844 0.433333 0.386719 0.431944 0.367969 0.431944 0.363281 0.440278 0.362500 0.443056 0.361719 0.445833 0.360938 0.461111 0.360938 0.459722 0.357031 0.459722 0.358594 0.462500 0.360938 0.459722 0.360938 0.461111 0.362500 0.462500 0.356250 0.462500 0.355469 0.463889 0.349219 0.463889 0.349219 0.461111 0.346094 0.461111 0.347656 0.462500 0.346094 0.462500 0.345313 0.465278 0.342969 0.465278 0.340625 0.463889 0.328125 0.463889 0.332813 0.462500 0.331250 0.459722 0.329688 0.456944 0.328906 0.459722 0.331250 0.459722 0.332813 0.462500 0.334375 0.465278 0.335938 0.461111 0.333594 0.459722 0.332813 0.462500 0.328125 0.463889 0.325000 0.463889 0.317969 0.463889 0.315625 0.463889 0.314844 0.465278 0.311719 0.465278 0.310937 0.462500 0.312500 0.458333 0.309375 0.459722 0.310937 0.462500 0.311719 0.465278 0.295312 0.461111 0.290625 0.463889 0.292969 0.461111 0.291406 0.456944 0.291406 0.454167 0.289844 0.451389 0.289844 0.448611 0.286719 0.443056 0.281250 0.443056 0.277344 0.444444 0.274219 0.445833 0.273438 0.461111 0.275000 0.463889 0.278906 0.465278 0.281250 0.465278 0.276562 0.465278 0.275781 0.463889 0.271875 0.465278 0.267188 0.466667 0.262500 0.468056 0.261719 0.470833 0.259375 0.470833 0.262500 0.468056 0.260156 0.466667 0.271094 0.466667 0.271875 0.462500 0.271875 0.458333 0.271094 0.454167 0.271094 0.450000 0.270313 0.447222 0.268750 0.443056 0.267188 0.440278 0.259375 0.440278 0.257812 0.441667 0.255469 0.445833 0.255469 0.461111 0.256250 0.463889 0.257031 0.465278 0.258594 0.466667 0.256250 0.465278 0.250000 0.466667 0.246094 0.468056 0.244531 0.470833 0.244531 0.473611 0.244531 0.476389 0.246094 0.477778 0.242969 0.475000 0.242188 0.472222 0.242969 0.469444 0.241406 0.466667 0.239844 0.466667 0.237500 0.462500 0.237500 0.469444 0.235156 0.469444 0.234375 0.469444 0.233594 0.463889 0.235156 0.429167 0.235156 0.419444 0.232813 0.415278 0.231250 0.413889 0.225000 0.413889 0.211719 0.415278 0.209375 0.416667 0.207813 0.418056 0.203125 0.426389 0.201563 0.431944 0.201563 0.426389 0.203906 0.418056 0.206250 0.413889 0.204687 0.418056 0.207031 0.419444 0.210938 0.415278 0.214062 0.415278 0.217188 0.411111 0.219531 0.409722 0.217969 0.401389 0.221094 0.400000 0.222656 0.401389 0.223438 0.402778 0.224219 0.405556 0.225781 0.402778 0.228125 0.400000 0.232031 0.398611 0.233594 0.401389 0.233594 0.404167 0.234375 0.406944 0.236719 0.411111 0.238281 0.411111 0.240625 0.411111 0.241406 0.408333 0.241406 0.404167 0.239844 0.401389 0.239063 0.401389 0.237500 0.398611 0.237500 0.395833 0.238281 0.394444 0.238281 0.391667 0.236719 0.388889 0.234375 0.387500 0.232031 0.387500 0.229687 0.386111 0.228125 0.384722 0.227344 0.375000 0.225000 0.370833 0.220312 0.372222 0.220312 0.369444 0.224219 0.369444 0.225781 0.368056 0.227344 0.365278 0.227344 0.361111 0.225781 0.358333 0.224219 0.356944 0.226562 0.355556 0.227344 0.352778 0.227344 0.348611 0.226562 0.345833 0.225781 0.344444 0.225000 0.344444 0.223438 0.343056 0.225781 0.340278 0.226562 0.337500 0.227344 0.330556 0.227344 0.326389 0.226562 0.320833 0.223438 0.315278 0.225000 0.309722 0.226562 0.309722 0.228906 0.315278 0.229687 0.311111 0.232031 0.305556 0.232813 0.302778 0.245312 0.300000 0.246094 0.302778 0.252344 0.313889 0.255469 0.313889 0.257812 0.309722 0.258594 0.304167 0.258594 0.300000 0.257812 0.297222 0.253906 0.290278 0.252344 0.288889 0.248438 0.288889 0.246875 0.290278 0.245312 0.293056 0.245312 0.300000 0.232813 0.302778 0.232031 0.300000 0.226562 0.309722 0.225000 0.309722 0.224219 0.306944 0.223438 0.306944 0.221094 0.304167 0.220312 0.301389 0.218750 0.304167 0.217188 0.309722 0.217188 0.315278 0.214062 0.318056 0.213281 0.320833 0.212500 0.325000 0.212500 0.320833 0.211719 0.318056 0.210938 0.316667 0.209375 0.315278 0.208594 0.312500 0.210938 0.308333 0.208594 0.305556 0.207031 0.297222 0.210938 0.294444 0.208594 0.290278 0.206250 0.294444 0.207031 0.297222 0.208594 0.305556 0.207031 0.306944 0.207031 0.311111 0.208594 0.312500 0.209375 0.315278 0.207813 0.315278 0.206250 0.316667 0.204687 0.319444 0.204687 0.322222 0.203906 0.315278 0.204687 0.306944 0.203906 0.304167 0.203125 0.302778 0.201563 0.301389 0.200000 0.301389 0.202344 0.298611 0.203125 0.295833 0.203125 0.293056 0.200781 0.288889 0.198437 0.293056 0.198437 0.298611 0.200000 0.301389 0.201563 0.301389 0.198437 0.301389 0.196875 0.300000 0.196094 0.293056 0.195312 0.290278 0.193750 0.287500 0.191406 0.287500 0.189062 0.291667 0.189062 0.294444 0.189062 0.288889 0.188281 0.287500 0.188281 0.283333 0.189062 0.281944 0.189062 0.276389 0.189844 0.279167 0.190625 0.280556 0.190625 0.283333 0.192969 0.287500 0.195312 0.284722 0.196875 0.280556 0.199219 0.284722 0.200781 0.286111 0.203125 0.281944 0.203125 0.279167 0.200000 0.273611 0.203125 0.269444 0.206250 0.266667 0.207813 0.269444 0.210156 0.266667 0.223438 0.268056 0.225781 0.265278 0.225000 0.263889 0.224219 0.259722 0.223438 0.268056 0.210156 0.266667 0.208594 0.262500 0.207031 0.263889 0.206250 0.266667 0.203125 0.269444 0.202344 0.261111 0.200781 0.259722 0.199219 0.259722 0.197656 0.262500 0.196875 0.270833 0.196094 0.266667 0.196094 0.261111 0.193750 0.259722 0.199219 0.259722 0.201563 0.258333 0.203906 0.254167 0.207031 0.252778 0.208594 0.255556 0.210156 0.252778 0.207031 0.252778 0.203906 0.254167 0.201563 0.248611 0.200781 0.243056 0.202344 0.240278 0.202344 0.237500 0.204687 0.234722 0.207031 0.234722 0.207031 0.238889 0.208594 0.241667 0.210156 0.238889 0.210156 0.225000 0.205469 0.222222 0.203906 0.223611 0.203125 0.223611 0.203125 0.231944 0.204687 0.234722 0.202344 0.237500 0.200000 0.236111 0.199219 0.240278 0.200781 0.243056 0.201563 0.248611 0.198437 0.248611 0.196875 0.251389 0.194531 0.248611 0.192969 0.248611 0.192969 0.244444 0.194531 0.241667 0.194531 0.237500 0.192969 0.234722 0.190625 0.238889 0.191406 0.241667 0.192969 0.244444 0.192969 0.248611 0.191406 0.251389 0.186719 0.243056 0.186719 0.236111 0.185156 0.233333 0.185156 0.230556 0.186719 0.227778 0.186719 0.223611 0.185156 0.220833 0.183594 0.220833 0.183594 0.216667 0.181250 0.215278 0.178906 0.215278 0.177344 0.215278 0.178906 0.212500 0.177344 0.208333 0.175781 0.211111 0.177344 0.215278 0.178906 0.215278 0.180469 0.218056 0.183594 0.216667 0.183594 0.220833 0.176563 0.222222 0.175000 0.225000 0.176563 0.229167 0.178125 0.229167 0.180469 0.233333 0.182031 0.233333 0.183594 0.230556 0.185156 0.230556 0.185156 0.233333 0.183594 0.233333 0.182812 0.236111 0.178125 0.231944 0.174219 0.230556 0.170313 0.230556 0.169531 0.231944 0.166406 0.231944 0.167969 0.230556 0.170313 0.230556 0.171875 0.227778 0.172656 0.225000 0.170313 0.220833 0.164062 0.220833 0.164844 0.216667 0.167187 0.215278 0.169531 0.215278 0.171094 0.212500 0.171094 0.209722 0.170313 0.208333 0.169531 0.205556 0.167969 0.208333 0.167969 0.211111 0.163281 0.212500 0.163281 0.209722 0.161719 0.206944 0.160156 0.211111 0.161719 0.215278 0.158594 0.213889 0.157031 0.215278 0.153125 0.215278 0.149219 0.218056 0.148438 0.219444 0.147656 0.222222 0.146094 0.220833 0.146094 0.216667 0.147656 0.213889 0.148438 0.211111 0.146094 0.206944 0.143750 0.211111 0.144531 0.213889 0.146094 0.216667 0.146094 0.220833 0.144531 0.220833 0.143750 0.222222 0.140625 0.223611 0.136719 0.225000 0.138281 0.227778 0.143750 0.226389 0.145313 0.223611 0.146094 0.229167 0.149219 0.229167 0.149219 0.223611 0.150000 0.227778 0.156250 0.227778 0.156250 0.226389 0.155469 0.222222 0.159375 0.222222 0.158594 0.229167 0.157031 0.231944 0.157812 0.238889 0.157812 0.236111 0.155469 0.234722 0.151562 0.237500 0.151562 0.241667 0.153125 0.244444 0.154688 0.244444 0.150000 0.245833 0.149219 0.238889 0.148438 0.234722 0.145313 0.233333 0.143750 0.236111 0.142969 0.238889 0.142969 0.243056 0.141406 0.243056 0.140625 0.237500 0.138281 0.233333 0.136719 0.234722 0.135937 0.237500 0.135937 0.241667 0.138281 0.245833 0.139844 0.245833 0.132812 0.245833 0.132812 0.236111 0.131250 0.233333 0.129688 0.233333 0.127344 0.237500 0.126562 0.243056 0.126562 0.240278 0.125781 0.236111 0.122656 0.231944 0.125000 0.226389 0.125000 0.223611 0.123438 0.218056 0.125000 0.212500 0.121094 0.209722 0.117188 0.218056 0.115625 0.220833 0.114062 0.220833 0.112500 0.222222 0.110937 0.226389 0.110156 0.222222 0.103125 0.220833 0.100781 0.223611 0.097656 0.223611 0.096094 0.222222 0.096094 0.215278 0.094531 0.206944 0.094531 0.200000 0.093750 0.197222 0.092969 0.195833 0.092188 0.195833 0.088281 0.190278 0.080469 0.183333 0.077344 0.180556 0.077344 0.180556 0.078906 0.176389 0.076563 0.172222 0.075781 0.177778 0.077344 0.180556 0.077344 0.180556 0.075000 0.180556 0.073438 0.179167 0.071875 0.177778 0.072656 0.175000 0.075781 0.172222 0.078125 0.170833 0.080469 0.170833 0.083594 0.169444 0.082812 0.172222 0.084375 0.175000 0.085938 0.175000 0.085938 0.169444 0.086719 0.169444 0.088281 0.166667 0.087500 0.162500 0.086719 0.165278 0.086719 0.169444 0.085938 0.169444 0.082812 0.172222 0.083594 0.169444 0.085156 0.161111 0.085938 0.158333 0.086719 0.155556 0.092188 0.156944 0.094531 0.161111 0.096094 0.162500 0.100000 0.159722 0.097656 0.155556 0.096094 0.159722 0.094531 0.161111 0.092188 0.156944 0.093750 0.151389 0.095312 0.151389 0.097656 0.145833 0.099219 0.143056 0.101562 0.140278 0.101562 0.137500 0.102344 0.141667 0.103125 0.144444 0.101562 0.148611 0.100000 0.150000 0.101562 0.154167 0.101562 0.148611 0.103125 0.144444 0.104688 0.141667 0.104688 0.136111 0.107813 0.137500
25 0.003906 0.034722 0.000000 0.034722 0.000000 0.041667 0.003906 0.041667 0.003125 0.037500 0.005469 0.033333 0.003906 0.034722
20 0.153125 0.640278 0.150781 0.644444 0.146875 0.645833 0.145313 0.648611 0.144531 0.651389 0.142969 0.654167 0.140625 0.655556 0.141406 0.659722 0.142187 0.662500 0.143750 0.658333 0.144531 0.654167 0.148438 0.651389 0.150000 0.647222 0.151562 0.651389 0.154688 0.651389 0.155469 0.648611 0.155469 0.640278 0.154688 0.638889 0.154688 0.636111 0.153125 0.640278
20 0.100000 0.593056 0.097656 0.594444 0.092969 0.598611 0.078125 0.598611 0.084375 0.598611 0.085156 0.600000 0.094531 0.600000 0.099219 0.598611 0.101562 0.593056 0.100000 0.593056
20 0.964844 0.590278 0.961719 0.593056 0.957812 0.594444 0.959375 0.594444 0.960156 0.593056 0.964063 0.593056 0.964844 0.591667 0.968750 0.591667 0.967187 0.591667 0.966406 0.590278 0.964844 0.590278
20 0.876563 0.570833 0.878906 0.570833 0.879687 0.572222 0.889062 0.572222 0.885938 0.572222 0.885156 0.570833 0.882812 0.570833 0.882031 0.572222 0.879687 0.572222 0.878906 0.570833 0.876563 0.570833
20 0.100000 0.562500 0.100781 0.566667 0.101562 0.570833 0.102344 0.573611 0.103906 0.573611 0.104688 0.575000 0.107031 0.575000 0.108594 0.576389 0.110156 0.577778 0.113281 0.583333 0.113281 0.586111 0.114844 0.588889 0.117188 0.591667 0.119531 0.593056 0.122656 0.598611 0.121094 0.602778 0.122656 0.604167 0.125000 0.605556 0.126562 0.608333 0.121875 0.608333 0.111719 0.609722 0.108594 0.605556 0.106250 0.608333 0.102344 0.609722 0.095312 0.611111 0.091406 0.608333 0.081250 0.609722 0.078906 0.611111 0.077344 0.613889 0.076563 0.618056 0.077344 0.652778 0.077344 0.661111 0.075000 0.665278 0.076563 0.665278 0.076563 0.673611 0.075781 0.676389 0.075000 0.679167 0.074219 0.680556 0.072656 0.681944 0.070312 0.683333 0.067969 0.687500 0.060156 0.688889 0.057813 0.684722 0.055469 0.683333 0.053125 0.679167 0.055469 0.677778 0.052344 0.676389 0.052344 0.669444 0.053906 0.663889 0.053906 0.638889 0.053125 0.625000 0.052344 0.613889 0.051562 0.611111 0.050000 0.608333 0.049219 0.608333 0.048438 0.606944 0.047656 0.604167 0.045312 0.605556 0.042188 0.608333 0.035156 0.609722 0.032031 0.612500 0.027344 0.612500 0.023438 0.613889 0.014844 0.619444 0.011719 0.619444 0.010937 0.622222 0.006250 0.622222 0.002344 0.626389 0.000000 0.626389 0.000000 0.793056 0.003125 0.793056 0.005469 0.791667 0.007812 0.787500 0.009375 0.786111 0.010937 0.784722 0.017969 0.779167 0.020313 0.779167 0.021875 0.777778 0.023438 0.776389 0.026562 0.770833 0.029687 0.768056 0.031250 0.769444 0.034375 0.770833 0.035156 0.766667 0.035937 0.765278 0.043750 0.752778 0.045312 0.751389 0.048438 0.750000 0.050781 0.745833 0.050781 0.744444 0.052344 0.741667 0.054688 0.738889 0.063281 0.731944 0.069531 0.725000 0.072656 0.719444 0.075000 0.718056 0.078125 0.712500 0.081250 0.709722 0.080469 0.708333 0.084375 0.702778 0.088281 0.700000 0.089063 0.697222 0.089844 0.697222 0.091406 0.694444 0.094531 0.694444 0.096094 0.691667 0.096875 0.687500 0.099219 0.683333 0.100781 0.681944 0.102344 0.681944 0.103906 0.680556 0.107031 0.676389 0.109375 0.673611 0.113281 0.672222 0.122656 0.673611 0.124219 0.670833 0.130469 0.659722 0.134375 0.654167 0.136719 0.651389 0.138281 0.650000 0.141406 0.648611 0.145313 0.641667 0.148438 0.638889 0.154688 0.633333 0.157031 0.631944 0.157812 0.627778 0.160938 0.626389 0.165625 0.622222 0.171094 0.622222 0.175000 0.620833 0.180469 0.616667 0.186719 0.616667 0.186719 0.613889 0.190625 0.611111 0.192188 0.611111 0.193750 0.608333 0.194531 0.605556 0.189062 0.605556 0.187500 0.600000 0.185156 0.597222 0.185938 0.600000 0.186719 0.600000 0.188281 0.602778 0.186719 0.608333 0.185156 0.609722 0.182812 0.611111 0.181250 0.611111 0.176563 0.608333 0.178125 0.606944 0.174219 0.605556 0.171094 0.609722 0.172656 0.611111 0.170313 0.612500 0.168750 0.613889 0.162500 0.620833 0.160938 0.618056 0.161719 0.615278 0.159375 0.611111 0.156250 0.609722 0.159375 0.608333 0.162500 0.606944 0.164062 0.605556 0.165625 0.602778 0.167969 0.601389 0.172656 0.598611 0.175000 0.598611 0.175781 0.600000 0.178906 0.598611 0.178125 0.595833 0.179688 0.593056 0.182812 0.591667 0.184375 0.590278 0.187500 0.584722 0.187500 0.581944 0.184375 0.584722 0.179688 0.584722 0.176563 0.586111 0.171094 0.590278 0.165625 0.591667 0.140625 0.591667 0.136719 0.590278 0.133594 0.588889 0.132031 0.587500 0.125781 0.576389 0.121875 0.572222 0.115625 0.566667 0.108594 0.562500 0.102344 0.561111 0.100000 0.562500
20 0.623437 0.544444 0.627344 0.544444 0.631250 0.544444 0.627344 0.544444 0.626563 0.543056 0.623437 0.544444
20 0.589063 0.530556 0.590625 0.531944 0.591406 0.533333 0.596875 0.533333 0.599219 0.534722 0.601562 0.537500 0.603906 0.538889 0.609375 0.538889 0.607031 0.537500 0.603125 0.533333 0.598437 0.531944 0.594531 0.530556 0.589063 0.530556
20 0.007812 0.529167 0.006250 0.531944 0.003906 0.534722 0.001563 0.537500 0.000000 0.537500 0.000000 0.540278 0.002344 0.540278 0.003906 0.538889 0.007031 0.533333 0.007031 0.531944 0.007812 0.529167
20 0.015625 0.527778 0.018750 0.529167 0.020313 0.531944 0.021875 0.531944 0.024219 0.527778 0.022656 0.527778 0.021875 0.529167 0.019531 0.529167 0.018750 0.527778 0.015625 0.527778
20 0.518750 0.495833 0.520312 0.497222 0.522656 0.497222 0.521094 0.495833 0.518750 0.495833
20 0.034375 0.487500 0.034375 0.490278 0.033594 0.491667 0.033594 0.497222 0.034375 0.500000 0.035937 0.501389 0.035937 0.498611 0.035937 0.487500 0.034375 0.487500
20 0.087500 0.484722 0.087500 0.487500 0.098437 0.487500 0.092969 0.486111 0.092188 0.484722 0.087500 0.484722
20 0.482812 0.475000 0.480469 0.476389 0.478125 0.481944 0.482812 0.481944 0.485938 0.484722 0.487500 0.484722 0.489063 0.483333 0.488281 0.477778 0.485938 0.477778 0.482812 0.475000
20 0.464062 0.475000 0.465625 0.476389 0.468750 0.476389 0.469531 0.475000 0.471875 0.475000 0.472656 0.476389 0.476562 0.475000 0.474219 0.473611 0.470313 0.475000 0.464062 0.475000
20 0.472656 0.458333 0.475000 0.461111 0.481250 0.461111 0.484375 0.458333 0.488281 0.458333 0.496094 0.461111 0.501563 0.459722 0.503125 0.459722 0.505469 0.461111 0.507031 0.463889 0.511719 0.463889 0.512500 0.466667 0.516406 0.468056 0.524219 0.468056 0.527344 0.470833 0.530469 0.470833 0.536719 0.481944 0.539062 0.483333 0.542969 0.484722 0.552344 0.488889 0.560156 0.490278 0.561719 0.491667 0.564063 0.495833 0.566406 0.497222 0.568750 0.500000 0.576562 0.501389 0.578906 0.504167 0.582812 0.502778 0.584375 0.502778 0.585938 0.504167 0.587500 0.506944 0.590625 0.508333 0.596094 0.508333 0.596875 0.506944 0.602344 0.508333 0.606250 0.508333 0.608594 0.504167 0.610938 0.504167 0.612500 0.506944 0.614062 0.505556 0.616406 0.504167 0.613281 0.502778 0.614844 0.501389 0.613281 0.500000 0.614844 0.500000 0.615625 0.502778 0.617188 0.502778 0.618750 0.505556 0.626563 0.509722 0.629687 0.511111 0.634375 0.511111 0.637500 0.508333 0.639062 0.508333 0.641406 0.511111 0.650781 0.512500 0.654687 0.511111 0.657031 0.512500 0.657813 0.515278 0.660937 0.516667 0.663281 0.513889 0.664844 0.515278 0.664844 0.516667 0.666406 0.519444 0.667969 0.520833 0.671094 0.523611 0.680469 0.523611 0.687500 0.520833 0.689063 0.522222 0.691406 0.523611 0.693750 0.523611 0.697656 0.527778 0.700781 0.527778 0.702344 0.529167 0.704688 0.533333 0.706250 0.534722 0.708594 0.536111 0.712500 0.537500 0.723437 0.537500 0.725000 0.538889 0.725781 0.543056 0.727344 0.545833 0.728125 0.551389 0.728125 0.556944 0.728906 0.563889 0.730469 0.568056 0.729688 0.573611 0.727344 0.572222 0.725781 0.573611 0.727344 0.576389 0.731250 0.577778 0.732031 0.576389 0.733594 0.577778 0.735938 0.581944 0.737500 0.583333 0.739844 0.584722 0.742188 0.586111 0.742969 0.583333 0.745313 0.580556 0.743750 0.570833 0.744531 0.555556 0.746875 0.556944 0.751563 0.561111 0.757031 0.568056 0.758594 0.569444 0.767188 0.569444 0.771094 0.566667 0.771875 0.563889 0.773438 0.556944 0.775000 0.551389 0.777344 0.547222 0.778906 0.545833 0.780469 0.545833 0.785156 0.545833 0.786719 0.548611 0.789844 0.555556 0.790625 0.562500 0.790625 0.577778 0.791406 0.586111 0.792969 0.588889 0.792969 0.591667 0.792969 0.600000 0.794531 0.602778 0.798438 0.601389 0.799219 0.602778 0.802344 0.602778 0.804688 0.601389 0.808594 0.594444 0.809375 0.591667 0.810156 0.580556 0.809375 0.568056 0.809375 0.563889 0.810156 0.555556 0.810937 0.558333 0.815625 0.556944 0.824219 0.562500 0.832812 0.562500 0.837500 0.563889 0.841406 0.565278 0.844531 0.568056 0.849219 0.568056 0.853125 0.570833 0.858594 0.570833 0.864844 0.572222 0.866406 0.575000 0.868750 0.576389 0.873437 0.576389 0.883594 0.575000 0.896875 0.576389 0.897656 0.575000 0.899219 0.575000 0.900000 0.577778 0.910937 0.577778 0.917188 0.580556 0.922656 0.579167 0.924219 0.579167 0.926562 0.581944 0.928906 0.581944 0.931250 0.584722 0.933594 0.581944 0.934375 0.584722 0.935156 0.586111 0.935156 0.593056 0.935937 0.595833 0.939063 0.601389 0.942187 0.601389 0.938281 0.602778 0.935937 0.601389 0.934375 0.602778 0.932031 0.606944 0.929688 0.608333 0.926562 0.611111 0.924219 0.612500 0.921094 0.612500 0.918750 0.615278 0.910937 0.618056 0.908594 0.620833 0.903906 0.620833 0.901563 0.623611 0.896094 0.625000 0.894531 0.626389 0.892969 0.627778 0.891406 0.630556 0.889844 0.631944 0.887500 0.633333 0.884375 0.633333 0.882031 0.637500 0.879687 0.638889 0.875000 0.640278 0.867969 0.641667 0.857812 0.643056 0.852344 0.643056 0.844531 0.641667 0.841406 0.636111 0.839063 0.634722 0.835938 0.633333 0.832812 0.633333 0.828125 0.629167 0.821875 0.629167 0.819531 0.625000 0.817187 0.623611 0.812500 0.623611 0.811719 0.625000 0.805469 0.626389 0.801562 0.626389 0.798438 0.623611 0.793750 0.623611 0.791406 0.622222 0.789062 0.620833 0.787500 0.619444 0.786719 0.616667 0.789844 0.615278 0.788281 0.613889 0.786719 0.612500 0.785156 0.612500 0.782813 0.613889 0.781250 0.612500 0.780469 0.608333 0.780469 0.605556 0.777344 0.604167 0.774219 0.600000 0.772656 0.598611 0.770312 0.597222 0.765625 0.597222 0.764062 0.598611 0.763281 0.601389 0.762500 0.605556 0.764062 0.608333 0.767188 0.611111 0.768750 0.611111 0.766406 0.611111 0.765625 0.609722 0.762500 0.609722 0.759375 0.608333 0.757812 0.605556 0.755469 0.604167 0.752344 0.604167 0.750000 0.601389 0.751563 0.598611 0.750781 0.595833 0.750781 0.593056 0.752344 0.590278 0.753125 0.590278 0.754687 0.587500 0.752344 0.586111 0.749219 0.579167 0.749219 0.584722 0.749219 0.590278 0.746094 0.590278 0.745313 0.594444 0.743750 0.594444 0.742969 0.597222 0.740625 0.594444 0.735938 0.594444 0.734375 0.593056 0.734375 0.588889 0.733594 0.586111 0.732031 0.583333 0.728906 0.581944 0.723437 0.581944 0.722656 0.583333 0.720313 0.583333 0.721875 0.580556 0.720313 0.577778 0.717969 0.583333 0.712500 0.580556 0.707812 0.580556 0.703125 0.577778 0.704688 0.575000 0.703125 0.573611 0.700781 0.568056 0.699219 0.566667 0.700000 0.551389 0.697656 0.547222 0.696094 0.547222 0.693750 0.551389 0.700000 0.551389 0.699219 0.566667 0.694531 0.566667 0.692969 0.568056 0.690625 0.573611 0.689063 0.572222 0.688281 0.568056 0.686719 0.565278 0.685937 0.558333 0.685156 0.550000 0.682031 0.550000 0.682031 0.550000 0.687500 0.544444 0.686719 0.540278 0.684375 0.544444 0.684375 0.545833 0.682031 0.550000 0.682031 0.550000 0.681250 0.552778 0.676562 0.552778 0.673438 0.555556 0.671875 0.552778 0.672656 0.545833 0.671094 0.544444 0.670312 0.543056 0.666406 0.543056 0.663281 0.543056 0.660156 0.545833 0.657813 0.551389 0.657813 0.545833 0.657031 0.543056 0.655469 0.540278 0.653906 0.538889 0.650000 0.538889 0.649219 0.537500 0.645312 0.538889 0.646094 0.540278 0.646875 0.543056 0.642969 0.540278 0.637500 0.540278 0.633594 0.537500 0.629687 0.536111 0.630469 0.540278 0.628906 0.540278 0.628125 0.538889 0.624219 0.537500 0.625000 0.536111 0.622656 0.533333 0.618750 0.533333 0.614844 0.530556 0.611719 0.529167 0.608594 0.530556 0.609375 0.533333 0.610156 0.534722 0.611719 0.536111 0.614844 0.537500 0.620313 0.537500 0.618750 0.538889 0.614844 0.538889 0.612500 0.537500 0.607031 0.533333 0.604688 0.530556 0.602344 0.529167 0.605469 0.527778 0.601562 0.525000 0.594531 0.523611 0.587500 0.520833 0.584375 0.518056 0.574219 0.515278 0.573438 0.513889 0.571875 0.513889 0.572656 0.519444 0.575781 0.519444 0.577344 0.522222 0.578906 0.522222 0.580469 0.523611 0.575781 0.526389 0.571875 0.525000 0.567969 0.520833 0.564063 0.519444 0.560156 0.519444 0.555469 0.516667 0.553125 0.515278 0.551562 0.512500 0.550000 0.512500 0.545312 0.511111 0.541406 0.511111 0.538281 0.509722 0.536719 0.506944 0.534375 0.505556 0.532031 0.505556 0.528906 0.508333 0.525000 0.504167 0.521094 0.504167 0.518750 0.502778 0.525000 0.501389 0.528125 0.498611 0.532031 0.497222 0.528906 0.495833 0.521875 0.491667 0.511719 0.488889 0.508594 0.486111 0.509375 0.491667 0.511719 0.491667 0.513281 0.493056 0.511719 0.493056 0.507812 0.494444 0.510938 0.495833 0.508594 0.495833 0.507812 0.494444 0.504687 0.494444 0.501563 0.493056 0.494531 0.488889 0.491406 0.484722 0.489844 0.486111 0.491406 0.484722 0.490625 0.481944 0.495312 0.479167 0.492969 0.473611 0.492188 0.472222 0.490625 0.470833 0.488281 0.469444 0.485156 0.469444 0.478906 0.465278 0.472656 0.462500 0.465625 0.459722 0.456250 0.459722 0.457813 0.459722 0.458594 0.458333 0.472656 0.458333
20 0.442188 0.456944 0.441406 0.458333 0.439844 0.459722 0.441406 0.462500 0.442969 0.463889 0.447656 0.465278 0.446094 0.468056 0.442188 0.468056 0.449219 0.468056 0.449219 0.462500 0.451562 0.459722 0.449219 0.459722 0.446875 0.456944 0.442188 0.456944
20 0.037500 0.455556 0.039062 0.461111 0.039844 0.461111 0.041406 0.465278 0.043750 0.466667 0.043750 0.469444 0.042188 0.472222 0.041406 0.472222 0.039844 0.475000 0.048438 0.476389 0.049219 0.479167 0.050781 0.477778 0.050781 0.481944 0.048438 0.479167 0.046875 0.479167 0.046094 0.480556 0.043750 0.480556 0.041406 0.483333 0.035156 0.484722 0.033594 0.484722 0.034375 0.481944 0.035937 0.480556 0.035937 0.479167 0.037500 0.481944 0.039062 0.477778 0.035937 0.479167 0.035937 0.480556 0.033594 0.477778 0.033594 0.470833 0.035937 0.461111 0.035937 0.456944 0.037500 0.455556
26 0.807813 0.765278 0.809375 0.766667 0.808594 0.773611 0.810156 0.773611 0.810937 0.775000 0.812500 0.775000 0.812500 0.772222 0.811719 0.768056 0.809375 0.763889 0.807813 0.765278
26 0.796875 0.756944 0.796094 0.758333 0.793750 0.758333 0.800000 0.759722 0.799219 0.756944 0.796875 0.756944
26 0.868750 0.641667 0.867969 0.643056 0.861719 0.643056 0.860938 0.645833 0.852344 0.644444 0.851562 0.643056 0.844531 0.643056 0.848437 0.648611 0.846094 0.650000 0.842969 0.655556 0.843750 0.658333 0.844531 0.661111 0.846094 0.662500 0.850000 0.662500 0.853906 0.658333 0.856250 0.658333 0.857812 0.656944 0.864844 0.645833 0.868750 0.644444 0.870313 0.643056 0.871875 0.641667 0.868750 0.641667
26 0.950000 0.597222 0.946875 0.600000 0.942969 0.601389 0.945312 0.601389 0.946094 0.600000 0.951562 0.597222 0.950000 0.597222
26 0.957031 0.587500 0.955469 0.588889 0.954688 0.591667 0.953906 0.594444 0.953906 0.597222 0.955469 0.595833 0.958594 0.590278 0.961719 0.591667 0.962500 0.590278 0.964063 0.590278 0.962500 0.588889 0.957031 0.587500
26 0.775000 0.513889 0.775781 0.516667 0.777344 0.518056 0.781250 0.519444 0.782031 0.522222 0.777344 0.523611 0.775000 0.519444 0.774219 0.526389 0.771875 0.527778 0.770312 0.530556 0.765625 0.534722 0.761719 0.534722 0.760156 0.533333 0.757812 0.529167 0.753906 0.527778 0.750000 0.526389 0.747656 0.527778 0.743750 0.533333 0.744531 0.538889 0.745313 0.538889 0.746875 0.541667 0.750781 0.541667 0.757812 0.538889 0.767969 0.538889 0.771875 0.543056 0.779687 0.543056 0.779687 0.536111 0.781250 0.531944 0.782031 0.527778 0.782031 0.516667 0.780469 0.513889 0.775000 0.513889
26 0.602344 0.481944 0.603125 0.486111 0.606250 0.490278 0.609375 0.488889 0.609375 0.483333 0.606250 0.486111 0.604688 0.484722 0.602344 0.481944
26 0.587500 0.463889 0.589063 0.466667 0.590625 0.466667 0.592187 0.469444 0.594531 0.468056 0.592969 0.463889 0.589844 0.461111 0.587500 0.463889
26 0.574219 0.461111 0.571875 0.465278 0.568750 0.468056 0.571875 0.469444 0.573438 0.470833 0.573438 0.475000 0.568750 0.475000 0.567187 0.473611 0.564844 0.469444 0.566406 0.468056 0.564844 0.468056 0.561719 0.462500 0.560937 0.465278 0.560156 0.475000 0.561719 0.477778 0.564063 0.480556 0.566406 0.481944 0.568750 0.483333 0.573438 0.483333 0.584375 0.483333 0.594531 0.490278 0.594531 0.486111 0.596875 0.481944 0.595313 0.481944 0.591406 0.475000 0.592187 0.472222 0.590625 0.470833 0.586719 0.466667 0.585156 0.466667 0.586719 0.470833 0.589063 0.472222 0.590625 0.475000 0.589063 0.476389 0.588281 0.477778 0.585938 0.479167 0.583594 0.475000 0.578906 0.475000 0.578125 0.469444 0.579688 0.468056 0.581250 0.468056 0.579688 0.468056 0.576562 0.461111 0.574219 0.461111
27 0.415625 0.290278 0.416406 0.300000 0.417187 0.294444 0.415625 0.290278
27 0.318750 0.290278 0.317188 0.293056 0.320312 0.293056 0.321094 0.294444 0.322656 0.294444 0.321094 0.293056 0.321094 0.288889 0.318750 0.290278
27 0.308594 0.280556 0.310156 0.283333 0.311719 0.281944 0.308594 0.280556
27 0.303125 0.277778 0.303125 0.280556 0.304688 0.279167 0.303125 0.277778
27 0.453906 0.275000 0.453125 0.277778 0.453125 0.280556 0.453906 0.277778 0.453906 0.275000
27 0.464844 0.254167 0.464062 0.255556 0.457031 0.256944 0.456250 0.259722 0.456250 0.263889 0.458594 0.262500 0.460938 0.256944 0.463281 0.256944 0.464844 0.254167 0.466406 0.254167 0.464844 0.254167
27 0.303906 0.250000 0.303906 0.254167 0.302344 0.255556 0.301563 0.265278 0.302344 0.272222 0.302344 0.258333 0.303906 0.255556 0.303906 0.250000
27 0.289844 0.245833 0.289062 0.250000 0.289062 0.255556 0.288281 0.258333 0.286719 0.261111 0.289062 0.256944 0.289062 0.252778 0.289844 0.245833
27 0.271875 0.241667 0.271875 0.248611 0.273438 0.251389 0.274219 0.255556 0.274219 0.252778 0.274219 0.250000 0.273438 0.247222 0.271875 0.244444 0.271875 0.241667
27 0.471875 0.240278 0.470313 0.243056 0.470313 0.247222 0.469531 0.250000 0.467969 0.252778 0.469531 0.251389 0.473438 0.247222 0.470313 0.243056 0.471875 0.240278
27 0.233594 0.215278 0.232813 0.218056 0.232031 0.218056 0.231250 0.220833 0.233594 0.219444 0.233594 0.215278
27 0.216406 0.205556 0.214062 0.208333 0.215625 0.208333 0.216406 0.205556
27 0.213281 0.190278 0.213281 0.194444 0.214844 0.193056 0.213281 0.190278
27 0.157031 0.181944 0.156250 0.183333 0.157812 0.184722 0.157031 0.181944
27 0.146094 0.173611 0.144531 0.179167 0.146875 0.176389 0.146094 0.173611
27 0.076563 0.173611 0.078125 0.179167 0.078125 0.176389 0.076563 0.173611
27 0.170313 0.172222 0.171094 0.176389 0.174219 0.181944 0.175000 0.186111 0.175000 0.181944 0.172656 0.179167 0.171094 0.175000 0.170313 0.172222
27 0.085938 0.170833 0.083594 0.172222 0.085938 0.173611 0.085938 0.170833
27 0.214844 0.173611 0.211719 0.175000 0.212500 0.177778 0.210938 0.177778 0.211719 0.180556 0.213281 0.180556 0.214844 0.177778 0.216406 0.172222 0.216406 0.169444 0.214844 0.173611
27 0.192969 0.169444 0.190625 0.173611 0.192188 0.173611 0.193750 0.176389 0.195312 0.177778 0.196875 0.175000 0.195312 0.176389 0.192969 0.172222 0.192969 0.169444
27 0.201563 0.169444 0.200000 0.172222 0.198437 0.173611 0.200781 0.170833 0.201563 0.170833 0.203906 0.168056 0.201563 0.169444
27 0.180469 0.168056 0.180469 0.170833 0.178906 0.175000 0.181250 0.175000 0.182031 0.172222 0.180469 0.168056
27 0.172656 0.168056 0.172656 0.170833 0.175781 0.175000 0.177344 0.175000 0.175000 0.172222 0.174219 0.168056 0.172656 0.168056
27 0.127344 0.168056 0.126562 0.169444 0.128125 0.170833 0.129688 0.170833 0.128125 0.170833 0.127344 0.168056
27 0.207813 0.166667 0.207031 0.169444 0.208594 0.168056 0.210156 0.169444 0.210938 0.166667 0.207813 0.166667
27 0.185156 0.158333 0.186719 0.162500 0.189062 0.163889 0.187500 0.162500 0.185156 0.158333
27 0.115625 0.156944 0.117188 0.156944 0.117969 0.158333 0.119531 0.156944 0.115625 0.156944
27 0.097656 0.156944 0.096875 0.159722 0.095312 0.161111 0.097656 0.162500 0.099219 0.159722 0.097656 0.156944
27 0.101562 0.150000 0.100000 0.152778 0.101562 0.152778 0.101562 0.150000
27 0.111719 0.145833 0.111719 0.148611 0.114062 0.155556 0.112500 0.151389 0.111719 0.145833
27 0.105469 0.145833 0.106250 0.152778 0.107813 0.152778 0.109375 0.150000 0.109375 0.147222 0.107813 0.144444 0.105469 0.145833
27 0.509375 0.138889 0.509375 0.147222 0.510156 0.150000 0.510156 0.147222 0.509375 0.145833 0.509375 0.138889
27 0.529687 0.000000 0.530469 0.002778 0.528906 0.006944 0.527344 0.008333 0.527344 0.009722 0.525781 0.012500 0.525781 0.013889 0.521875 0.015278 0.520312 0.016667 0.518750 0.019444 0.521875 0.019444 0.514062 0.031944 0.511719 0.037500 0.510156 0.041667 0.510156 0.059722 0.508594 0.062500 0.507812 0.087500 0.506250 0.093056 0.507031 0.097222 0.507031 0.098611 0.508594 0.105556 0.507031 0.112500 0.507812 0.127778 0.508594 0.125000 0.507812 0.127778 0.507812 0.151389 0.507031 0.155556 0.503906 0.161111 0.503125 0.163889 0.502344 0.166667 0.503125 0.169444 0.507031 0.162500 0.505469 0.165278 0.505469 0.166667 0.496094 0.183333 0.500000 0.176389 0.500000 0.175000 0.501563 0.172222 0.495312 0.177778 0.493750 0.180556 0.493750 0.183333 0.490625 0.184722 0.489063 0.186111 0.487500 0.188889 0.486719 0.191667 0.487500 0.194444 0.489844 0.190278 0.488281 0.194444 0.486719 0.195833 0.486719 0.193056 0.484375 0.194444 0.483594 0.195833 0.480469 0.198611 0.478906 0.201389 0.479687 0.204167 0.481250 0.201389 0.478125 0.208333 0.478906 0.211111 0.481250 0.212500 0.481250 0.215278 0.482812 0.215278 0.483594 0.222222 0.483594 0.225000 0.482031 0.231944 0.482812 0.234722 0.482812 0.237500 0.480469 0.241667 0.480469 0.238889 0.479687 0.236111 0.475000 0.237500 0.473438 0.238889 0.475781 0.236111 0.478125 0.234722 0.479687 0.231944 0.479687 0.223611 0.478906 0.219444 0.477344 0.216667 0.475781 0.222222 0.476562 0.223611 0.476562 0.226389 0.475781 0.231944 0.472656 0.236111 0.470313 0.237500 0.469531 0.238889 0.467969 0.241667 0.467969 0.244444 0.466406 0.247222 0.464844 0.250000 0.462500 0.250000 0.461719 0.251389 0.457031 0.251389 0.455469 0.254167 0.454688 0.256944 0.454688 0.261111 0.452344 0.265278 0.452344 0.268056 0.453906 0.272222 0.453125 0.269444 0.452344 0.269444 0.452344 0.265278 0.450781 0.262500 0.450781 0.261111 0.448437 0.256944 0.449219 0.254167 0.448437 0.250000 0.444531 0.244444 0.446875 0.244444 0.448437 0.241667 0.446875 0.238889 0.444531 0.240278 0.444531 0.234722 0.449219 0.236111 0.448437 0.231944 0.448437 0.229167 0.445312 0.229167 0.444531 0.223611 0.446875 0.222222 0.444531 0.218056 0.440625 0.218056 0.439063 0.212500 0.437500 0.211111 0.435937 0.209722 0.434375 0.166667 0.434375 0.126389 0.435156 0.113889 0.435937 0.109722 0.428125 0.106944 0.428906 0.106944 0.429688 0.100000 0.427344 0.098611 0.426563 0.105556 0.428906 0.106944 0.428125 0.106944 0.417969 0.109722 0.404687 0.108333 0.403125 0.106944 0.392969 0.105556 0.391406 0.105556 0.391406 0.105556 0.392969 0.102778 0.392969 0.098611 0.391406 0.095833 0.389844 0.098611 0.389844 0.101389 0.390625 0.102778 0.391406 0.105556 0.391406 0.105556 0.390625 0.109722 0.404687 0.112500 0.404687 0.108333 0.417969 0.109722 0.421875 0.112500 0.427344 0.115278 0.428906 0.112500 0.429688 0.143056 0.430469 0.154167 0.427344 0.148611 0.425781 0.150000 0.430469 0.158333 0.431250 0.163889 0.432031 0.159722 0.432812 0.158333 0.432812 0.134722 0.432812 0.155556 0.434375 0.166667 0.435937 0.209722 0.435156 0.212500 0.434375 0.213889 0.434375 0.220833 0.432812 0.222222 0.432812 0.219444 0.431250 0.216667 0.430469 0.236111 0.428125 0.241667 0.428125 0.254167 0.427344 0.256944 0.427344 0.259722 0.425781 0.262500 0.425000 0.262500 0.425000 0.270833 0.425781 0.268056 0.425781 0.272222 0.424219 0.272222 0.424219 0.269444 0.422656 0.268056 0.421094 0.269444 0.417969 0.275000 0.416406 0.281944 0.414062 0.286111 0.412500 0.293056 0.411719 0.301389 0.410156 0.301389 0.409375 0.302778 0.406250 0.302778 0.405469 0.306944 0.404687 0.309722 0.403125 0.306944 0.403906 0.304167 0.400000 0.302778 0.397656 0.304167 0.396094 0.306944 0.394531 0.308333 0.395313 0.311111 0.393750 0.311111 0.393750 0.313889 0.394531 0.315278 0.393750 0.320833 0.394531 0.318056 0.392188 0.318056 0.392188 0.319444 0.390625 0.322222 0.390625 0.323611 0.387500 0.325000 0.385937 0.326389 0.383594 0.330556 0.384375 0.334722 0.382812 0.331944 0.381250 0.334722 0.380469 0.337500 0.379688 0.340278 0.379688 0.344444 0.380469 0.348611 0.380469 0.351389 0.378906 0.351389 0.376563 0.355556 0.368750 0.355556 0.364844 0.354167 0.361719 0.352778 0.359375 0.351389 0.357812 0.350000 0.356250 0.348611 0.354687 0.345833 0.354687 0.343056 0.352344 0.338889 0.351562 0.334722 0.351562 0.322222 0.350781 0.318056 0.348438 0.313889 0.343750 0.313889 0.340625 0.312500 0.339844 0.311111 0.338281 0.311111 0.339062 0.306944 0.336719 0.302778 0.334375 0.305556 0.331250 0.306944 0.328125 0.300000 0.327344 0.302778 0.328125 0.298611 0.328125 0.295833 0.327344 0.291667 0.325781 0.288889 0.324219 0.286111 0.323437 0.284722 0.319531 0.280556 0.317969 0.280556 0.317188 0.280556 0.315625 0.277778 0.312500 0.276389 0.312500 0.275000 0.310937 0.272222 0.310156 0.272222 0.308594 0.269444 0.309375 0.266667 0.307812 0.265278 0.306250 0.261111 0.305469 0.255556 0.306250 0.248611 0.306250 0.245833 0.304688 0.241667 0.300781 0.233333 0.300000 0.241667 0.301563 0.244444 0.303125 0.245833 0.300781 0.248611 0.300000 0.248611 0.298438 0.251389 0.298438 0.247222 0.299219 0.245833 0.299219 0.236111 0.300781 0.230556 0.296094 0.234722 0.295312 0.236111 0.291406 0.243056 0.292969 0.238889 0.296875 0.233333 0.297656 0.231944 0.298438 0.229167 0.296094 0.229167 0.295312 0.229167 0.294531 0.231944 0.292969 0.231944 0.290625 0.236111 0.289062 0.234722 0.288281 0.237500 0.285938 0.237500 0.285156 0.238889 0.278906 0.238889 0.275781 0.238889 0.274219 0.237500 0.272656 0.234722 0.270313 0.236111 0.267969 0.241667 0.262500 0.244444 0.260156 0.240278 0.258594 0.240278 0.257031 0.237500 0.256250 0.236111 0.254688 0.233333 0.253125 0.234722 0.251563 0.231944 0.247656 0.230556 0.244531 0.227778 0.244531 0.223611 0.242188 0.220833 0.242188 0.204167 0.240625 0.204167 0.240625 0.191667 0.242188 0.181944 0.241406 0.176389 0.240625 0.172222 0.239844 0.170833 0.239844 0.159722 0.240625 0.158333 0.239844 0.145833 0.239063 0.154167 0.239063 0.143056 0.239844 0.141667 0.239063 0.125000 0.238281 0.129167 0.238281 0.122222 0.239063 0.120833 0.238281 0.098611 0.237500 0.109722 0.237500 0.091667 0.239063 0.088889 0.238281 0.055556 0.236719 0.052778 0.235937 0.058333 0.235937 0.041667 0.237500 0.041667 0.237500 0.038889 0.237500 0.022222 0.235937 0.016667 0.234375 0.019444 0.235156 0.011111 0.236719 0.011111 0.236719 0.008333 0.234375 0.006944 0.234375 0.000000 0.529687 0.000000
27 0.226562 0.000000 0.226562 0.011111 0.227344 0.023611 0.228906 0.029167 0.229687 0.026389 0.229687 0.047222 0.228906 0.029167 0.227344 0.031944 0.228125 0.058333 0.229687 0.079167 0.230469 0.055556 0.229687 0.080556 0.230469 0.087500 0.231250 0.083333 0.230469 0.101389 0.230469 0.111111 0.232031 0.111111 0.232031 0.120833 0.231250 0.122222 0.231250 0.141667 0.232813 0.144444 0.232031 0.161111 0.232031 0.170833 0.233594 0.177778 0.232813 0.195833 0.232813 0.201389 0.233594 0.212500 0.226562 0.209722 0.224219 0.211111 0.221094 0.204167 0.222656 0.202778 0.221875 0.200000 0.220312 0.198611 0.219531 0.188889 0.219531 0.177778 0.218750 0.169444 0.217969 0.166667 0.216406 0.163889 0.214844 0.162500 0.211719 0.161111 0.208594 0.161111 0.207813 0.162500 0.203906 0.162500 0.202344 0.159722 0.196875 0.161111 0.191406 0.156944 0.189062 0.158333 0.188281 0.154167 0.187500 0.155556 0.185156 0.151389 0.183594 0.152778 0.182031 0.152778 0.178125 0.159722 0.176563 0.161111 0.173437 0.161111 0.169531 0.163889 0.167969 0.165278 0.166406 0.168056 0.166406 0.173611 0.164844 0.176389 0.164844 0.177778 0.162500 0.179167 0.161719 0.181944 0.158594 0.180556 0.157031 0.176389 0.154688 0.176389 0.152344 0.173611 0.150000 0.173611 0.146875 0.168056 0.145313 0.166667 0.143750 0.165278 0.142187 0.165278 0.141406 0.168056 0.137500 0.168056 0.134375 0.166667 0.132812 0.165278 0.131250 0.163889 0.130469 0.159722 0.128125 0.154167 0.127344 0.152778 0.125781 0.151389 0.121875 0.151389 0.117969 0.148611 0.116406 0.148611 0.114844 0.145833 0.114844 0.143056 0.112500 0.138889 0.111719 0.138889 0.107813 0.136111 0.106250 0.137500 0.104688 0.134722 0.103906 0.131944 0.104688 0.122222 0.104688 0.116667 0.103125 0.109722 0.105469 0.106944 0.110156 0.102778 0.112500 0.100000 0.110937 0.097222 0.112500 0.095833 0.115625 0.100000 0.118750 0.098611 0.119531 0.095833 0.124219 0.098611 0.125781 0.098611 0.128125 0.095833 0.130469 0.095833 0.132812 0.094444 0.135156 0.093056 0.135937 0.088889 0.133594 0.084722 0.125781 0.084722 0.121875 0.088889 0.120313 0.091667 0.121094 0.094444 0.119531 0.095833 0.118750 0.098611 0.117188 0.094444 0.112500 0.095833 0.110937 0.097222 0.109375 0.097222 0.108594 0.098611 0.105469 0.100000 0.102344 0.100000 0.101562 0.105556 0.100000 0.108333 0.100781 0.109722 0.100000 0.112500 0.101562 0.115278 0.100781 0.129167 0.100781 0.133333 0.102344 0.134722 0.102344 0.137500 0.100781 0.137500 0.100000 0.141667 0.098437 0.143056 0.097656 0.144444 0.096875 0.147222 0.095312 0.150000 0.092969 0.151389 0.092188 0.155556 0.085938 0.155556 0.085156 0.158333 0.084375 0.161111 0.083594 0.165278 0.083594 0.168056 0.081250 0.168056 0.078125 0.169444 0.075781 0.170833 0.073438 0.172222 0.071875 0.176389 0.070312 0.176389 0.066406 0.172222 0.048438 0.161111 0.044531 0.156944 0.040625 0.155556 0.039062 0.154167 0.037500 0.151389 0.035937 0.150000 0.034375 0.150000 0.032813 0.147222 0.031250 0.148611 0.029687 0.145833 0.024219 0.141667 0.020313 0.140278 0.015625 0.136111 0.014063 0.136111 0.014844 0.123611 0.014844 0.119444 0.014063 0.113889 0.012500 0.111111 0.009375 0.109722 0.005469 0.109722 0.004687 0.111111 0.000000 0.111111 0.005469 0.109722 0.003906 0.106944 0.000000 0.108333 0.000000 0.083333 0.003125 0.081944 0.001563 0.080556 0.003125 0.081944 0.005469 0.080556 0.005469 0.077778 0.005469 0.080556 0.007812 0.080556 0.009375 0.079167 0.010937 0.077778 0.011719 0.076389 0.012500 0.073611 0.011719 0.063889 0.010937 0.072222 0.009375 0.075000 0.009375 0.070833 0.010156 0.069444 0.010156 0.066667 0.008594 0.062500 0.008594 0.058333 0.007812 0.055556 0.004687 0.050000 0.002344 0.050000 0.001563 0.048611 0.000000 0.048611 0.000000 0.043056 0.003125 0.043056 0.003906 0.044444 0.006250 0.043056 0.003906 0.037500 0.005469 0.036111 0.000000 0.033333 0.000000 0.000000 0.226562 0.000000
1 0.008594 0.390278 0.007031 0.391667 0.003125 0.400000 0.001563 0.402778 0.000000 0.402778 0.000000 0.445833 0.002344 0.447222 0.000000 0.448611 0.000000 0.455556 0.003125 0.455556 0.006250 0.452778 0.006250 0.456944 0.004687 0.458333 0.004687 0.462500 0.006250 0.462500 0.007031 0.463889 0.010156 0.463889 0.013281 0.470833 0.017188 0.469444 0.020313 0.472222 0.021875 0.472222 0.024219 0.469444 0.028906 0.468056 0.031250 0.472222 0.032031 0.476389 0.032813 0.480556 0.032813 0.486111 0.032813 0.470833 0.035156 0.461111 0.035937 0.448611 0.035156 0.440278 0.036719 0.437500 0.036719 0.430556 0.034375 0.429167 0.034375 0.425000 0.032813 0.419444 0.031250 0.422222 0.030469 0.426389 0.028906 0.429167 0.028125 0.426389 0.027344 0.425000 0.027344 0.419444 0.025781 0.416667 0.024219 0.413889 0.023438 0.411111 0.022656 0.408333 0.021875 0.398611 0.021094 0.395833 0.017969 0.390278 0.008594 0.390278
2 0.281250 0.444444 0.277344 0.445833 0.276562 0.447222 0.274219 0.447222 0.275000 0.462500 0.278125 0.462500 0.282031 0.465278 0.285938 0.465278 0.289844 0.463889 0.292187 0.461111 0.290625 0.456944 0.290625 0.454167 0.289062 0.451389 0.289062 0.448611 0.286719 0.444444 0.281250 0.444444
2 0.259375 0.441667 0.257812 0.443056 0.256250 0.445833 0.256250 0.461111 0.257031 0.463889 0.259375 0.466667 0.271094 0.463889 0.271094 0.462500 0.271094 0.458333 0.270313 0.454167 0.270313 0.450000 0.269531 0.447222 0.267969 0.444444 0.267969 0.443056 0.259375 0.441667
2 0.367969 0.433333 0.364063 0.440278 0.363281 0.443056 0.362500 0.445833 0.361719 0.461111 0.363281 0.462500 0.365625 0.463889 0.388281 0.462500 0.397656 0.459722 0.399219 0.454167 0.399219 0.451389 0.398438 0.450000 0.398438 0.445833 0.396094 0.441667 0.393750 0.438889 0.391406 0.436111 0.389844 0.434722 0.386719 0.433333 0.367969 0.433333
2 0.225000 0.415278 0.211719 0.416667 0.209375 0.418056 0.207813 0.419444 0.203906 0.426389 0.201563 0.433333 0.200781 0.436111 0.200781 0.443056 0.199219 0.448611 0.199219 0.468056 0.200000 0.470833 0.214062 0.472222 0.220312 0.470833 0.224219 0.468056 0.228906 0.466667 0.232813 0.468056 0.232813 0.463889 0.233594 0.462500 0.234375 0.429167 0.234375 0.419444 0.232813 0.416667 0.231250 0.415278 0.225000 0.415278
2 0.107031 0.415278 0.102344 0.416667 0.100781 0.418056 0.097656 0.423611 0.095312 0.425000 0.094531 0.426389 0.093750 0.430556 0.089063 0.438889 0.085156 0.444444 0.082812 0.445833 0.081250 0.448611 0.080469 0.455556 0.080469 0.473611 0.081250 0.480556 0.083594 0.484722 0.086719 0.481944 0.093750 0.481944 0.105469 0.483333 0.114844 0.480556 0.122656 0.480556 0.126562 0.483333 0.131250 0.481944 0.134375 0.477778 0.139063 0.477778 0.141406 0.479167 0.146094 0.479167 0.147656 0.476389 0.148438 0.476389 0.150000 0.469444 0.150781 0.461111 0.150000 0.448611 0.149219 0.445833 0.146875 0.438889 0.145313 0.434722 0.142969 0.430556 0.142187 0.426389 0.139844 0.425000 0.136719 0.419444 0.134375 0.416667 0.125781 0.415278 0.107031 0.415278
21 0.967969 0.575000 0.967969 0.580556 0.965625 0.588889 0.967187 0.590278 0.968750 0.590278 0.970313 0.591667 0.975781 0.588889 0.979688 0.588889 0.975781 0.587500 0.970313 0.588889 0.967187 0.586111 0.968750 0.581944 0.968750 0.579167 0.967969 0.577778 0.967969 0.575000
21 0.610938 0.486111 0.612500 0.488889 0.614062 0.488889 0.610938 0.486111
21 0.552344 0.469444 0.547656 0.472222 0.546875 0.475000 0.547656 0.477778 0.552344 0.469444
21 0.526563 0.466667 0.525000 0.468056 0.527344 0.468056 0.528906 0.466667 0.526563 0.466667
21 0.080469 0.445833 0.080469 0.448611 0.079687 0.450000 0.078906 0.455556 0.078906 0.462500 0.078125 0.463889 0.078125 0.466667 0.078906 0.463889 0.079687 0.468056 0.079687 0.455556 0.080469 0.454167 0.080469 0.445833
21 0.153906 0.433333 0.154688 0.438889 0.152344 0.443056 0.151562 0.443056 0.150000 0.445833 0.148438 0.443056 0.148438 0.440278 0.146094 0.436111 0.147656 0.438889 0.148438 0.443056 0.150781 0.448611 0.153125 0.444444 0.153125 0.441667 0.154688 0.438889 0.155469 0.434722 0.153906 0.433333
21 0.074219 0.412500 0.075781 0.413889 0.076563 0.411111 0.074219 0.412500
21 0.023438 0.406944 0.024219 0.409722 0.025000 0.413889 0.026562 0.415278 0.028125 0.415278 0.029687 0.416667 0.037500 0.416667 0.038281 0.422222 0.038281 0.426389 0.036719 0.426389 0.036719 0.429167 0.037500 0.430556 0.037500 0.445833 0.035937 0.450000 0.035937 0.455556 0.037500 0.454167 0.039062 0.456944 0.039062 0.459722 0.040625 0.461111 0.042969 0.459722 0.047656 0.461111 0.048438 0.458333 0.049219 0.454167 0.050000 0.443056 0.050000 0.406944 0.046875 0.412500 0.046875 0.413889 0.044531 0.418056 0.040625 0.419444 0.037500 0.415278 0.030469 0.415278 0.027344 0.413889 0.025781 0.412500 0.023438 0.406944
21 0.935156 0.405556 0.936719 0.408333 0.936719 0.409722 0.935937 0.413889 0.936719 0.415278 0.937500 0.418056 0.938281 0.412500 0.936719 0.409722 0.936719 0.408333 0.936719 0.404167 0.936719 0.401389 0.936719 0.404167 0.937500 0.405556 0.937500 0.411111 0.939063 0.416667 0.939063 0.431944 0.937500 0.431944 0.935937 0.430556 0.934375 0.427778 0.933594 0.427778 0.932813 0.426389 0.929688 0.419444 0.928906 0.415278 0.928906 0.409722 0.929688 0.406944 0.930469 0.404167 0.931250 0.402778 0.932031 0.402778 0.933594 0.400000 0.935156 0.398611 0.935156 0.405556
21 0.478125 0.330556 0.476562 0.333333 0.478906 0.334722 0.485156 0.336111 0.487500 0.333333 0.483594 0.333333 0.482812 0.331944 0.478125 0.330556
21 0.463281 0.322222 0.464844 0.323611 0.466406 0.322222 0.463281 0.322222
21 0.332031 0.311111 0.328125 0.313889 0.325781 0.318056 0.323437 0.319444 0.322656 0.320833 0.322656 0.322222 0.321094 0.323611 0.317188 0.322222 0.317188 0.325000 0.314844 0.329167 0.313281 0.329167 0.312500 0.333333 0.310156 0.336111 0.313281 0.343056 0.310156 0.347222 0.310156 0.352778 0.311719 0.355556 0.311719 0.363889 0.314063 0.370833 0.314063 0.375000 0.314844 0.377778 0.316406 0.379167 0.319531 0.379167 0.324219 0.383333 0.329688 0.384722 0.331250 0.386111 0.332813 0.387500 0.334375 0.390278 0.335938 0.391667 0.337500 0.393056 0.335938 0.390278 0.334375 0.390278 0.332031 0.386111 0.334375 0.386111 0.337500 0.387500 0.341406 0.387500 0.342187 0.390278 0.345313 0.394444 0.354687 0.394444 0.358594 0.395833 0.361719 0.397222 0.365625 0.401389 0.368750 0.400000 0.372656 0.395833 0.378906 0.384722 0.380469 0.377778 0.380469 0.361111 0.378125 0.356944 0.368750 0.356944 0.364844 0.355556 0.361719 0.354167 0.359375 0.352778 0.357812 0.351389 0.356250 0.350000 0.353906 0.345833 0.353906 0.343056 0.351562 0.338889 0.350781 0.334722 0.350781 0.322222 0.350000 0.318056 0.348438 0.315278 0.343750 0.315278 0.337500 0.311111 0.332031 0.311111
21 0.489844 0.309722 0.488281 0.312500 0.487500 0.312500 0.486719 0.315278 0.489844 0.312500 0.495312 0.312500 0.496875 0.311111 0.493750 0.311111 0.492969 0.309722 0.489844 0.309722
21 0.208594 0.306944 0.207031 0.309722 0.208594 0.311111 0.210156 0.308333 0.208594 0.306944
21 0.232031 0.301389 0.227344 0.311111 0.228906 0.313889 0.228906 0.311111 0.231250 0.304167 0.232031 0.301389
21 0.208594 0.291667 0.207031 0.294444 0.207813 0.297222 0.210156 0.294444 0.208594 0.291667
21 0.248438 0.290278 0.246875 0.291667 0.246094 0.300000 0.246875 0.302778 0.252344 0.312500 0.255469 0.312500 0.257031 0.309722 0.257812 0.304167 0.257812 0.300000 0.257031 0.297222 0.253906 0.291667 0.252344 0.290278 0.248438 0.290278
21 0.200781 0.290278 0.199219 0.293056 0.201563 0.298611 0.202344 0.295833 0.202344 0.293056 0.200781 0.290278
21 0.451562 0.269444 0.450000 0.272222 0.450000 0.273611 0.447656 0.277778 0.450000 0.277778 0.453125 0.276389 0.450000 0.272222 0.451562 0.269444
21 0.200000 0.237500 0.200781 0.241667 0.201563 0.237500 0.200000 0.237500
21 0.192969 0.236111 0.191406 0.238889 0.192969 0.243056 0.192969 0.236111
21 0.203125 0.225000 0.204687 0.233333 0.207813 0.234722 0.208594 0.240278 0.209375 0.225000 0.205469 0.223611 0.203125 0.225000
21 0.183594 0.222222 0.176563 0.227778 0.178125 0.227778 0.180469 0.231944 0.182031 0.231944 0.183594 0.229167 0.185938 0.227778 0.185156 0.222222 0.183594 0.222222
21 0.177344 0.209722 0.177344 0.213889 0.180469 0.216667 0.182812 0.216667 0.179688 0.215278 0.178125 0.212500 0.177344 0.209722
21 0.146094 0.208333 0.144531 0.211111 0.146094 0.215278 0.147656 0.211111 0.146094 0.208333
21 0.005469 0.111111 0.009375 0.111111 0.012500 0.112500 0.014063 0.119444 0.014063 0.123611 0.014063 0.137500 0.020313 0.141667 0.024219 0.143056 0.029687 0.147222 0.031250 0.150000 0.032813 0.148611 0.034375 0.151389 0.035937 0.151389 0.037500 0.152778 0.039062 0.155556 0.040625 0.156944 0.044531 0.158333 0.048438 0.162500 0.060156 0.169444 0.066406 0.173611 0.071875 0.179167 0.075000 0.181944 0.077344 0.181944 0.088281 0.191667 0.090625 0.194444 0.092969 0.197222 0.093750 0.200000 0.093750 0.206944 0.095312 0.215278 0.096094 0.223611 0.097656 0.225000 0.100781 0.225000 0.100781 0.226389 0.095312 0.226389 0.099219 0.233333 0.101562 0.231944 0.100781 0.226389 0.100781 0.225000 0.103125 0.222222 0.109375 0.222222 0.110937 0.227778 0.107813 0.247222 0.106250 0.247222 0.103906 0.248611 0.103125 0.241667 0.104688 0.238889 0.103125 0.236111 0.100781 0.238889 0.103125 0.241667 0.103906 0.248611 0.100000 0.252778 0.100781 0.255556 0.106250 0.265278 0.109375 0.261111 0.110156 0.256944 0.110156 0.251389 0.107813 0.247222 0.110937 0.227778 0.112500 0.223611 0.114062 0.222222 0.115625 0.222222 0.117969 0.218056 0.117969 0.216667 0.121094 0.211111 0.124219 0.211111 0.123438 0.213889 0.122656 0.218056 0.124219 0.223611 0.124219 0.226389 0.121875 0.231944 0.118750 0.234722 0.117188 0.238889 0.118750 0.243056 0.120313 0.238889 0.118750 0.234722 0.121875 0.231944 0.123438 0.233333 0.125000 0.236111 0.126562 0.244444 0.128125 0.241667 0.128125 0.237500 0.129688 0.234722 0.131250 0.234722 0.132031 0.245833 0.140625 0.245833 0.138281 0.244444 0.136719 0.241667 0.136719 0.237500 0.137500 0.234722 0.139844 0.237500 0.139844 0.241667 0.141406 0.244444 0.142969 0.244444 0.143750 0.238889 0.144531 0.236111 0.147656 0.234722 0.147656 0.237500 0.148438 0.238889 0.148438 0.244444 0.150000 0.247222 0.154688 0.247222 0.153125 0.243056 0.152344 0.237500 0.153906 0.234722 0.157031 0.236111 0.157812 0.240278 0.157812 0.233333 0.159375 0.229167 0.160156 0.222222 0.154688 0.222222 0.156250 0.225000 0.155469 0.227778 0.150781 0.227778 0.150781 0.223611 0.148438 0.223611 0.149219 0.227778 0.146094 0.227778 0.144531 0.223611 0.137500 0.225000 0.140625 0.225000 0.144531 0.222222 0.146094 0.222222 0.147656 0.220833 0.150781 0.219444 0.153125 0.216667 0.157031 0.216667 0.158594 0.215278 0.160938 0.216667 0.162500 0.215278 0.160938 0.211111 0.161719 0.208333 0.162500 0.212500 0.167969 0.212500 0.169531 0.206944 0.169531 0.213889 0.167969 0.212500 0.165625 0.213889 0.164062 0.216667 0.163281 0.220833 0.170313 0.222222 0.171875 0.225000 0.171094 0.227778 0.167969 0.229167 0.167187 0.230556 0.165625 0.231944 0.169531 0.233333 0.170313 0.231944 0.174219 0.231944 0.178125 0.233333 0.180469 0.236111 0.182031 0.237500 0.183594 0.234722 0.185938 0.236111 0.185938 0.237500 0.191406 0.252778 0.192969 0.250000 0.194531 0.250000 0.196094 0.251389 0.198437 0.250000 0.201563 0.250000 0.203125 0.252778 0.201563 0.256944 0.199219 0.258333 0.192969 0.259722 0.195312 0.261111 0.195312 0.266667 0.196875 0.272222 0.198437 0.269444 0.198437 0.262500 0.200781 0.261111 0.202344 0.262500 0.202344 0.269444 0.200781 0.272222 0.199219 0.273611 0.200781 0.275000 0.202344 0.279167 0.202344 0.281944 0.200781 0.284722 0.199219 0.283333 0.196875 0.279167 0.195312 0.283333 0.192969 0.286111 0.191406 0.283333 0.191406 0.280556 0.190625 0.277778 0.189062 0.275000 0.188281 0.281944 0.187500 0.283333 0.187500 0.287500 0.188281 0.288889 0.189062 0.295833 0.189844 0.291667 0.191406 0.288889 0.194531 0.290278 0.195312 0.293056 0.195312 0.298611 0.196875 0.301389 0.198437 0.302778 0.201563 0.302778 0.203125 0.304167 0.203906 0.306944 0.203125 0.315278 0.204687 0.323611 0.206250 0.318056 0.207813 0.316667 0.209375 0.316667 0.210938 0.318056 0.211719 0.320833 0.212500 0.326389 0.214062 0.323611 0.214062 0.320833 0.214844 0.318056 0.216406 0.318056 0.217969 0.315278 0.217969 0.309722 0.218750 0.306944 0.220312 0.302778 0.221094 0.305556 0.224219 0.308333 0.222656 0.313889 0.224219 0.316667 0.225781 0.320833 0.226562 0.326389 0.226562 0.330556 0.225000 0.331944 0.225781 0.337500 0.225000 0.340278 0.224219 0.341667 0.222656 0.343056 0.225781 0.345833 0.226562 0.348611 0.226562 0.352778 0.225781 0.354167 0.223438 0.356944 0.225000 0.359722 0.225781 0.359722 0.225781 0.366667 0.224219 0.368056 0.220312 0.368056 0.220312 0.373611 0.225000 0.372222 0.226562 0.375000 0.226562 0.383333 0.228125 0.386111 0.229687 0.387500 0.232031 0.388889 0.234375 0.388889 0.236719 0.390278 0.237500 0.394444 0.236719 0.395833 0.236719 0.398611 0.239844 0.402778 0.240625 0.408333 0.239844 0.411111 0.238281 0.409722 0.236719 0.409722 0.235156 0.406944 0.234375 0.404167 0.234375 0.401389 0.232031 0.397222 0.228125 0.398611 0.226562 0.400000 0.224219 0.404167 0.222656 0.400000 0.221094 0.398611 0.218750 0.398611 0.217188 0.401389 0.217188 0.408333 0.215625 0.409722 0.214844 0.405556 0.214062 0.402778 0.210938 0.404167 0.210156 0.409722 0.215625 0.409722 0.217188 0.408333 0.218750 0.409722 0.214062 0.413889 0.210938 0.413889 0.207031 0.418056 0.205469 0.418056 0.207031 0.415278 0.206250 0.412500 0.203125 0.418056 0.200781 0.426389 0.200781 0.434722 0.199219 0.431944 0.199219 0.430556 0.196875 0.426389 0.196094 0.436111 0.184375 0.415278 0.184375 0.409722 0.185156 0.406944 0.187500 0.402778 0.185938 0.400000 0.181250 0.402778 0.182812 0.406944 0.172656 0.425000 0.170313 0.422222 0.167969 0.420833 0.165625 0.419444 0.163281 0.420833 0.160938 0.419444 0.159375 0.416667 0.157031 0.416667 0.154688 0.420833 0.153125 0.422222 0.150781 0.422222 0.150000 0.425000 0.150000 0.422222 0.146094 0.423611 0.142969 0.425000 0.141406 0.425000 0.139844 0.423611 0.135156 0.416667 0.136719 0.413889 0.123438 0.413889 0.121875 0.413889 0.103125 0.413889 0.101562 0.412500 0.100000 0.404167 0.100000 0.398611 0.098437 0.395833 0.097656 0.398611 0.100000 0.398611 0.100000 0.404167 0.099219 0.415278 0.101562 0.416667 0.097656 0.422222 0.095312 0.423611 0.093750 0.426389 0.092969 0.430556 0.089063 0.437500 0.088281 0.437500 0.085156 0.443056 0.086719 0.440278 0.085938 0.437500 0.085156 0.433333 0.084375 0.420833 0.083594 0.422222 0.081250 0.419444 0.083594 0.416667 0.084375 0.418056 0.085156 0.401389 0.084375 0.393056 0.083594 0.386111 0.082812 0.383333 0.078906 0.377778 0.080469 0.376389 0.078125 0.375000 0.081250 0.372222 0.079687 0.369444 0.072656 0.370833 0.070312 0.368056 0.069531 0.365278 0.069531 0.348611 0.068750 0.345833 0.067187 0.343056 0.065625 0.341667 0.063281 0.340278 0.063281 0.340278 0.063281 0.334722 0.061719 0.330556 0.059375 0.326389 0.057031 0.323611 0.054688 0.322222 0.050000 0.319444 0.047656 0.319444 0.042969 0.320833 0.040625 0.323611 0.037500 0.327778 0.036719 0.329167 0.034375 0.334722 0.032813 0.340278 0.023438 0.356944 0.021875 0.361111 0.021094 0.366667 0.021875 0.379167 0.021094 0.387500 0.008594 0.386111 0.007812 0.390278 0.002344 0.400000 0.000000 0.401389 0.000000 0.112500 0.005469 0.111111 0.000000 0.109722 0.003906 0.108333 0.005469 0.111111
21 0.000000 0.050000 0.000000 0.081944 0.002344 0.081944 0.007812 0.079167 0.010937 0.076389 0.011719 0.073611 0.011719 0.065278 0.011719 0.072222 0.009375 0.076389 0.008594 0.070833 0.009375 0.069444 0.009375 0.066667 0.007812 0.062500 0.007812 0.058333 0.007031 0.055556 0.004687 0.051389 0.002344 0.051389 0.001563 0.050000 0.000000 0.050000
21 0.999219 0.000000 0.999219 0.515278 0.997656 0.515278 0.999219 0.519444 0.999219 0.526389 0.997656 0.526389 0.996094 0.529167 0.996094 0.533333 0.999219 0.534722 0.999219 0.538889 0.996875 0.538889 0.994531 0.536111 0.992188 0.537500 0.992188 0.538889 0.989062 0.538889 0.987500 0.534722 0.985156 0.534722 0.984375 0.541667 0.986719 0.544444 0.982812 0.550000 0.980469 0.551389 0.978906 0.548611 0.978125 0.540278 0.979688 0.537500 0.978125 0.534722 0.976562 0.537500 0.978125 0.540278 0.978906 0.548611 0.976562 0.548611 0.975000 0.551389 0.972656 0.552778 0.972656 0.547222 0.971094 0.544444 0.969531 0.543056 0.971875 0.540278 0.971094 0.534722 0.968750 0.537500 0.969531 0.540278 0.969531 0.543056 0.971094 0.544444 0.969531 0.548611 0.970313 0.554167 0.972656 0.552778 0.975000 0.551389 0.980469 0.551389 0.982812 0.550000 0.984375 0.554167 0.985938 0.555556 0.989844 0.554167 0.990625 0.551389 0.990625 0.550000 0.991406 0.547222 0.992188 0.545833 0.992969 0.545833 0.993750 0.543056 0.995313 0.544444 0.999219 0.543056 0.999219 0.576389 0.995313 0.577778 0.993750 0.577778 0.989062 0.576389 0.986719 0.575000 0.986719 0.572222 0.987500 0.570833 0.987500 0.566667 0.988281 0.565278 0.988281 0.562500 0.984375 0.562500 0.984375 0.563889 0.983594 0.565278 0.982812 0.565278 0.977344 0.565278 0.974219 0.568056 0.971094 0.565278 0.969531 0.565278 0.964844 0.566667 0.964063 0.565278 0.959375 0.566667 0.959375 0.552778 0.959375 0.550000 0.960156 0.538889 0.960156 0.533333 0.958594 0.529167 0.960156 0.520833 0.970313 0.504167 0.971094 0.502778 0.975781 0.493056 0.975000 0.488889 0.975781 0.487500 0.976562 0.481944 0.975000 0.476389 0.972656 0.472222 0.970313 0.470833 0.961719 0.455556 0.959375 0.458333 0.955469 0.451389 0.956250 0.415278 0.955469 0.388889 0.957812 0.377778 0.957031 0.366667 0.957031 0.361111 0.957812 0.355556 0.958594 0.351389 0.961719 0.345833 0.961719 0.338889 0.960156 0.319444 0.960156 0.313889 0.963281 0.306944 0.970313 0.294444 0.970313 0.290278 0.967187 0.284722 0.967187 0.281944 0.967969 0.272222 0.964844 0.262500 0.964844 0.259722 0.965625 0.258333 0.965625 0.254167 0.967969 0.245833 0.967187 0.238889 0.967969 0.234722 0.965625 0.227778 0.967187 0.220833 0.966406 0.213889 0.964063 0.213889 0.961719 0.209722 0.959375 0.213889 0.957812 0.213889 0.955469 0.209722 0.954688 0.183333 0.954688 0.163889 0.954688 0.144444 0.956250 0.131944 0.956250 0.122222 0.957812 0.120833 0.958594 0.108333 0.958594 0.102778 0.957812 0.088889 0.958594 0.087500 0.957812 0.075000 0.957812 0.070833 0.958594 0.069444 0.957812 0.065278 0.959375 0.058333 0.957812 0.044444 0.957812 0.043056 0.960156 0.048611 0.960938 0.052778 0.961719 0.047222 0.960938 0.044444 0.959375 0.040278 0.957812 0.043056 0.957812 0.044444 0.956250 0.043056 0.957812 0.040278 0.957812 0.037500 0.956250 0.034722 0.954688 0.034722 0.953125 0.037500 0.950000 0.038889 0.948438 0.041667 0.948438 0.044444 0.948438 0.041667 0.946094 0.040278 0.945312 0.055556 0.942969 0.061111 0.942969 0.068056 0.944531 0.073611 0.944531 0.080556 0.943750 0.098611 0.942187 0.109722 0.941406 0.125000 0.941406 0.150000 0.939844 0.155556 0.939063 0.168056 0.938281 0.183333 0.939063 0.219444 0.940625 0.225000 0.939063 0.288889 0.939844 0.326389 0.939063 0.336111 0.921875 0.366667 0.925000 0.372222 0.922656 0.376389 0.925000 0.381944 0.925781 0.387500 0.925781 0.400000 0.918750 0.412500 0.899219 0.394444 0.900000 0.391667 0.899219 0.388889 0.896094 0.383333 0.892188 0.390278 0.891406 0.395833 0.893750 0.397222 0.899219 0.394444 0.918750 0.412500 0.917969 0.416667 0.914062 0.423611 0.918750 0.431944 0.917969 0.437500 0.918750 0.440278 0.918750 0.443056 0.920312 0.445833 0.920312 0.455556 0.909375 0.475000 0.907813 0.475000 0.908594 0.481944 0.908594 0.486111 0.907031 0.490278 0.907031 0.494444 0.902344 0.502778 0.900781 0.509722 0.900000 0.512500 0.901563 0.515278 0.903125 0.515278 0.914062 0.534722 0.914844 0.537500 0.914844 0.544444 0.910156 0.551389 0.908594 0.548611 0.906250 0.551389 0.910156 0.551389 0.914844 0.544444 0.904687 0.562500 0.904687 0.565278 0.901563 0.572222 0.899219 0.572222 0.898438 0.573611 0.894531 0.575000 0.884375 0.575000 0.883594 0.573611 0.882812 0.569444 0.878906 0.572222 0.889844 0.572222 0.888281 0.570833 0.887500 0.569444 0.882812 0.569444 0.883594 0.573611 0.873437 0.575000 0.868750 0.575000 0.866406 0.573611 0.864844 0.570833 0.863281 0.570833 0.860938 0.566667 0.860938 0.563889 0.865625 0.555556 0.864062 0.545833 0.863281 0.545833 0.860156 0.545833 0.849219 0.526389 0.839063 0.526389 0.837500 0.527778 0.835938 0.527778 0.833594 0.530556 0.831250 0.530556 0.829688 0.533333 0.826562 0.533333 0.825000 0.530556 0.822656 0.530556 0.821875 0.531944 0.818750 0.531944 0.816406 0.536111 0.814063 0.534722 0.807813 0.523611 0.807031 0.513889 0.803906 0.506944 0.802344 0.504167 0.797656 0.504167 0.792188 0.495833 0.782813 0.479167 0.779687 0.483333 0.778125 0.483333 0.776563 0.484722 0.772656 0.491667 0.770312 0.491667 0.768750 0.490278 0.759375 0.473611 0.760156 0.470833 0.760156 0.468056 0.764062 0.461111 0.763281 0.458333 0.770312 0.436111 0.772656 0.431944 0.775000 0.430556 0.777344 0.427778 0.782031 0.427778 0.780469 0.426389 0.779687 0.425000 0.776563 0.425000 0.771875 0.416667 0.770312 0.418056 0.767188 0.425000 0.769531 0.430556 0.770312 0.436111 0.763281 0.458333 0.759375 0.465278 0.756250 0.463889 0.754687 0.463889 0.750781 0.472222 0.750000 0.476389 0.750000 0.477778 0.746875 0.483333 0.746094 0.486111 0.746094 0.488889 0.742969 0.494444 0.744531 0.497222 0.734375 0.515278 0.732031 0.516667 0.728125 0.516667 0.726562 0.515278 0.727344 0.512500 0.728906 0.511111 0.728906 0.506944 0.727344 0.504167 0.727344 0.501389 0.722656 0.498611 0.723437 0.498611 0.725781 0.500000 0.728125 0.498611 0.728906 0.495833 0.725000 0.491667 0.723437 0.491667 0.722656 0.493056 0.721094 0.494444 0.723437 0.498611 0.722656 0.498611 0.719531 0.498611 0.718750 0.508333 0.717969 0.511111 0.714063 0.511111 0.713281 0.509722 0.708594 0.509722 0.707031 0.511111 0.705469 0.513889 0.703906 0.513889 0.702344 0.515278 0.700781 0.511111 0.699219 0.511111 0.696875 0.508333 0.692969 0.501389 0.691406 0.500000 0.690625 0.498611 0.688281 0.498611 0.686719 0.501389 0.685937 0.504167 0.685937 0.509722 0.682813 0.511111 0.675000 0.511111 0.673438 0.511111 0.672656 0.509722 0.670312 0.509722 0.667188 0.511111 0.668750 0.511111 0.671094 0.506944 0.671094 0.501389 0.669531 0.495833 0.667969 0.498611 0.668750 0.511111 0.667188 0.511111 0.663281 0.512500 0.661719 0.515278 0.657813 0.513889 0.657031 0.511111 0.654687 0.509722 0.650781 0.511111 0.641406 0.509722 0.639062 0.506944 0.637500 0.506944 0.634375 0.509722 0.629687 0.509722 0.626563 0.508333 0.621094 0.504167 0.617969 0.502778 0.623437 0.501389 0.625000 0.498611 0.626563 0.497222 0.633594 0.497222 0.636719 0.500000 0.639062 0.500000 0.641406 0.497222 0.644531 0.495833 0.647656 0.495833 0.649219 0.497222 0.650000 0.498611 0.653125 0.500000 0.657031 0.495833 0.654687 0.491667 0.653906 0.487500 0.651563 0.491667 0.649219 0.493056 0.647656 0.495833 0.644531 0.495833 0.642188 0.494444 0.640625 0.491667 0.639844 0.487500 0.638281 0.484722 0.635938 0.486111 0.632031 0.493056 0.630469 0.494444 0.625781 0.491667 0.625000 0.488889 0.625000 0.486111 0.625781 0.484722 0.627344 0.481944 0.622656 0.479167 0.614062 0.479167 0.610156 0.479167 0.608594 0.483333 0.607031 0.484722 0.604688 0.483333 0.603125 0.480556 0.602344 0.484722 0.602344 0.486111 0.603125 0.487500 0.607031 0.494444 0.608594 0.497222 0.610156 0.497222 0.611719 0.500000 0.614062 0.501389 0.612500 0.502778 0.615625 0.504167 0.614062 0.504167 0.608594 0.500000 0.604688 0.497222 0.601562 0.491667 0.600000 0.490278 0.595313 0.490278 0.595313 0.486111 0.597656 0.481944 0.595313 0.480556 0.592969 0.473611 0.592187 0.470833 0.592187 0.470833 0.593750 0.470833 0.595313 0.468056 0.592969 0.461111 0.591406 0.458333 0.589063 0.458333 0.586719 0.462500 0.589063 0.468056 0.590625 0.468056 0.592187 0.470833 0.592187 0.470833 0.590625 0.469444 0.589844 0.469444 0.586719 0.465278 0.585156 0.465278 0.586719 0.472222 0.589844 0.475000 0.585938 0.477778 0.583594 0.473611 0.578906 0.473611 0.578125 0.470833 0.579688 0.469444 0.582031 0.468056 0.579688 0.466667 0.577344 0.461111 0.574219 0.459722 0.571094 0.463889 0.567969 0.468056 0.569531 0.469444 0.570312 0.470833 0.571875 0.470833 0.573438 0.472222 0.568750 0.473611 0.567187 0.472222 0.565625 0.469444 0.567187 0.468056 0.564844 0.466667 0.562500 0.462500 0.562500 0.461111 0.560156 0.456944 0.555469 0.458333 0.552344 0.465278 0.542188 0.465278 0.536719 0.465278 0.534375 0.462500 0.532813 0.462500 0.532031 0.458333 0.530469 0.455556 0.528906 0.454167 0.525000 0.455556 0.522656 0.458333 0.516406 0.458333 0.512500 0.456944 0.509375 0.454167 0.503906 0.455556 0.487500 0.454167 0.485156 0.452778 0.482812 0.450000 0.480469 0.448611 0.476562 0.447222 0.470313 0.447222 0.475781 0.437500 0.478125 0.436111 0.481250 0.434722 0.484375 0.433333 0.490625 0.431944 0.496094 0.431944 0.500781 0.430556 0.504687 0.427778 0.507812 0.426389 0.509375 0.427778 0.510156 0.425000 0.511719 0.423611 0.515625 0.425000 0.516406 0.431944 0.514844 0.437500 0.515625 0.441667 0.516406 0.441667 0.525781 0.440278 0.524219 0.438889 0.522656 0.436111 0.521875 0.433333 0.522656 0.429167 0.525000 0.429167 0.522656 0.425000 0.521094 0.423611 0.524219 0.423611 0.526563 0.419444 0.529687 0.419444 0.531250 0.420833 0.535156 0.427778 0.537500 0.425000 0.539062 0.419444 0.541406 0.415278 0.536719 0.404167 0.531250 0.394444 0.530469 0.391667 0.529687 0.388889 0.529687 0.383333 0.527344 0.376389 0.528906 0.366667 0.525781 0.365278 0.523438 0.369444 0.521094 0.369444 0.521094 0.366667 0.519531 0.363889 0.521875 0.359722 0.522656 0.356944 0.521875 0.354167 0.521875 0.351389 0.520312 0.348611 0.517188 0.344444 0.514062 0.350000 0.513281 0.355556 0.510938 0.354167 0.503906 0.341667 0.502344 0.337500 0.502344 0.330556 0.504687 0.330556 0.509375 0.331944 0.510156 0.330556 0.511719 0.329167 0.514844 0.329167 0.517188 0.331944 0.519531 0.329167 0.517969 0.325000 0.517188 0.320833 0.516406 0.325000 0.514844 0.329167 0.511719 0.329167 0.510938 0.322222 0.510156 0.319444 0.510156 0.318056 0.511719 0.320833 0.514844 0.315278 0.514062 0.312500 0.509375 0.309722 0.507812 0.312500 0.510156 0.313889 0.510156 0.318056 0.510156 0.319444 0.507031 0.313889 0.505469 0.318056 0.504687 0.315278 0.502344 0.312500 0.501563 0.313889 0.500000 0.312500 0.499219 0.306944 0.500000 0.302778 0.502344 0.304167 0.503906 0.302778 0.501563 0.294444 0.500781 0.298611 0.500000 0.300000 0.500000 0.302778 0.499219 0.306944 0.496094 0.305556 0.494531 0.298611 0.492188 0.294444 0.482031 0.295833 0.472656 0.286111 0.469531 0.284722 0.466406 0.286111 0.464844 0.283333 0.462500 0.281944 0.460156 0.281944 0.458594 0.284722 0.458594 0.287500 0.458594 0.280556 0.460156 0.277778 0.460156 0.273611 0.459375 0.268056 0.458594 0.266667 0.458594 0.263889 0.459375 0.261111 0.460938 0.258333 0.463281 0.258333 0.464844 0.255556 0.457813 0.254167 0.456250 0.256944 0.455469 0.259722 0.455469 0.263889 0.453906 0.266667 0.453906 0.269444 0.453906 0.273611 0.453906 0.269444 0.453125 0.265278 0.455469 0.261111 0.455469 0.256944 0.456250 0.254167 0.461719 0.252778 0.464844 0.251389 0.465625 0.248611 0.468750 0.244444 0.469531 0.240278 0.470313 0.241667 0.469531 0.247222 0.467969 0.251389 0.471094 0.250000 0.474219 0.247222 0.472656 0.244444 0.470313 0.241667 0.469531 0.240278 0.471094 0.237500 0.472656 0.237500 0.475781 0.233333 0.476562 0.227778 0.477344 0.226389 0.477344 0.223611 0.476562 0.218056 0.478906 0.223611 0.478125 0.233333 0.476562 0.234722 0.474219 0.236111 0.472656 0.238889 0.476562 0.237500 0.478906 0.236111 0.479687 0.238889 0.480469 0.243056 0.483594 0.237500 0.483594 0.234722 0.482812 0.231944 0.483594 0.230556 0.483594 0.226389 0.484375 0.225000 0.484375 0.222222 0.483594 0.215278 0.482031 0.215278 0.481250 0.211111 0.478906 0.209722 0.482031 0.202778 0.481250 0.200000 0.482031 0.200000 0.484375 0.201389 0.485938 0.198611 0.483594 0.198611 0.482031 0.200000 0.481250 0.200000 0.478906 0.204167 0.479687 0.201389 0.480469 0.200000 0.482031 0.198611 0.482812 0.198611 0.484375 0.197222 0.487500 0.193056 0.486719 0.194444 0.489844 0.194444 0.491406 0.191667 0.489844 0.188889 0.486719 0.194444 0.487500 0.193056 0.488281 0.188889 0.490625 0.187500 0.491406 0.184722 0.493750 0.184722 0.494531 0.180556 0.497656 0.177778 0.500781 0.172222 0.499219 0.175000 0.500000 0.177778 0.506250 0.166667 0.505469 0.163889 0.503125 0.168056 0.503906 0.165278 0.504687 0.161111 0.507812 0.155556 0.508594 0.151389 0.510156 0.151389 0.510938 0.147222 0.509375 0.137500 0.508594 0.147222 0.509375 0.148611 0.510156 0.151389 0.508594 0.151389 0.507812 0.126389 0.507812 0.112500 0.509375 0.105556 0.507812 0.098611 0.507812 0.093056 0.507031 0.095833 0.507031 0.093056 0.507812 0.091667 0.508594 0.087500 0.508594 0.063889 0.510156 0.063889 0.510938 0.059722 0.510938 0.041667 0.512500 0.037500 0.514844 0.033333 0.514844 0.029167 0.517969 0.023611 0.518750 0.025000 0.521094 0.020833 0.518750 0.020833 0.520312 0.018056 0.521875 0.016667 0.525000 0.016667 0.526563 0.013889 0.528125 0.008333 0.529687 0.006944 0.530469 0.000000 0.999219 0.000000
6 0.004687 0.463889 0.000000 0.465278 0.000000 0.536111 0.001563 0.536111 0.003906 0.533333 0.006250 0.530556 0.009375 0.525000 0.013281 0.525000 0.014063 0.526389 0.019531 0.527778 0.021875 0.527778 0.025000 0.526389 0.028906 0.519444 0.029687 0.515278 0.032031 0.511111 0.032813 0.511111 0.034375 0.508333 0.034375 0.501389 0.032813 0.497222 0.032813 0.487500 0.032031 0.480556 0.030469 0.472222 0.028125 0.469444 0.024219 0.470833 0.021875 0.473611 0.020313 0.473611 0.017188 0.470833 0.012500 0.470833 0.010156 0.465278 0.006250 0.463889 0.004687 0.463889
19 0.932031 0.608333 0.930469 0.608333 0.926562 0.612500 0.924219 0.613889 0.921094 0.613889 0.919531 0.615278 0.923438 0.616667 0.925781 0.615278 0.927344 0.613889 0.928906 0.612500 0.931250 0.608333 0.933594 0.606944 0.932031 0.608333
19 0.985938 0.575000 0.982812 0.577778 0.978125 0.577778 0.975000 0.581944 0.971875 0.583333 0.969531 0.586111 0.967969 0.586111 0.969531 0.586111 0.970313 0.587500 0.975781 0.586111 0.978906 0.586111 0.988281 0.587500 0.991406 0.586111 0.992969 0.583333 0.999219 0.583333 0.999219 0.577778 0.995313 0.579167 0.993750 0.579167 0.989062 0.577778 0.987500 0.575000 0.985938 0.575000
19 0.094531 0.570833 0.096875 0.570833 0.098437 0.572222 0.101562 0.576389 0.103125 0.576389 0.104688 0.579167 0.104688 0.581944 0.107031 0.587500 0.107813 0.590278 0.109375 0.597222 0.110156 0.601389 0.109375 0.602778 0.110156 0.606944 0.111719 0.608333 0.122656 0.606944 0.126562 0.609722 0.125000 0.606944 0.122656 0.605556 0.121094 0.604167 0.120313 0.601389 0.121875 0.598611 0.119531 0.594444 0.114844 0.590278 0.112500 0.586111 0.112500 0.583333 0.110156 0.579167 0.108594 0.577778 0.107031 0.576389 0.101562 0.575000 0.097656 0.570833 0.094531 0.570833
19 0.732812 0.566667 0.731250 0.568056 0.729688 0.575000 0.728125 0.575000 0.726562 0.573611 0.731250 0.576389 0.732812 0.573611 0.734375 0.572222 0.732812 0.566667
19 0.737500 0.565278 0.735938 0.568056 0.735938 0.572222 0.737500 0.568056 0.739062 0.570833 0.742188 0.569444 0.742188 0.570833 0.743750 0.573611 0.742969 0.570833 0.742188 0.566667 0.739062 0.565278 0.737500 0.565278
19 0.696094 0.548611 0.694531 0.551389 0.699219 0.551389 0.697656 0.548611 0.696094 0.548611
19 0.757812 0.540278 0.751563 0.541667 0.750781 0.543056 0.746875 0.543056 0.746875 0.547222 0.745313 0.551389 0.745313 0.555556 0.748437 0.556944 0.751563 0.559722 0.757031 0.566667 0.758594 0.568056 0.767188 0.568056 0.767969 0.566667 0.770312 0.566667 0.771094 0.563889 0.774219 0.551389 0.777344 0.545833 0.780469 0.544444 0.771875 0.544444 0.767969 0.540278 0.757812 0.540278
19 0.712500 0.525000 0.704688 0.526389 0.705469 0.529167 0.709375 0.530556 0.710938 0.529167 0.711719 0.527778 0.712500 0.525000
19 0.730469 0.518056 0.731250 0.520833 0.734375 0.522222 0.735156 0.525000 0.735156 0.540278 0.736719 0.545833 0.737500 0.548611 0.739844 0.550000 0.740625 0.547222 0.740625 0.543056 0.739062 0.536111 0.739062 0.531944 0.739844 0.530556 0.740625 0.527778 0.742969 0.527778 0.742969 0.526389 0.745313 0.522222 0.743750 0.523611 0.740625 0.523611 0.739062 0.526389 0.737500 0.527778 0.735156 0.523611 0.733594 0.519444 0.730469 0.518056
19 0.772656 0.513889 0.770312 0.515278 0.766406 0.518056 0.760938 0.518056 0.760156 0.519444 0.757031 0.519444 0.760938 0.519444 0.761719 0.520833 0.772656 0.520833 0.771875 0.518056 0.772656 0.513889 0.774219 0.516667 0.775781 0.520833 0.777344 0.522222 0.781250 0.522222 0.780469 0.519444 0.777344 0.519444 0.775781 0.518056 0.774219 0.513889 0.772656 0.513889
19 0.046875 0.480556 0.046094 0.481944 0.043750 0.481944 0.041406 0.484722 0.035937 0.484722 0.035156 0.486111 0.033594 0.486111 0.033594 0.490278 0.034375 0.486111 0.036719 0.487500 0.036719 0.498611 0.035937 0.502778 0.035156 0.508333 0.032813 0.512500 0.032031 0.512500 0.030469 0.515278 0.029687 0.519444 0.023438 0.529167 0.022656 0.530556 0.022656 0.531944 0.020313 0.533333 0.018750 0.530556 0.017188 0.529167 0.013281 0.526389 0.008594 0.527778 0.007812 0.533333 0.003906 0.540278 0.002344 0.541667 0.000000 0.541667 0.000000 0.625000 0.002344 0.625000 0.006250 0.620833 0.010937 0.620833 0.011719 0.618056 0.014844 0.618056 0.023438 0.612500 0.027344 0.611111 0.032031 0.611111 0.035156 0.608333 0.042188 0.606944 0.047656 0.602778 0.049219 0.606944 0.050781 0.606944 0.052344 0.604167 0.052344 0.601389 0.053906 0.598611 0.053906 0.595833 0.052344 0.580556 0.052344 0.577778 0.053125 0.570833 0.052344 0.544444 0.050781 0.520833 0.051562 0.509722 0.050781 0.483333 0.048438 0.480556 0.046875 0.480556
19 0.033594 0.479167 0.033594 0.481944 0.035156 0.480556 0.033594 0.479167
19 0.079687 0.475000 0.078125 0.495833 0.079687 0.502778 0.078906 0.516667 0.079687 0.525000 0.080469 0.487500 0.079687 0.475000
19 0.237500 0.463889 0.237500 0.468056 0.238281 0.472222 0.239063 0.475000 0.241406 0.473611 0.241406 0.468056 0.239844 0.468056 0.237500 0.463889
19 0.333594 0.461111 0.335156 0.463889 0.335156 0.461111 0.333594 0.461111
19 0.042969 0.461111 0.041406 0.462500 0.042188 0.465278 0.044531 0.466667 0.044531 0.469444 0.040625 0.475000 0.046875 0.475000 0.046875 0.470833 0.047656 0.469444 0.047656 0.462500 0.042969 0.461111
19 0.436719 0.458333 0.436719 0.461111 0.435156 0.461111 0.438281 0.461111 0.439063 0.462500 0.440625 0.462500 0.439063 0.459722 0.436719 0.458333
19 0.310156 0.459722 0.311719 0.461111 0.311719 0.458333 0.310156 0.459722
19 0.479687 0.456944 0.473438 0.458333 0.475000 0.459722 0.481250 0.459722 0.484375 0.456944 0.486719 0.456944 0.484375 0.456944 0.482812 0.458333 0.479687 0.456944
19 0.424219 0.456944 0.428906 0.456944 0.429688 0.458333 0.433594 0.456944 0.424219 0.456944
19 0.450000 0.455556 0.450000 0.458333 0.453125 0.458333 0.456250 0.461111 0.465625 0.461111 0.472656 0.463889 0.478906 0.466667 0.485156 0.470833 0.488281 0.470833 0.490625 0.472222 0.492188 0.473611 0.495312 0.480556 0.498437 0.481944 0.496875 0.481944 0.494531 0.479167 0.491406 0.479167 0.489844 0.479167 0.488281 0.476389 0.485938 0.476389 0.482812 0.473611 0.479687 0.476389 0.477344 0.475000 0.474219 0.472222 0.471094 0.473611 0.464844 0.472222 0.463281 0.475000 0.464844 0.476389 0.465625 0.477778 0.468750 0.477778 0.469531 0.476389 0.471875 0.476389 0.472656 0.477778 0.475781 0.477778 0.477344 0.475000 0.479687 0.476389 0.477344 0.481944 0.482812 0.483333 0.485938 0.486111 0.487500 0.486111 0.489063 0.484722 0.489844 0.479167 0.491406 0.479167 0.489844 0.481944 0.492969 0.488889 0.494531 0.490278 0.501563 0.494444 0.504687 0.495833 0.507812 0.495833 0.508594 0.494444 0.512500 0.495833 0.513281 0.491667 0.511719 0.490278 0.509375 0.490278 0.508594 0.487500 0.511719 0.490278 0.521875 0.493056 0.521094 0.494444 0.517969 0.495833 0.520312 0.498611 0.521875 0.500000 0.523438 0.497222 0.521875 0.495833 0.521094 0.494444 0.521875 0.493056 0.531250 0.497222 0.532031 0.498611 0.534375 0.498611 0.532031 0.498611 0.531250 0.497222 0.528125 0.497222 0.525000 0.500000 0.519531 0.500000 0.517969 0.502778 0.521094 0.505556 0.525000 0.505556 0.528906 0.509722 0.532031 0.506944 0.534375 0.506944 0.536719 0.508333 0.538281 0.511111 0.541406 0.512500 0.545312 0.512500 0.550000 0.513889 0.551562 0.513889 0.553125 0.516667 0.555469 0.518056 0.560156 0.520833 0.564063 0.520833 0.567969 0.522222 0.571875 0.526389 0.575781 0.527778 0.579688 0.526389 0.581250 0.523611 0.579688 0.522222 0.578906 0.520833 0.577344 0.520833 0.575781 0.518056 0.572656 0.518056 0.571875 0.515278 0.573438 0.515278 0.574219 0.516667 0.577344 0.518056 0.584375 0.519444 0.587500 0.522222 0.594531 0.525000 0.595313 0.525000 0.595313 0.529167 0.597656 0.526389 0.595313 0.525000 0.594531 0.525000 0.601562 0.526389 0.602344 0.527778 0.604688 0.527778 0.601562 0.529167 0.603906 0.530556 0.603125 0.531944 0.598437 0.530556 0.594531 0.529167 0.588281 0.530556 0.589844 0.533333 0.591406 0.534722 0.596875 0.534722 0.599219 0.536111 0.601562 0.538889 0.603906 0.540278 0.610156 0.538889 0.608594 0.536111 0.603125 0.531944 0.603906 0.530556 0.607031 0.534722 0.612500 0.538889 0.614844 0.540278 0.618750 0.540278 0.619531 0.538889 0.621094 0.537500 0.614844 0.536111 0.611719 0.534722 0.610156 0.533333 0.609375 0.530556 0.611719 0.530556 0.612500 0.531944 0.618750 0.534722 0.622656 0.534722 0.624219 0.536111 0.625000 0.540278 0.624219 0.541667 0.622656 0.544444 0.627344 0.545833 0.629687 0.548611 0.632031 0.545833 0.626563 0.541667 0.624219 0.541667 0.625000 0.540278 0.628125 0.540278 0.628906 0.541667 0.631250 0.540278 0.629687 0.537500 0.633594 0.538889 0.637500 0.541667 0.643750 0.543056 0.645312 0.543056 0.646094 0.538889 0.649219 0.538889 0.650000 0.540278 0.653906 0.540278 0.655469 0.541667 0.656250 0.543056 0.657031 0.545833 0.657813 0.552778 0.658594 0.550000 0.660156 0.547222 0.663281 0.544444 0.670312 0.544444 0.671875 0.545833 0.671094 0.552778 0.673438 0.556944 0.676562 0.554167 0.682031 0.552778 0.685156 0.545833 0.685156 0.544444 0.686719 0.541667 0.686719 0.544444 0.682031 0.551389 0.685156 0.551389 0.685156 0.558333 0.685937 0.565278 0.688281 0.572222 0.689063 0.573611 0.689063 0.575000 0.688281 0.577778 0.690625 0.577778 0.689063 0.575000 0.689063 0.573611 0.690625 0.575000 0.691406 0.572222 0.692969 0.569444 0.694531 0.568056 0.699219 0.568056 0.700781 0.569444 0.702344 0.572222 0.702344 0.573611 0.703906 0.575000 0.702344 0.577778 0.703906 0.579167 0.707812 0.581944 0.712500 0.581944 0.717969 0.584722 0.718750 0.581944 0.720313 0.579167 0.719531 0.583333 0.722656 0.584722 0.728906 0.583333 0.732812 0.586111 0.733594 0.588889 0.734375 0.594444 0.735938 0.595833 0.740625 0.595833 0.742969 0.598611 0.745313 0.595833 0.746094 0.591667 0.749219 0.591667 0.750000 0.584722 0.747656 0.579167 0.752344 0.587500 0.753906 0.587500 0.750000 0.593056 0.750000 0.595833 0.749219 0.601389 0.752344 0.605556 0.755469 0.605556 0.757812 0.606944 0.759375 0.609722 0.762500 0.611111 0.766406 0.612500 0.770312 0.613889 0.773438 0.613889 0.775781 0.612500 0.775000 0.606944 0.770312 0.606944 0.768750 0.601389 0.771094 0.604167 0.775000 0.606944 0.777344 0.606944 0.778125 0.605556 0.779687 0.605556 0.779687 0.608333 0.780469 0.612500 0.782031 0.613889 0.782813 0.615278 0.785156 0.613889 0.786719 0.613889 0.789062 0.615278 0.786719 0.615278 0.787500 0.620833 0.789062 0.622222 0.791406 0.623611 0.793750 0.625000 0.798438 0.625000 0.801562 0.627778 0.805469 0.627778 0.811719 0.626389 0.812500 0.625000 0.817187 0.625000 0.819531 0.626389 0.821875 0.630556 0.825781 0.631944 0.832812 0.634722 0.835938 0.634722 0.839063 0.636111 0.841406 0.637500 0.843750 0.641667 0.843750 0.643056 0.847656 0.648611 0.846094 0.648611 0.842187 0.655556 0.843750 0.661111 0.844531 0.662500 0.846094 0.663889 0.848437 0.663889 0.846875 0.665278 0.842969 0.666667 0.839063 0.666667 0.835938 0.668056 0.831250 0.677778 0.828906 0.681944 0.827344 0.681944 0.822656 0.690278 0.818750 0.693056 0.816406 0.695833 0.814844 0.698611 0.810156 0.706944 0.809375 0.726389 0.803125 0.737500 0.803125 0.745833 0.799219 0.755556 0.796875 0.755556 0.796094 0.756944 0.792969 0.758333 0.799219 0.761111 0.799219 0.755556 0.803125 0.745833 0.805469 0.747222 0.806250 0.745833 0.808594 0.747222 0.809375 0.750000 0.809375 0.762500 0.807813 0.762500 0.807813 0.768056 0.807813 0.773611 0.810937 0.776389 0.813281 0.777778 0.818750 0.779167 0.820312 0.780556 0.823438 0.784722 0.824219 0.786111 0.824219 0.787500 0.825781 0.790278 0.833594 0.797222 0.835938 0.798611 0.841406 0.800000 0.846094 0.804167 0.848437 0.805556 0.853125 0.805556 0.856250 0.808333 0.861719 0.808333 0.865625 0.809722 0.868750 0.811111 0.872656 0.813889 0.878125 0.819444 0.882812 0.820833 0.885156 0.822222 0.887500 0.825000 0.889844 0.826389 0.894531 0.827778 0.896875 0.829167 0.900781 0.833333 0.903906 0.836111 0.907813 0.841667 0.907813 0.845833 0.905469 0.845833 0.900781 0.844444 0.891406 0.841667 0.831250 0.822222 0.817187 0.818056 0.807813 0.815278 0.800000 0.813889 0.759375 0.806944 0.702344 0.797222 0.685937 0.794444 0.669531 0.791667 0.653125 0.790278 0.620313 0.787500 0.570312 0.783333 0.537500 0.780556 0.503906 0.779167 0.435937 0.776389 0.402344 0.775000 0.388281 0.776389 0.320312 0.783333 0.292969 0.786111 0.278906 0.787500 0.194531 0.798611 0.173437 0.801389 0.163281 0.802778 0.154688 0.804167 0.113281 0.811111 0.096875 0.813889 0.080469 0.816667 0.057813 0.822222 0.050781 0.823611 0.045312 0.822222 0.042969 0.822222 0.042188 0.823611 0.039062 0.823611 0.035937 0.826389 0.028125 0.827778 0.014063 0.830556 0.007031 0.830556 0.006250 0.831944 0.000000 0.831944 0.000000 0.794444 0.003125 0.794444 0.005469 0.793056 0.007812 0.788889 0.009375 0.787500 0.010937 0.786111 0.017969 0.780556 0.020313 0.780556 0.021875 0.779167 0.023438 0.777778 0.026562 0.772222 0.028906 0.769444 0.031250 0.770833 0.032813 0.773611 0.035156 0.770833 0.035937 0.766667 0.043750 0.754167 0.045312 0.752778 0.048438 0.751389 0.051562 0.744444 0.052344 0.743056 0.053125 0.743056 0.054688 0.740278 0.063281 0.733333 0.069531 0.726389 0.072656 0.720833 0.075000 0.719444 0.078125 0.713889 0.080469 0.712500 0.081250 0.708333 0.082812 0.708333 0.083594 0.705556 0.084375 0.704167 0.085938 0.702778 0.086719 0.702778 0.089063 0.698611 0.091406 0.695833 0.094531 0.695833 0.096875 0.691667 0.097656 0.687500 0.099219 0.684722 0.100781 0.683333 0.102344 0.683333 0.103906 0.681944 0.107031 0.677778 0.109375 0.675000 0.113281 0.673611 0.121875 0.675000 0.125000 0.669444 0.130469 0.661111 0.134375 0.655556 0.136719 0.652778 0.138281 0.651389 0.141406 0.650000 0.145313 0.643056 0.147656 0.640278 0.147656 0.643056 0.146094 0.645833 0.145313 0.647222 0.143750 0.651389 0.142969 0.652778 0.140625 0.654167 0.142187 0.663889 0.144531 0.658333 0.144531 0.655556 0.148438 0.652778 0.149219 0.651389 0.150000 0.648611 0.150781 0.651389 0.151562 0.652778 0.152344 0.652778 0.155469 0.651389 0.156250 0.648611 0.156250 0.640278 0.155469 0.636111 0.153125 0.636111 0.152344 0.640278 0.150781 0.643056 0.147656 0.643056 0.147656 0.640278 0.148438 0.640278 0.149219 0.638889 0.153906 0.629167 0.155469 0.627778 0.157031 0.626389 0.155469 0.627778 0.154688 0.629167 0.154688 0.630556 0.156250 0.633333 0.157031 0.633333 0.157812 0.631944 0.158594 0.627778 0.160938 0.627778 0.163281 0.626389 0.165625 0.623611 0.171094 0.623611 0.175000 0.622222 0.180469 0.618056 0.185156 0.619444 0.187500 0.616667 0.187500 0.613889 0.189062 0.611111 0.190625 0.612500 0.192188 0.612500 0.194531 0.608333 0.195312 0.605556 0.193750 0.602778 0.189062 0.604167 0.188281 0.601389 0.187500 0.602778 0.185938 0.595833 0.184375 0.598611 0.185938 0.601389 0.187500 0.602778 0.188281 0.601389 0.186719 0.604167 0.186719 0.606944 0.185156 0.608333 0.182812 0.609722 0.181250 0.609722 0.180469 0.608333 0.177344 0.608333 0.178906 0.606944 0.174219 0.604167 0.171875 0.605556 0.170313 0.608333 0.171875 0.611111 0.168750 0.612500 0.167187 0.615278 0.164062 0.618056 0.162500 0.619444 0.161719 0.616667 0.159375 0.609722 0.157031 0.609722 0.159375 0.609722 0.160156 0.608333 0.162500 0.608333 0.164062 0.606944 0.165625 0.604167 0.167969 0.602778 0.172656 0.600000 0.175000 0.600000 0.175781 0.601389 0.178125 0.601389 0.179688 0.598611 0.178906 0.595833 0.182812 0.593056 0.184375 0.591667 0.188281 0.584722 0.187500 0.580556 0.184375 0.583333 0.179688 0.583333 0.176563 0.584722 0.171094 0.588889 0.165625 0.590278 0.140625 0.590278 0.136719 0.588889 0.133594 0.587500 0.132031 0.586111 0.125781 0.575000 0.121875 0.570833 0.115625 0.565278 0.108594 0.561111 0.102344 0.559722 0.100781 0.561111 0.099219 0.561111 0.095312 0.556944 0.089844 0.554167 0.082812 0.554167 0.082812 0.551389 0.081250 0.545833 0.082031 0.544444 0.081250 0.538889 0.082812 0.536111 0.081250 0.530556 0.082031 0.527778 0.084375 0.525000 0.085156 0.519444 0.082812 0.512500 0.082812 0.500000 0.084375 0.495833 0.084375 0.491667 0.087500 0.488889 0.099219 0.487500 0.097656 0.484722 0.092188 0.483333 0.086719 0.483333 0.093750 0.483333 0.094531 0.484722 0.105469 0.484722 0.114844 0.481944 0.122656 0.481944 0.126562 0.484722 0.131250 0.483333 0.134375 0.479167 0.137500 0.477778 0.139063 0.479167 0.141406 0.480556 0.146094 0.480556 0.148438 0.477778 0.150000 0.475000 0.150781 0.469444 0.150000 0.473611 0.155469 0.475000 0.156250 0.473611 0.160938 0.475000 0.168750 0.472222 0.185156 0.473611 0.186719 0.473611 0.193750 0.470833 0.197656 0.472222 0.198437 0.468056 0.199219 0.470833 0.200781 0.473611 0.214062 0.473611 0.220312 0.472222 0.224219 0.469444 0.228125 0.468056 0.233594 0.469444 0.235156 0.470833 0.236719 0.472222 0.236719 0.475000 0.235156 0.476389 0.235156 0.479167 0.236719 0.481944 0.243750 0.481944 0.245312 0.480556 0.246875 0.477778 0.246094 0.472222 0.245312 0.470833 0.250000 0.468056 0.256250 0.466667 0.257812 0.466667 0.262500 0.469444 0.261719 0.472222 0.260156 0.468056 0.258594 0.470833 0.261719 0.472222 0.262500 0.469444 0.266406 0.469444 0.267188 0.468056 0.271875 0.468056 0.272656 0.465278 0.275781 0.465278 0.287500 0.466667 0.294531 0.465278 0.295312 0.462500 0.311719 0.466667 0.314844 0.466667 0.315625 0.465278 0.317969 0.465278 0.325000 0.465278 0.328125 0.465278 0.339844 0.465278 0.342969 0.466667 0.344531 0.466667 0.346094 0.463889 0.348438 0.462500 0.346875 0.461111 0.348438 0.461111 0.348438 0.463889 0.355469 0.465278 0.364844 0.465278 0.410156 0.463889 0.428906 0.466667 0.431250 0.465278 0.437500 0.466667 0.442188 0.469444 0.449219 0.469444 0.450000 0.462500 0.452344 0.459722 0.449219 0.458333 0.446875 0.455556 0.435937 0.455556 0.450000 0.455556
19 0.003906 0.454167 0.003906 0.455556 0.000000 0.456944 0.000000 0.463889 0.003906 0.463889 0.003906 0.458333 0.005469 0.456944 0.005469 0.452778 0.003906 0.454167
22 0.650000 0.497222 0.652344 0.497222 0.653906 0.498611 0.656250 0.495833 0.650000 0.497222
