22 0.932813 0.729167 0.925781 0.731944 0.928125 0.736111 0.932031 0.740278 0.931250 0.748611 0.929688 0.752778 0.931250 0.756944 0.930469 0.765278 0.933594 0.765278 0.935937 0.761111 0.937500 0.762500 0.938281 0.759722 0.940625 0.763889 0.942969 0.765278 0.946875 0.763889 0.949219 0.762500 0.955469 0.763889 0.957031 0.766667 0.957031 0.768056 0.958594 0.770833 0.960156 0.770833 0.961719 0.773611 0.963281 0.775000 0.965625 0.776389 0.977344 0.776389 0.982031 0.781944 0.983594 0.781944 0.984375 0.780556 0.986719 0.780556 0.989844 0.784722 0.993750 0.784722 0.996094 0.787500 0.999219 0.787500 0.999219 0.731944 0.991406 0.733333 0.989844 0.733333 0.961719 0.731944 0.939063 0.729167 0.932813 0.729167
22 0.703125 0.725000 0.702344 0.727778 0.701562 0.727778 0.700000 0.729167 0.701562 0.731944 0.704688 0.734722 0.705469 0.731944 0.706250 0.729167 0.707031 0.725000 0.703125 0.725000
22 0.634375 0.722222 0.642188 0.719444 0.644531 0.719444 0.645312 0.720833 0.648438 0.719444 0.650000 0.719444 0.658594 0.720833 0.659375 0.725000 0.662500 0.727778 0.664844 0.729167 0.667969 0.730556 0.671875 0.730556 0.675000 0.733333 0.678125 0.733333 0.680469 0.734722 0.684375 0.738889 0.688281 0.738889 0.692187 0.743056 0.695312 0.744444 0.700781 0.744444 0.702344 0.747222 0.705469 0.748611 0.710938 0.750000 0.713281 0.751389 0.715625 0.754167 0.717969 0.755556 0.723437 0.758333 0.726562 0.759722 0.729688 0.759722 0.732812 0.762500 0.735938 0.762500 0.739062 0.765278 0.743750 0.766667 0.750000 0.766667 0.753906 0.768056 0.764062 0.772222 0.766406 0.775000 0.769531 0.776389 0.776563 0.777778 0.779687 0.779167 0.781250 0.781944 0.783594 0.783333 0.787500 0.784722 0.801562 0.788889 0.807031 0.788889 0.811719 0.790278 0.816406 0.791667 0.820312 0.793056 0.833594 0.798611 0.837500 0.800000 0.841406 0.804167 0.843750 0.805556 0.847656 0.805556 0.850781 0.806944 0.856250 0.811111 0.860156 0.812500 0.864844 0.812500 0.868750 0.813889 0.872656 0.815278 0.875781 0.818056 0.882812 0.820833 0.897656 0.822222 0.900781 0.823611 0.904687 0.825000 0.907813 0.829167 0.915625 0.829167 0.918750 0.830556 0.921875 0.833333 0.925000 0.834722 0.928906 0.836111 0.935156 0.836111 0.938281 0.838889 0.944531 0.840278 0.950000 0.841667 0.956250 0.841667 0.962500 0.844444 0.972656 0.844444 0.978906 0.848611 0.982812 0.848611 0.985156 0.851389 0.992969 0.851389 0.993750 0.852778 0.999219 0.852778 0.999219 0.981944 0.996875 0.981944 0.994531 0.979167 0.989844 0.977778 0.985156 0.979167 0.980469 0.986111 0.978125 0.987500 0.976562 0.984722 0.975000 0.983333 0.973437 0.986111 0.971875 0.990278 0.971875 0.995833 0.971094 0.998611 0.969531 0.998611 0.969531 0.993056 0.970313 0.990278 0.971875 0.987500 0.971875 0.984722 0.973437 0.981944 0.970313 0.976389 0.966406 0.979167 0.964844 0.981944 0.961719 0.988889 0.958594 0.988889 0.954688 0.986111 0.954688 0.984722 0.953906 0.983333 0.950000 0.979167 0.945312 0.979167 0.944531 0.980556 0.939063 0.979167 0.937500 0.980556 0.938281 0.986111 0.939063 0.986111 0.941406 0.990278 0.944531 0.990278 0.946094 0.991667 0.948438 0.995833 0.950781 0.997222 0.941406 0.997222 0.941406 0.995833 0.940625 0.994444 0.938281 0.993056 0.937500 0.988889 0.934375 0.986111 0.932031 0.984722 0.927344 0.984722 0.926562 0.983333 0.925000 0.983333 0.925000 0.980556 0.922656 0.979167 0.920312 0.976389 0.917188 0.976389 0.914844 0.973611 0.910156 0.973611 0.902344 0.969444 0.902344 0.968056 0.904687 0.968056 0.907031 0.968056 0.904687 0.961111 0.892969 0.958333 0.889844 0.959722 0.902344 0.968056 0.902344 0.969444 0.900000 0.968056 0.898438 0.965278 0.895312 0.965278 0.893750 0.962500 0.890625 0.961111 0.885938 0.959722 0.883594 0.958333 0.882031 0.955556 0.883594 0.956944 0.885156 0.958333 0.888281 0.956944 0.884375 0.954167 0.881250 0.950000 0.878906 0.948611 0.871094 0.947222 0.868750 0.948611 0.866406 0.947222 0.864844 0.944444 0.862500 0.945833 0.862500 0.943056 0.860938 0.943056 0.859375 0.943056 0.858594 0.940278 0.856250 0.943056 0.855469 0.940278 0.852344 0.938889 0.847656 0.937500 0.845313 0.934722 0.842969 0.934722 0.841406 0.933333 0.842969 0.931944 0.841406 0.930556 0.840625 0.929167 0.835156 0.926389 0.829688 0.925000 0.827344 0.922222 0.822656 0.922222 0.821094 0.920833 0.818750 0.918056 0.817969 0.915278 0.816406 0.915278 0.814844 0.912500 0.811719 0.911111 0.808594 0.909722 0.801562 0.906944 0.797656 0.906944 0.789844 0.902778 0.782813 0.898611 0.781250 0.897222 0.779687 0.894444 0.777344 0.893056 0.775000 0.894444 0.774219 0.891667 0.772656 0.893056 0.767969 0.888889 0.765625 0.887500 0.757812 0.886111 0.754687 0.884722 0.750781 0.881944 0.747656 0.877778 0.741406 0.873611 0.739062 0.872222 0.735156 0.872222 0.733594 0.870833 0.730469 0.866667 0.728906 0.865278 0.725000 0.865278 0.719531 0.861111 0.717969 0.859722 0.716406 0.858333 0.714063 0.855556 0.712500 0.852778 0.718750 0.841667 0.718750 0.836111 0.718750 0.833333 0.717187 0.831944 0.717969 0.829167 0.717187 0.826389 0.718750 0.829167 0.720313 0.829167 0.720313 0.825000 0.720313 0.823611 0.714844 0.822222 0.713281 0.818056 0.711719 0.820833 0.710938 0.822222 0.707812 0.822222 0.705469 0.820833 0.703906 0.818056 0.702344 0.820833 0.697656 0.816667 0.695312 0.812500 0.693750 0.811111 0.692187 0.812500 0.690625 0.815278 0.689844 0.815278 0.689063 0.816667 0.681250 0.831944 0.679688 0.831944 0.678125 0.830556 0.675000 0.827778 0.674219 0.825000 0.671875 0.825000 0.669531 0.823611 0.667969 0.820833 0.665625 0.820833 0.664062 0.819444 0.662500 0.818056 0.659375 0.812500 0.655469 0.812500 0.649219 0.805556 0.641406 0.802778 0.638281 0.801389 0.636719 0.798611 0.635156 0.798611 0.633594 0.797222 0.632031 0.794444 0.632031 0.793056 0.632812 0.788889 0.630469 0.790278 0.632031 0.793056 0.632031 0.794444 0.630469 0.793056 0.627344 0.793056 0.625000 0.787500 0.621875 0.786111 0.619531 0.781944 0.617969 0.780556 0.616406 0.780556 0.614844 0.779167 0.613281 0.776389 0.612500 0.772222 0.613281 0.766667 0.619531 0.748611 0.620313 0.745833 0.621094 0.743056 0.621094 0.740278 0.621875 0.737500 0.622656 0.734722 0.624219 0.731944 0.625000 0.729167 0.625781 0.726389 0.625781 0.723611 0.626563 0.720833 0.628906 0.720833 0.632031 0.718056 0.634375 0.722222
22 0.497656 0.623611 0.496094 0.625000 0.496094 0.629167 0.498437 0.629167 0.497656 0.623611
22 0.092969 0.602778 0.092188 0.606944 0.103125 0.605556 0.107031 0.608333 0.110156 0.608333 0.109375 0.605556 0.107813 0.604167 0.105469 0.602778 0.102344 0.602778 0.092969 0.602778
22 0.489844 0.597222 0.487500 0.598611 0.486719 0.600000 0.485156 0.601389 0.486719 0.604167 0.489844 0.604167 0.492969 0.609722 0.496094 0.611111 0.500000 0.609722 0.499219 0.602778 0.497656 0.602778 0.495312 0.601389 0.494531 0.598611 0.489844 0.597222
22 0.337500 0.594444 0.336719 0.597222 0.333594 0.597222 0.335156 0.595833 0.332813 0.597222 0.332813 0.601389 0.334375 0.601389 0.334375 0.608333 0.332031 0.612500 0.332031 0.618056 0.334375 0.619444 0.341406 0.616667 0.342969 0.618056 0.344531 0.620833 0.339844 0.622222 0.357031 0.623611 0.353125 0.626389 0.344531 0.626389 0.343750 0.625000 0.334375 0.625000 0.333594 0.623611 0.328906 0.625000 0.332031 0.626389 0.335156 0.627778 0.350000 0.629167 0.346094 0.630556 0.351562 0.630556 0.352344 0.629167 0.358594 0.627778 0.356250 0.625000 0.357812 0.622222 0.362500 0.622222 0.371094 0.625000 0.379688 0.625000 0.385937 0.627778 0.392188 0.626389 0.398438 0.627778 0.402344 0.629167 0.406250 0.630556 0.407813 0.634722 0.409375 0.631944 0.411719 0.630556 0.413281 0.630556 0.421094 0.631944 0.422656 0.634722 0.425000 0.634722 0.428906 0.633333 0.439844 0.634722 0.450781 0.633333 0.457813 0.630556 0.470313 0.630556 0.475000 0.629167 0.477344 0.626389 0.482812 0.626389 0.481250 0.626389 0.479687 0.625000 0.481250 0.622222 0.482031 0.620833 0.482812 0.613889 0.481250 0.612500 0.475781 0.611111 0.473438 0.611111 0.464844 0.612500 0.450000 0.611111 0.444531 0.608333 0.439063 0.606944 0.421875 0.606944 0.411719 0.605556 0.411719 0.602778 0.399219 0.602778 0.393750 0.600000 0.382812 0.600000 0.379688 0.602778 0.378125 0.602778 0.369531 0.600000 0.361719 0.600000 0.353125 0.598611 0.348438 0.595833 0.337500 0.594444
22 0.322656 0.583333 0.323437 0.584722 0.325781 0.584722 0.326562 0.587500 0.325000 0.588889 0.325781 0.591667 0.328125 0.594444 0.328125 0.604167 0.327344 0.609722 0.325000 0.613889 0.325781 0.616667 0.311719 0.613889 0.310937 0.616667 0.308594 0.616667 0.308594 0.613889 0.303906 0.611111 0.299219 0.611111 0.296094 0.606944 0.292187 0.604167 0.289844 0.602778 0.287500 0.601389 0.283594 0.600000 0.282031 0.601389 0.278125 0.598611 0.275000 0.598611 0.277344 0.602778 0.274219 0.602778 0.269531 0.598611 0.268750 0.604167 0.267188 0.602778 0.264844 0.600000 0.264062 0.598611 0.266406 0.595833 0.264062 0.594444 0.264062 0.598611 0.264844 0.600000 0.264062 0.602778 0.263281 0.604167 0.261719 0.605556 0.260937 0.601389 0.260156 0.594444 0.257031 0.594444 0.259375 0.591667 0.260937 0.588889 0.267969 0.590278 0.273438 0.588889 0.282813 0.590278 0.284375 0.591667 0.282813 0.591667 0.280469 0.591667 0.278125 0.593056 0.280469 0.595833 0.291406 0.594444 0.294531 0.595833 0.297656 0.593056 0.304688 0.594444 0.306250 0.590278 0.307812 0.594444 0.314063 0.593056 0.311719 0.591667 0.315625 0.591667 0.315625 0.588889 0.317969 0.586111 0.316406 0.584722 0.322656 0.583333
22 0.088281 0.563889 0.087500 0.568056 0.085938 0.572222 0.086719 0.575000 0.088281 0.576389 0.089063 0.579167 0.089844 0.583333 0.089844 0.588889 0.090625 0.594444 0.091406 0.597222 0.099219 0.595833 0.100781 0.597222 0.105469 0.595833 0.104688 0.586111 0.106250 0.579167 0.107031 0.570833 0.107813 0.570833 0.109375 0.568056 0.111719 0.566667 0.113281 0.565278 0.093750 0.565278 0.089844 0.562500 0.088281 0.563889
22 0.064844 0.526389 0.060937 0.529167 0.060937 0.533333 0.065625 0.533333 0.066406 0.526389 0.064844 0.526389
23 0.808594 0.665278 0.806250 0.666667 0.804688 0.668056 0.802344 0.672222 0.802344 0.675000 0.803125 0.677778 0.807031 0.679167 0.808594 0.677778 0.811719 0.672222 0.811719 0.668056 0.810156 0.665278 0.808594 0.665278
23 0.677344 0.626389 0.682031 0.627778 0.683594 0.626389 0.688281 0.627778 0.696094 0.625000 0.704688 0.625000 0.707031 0.625000 0.707031 0.627778 0.710156 0.626389 0.712500 0.629167 0.714063 0.629167 0.714063 0.629167 0.713281 0.631944 0.715625 0.631944 0.714063 0.629167 0.714063 0.629167 0.714844 0.627778 0.717187 0.627778 0.717969 0.633333 0.722656 0.636111 0.721094 0.637500 0.723437 0.638889 0.724219 0.641667 0.725781 0.636111 0.728125 0.636111 0.729688 0.637500 0.731250 0.637500 0.732031 0.643056 0.735156 0.644444 0.735938 0.651389 0.734375 0.651389 0.732031 0.658333 0.728906 0.659722 0.728125 0.661111 0.726562 0.661111 0.720313 0.661111 0.718750 0.656944 0.717969 0.659722 0.713281 0.656944 0.711719 0.658333 0.711719 0.655556 0.710938 0.652778 0.707812 0.651389 0.706250 0.655556 0.706250 0.652778 0.705469 0.650000 0.703125 0.650000 0.696875 0.651389 0.682031 0.651389 0.680469 0.650000 0.679688 0.650000 0.678906 0.648611 0.678906 0.647222 0.675000 0.645833 0.672656 0.644444 0.669531 0.643056 0.668750 0.636111 0.667969 0.638889 0.664844 0.637500 0.663281 0.630556 0.664844 0.626389 0.667969 0.630556 0.670312 0.627778 0.670312 0.626389 0.672656 0.626389 0.674219 0.622222 0.677344 0.626389
23 0.084375 0.565278 0.085938 0.566667 0.086719 0.563889 0.084375 0.565278
23 0.194531 0.548611 0.192969 0.548611 0.196094 0.548611 0.199219 0.550000 0.203125 0.552778 0.204687 0.554167 0.209375 0.562500 0.210156 0.566667 0.217969 0.568056 0.226562 0.565278 0.232031 0.565278 0.235937 0.566667 0.239063 0.569444 0.247656 0.577778 0.251563 0.580556 0.253906 0.580556 0.257812 0.584722 0.260156 0.586111 0.262500 0.587500 0.268750 0.588889 0.273438 0.587500 0.282813 0.588889 0.283594 0.590278 0.285156 0.591667 0.282813 0.593056 0.280469 0.593056 0.278906 0.593056 0.281250 0.593056 0.291406 0.593056 0.294531 0.594444 0.297656 0.591667 0.304688 0.593056 0.306250 0.588889 0.313281 0.593056 0.310937 0.591667 0.315625 0.590278 0.317188 0.586111 0.315625 0.584722 0.317188 0.581944 0.322656 0.581944 0.326562 0.584722 0.327344 0.587500 0.325781 0.588889 0.328125 0.586111 0.329688 0.584722 0.332813 0.584722 0.335938 0.587500 0.335938 0.590278 0.338281 0.594444 0.348438 0.594444 0.353125 0.597222 0.361719 0.598611 0.369531 0.598611 0.378125 0.601389 0.379688 0.601389 0.382812 0.598611 0.393750 0.598611 0.399219 0.601389 0.411719 0.601389 0.411719 0.604167 0.421094 0.604167 0.421875 0.605556 0.439063 0.605556 0.444531 0.606944 0.450000 0.609722 0.464844 0.611111 0.473438 0.609722 0.475781 0.609722 0.481250 0.611111 0.482031 0.612500 0.483594 0.613889 0.483594 0.618056 0.485156 0.612500 0.483594 0.609722 0.484375 0.605556 0.481250 0.602778 0.483594 0.600000 0.484375 0.601389 0.487500 0.597222 0.489844 0.595833 0.488281 0.594444 0.489063 0.590278 0.487500 0.588889 0.487500 0.583333 0.485938 0.581944 0.483594 0.580556 0.485156 0.579167 0.483594 0.579167 0.482812 0.577778 0.478125 0.576389 0.472656 0.576389 0.471094 0.572222 0.469531 0.572222 0.469531 0.575000 0.469531 0.577778 0.467969 0.580556 0.466406 0.581944 0.463281 0.577778 0.460156 0.576389 0.456250 0.576389 0.450781 0.575000 0.449219 0.572222 0.447656 0.572222 0.450000 0.573611 0.443750 0.575000 0.438281 0.573611 0.435156 0.570833 0.430469 0.569444 0.421875 0.569444 0.415625 0.566667 0.406250 0.566667 0.404687 0.563889 0.400781 0.561111 0.398438 0.561111 0.397656 0.563889 0.393750 0.562500 0.393750 0.558333 0.391406 0.559722 0.390625 0.563889 0.385937 0.565278 0.384375 0.562500 0.368750 0.562500 0.367188 0.562500 0.363281 0.563889 0.362500 0.565278 0.360938 0.568056 0.358594 0.565278 0.351562 0.568056 0.347656 0.568056 0.345313 0.565278 0.343750 0.566667 0.342187 0.568056 0.339844 0.572222 0.339844 0.577778 0.339062 0.581944 0.338281 0.584722 0.335938 0.584722 0.335938 0.580556 0.334375 0.579167 0.332813 0.579167 0.331250 0.576389 0.332031 0.569444 0.329688 0.569444 0.329688 0.566667 0.326562 0.575000 0.325000 0.572222 0.322656 0.569444 0.321094 0.568056 0.317969 0.566667 0.316406 0.565278 0.315625 0.559722 0.311719 0.562500 0.307031 0.561111 0.305469 0.558333 0.303906 0.556944 0.299219 0.556944 0.297656 0.552778 0.295312 0.552778 0.293750 0.555556 0.289062 0.554167 0.284375 0.551389 0.281250 0.551389 0.278906 0.554167 0.271875 0.554167 0.270313 0.558333 0.267969 0.556944 0.261719 0.545833 0.256250 0.545833 0.250781 0.547222 0.248438 0.548611 0.246875 0.550000 0.245312 0.551389 0.242969 0.555556 0.241406 0.556944 0.238281 0.556944 0.236719 0.554167 0.234375 0.545833 0.231250 0.550000 0.228125 0.551389 0.225781 0.552778 0.217969 0.551389 0.214062 0.551389 0.205469 0.552778 0.203125 0.548611 0.201563 0.547222 0.196875 0.545833 0.194531 0.548611
23 0.182812 0.541667 0.181250 0.544444 0.188281 0.545833 0.189062 0.541667 0.182812 0.541667
23 0.060937 0.534722 0.061719 0.537500 0.060937 0.540278 0.059375 0.544444 0.058594 0.551389 0.059375 0.562500 0.061719 0.558333 0.062500 0.556944 0.063281 0.554167 0.064062 0.550000 0.064844 0.545833 0.065625 0.534722 0.060937 0.534722
23 0.114062 0.490278 0.114844 0.491667 0.117969 0.491667 0.118750 0.494444 0.129688 0.494444 0.132031 0.495833 0.134375 0.497222 0.135937 0.498611 0.134375 0.502778 0.136719 0.506944 0.136719 0.508333 0.138281 0.511111 0.139844 0.508333 0.139844 0.500000 0.141406 0.502778 0.142187 0.502778 0.144531 0.506944 0.145313 0.506944 0.146875 0.509722 0.146875 0.511111 0.148438 0.513889 0.150000 0.515278 0.153906 0.516667 0.153906 0.518056 0.155469 0.520833 0.157812 0.522222 0.160938 0.527778 0.161719 0.531944 0.162500 0.531944 0.164062 0.534722 0.168750 0.538889 0.174219 0.538889 0.175781 0.536111 0.176563 0.533333 0.176563 0.527778 0.177344 0.523611 0.178125 0.520833 0.180469 0.516667 0.182031 0.516667 0.182812 0.519444 0.182812 0.538889 0.182031 0.534722 0.180469 0.531944 0.178906 0.533333 0.177344 0.536111 0.176563 0.538889 0.176563 0.541667 0.178125 0.544444 0.174219 0.543056 0.173437 0.541667 0.168750 0.541667 0.156250 0.543056 0.157031 0.541667 0.162500 0.543056 0.163281 0.538889 0.160938 0.537500 0.159375 0.538889 0.157031 0.541667 0.156250 0.543056 0.153906 0.545833 0.149219 0.547222 0.145313 0.547222 0.142187 0.548611 0.140625 0.550000 0.139844 0.551389 0.138281 0.555556 0.136719 0.556944 0.134375 0.558333 0.123438 0.562500 0.119531 0.563889 0.114062 0.565278 0.093750 0.563889 0.090625 0.562500 0.089063 0.559722 0.089063 0.545833 0.087500 0.540278 0.086719 0.530556 0.086719 0.522222 0.085938 0.525000 0.085156 0.526389 0.084375 0.537500 0.084375 0.540278 0.084375 0.550000 0.084375 0.554167 0.085156 0.555556 0.085938 0.558333 0.084375 0.554167 0.082031 0.558333 0.082031 0.566667 0.080469 0.568056 0.079687 0.563889 0.081250 0.561111 0.081250 0.555556 0.079687 0.552778 0.080469 0.548611 0.082031 0.547222 0.082031 0.541667 0.080469 0.541667 0.079687 0.537500 0.081250 0.534722 0.083594 0.534722 0.085156 0.531944 0.085938 0.515278 0.087500 0.513889 0.087500 0.505556 0.092188 0.495833 0.094531 0.495833 0.096094 0.493056 0.103125 0.493056 0.103906 0.490278 0.105469 0.488889 0.114062 0.490278
21 0.971094 0.622222 0.968750 0.623611 0.965625 0.629167 0.964844 0.631944 0.965625 0.637500 0.967187 0.644444 0.969531 0.648611 0.971094 0.647222 0.974219 0.641667 0.975000 0.638889 0.975781 0.636111 0.976562 0.631944 0.976562 0.627778 0.975781 0.625000 0.975000 0.623611 0.973437 0.622222 0.971094 0.622222
21 0.550000 0.620833 0.547656 0.623611 0.546875 0.626389 0.547656 0.631944 0.550781 0.629167 0.553125 0.623611 0.553906 0.620833 0.550000 0.620833
21 0.575781 0.611111 0.573438 0.612500 0.577344 0.612500 0.575781 0.611111
21 0.567187 0.588889 0.566406 0.591667 0.565625 0.595833 0.563281 0.600000 0.562500 0.606944 0.565625 0.613889 0.567187 0.611111 0.568750 0.611111 0.568750 0.608333 0.567187 0.600000 0.569531 0.595833 0.568750 0.590278 0.567187 0.588889
21 0.442188 0.541667 0.441406 0.544444 0.442188 0.547222 0.443750 0.547222 0.443750 0.541667 0.442188 0.541667
21 0.432812 0.541667 0.430469 0.544444 0.428906 0.544444 0.428125 0.543056 0.426563 0.543056 0.427344 0.545833 0.432812 0.544444 0.432812 0.541667
21 0.246875 0.537500 0.244531 0.538889 0.242969 0.541667 0.239063 0.541667 0.234375 0.544444 0.235156 0.547222 0.235937 0.550000 0.237500 0.552778 0.237500 0.554167 0.241406 0.555556 0.242969 0.554167 0.245312 0.550000 0.246875 0.548611 0.248438 0.547222 0.250781 0.545833 0.255469 0.545833 0.256250 0.544444 0.257812 0.544444 0.254688 0.544444 0.251563 0.541667 0.249219 0.537500 0.246875 0.537500
21 0.407813 0.526389 0.407813 0.533333 0.408594 0.536111 0.409375 0.537500 0.410156 0.537500 0.411719 0.538889 0.410156 0.531944 0.408594 0.529167 0.407813 0.526389
21 0.481250 0.516667 0.482812 0.518056 0.482812 0.515278 0.481250 0.516667
21 0.466406 0.513889 0.464844 0.518056 0.466406 0.520833 0.466406 0.513889
21 0.855469 0.512500 0.860156 0.512500 0.864844 0.515278 0.867188 0.512500 0.861719 0.511111 0.855469 0.512500
21 0.433594 0.508333 0.435156 0.511111 0.438281 0.522222 0.438281 0.530556 0.436719 0.534722 0.439844 0.534722 0.440625 0.531944 0.439063 0.522222 0.439063 0.519444 0.435937 0.513889 0.435937 0.509722 0.433594 0.508333
21 0.087500 0.491667 0.087500 0.501389 0.086719 0.511111 0.086719 0.513889 0.086719 0.505556 0.087500 0.504167 0.087500 0.491667
21 0.719531 0.487500 0.717969 0.488889 0.716406 0.491667 0.716406 0.500000 0.718750 0.502778 0.717187 0.504167 0.718750 0.506944 0.721094 0.518056 0.721094 0.522222 0.723437 0.523611 0.723437 0.519444 0.724219 0.518056 0.725000 0.509722 0.725781 0.498611 0.725781 0.493056 0.724219 0.490278 0.721875 0.487500 0.719531 0.487500
21 0.137500 0.488889 0.138281 0.491667 0.139063 0.488889 0.137500 0.488889
21 0.481250 0.486111 0.482031 0.490278 0.482812 0.487500 0.481250 0.486111
21 0.441406 0.487500 0.443750 0.490278 0.443750 0.486111 0.441406 0.487500
21 0.146094 0.486111 0.144531 0.488889 0.146875 0.490278 0.146094 0.486111
21 0.450781 0.486111 0.450781 0.487500 0.449219 0.488889 0.450781 0.490278 0.452344 0.487500 0.453906 0.486111 0.452344 0.484722 0.450781 0.486111
21 0.427344 0.480556 0.425781 0.486111 0.427344 0.486111 0.427344 0.488889 0.429688 0.490278 0.432812 0.488889 0.432031 0.484722 0.429688 0.483333 0.427344 0.480556
21 0.415625 0.479167 0.415625 0.484722 0.416406 0.484722 0.417969 0.488889 0.416406 0.491667 0.415625 0.491667 0.414844 0.497222 0.417187 0.497222 0.419531 0.493056 0.420312 0.488889 0.419531 0.486111 0.417187 0.484722 0.417187 0.481944 0.415625 0.479167
21 0.762500 0.472222 0.766406 0.472222 0.767969 0.473611 0.770312 0.477778 0.772656 0.477778 0.772656 0.487500 0.770312 0.488889 0.769531 0.487500 0.769531 0.491667 0.771875 0.493056 0.771875 0.512500 0.775781 0.518056 0.778125 0.519444 0.778906 0.520833 0.778906 0.522222 0.780469 0.526389 0.782031 0.529167 0.780469 0.530556 0.782031 0.533333 0.783594 0.533333 0.785156 0.525000 0.786719 0.523611 0.789062 0.522222 0.796875 0.520833 0.800781 0.518056 0.804688 0.516667 0.807031 0.519444 0.807813 0.522222 0.807813 0.526389 0.810937 0.530556 0.811719 0.533333 0.817969 0.530556 0.821094 0.530556 0.823438 0.533333 0.826562 0.534722 0.831250 0.533333 0.833594 0.533333 0.835938 0.541667 0.838281 0.544444 0.838281 0.548611 0.838281 0.566667 0.833594 0.561111 0.835156 0.558333 0.832031 0.558333 0.833594 0.561111 0.838281 0.566667 0.835156 0.570833 0.836719 0.573611 0.839063 0.576389 0.841406 0.577778 0.843750 0.580556 0.844531 0.586111 0.846875 0.590278 0.848437 0.593056 0.850781 0.591667 0.852344 0.594444 0.853906 0.595833 0.853125 0.597222 0.853906 0.605556 0.857031 0.611111 0.858594 0.611111 0.860938 0.611111 0.861719 0.608333 0.861719 0.602778 0.862500 0.601389 0.862500 0.598611 0.865625 0.598611 0.867188 0.597222 0.867188 0.600000 0.869531 0.598611 0.871094 0.595833 0.873437 0.595833 0.877344 0.598611 0.878125 0.601389 0.877344 0.616667 0.878125 0.629167 0.879687 0.626389 0.879687 0.615278 0.880469 0.613889 0.880469 0.611111 0.881250 0.613889 0.882031 0.623611 0.882031 0.626389 0.880469 0.631944 0.879687 0.638889 0.878906 0.644444 0.882812 0.652778 0.884375 0.652778 0.885938 0.655556 0.886719 0.655556 0.890625 0.656944 0.893750 0.654167 0.899219 0.655556 0.910156 0.654167 0.911719 0.655556 0.913281 0.656944 0.915625 0.659722 0.921094 0.666667 0.924219 0.672222 0.924219 0.676389 0.921875 0.680556 0.920312 0.681944 0.917188 0.683333 0.911719 0.681944 0.910156 0.683333 0.908594 0.683333 0.907031 0.684722 0.905469 0.686111 0.900000 0.695833 0.900000 0.702778 0.898438 0.704167 0.891406 0.704167 0.883594 0.709722 0.878906 0.712500 0.874219 0.713889 0.865625 0.713889 0.861719 0.715278 0.857812 0.716667 0.855469 0.719444 0.853125 0.720833 0.843750 0.722222 0.840625 0.722222 0.836719 0.719444 0.827344 0.719444 0.820312 0.716667 0.814844 0.712500 0.811719 0.713889 0.809375 0.711111 0.804688 0.709722 0.802344 0.708333 0.798438 0.705556 0.803906 0.680556 0.807031 0.680556 0.808594 0.679167 0.812500 0.672222 0.812500 0.668056 0.810156 0.663889 0.808594 0.663889 0.806250 0.665278 0.804688 0.666667 0.801562 0.672222 0.801562 0.675000 0.802344 0.677778 0.803906 0.680556 0.798438 0.705556 0.792188 0.700000 0.789844 0.697222 0.786719 0.691667 0.785937 0.688889 0.785156 0.686111 0.785937 0.669444 0.785156 0.666667 0.783594 0.663889 0.782813 0.661111 0.782813 0.652778 0.780469 0.648611 0.778906 0.647222 0.777344 0.651389 0.777344 0.644444 0.777344 0.640278 0.776563 0.636111 0.775781 0.633333 0.771875 0.631944 0.769531 0.636111 0.768750 0.640278 0.767188 0.641667 0.766406 0.644444 0.764844 0.652778 0.761719 0.654167 0.760938 0.659722 0.758594 0.656944 0.755469 0.661111 0.753906 0.661111 0.751563 0.665278 0.753125 0.661111 0.751563 0.658333 0.746875 0.658333 0.745313 0.655556 0.743750 0.655556 0.742188 0.659722 0.741406 0.654167 0.740625 0.654167 0.737500 0.655556 0.737500 0.658333 0.737500 0.652778 0.736719 0.645833 0.735156 0.643056 0.732812 0.643056 0.732031 0.640278 0.731250 0.636111 0.728125 0.634722 0.725781 0.634722 0.725781 0.637500 0.724219 0.640278 0.723437 0.637500 0.721875 0.637500 0.723437 0.636111 0.721875 0.633333 0.718750 0.633333 0.718750 0.629167 0.717187 0.626389 0.714063 0.627778 0.714063 0.625000 0.712500 0.622222 0.714063 0.620833 0.715625 0.618056 0.715625 0.620833 0.717969 0.622222 0.718750 0.605556 0.719531 0.597222 0.720313 0.588889 0.721094 0.581944 0.722656 0.575000 0.724219 0.576389 0.725000 0.570833 0.729688 0.570833 0.726562 0.566667 0.727344 0.561111 0.725000 0.556944 0.727344 0.552778 0.727344 0.545833 0.725781 0.538889 0.725781 0.536111 0.726562 0.534722 0.726562 0.531944 0.725781 0.522222 0.726562 0.511111 0.727344 0.500000 0.728125 0.493056 0.728906 0.490278 0.731250 0.486111 0.734375 0.486111 0.736719 0.488889 0.739062 0.490278 0.740625 0.490278 0.742188 0.487500 0.746094 0.486111 0.748437 0.483333 0.753125 0.483333 0.754687 0.480556 0.754687 0.477778 0.756250 0.477778 0.757031 0.475000 0.758594 0.473611 0.762500 0.472222
21 0.460938 0.465278 0.463281 0.469444 0.464844 0.470833 0.467969 0.470833 0.466406 0.470833 0.465625 0.469444 0.464062 0.469444 0.462500 0.468056 0.460938 0.465278
21 0.439844 0.462500 0.437500 0.463889 0.435937 0.466667 0.437500 0.466667 0.439844 0.462500 0.441406 0.461111 0.439844 0.462500
21 0.678906 0.422222 0.673438 0.423611 0.669531 0.430556 0.667969 0.430556 0.667188 0.433333 0.667969 0.437500 0.666406 0.443056 0.665625 0.451389 0.664062 0.466667 0.663281 0.479167 0.663281 0.491667 0.665625 0.495833 0.665625 0.504167 0.664062 0.513889 0.664062 0.518056 0.664844 0.525000 0.666406 0.523611 0.670312 0.525000 0.670312 0.526389 0.671875 0.529167 0.671875 0.531944 0.673438 0.533333 0.675000 0.531944 0.676562 0.530556 0.679688 0.525000 0.682031 0.513889 0.683594 0.516667 0.684375 0.522222 0.685156 0.519444 0.684375 0.515278 0.682031 0.513889 0.682813 0.511111 0.684375 0.508333 0.686719 0.509722 0.685937 0.501389 0.688281 0.495833 0.689844 0.493056 0.689844 0.488889 0.690625 0.486111 0.694531 0.479167 0.696875 0.476389 0.698438 0.477778 0.696875 0.476389 0.699219 0.469444 0.701562 0.465278 0.702344 0.462500 0.700000 0.458333 0.700000 0.455556 0.700781 0.451389 0.702344 0.447222 0.706250 0.440278 0.704688 0.437500 0.700781 0.436111 0.698438 0.431944 0.695312 0.430556 0.691406 0.425000 0.689063 0.423611 0.686719 0.422222 0.678906 0.422222
21 0.543750 0.412500 0.549219 0.419444 0.557813 0.433333 0.558594 0.434722 0.561719 0.441667 0.563281 0.447222 0.562500 0.450000 0.564063 0.452778 0.564063 0.455556 0.564844 0.458333 0.566406 0.458333 0.567969 0.461111 0.567969 0.465278 0.567969 0.469444 0.566406 0.468056 0.565625 0.470833 0.564844 0.475000 0.565625 0.486111 0.565625 0.488889 0.564844 0.493056 0.562500 0.500000 0.561719 0.506944 0.561719 0.512500 0.564063 0.519444 0.563281 0.523611 0.564844 0.523611 0.570312 0.529167 0.569531 0.525000 0.569531 0.513889 0.569531 0.509722 0.570312 0.500000 0.568750 0.504167 0.564844 0.505556 0.565625 0.501389 0.567187 0.500000 0.567187 0.493056 0.567969 0.491667 0.568750 0.488889 0.570312 0.497222 0.571094 0.494444 0.571875 0.493056 0.571094 0.488889 0.573438 0.487500 0.574219 0.483333 0.571875 0.480556 0.570312 0.479167 0.570312 0.473611 0.571875 0.475000 0.573438 0.477778 0.574219 0.475000 0.575000 0.477778 0.579688 0.477778 0.580469 0.479167 0.582812 0.479167 0.582031 0.476389 0.579688 0.476389 0.577344 0.475000 0.573438 0.472222 0.572656 0.468056 0.571094 0.466667 0.569531 0.468056 0.567969 0.462500 0.566406 0.458333 0.567969 0.456944 0.565625 0.454167 0.565625 0.450000 0.562500 0.444444 0.561719 0.441667 0.561719 0.438889 0.560937 0.436111 0.560156 0.433333 0.557813 0.429167 0.557031 0.429167 0.553906 0.423611 0.550000 0.418056 0.548438 0.418056 0.546875 0.416667 0.543750 0.412500
21 0.774219 0.408333 0.775781 0.409722 0.777344 0.413889 0.779687 0.415278 0.782813 0.420833 0.786719 0.425000 0.796094 0.433333 0.809375 0.444444 0.812500 0.444444 0.815625 0.445833 0.820312 0.454167 0.825781 0.456944 0.828906 0.462500 0.832812 0.465278 0.837500 0.472222 0.839063 0.473611 0.840625 0.475000 0.846094 0.475000 0.847656 0.476389 0.849219 0.479167 0.851562 0.479167 0.856250 0.488889 0.857031 0.490278 0.858594 0.491667 0.860156 0.491667 0.863281 0.495833 0.869531 0.500000 0.874219 0.501389 0.875000 0.504167 0.875781 0.508333 0.877344 0.511111 0.878906 0.511111 0.880469 0.515278 0.883594 0.515278 0.887500 0.518056 0.892188 0.522222 0.894531 0.526389 0.897656 0.529167 0.904687 0.534722 0.907813 0.541667 0.911719 0.543056 0.921875 0.552778 0.923438 0.554167 0.924219 0.555556 0.924219 0.556944 0.925000 0.558333 0.925781 0.558333 0.927344 0.561111 0.930469 0.562500 0.933594 0.566667 0.935156 0.568056 0.941406 0.570833 0.944531 0.573611 0.946094 0.575000 0.950781 0.580556 0.952344 0.581944 0.954688 0.581944 0.957031 0.586111 0.958594 0.587500 0.960156 0.588889 0.961719 0.588889 0.966406 0.593056 0.971094 0.600000 0.974219 0.604167 0.975781 0.604167 0.979688 0.608333 0.982812 0.613889 0.985938 0.618056 0.999219 0.618056 0.999219 0.583333 0.992969 0.583333 0.991406 0.586111 0.981250 0.584722 0.977344 0.584722 0.961719 0.586111 0.953906 0.577778 0.951562 0.576389 0.949219 0.576389 0.946875 0.575000 0.945312 0.573611 0.940625 0.566667 0.938281 0.563889 0.933594 0.559722 0.932031 0.559722 0.927344 0.555556 0.925000 0.551389 0.923438 0.550000 0.917188 0.547222 0.914844 0.545833 0.909375 0.540278 0.907813 0.538889 0.907031 0.537500 0.907031 0.536111 0.906250 0.534722 0.904687 0.533333 0.903125 0.531944 0.901563 0.531944 0.900000 0.530556 0.892969 0.523611 0.890625 0.520833 0.888281 0.516667 0.888281 0.513889 0.885156 0.508333 0.882812 0.506944 0.880469 0.502778 0.875781 0.501389 0.875781 0.500000 0.874219 0.497222 0.871875 0.494444 0.867969 0.493056 0.864844 0.488889 0.861719 0.487500 0.860156 0.486111 0.856250 0.480556 0.849219 0.475000 0.845313 0.472222 0.840625 0.472222 0.835938 0.468056 0.833594 0.463889 0.832031 0.462500 0.830469 0.462500 0.828125 0.458333 0.825781 0.448611 0.824219 0.448611 0.823438 0.447222 0.816406 0.445833 0.813281 0.444444 0.809375 0.440278 0.803125 0.437500 0.798438 0.433333 0.794531 0.427778 0.792969 0.426389 0.788281 0.423611 0.783594 0.419444 0.780469 0.413889 0.778125 0.411111 0.776563 0.409722 0.774219 0.408333
21 0.489844 0.391667 0.492969 0.391667 0.491406 0.390278 0.489844 0.391667
21 0.730469 0.370833 0.731250 0.373611 0.732812 0.375000 0.739844 0.380556 0.743750 0.386111 0.747656 0.387500 0.749219 0.388889 0.751563 0.393056 0.753125 0.393056 0.755469 0.393056 0.757812 0.394444 0.756250 0.391667 0.751563 0.391667 0.749219 0.387500 0.744531 0.383333 0.739844 0.380556 0.735156 0.376389 0.733594 0.373611 0.730469 0.370833
21 0.709375 0.347222 0.710938 0.350000 0.713281 0.351389 0.716406 0.350000 0.713281 0.350000 0.710938 0.347222 0.709375 0.347222
21 0.664844 0.329167 0.666406 0.329167 0.668750 0.331944 0.670312 0.331944 0.671094 0.330556 0.672656 0.330556 0.667969 0.330556 0.667188 0.329167 0.664844 0.329167
21 0.975000 0.254167 0.977344 0.256944 0.977344 0.259722 0.978906 0.259722 0.978125 0.256944 0.977344 0.254167 0.975000 0.254167
21 0.398438 0.243056 0.400781 0.244444 0.400781 0.245833 0.402344 0.248611 0.401562 0.255556 0.402344 0.258333 0.403906 0.261111 0.403906 0.262500 0.404687 0.263889 0.406250 0.265278 0.407813 0.266667 0.416406 0.269444 0.420312 0.268056 0.416406 0.265278 0.410938 0.265278 0.408594 0.263889 0.407031 0.262500 0.405469 0.261111 0.404687 0.259722 0.403906 0.256944 0.403125 0.254167 0.402344 0.250000 0.401562 0.244444 0.400000 0.243056 0.398438 0.243056
21 0.835156 0.136111 0.832812 0.137500 0.829688 0.140278 0.828125 0.145833 0.828125 0.148611 0.832812 0.147222 0.831250 0.145833 0.832031 0.140278 0.833594 0.138889 0.836719 0.138889 0.835156 0.136111
21 0.814063 0.136111 0.807031 0.141667 0.808594 0.143056 0.812500 0.145833 0.814844 0.148611 0.817969 0.145833 0.820312 0.148611 0.818750 0.145833 0.815625 0.144444 0.816406 0.137500 0.814063 0.136111
21 0.816406 0.127778 0.818750 0.127778 0.822656 0.130556 0.823438 0.127778 0.816406 0.127778
21 0.792188 0.113889 0.791406 0.118056 0.791406 0.120833 0.791406 0.118056 0.792188 0.116667 0.792188 0.113889
21 0.836719 0.102778 0.836719 0.106944 0.839844 0.101389 0.836719 0.102778
21 0.853906 0.097222 0.855469 0.098611 0.858594 0.101389 0.860156 0.102778 0.857031 0.097222 0.853906 0.097222
21 0.782031 0.076389 0.778125 0.081944 0.775000 0.080556 0.771094 0.083333 0.769531 0.084722 0.769531 0.088889 0.769531 0.090278 0.770312 0.091667 0.771875 0.093056 0.771094 0.100000 0.774219 0.104167 0.774219 0.106944 0.778906 0.106944 0.781250 0.109722 0.785156 0.111111 0.788281 0.111111 0.789062 0.112500 0.790625 0.112500 0.789062 0.111111 0.787500 0.109722 0.781250 0.108333 0.775781 0.098611 0.773438 0.097222 0.771875 0.094444 0.778125 0.091667 0.779687 0.091667 0.782031 0.095833 0.783594 0.094444 0.786719 0.093056 0.790625 0.095833 0.791406 0.100000 0.792969 0.104167 0.796875 0.109722 0.797656 0.112500 0.796094 0.113889 0.796875 0.116667 0.797656 0.112500 0.807031 0.115278 0.804688 0.120833 0.806250 0.122222 0.810937 0.123611 0.809375 0.120833 0.809375 0.109722 0.810156 0.104167 0.811719 0.098611 0.812500 0.094444 0.814063 0.091667 0.815625 0.090278 0.817969 0.091667 0.818750 0.088889 0.821094 0.088889 0.819531 0.087500 0.817969 0.086111 0.812500 0.087500 0.809375 0.084722 0.806250 0.087500 0.803125 0.083333 0.800000 0.083333 0.791406 0.077778 0.784375 0.076389 0.782031 0.076389
21 0.655469 0.072222 0.654687 0.079167 0.656250 0.084722 0.660156 0.087500 0.657813 0.093056 0.657031 0.090278 0.655469 0.087500 0.653906 0.087500 0.650000 0.093056 0.647656 0.094444 0.643750 0.094444 0.640625 0.095833 0.638281 0.097222 0.636719 0.098611 0.634375 0.101389 0.632031 0.106944 0.631250 0.108333 0.628906 0.109722 0.625781 0.115278 0.625000 0.118056 0.625000 0.120833 0.623437 0.122222 0.623437 0.125000 0.621094 0.129167 0.618750 0.137500 0.615625 0.150000 0.613281 0.163889 0.612500 0.175000 0.610156 0.183333 0.609375 0.190278 0.608594 0.195833 0.607812 0.204167 0.607031 0.213889 0.606250 0.229167 0.606250 0.231944 0.607031 0.233333 0.607031 0.236111 0.606250 0.254167 0.604688 0.270833 0.605469 0.279167 0.603125 0.283333 0.603125 0.287500 0.606250 0.293056 0.608594 0.294444 0.609375 0.295833 0.610156 0.298611 0.610156 0.301389 0.610938 0.304167 0.612500 0.306944 0.614844 0.312500 0.616406 0.313889 0.617969 0.312500 0.618750 0.309722 0.620313 0.311111 0.623437 0.316667 0.622656 0.313889 0.619531 0.309722 0.618750 0.309722 0.617188 0.306944 0.616406 0.309722 0.614062 0.305556 0.613281 0.301389 0.610156 0.295833 0.607812 0.294444 0.606250 0.291667 0.605469 0.291667 0.604688 0.290278 0.603125 0.286111 0.603906 0.283333 0.605469 0.279167 0.605469 0.273611 0.607031 0.269444 0.606250 0.263889 0.607031 0.233333 0.608594 0.222222 0.608594 0.211111 0.609375 0.202778 0.611719 0.183333 0.614062 0.166667 0.617188 0.150000 0.621094 0.134722 0.621875 0.131944 0.622656 0.129167 0.624219 0.125000 0.625781 0.120833 0.627344 0.119444 0.633594 0.106944 0.638281 0.100000 0.639844 0.098611 0.642969 0.097222 0.653906 0.095833 0.657031 0.097222 0.660156 0.100000 0.665625 0.100000 0.666406 0.098611 0.669531 0.098611 0.670312 0.095833 0.667969 0.091667 0.667969 0.088889 0.666406 0.086111 0.664844 0.084722 0.662500 0.084722 0.660156 0.083333 0.658594 0.081944 0.656250 0.077778 0.655469 0.072222
21 0.660937 0.041667 0.660156 0.044444 0.660156 0.048611 0.660937 0.045833 0.660937 0.041667
21 0.117969 0.040278 0.116406 0.043056 0.114844 0.043056 0.114062 0.045833 0.115625 0.045833 0.117188 0.047222 0.117188 0.044444 0.117969 0.043056 0.117969 0.040278
21 0.132812 0.041667 0.133594 0.041667 0.137500 0.047222 0.139063 0.050000 0.139063 0.055556 0.136719 0.058333 0.140625 0.069444 0.140625 0.079167 0.141406 0.081944 0.142187 0.083333 0.149219 0.094444 0.151562 0.094444 0.152344 0.091667 0.157812 0.095833 0.154688 0.106944 0.153125 0.106944 0.150781 0.106944 0.150000 0.106944 0.151562 0.105556 0.150000 0.102778 0.147656 0.100000 0.145313 0.098611 0.142969 0.094444 0.142969 0.091667 0.140625 0.087500 0.138281 0.088889 0.136719 0.091667 0.138281 0.095833 0.140625 0.098611 0.148438 0.105556 0.150000 0.106944 0.150781 0.106944 0.152344 0.109722 0.156250 0.113889 0.160156 0.112500 0.162500 0.109722 0.165625 0.102778 0.164844 0.100000 0.166406 0.098611 0.164062 0.097222 0.161719 0.101389 0.162500 0.109722 0.160156 0.112500 0.154688 0.106944 0.157812 0.095833 0.159375 0.095833 0.160156 0.094444 0.161719 0.094444 0.168750 0.094444 0.175781 0.097222 0.179688 0.095833 0.181250 0.098611 0.178906 0.101389 0.185156 0.101389 0.181250 0.098611 0.179688 0.095833 0.184375 0.097222 0.187500 0.098611 0.189062 0.101389 0.191406 0.100000 0.192969 0.102778 0.194531 0.102778 0.196094 0.102778 0.200781 0.101389 0.202344 0.104167 0.209375 0.104167 0.213281 0.106944 0.219531 0.104167 0.220312 0.106944 0.222656 0.109722 0.224219 0.106944 0.225781 0.108333 0.228125 0.113889 0.229687 0.116667 0.231250 0.116667 0.233594 0.122222 0.237500 0.123611 0.237500 0.125000 0.239063 0.127778 0.242188 0.131944 0.245312 0.133333 0.246094 0.136111 0.248438 0.136111 0.248438 0.140278 0.248438 0.140278 0.251563 0.145833 0.253125 0.144444 0.250000 0.138889 0.248438 0.140278 0.248438 0.140278 0.251563 0.140278 0.252344 0.143056 0.253906 0.141667 0.256250 0.144444 0.255469 0.144444 0.253906 0.144444 0.252344 0.145833 0.253906 0.148611 0.256250 0.150000 0.257812 0.152778 0.259375 0.154167 0.260937 0.152778 0.258594 0.148611 0.256250 0.147222 0.255469 0.144444 0.256250 0.144444 0.259375 0.148611 0.260937 0.150000 0.263281 0.150000 0.264844 0.151389 0.267969 0.155556 0.267969 0.158333 0.265625 0.158333 0.267188 0.161111 0.271094 0.159722 0.267969 0.158333 0.267969 0.155556 0.270313 0.156944 0.271875 0.156944 0.280469 0.155556 0.285156 0.158333 0.296094 0.159722 0.302344 0.158333 0.306250 0.159722 0.307031 0.161111 0.308594 0.162500 0.306250 0.161111 0.305469 0.159722 0.297656 0.159722 0.282813 0.162500 0.289062 0.165278 0.294531 0.165278 0.295312 0.166667 0.300000 0.166667 0.300781 0.165278 0.305469 0.165278 0.309375 0.168056 0.312500 0.166667 0.310156 0.163889 0.311719 0.165278 0.313281 0.166667 0.314844 0.166667 0.319531 0.173611 0.317969 0.173611 0.316406 0.170833 0.314844 0.172222 0.316406 0.175000 0.317969 0.173611 0.319531 0.173611 0.321094 0.175000 0.322656 0.176389 0.324219 0.176389 0.325781 0.177778 0.327344 0.179167 0.328906 0.181944 0.328906 0.183333 0.329688 0.184722 0.331250 0.186111 0.333594 0.187500 0.332031 0.190278 0.330469 0.191667 0.332031 0.194444 0.333594 0.193056 0.332031 0.190278 0.333594 0.187500 0.336719 0.194444 0.337500 0.195833 0.338281 0.197222 0.339062 0.198611 0.340625 0.200000 0.342187 0.200000 0.342969 0.202778 0.344531 0.201389 0.346094 0.205556 0.346875 0.204167 0.350781 0.209722 0.353125 0.212500 0.354687 0.212500 0.356250 0.215278 0.357812 0.215278 0.359375 0.216667 0.358594 0.218056 0.356250 0.219444 0.357031 0.222222 0.358594 0.225000 0.359375 0.227778 0.359375 0.236111 0.364063 0.236111 0.364844 0.234722 0.366406 0.233333 0.362500 0.231944 0.360938 0.226389 0.360156 0.219444 0.358594 0.218056 0.359375 0.216667 0.362500 0.223611 0.364063 0.226389 0.365625 0.227778 0.368750 0.229167 0.372656 0.229167 0.374219 0.231944 0.375000 0.236111 0.376563 0.240278 0.378906 0.241667 0.380469 0.244444 0.382031 0.245833 0.383594 0.247222 0.385937 0.247222 0.389844 0.245833 0.392188 0.248611 0.393750 0.247222 0.396094 0.244444 0.394531 0.245833 0.391406 0.250000 0.391406 0.254167 0.389844 0.251389 0.387500 0.250000 0.384375 0.250000 0.381250 0.248611 0.376563 0.245833 0.374219 0.244444 0.371094 0.238889 0.368750 0.238889 0.364844 0.237500 0.364063 0.243056 0.362500 0.244444 0.363281 0.248611 0.364844 0.250000 0.368750 0.248611 0.368750 0.247222 0.370312 0.245833 0.371094 0.250000 0.376563 0.250000 0.383594 0.254167 0.383594 0.255556 0.385156 0.258333 0.387500 0.256944 0.385937 0.255556 0.383594 0.255556 0.383594 0.254167 0.386719 0.254167 0.387500 0.258333 0.399219 0.259722 0.400000 0.261111 0.401562 0.261111 0.400000 0.265278 0.403906 0.266667 0.404687 0.270833 0.406250 0.272222 0.413281 0.272222 0.419531 0.275000 0.419531 0.276389 0.422656 0.276389 0.424219 0.280556 0.425000 0.279167 0.424219 0.288889 0.425781 0.294444 0.426563 0.286111 0.425000 0.279167 0.424219 0.280556 0.425000 0.276389 0.427344 0.280556 0.428125 0.284722 0.428906 0.287500 0.432031 0.288889 0.430469 0.291667 0.435937 0.294444 0.436719 0.295833 0.439844 0.297222 0.448437 0.298611 0.450000 0.295833 0.454688 0.301389 0.453906 0.301389 0.452344 0.298611 0.450781 0.300000 0.452344 0.302778 0.453906 0.301389 0.454688 0.301389 0.453906 0.302778 0.456250 0.306944 0.457813 0.305556 0.456250 0.301389 0.458594 0.302778 0.459375 0.305556 0.463281 0.305556 0.464062 0.308333 0.460938 0.306944 0.462500 0.313889 0.464062 0.315278 0.464844 0.315278 0.467187 0.315278 0.465625 0.312500 0.464844 0.315278 0.464062 0.315278 0.464062 0.311111 0.466406 0.312500 0.467969 0.316667 0.469531 0.318056 0.470313 0.322222 0.471875 0.326389 0.469531 0.320833 0.467969 0.327778 0.467187 0.341667 0.467187 0.366667 0.469531 0.368056 0.471094 0.370833 0.475000 0.369444 0.473438 0.366667 0.471875 0.359722 0.469531 0.355556 0.468750 0.351389 0.468750 0.345833 0.470313 0.337500 0.470313 0.330556 0.471875 0.329167 0.471875 0.333333 0.471094 0.338889 0.469531 0.343056 0.469531 0.350000 0.472656 0.355556 0.473438 0.358333 0.473438 0.361111 0.474219 0.363889 0.475000 0.365278 0.475781 0.365278 0.477344 0.368056 0.477344 0.369444 0.479687 0.373611 0.482812 0.375000 0.483594 0.376389 0.484375 0.376389 0.486719 0.379167 0.484375 0.380556 0.479687 0.380556 0.478906 0.376389 0.477344 0.372222 0.475781 0.369444 0.474219 0.370833 0.475000 0.375000 0.474219 0.381944 0.472656 0.383333 0.475000 0.386111 0.478906 0.390278 0.480469 0.390278 0.482031 0.391667 0.482812 0.393056 0.483594 0.395833 0.484375 0.398611 0.484375 0.412500 0.483594 0.418056 0.483594 0.422222 0.483594 0.422222 0.485156 0.425000 0.486719 0.423611 0.485156 0.420833 0.483594 0.422222 0.483594 0.422222 0.488281 0.419444 0.489063 0.422222 0.489844 0.425000 0.489063 0.425000 0.485938 0.425000 0.488281 0.429167 0.489063 0.425000 0.489844 0.425000 0.490625 0.429167 0.488281 0.430556 0.485938 0.426389 0.484375 0.426389 0.483594 0.430556 0.481250 0.429167 0.483594 0.426389 0.482031 0.423611 0.481250 0.418056 0.479687 0.415278 0.478125 0.418056 0.471875 0.409722 0.468750 0.401389 0.467187 0.400000 0.466406 0.402778 0.464844 0.405556 0.464844 0.402778 0.462500 0.401389 0.458594 0.404167 0.454688 0.400000 0.452344 0.404167 0.451562 0.401389 0.450000 0.398611 0.448437 0.398611 0.447656 0.402778 0.444531 0.401389 0.441406 0.404167 0.440625 0.409722 0.439063 0.411111 0.437500 0.409722 0.434375 0.413889 0.432812 0.418056 0.425000 0.416667 0.423438 0.419444 0.422656 0.422222 0.421875 0.418056 0.419531 0.426389 0.418750 0.434722 0.416406 0.438889 0.414844 0.440278 0.414062 0.437500 0.412500 0.436111 0.410938 0.436111 0.409375 0.430556 0.406250 0.436111 0.406250 0.438889 0.408594 0.443056 0.410156 0.444444 0.412500 0.444444 0.414844 0.440278 0.416406 0.438889 0.416406 0.441667 0.418750 0.447222 0.418750 0.450000 0.417969 0.451389 0.417969 0.454167 0.419531 0.459722 0.419531 0.463889 0.420312 0.465278 0.420312 0.468056 0.419531 0.469444 0.419531 0.472222 0.414062 0.470833 0.410938 0.470833 0.407813 0.472222 0.406250 0.475000 0.408594 0.480556 0.408594 0.483333 0.405469 0.487500 0.405469 0.490278 0.407031 0.493056 0.407813 0.490278 0.408594 0.488889 0.411719 0.484722 0.411719 0.477778 0.412500 0.480556 0.413281 0.481944 0.413281 0.484722 0.411719 0.487500 0.409375 0.490278 0.408594 0.493056 0.409375 0.502778 0.407031 0.509722 0.406250 0.513889 0.407031 0.518056 0.406250 0.520833 0.404687 0.519444 0.402344 0.513889 0.403125 0.512500 0.404687 0.509722 0.404687 0.505556 0.406250 0.501389 0.406250 0.498611 0.403906 0.497222 0.402344 0.498611 0.400000 0.502778 0.399219 0.508333 0.400000 0.513889 0.403125 0.512500 0.402344 0.513889 0.400000 0.516667 0.400000 0.519444 0.400781 0.523611 0.403906 0.527778 0.404687 0.529167 0.405469 0.531944 0.405469 0.534722 0.404687 0.541667 0.404687 0.552778 0.407813 0.558333 0.410938 0.556944 0.414062 0.554167 0.415625 0.552778 0.418750 0.554167 0.419531 0.551389 0.424219 0.551389 0.425000 0.554167 0.427344 0.555556 0.431250 0.552778 0.438281 0.552778 0.442188 0.554167 0.443750 0.552778 0.445312 0.552778 0.446875 0.550000 0.450000 0.554167 0.451562 0.552778 0.452344 0.552778 0.453125 0.548611 0.450000 0.547222 0.450000 0.541667 0.452344 0.541667 0.453125 0.547222 0.456250 0.545833 0.457813 0.548611 0.456250 0.551389 0.460938 0.552778 0.462500 0.550000 0.463281 0.550000 0.464062 0.548611 0.464062 0.547222 0.464062 0.541667 0.462500 0.538889 0.460938 0.541667 0.460156 0.544444 0.460156 0.548611 0.457813 0.548611 0.456250 0.545833 0.456250 0.543056 0.453906 0.540278 0.453906 0.531944 0.455469 0.531944 0.456250 0.530556 0.460156 0.530556 0.460938 0.526389 0.461719 0.523611 0.463281 0.523611 0.465625 0.525000 0.467969 0.529167 0.471094 0.529167 0.473438 0.526389 0.476562 0.526389 0.478125 0.541667 0.476562 0.544444 0.478125 0.547222 0.479687 0.544444 0.478125 0.541667 0.476562 0.526389 0.482812 0.527778 0.487500 0.519444 0.488281 0.516667 0.497656 0.526389 0.494531 0.520833 0.494531 0.509722 0.492969 0.506944 0.495312 0.502778 0.493750 0.500000 0.492969 0.506944 0.494531 0.509722 0.495312 0.509722 0.498437 0.511111 0.499219 0.509722 0.503125 0.508333 0.503125 0.506944 0.503125 0.502778 0.501563 0.501389 0.500781 0.506944 0.499219 0.502778 0.499219 0.501389 0.500781 0.502778 0.503906 0.500000 0.503125 0.497222 0.501563 0.494444 0.500781 0.494444 0.500000 0.493056 0.499219 0.490278 0.499219 0.501389 0.499219 0.502778 0.498437 0.506944 0.495312 0.509722 0.494531 0.509722 0.492969 0.511111 0.492969 0.520833 0.493750 0.516667 0.494531 0.520833 0.497656 0.526389 0.496875 0.537500 0.497656 0.541667 0.500000 0.543056 0.501563 0.540278 0.500000 0.536111 0.503125 0.536111 0.504687 0.533333 0.505469 0.529167 0.507812 0.527778 0.505469 0.522222 0.503906 0.522222 0.501563 0.523611 0.500781 0.522222 0.501563 0.519444 0.504687 0.518056 0.502344 0.515278 0.503125 0.511111 0.501563 0.509722 0.500000 0.509722 0.499219 0.519444 0.500781 0.522222 0.501563 0.523611 0.499219 0.523611 0.497656 0.526389 0.488281 0.516667 0.485156 0.512500 0.484375 0.506944 0.482031 0.502778 0.485156 0.501389 0.485938 0.500000 0.485938 0.498611 0.487500 0.495833 0.488281 0.490278 0.487500 0.487500 0.487500 0.486111 0.486719 0.484722 0.485938 0.484722 0.484375 0.481944 0.484375 0.479167 0.482812 0.476389 0.481250 0.475000 0.483594 0.475000 0.486719 0.476389 0.488281 0.475000 0.489063 0.473611 0.489063 0.472222 0.488281 0.466667 0.488281 0.462500 0.489063 0.458333 0.489844 0.452778 0.491406 0.451389 0.492188 0.447222 0.491406 0.444444 0.490625 0.443056 0.489844 0.443056 0.488281 0.433333 0.490625 0.433333 0.490625 0.440278 0.491406 0.443056 0.492969 0.444444 0.492969 0.448611 0.495312 0.450000 0.496875 0.455556 0.498437 0.452778 0.498437 0.444444 0.496875 0.437500 0.496094 0.443056 0.494531 0.437500 0.493750 0.438889 0.492188 0.437500 0.494531 0.431944 0.492188 0.427778 0.492969 0.425000 0.493750 0.420833 0.492969 0.413889 0.491406 0.411111 0.489063 0.409722 0.489844 0.408333 0.487500 0.404167 0.486719 0.401389 0.486719 0.397222 0.490625 0.397222 0.490625 0.400000 0.494531 0.401389 0.496094 0.400000 0.497656 0.397222 0.498437 0.393056 0.498437 0.390278 0.500000 0.391667 0.500781 0.388889 0.500781 0.400000 0.502344 0.402778 0.503906 0.402778 0.504687 0.398611 0.506250 0.395833 0.508594 0.397222 0.508594 0.401389 0.509375 0.405556 0.513281 0.408333 0.515625 0.408333 0.517188 0.409722 0.518750 0.412500 0.522656 0.415278 0.525781 0.416667 0.530469 0.416667 0.531250 0.415278 0.535937 0.415278 0.535937 0.418056 0.539844 0.420833 0.543750 0.426389 0.546875 0.430556 0.550781 0.438889 0.552344 0.441667 0.553125 0.436111 0.553906 0.433333 0.555469 0.434722 0.554688 0.440278 0.558594 0.448611 0.559375 0.448611 0.562500 0.454167 0.562500 0.459722 0.559375 0.466667 0.558594 0.469444 0.557813 0.472222 0.557813 0.476389 0.556250 0.480556 0.557813 0.483333 0.558594 0.484722 0.559375 0.491667 0.558594 0.506944 0.556250 0.508333 0.555469 0.511111 0.555469 0.522222 0.553125 0.522222 0.552344 0.523611 0.543750 0.523611 0.542188 0.526389 0.541406 0.526389 0.540625 0.527778 0.539844 0.530556 0.539062 0.533333 0.538281 0.537500 0.537500 0.548611 0.537500 0.552778 0.538281 0.575000 0.539062 0.584722 0.541406 0.591667 0.542188 0.595833 0.542969 0.600000 0.542969 0.608333 0.544531 0.613889 0.546875 0.619444 0.545312 0.619444 0.543750 0.620833 0.540625 0.623611 0.538281 0.626389 0.539062 0.630556 0.537500 0.631944 0.535937 0.633333 0.530469 0.633333 0.531250 0.630556 0.532031 0.626389 0.530469 0.623611 0.528906 0.623611 0.527344 0.626389 0.530469 0.627778 0.531250 0.630556 0.530469 0.633333 0.527344 0.630556 0.525781 0.630556 0.517188 0.631944 0.516406 0.629167 0.516406 0.620833 0.513281 0.620833 0.514062 0.627778 0.510156 0.629167 0.514062 0.630556 0.510938 0.630556 0.508594 0.629167 0.505469 0.630556 0.505469 0.633333 0.505469 0.627778 0.503906 0.627778 0.502344 0.625000 0.502344 0.623611 0.504687 0.626389 0.506250 0.623611 0.504687 0.620833 0.502344 0.623611 0.502344 0.625000 0.500781 0.620833 0.498437 0.623611 0.499219 0.627778 0.499219 0.625000 0.495312 0.619444 0.496094 0.618056 0.492969 0.612500 0.491406 0.611111 0.489844 0.609722 0.487500 0.612500 0.485938 0.613889 0.484375 0.609722 0.485156 0.605556 0.483594 0.602778 0.482031 0.602778 0.485156 0.602778 0.486719 0.605556 0.489844 0.605556 0.492969 0.611111 0.496094 0.612500 0.499219 0.612500 0.500781 0.609722 0.500000 0.602778 0.493750 0.595833 0.490625 0.595833 0.489063 0.594444 0.489844 0.590278 0.488281 0.588889 0.487500 0.581944 0.485938 0.580556 0.484375 0.580556 0.489063 0.577778 0.492188 0.579167 0.493750 0.577778 0.494531 0.573611 0.496875 0.569444 0.497656 0.566667 0.496875 0.562500 0.494531 0.566667 0.492188 0.566667 0.491406 0.572222 0.489063 0.573611 0.486719 0.569444 0.484375 0.572222 0.484375 0.573611 0.482812 0.576389 0.485156 0.577778 0.483594 0.577778 0.482812 0.576389 0.478125 0.575000 0.471875 0.573611 0.471875 0.572222 0.470313 0.569444 0.468750 0.572222 0.467969 0.576389 0.468750 0.577778 0.466406 0.580556 0.463281 0.576389 0.460156 0.575000 0.455469 0.573611 0.450000 0.572222 0.443750 0.573611 0.438281 0.572222 0.435156 0.569444 0.430469 0.568056 0.421875 0.568056 0.415625 0.565278 0.407813 0.565278 0.405469 0.561111 0.400781 0.559722 0.398438 0.559722 0.397656 0.562500 0.394531 0.562500 0.393750 0.556944 0.390625 0.559722 0.389844 0.563889 0.385937 0.563889 0.384375 0.561111 0.368750 0.561111 0.367188 0.561111 0.363281 0.562500 0.360938 0.566667 0.359375 0.563889 0.351562 0.566667 0.347656 0.566667 0.345313 0.563889 0.342187 0.566667 0.339062 0.572222 0.339062 0.577778 0.339062 0.569444 0.336719 0.565278 0.333594 0.570833 0.333594 0.570833 0.331250 0.566667 0.329688 0.565278 0.329688 0.563889 0.331250 0.561111 0.331250 0.558333 0.333594 0.555556 0.335938 0.554167 0.336719 0.550000 0.333594 0.548611 0.334375 0.531944 0.335938 0.523611 0.337500 0.522222 0.338281 0.515278 0.335938 0.519444 0.337500 0.522222 0.335938 0.523611 0.335156 0.527778 0.334375 0.529167 0.334375 0.531944 0.333594 0.548611 0.333594 0.555556 0.331250 0.558333 0.329688 0.563889 0.329688 0.565278 0.326562 0.573611 0.325000 0.570833 0.322656 0.568056 0.321094 0.566667 0.319531 0.565278 0.317969 0.565278 0.316406 0.563889 0.316406 0.559722 0.312500 0.561111 0.307031 0.559722 0.305469 0.556944 0.303906 0.555556 0.299219 0.555556 0.298438 0.552778 0.295312 0.551389 0.293750 0.554167 0.289062 0.552778 0.284375 0.550000 0.281250 0.550000 0.278906 0.552778 0.271875 0.552778 0.270313 0.556944 0.268750 0.552778 0.267969 0.555556 0.261719 0.544444 0.263281 0.540278 0.262500 0.534722 0.263281 0.533333 0.264062 0.526389 0.260156 0.519444 0.260156 0.516667 0.261719 0.511111 0.260937 0.500000 0.259375 0.497222 0.260156 0.494444 0.259375 0.490278 0.260937 0.484722 0.260156 0.475000 0.260156 0.469444 0.258594 0.468056 0.257031 0.468056 0.256250 0.461111 0.250000 0.459722 0.248438 0.458333 0.248438 0.454167 0.246094 0.452778 0.243750 0.450000 0.239063 0.451389 0.234375 0.455556 0.232813 0.459722 0.231250 0.459722 0.231250 0.455556 0.228906 0.454167 0.227344 0.451389 0.225000 0.450000 0.219531 0.451389 0.218750 0.455556 0.217969 0.456944 0.216406 0.458333 0.215625 0.458333 0.214062 0.459722 0.213281 0.461111 0.212500 0.465278 0.208594 0.463889 0.204687 0.463889 0.197656 0.466667 0.194531 0.465278 0.192188 0.466667 0.190625 0.469444 0.187500 0.470833 0.185156 0.475000 0.186719 0.477778 0.185156 0.479167 0.181250 0.479167 0.180469 0.480556 0.177344 0.480556 0.174219 0.477778 0.160156 0.477778 0.156250 0.480556 0.154688 0.480556 0.150781 0.477778 0.148438 0.477778 0.142969 0.479167 0.135156 0.476389 0.134375 0.490278 0.139063 0.498611 0.138281 0.509722 0.135156 0.502778 0.136719 0.498611 0.135156 0.497222 0.134375 0.495833 0.129688 0.493056 0.118750 0.493056 0.117969 0.490278 0.114062 0.488889 0.105469 0.487500 0.103906 0.488889 0.103125 0.491667 0.095312 0.493056 0.094531 0.487500 0.094531 0.475000 0.095312 0.463889 0.092969 0.461111 0.095312 0.458333 0.095312 0.455556 0.093750 0.454167 0.095312 0.450000 0.097656 0.447222 0.096094 0.443056 0.096094 0.440278 0.097656 0.437500 0.096875 0.430556 0.099219 0.427778 0.097656 0.425000 0.099219 0.422222 0.097656 0.420833 0.098437 0.418056 0.099219 0.413889 0.099219 0.411111 0.097656 0.409722 0.098437 0.406944 0.099219 0.402778 0.098437 0.397222 0.101562 0.393056 0.102344 0.390278 0.102344 0.377778 0.105469 0.368056 0.106250 0.363889 0.106250 0.356944 0.107813 0.350000 0.107813 0.336111 0.107031 0.330556 0.108594 0.329167 0.109375 0.325000 0.108594 0.319444 0.109375 0.304167 0.110156 0.300000 0.112500 0.293056 0.112500 0.290278 0.110937 0.288889 0.110937 0.283333 0.112500 0.281944 0.110937 0.277778 0.110937 0.270833 0.112500 0.268056 0.110937 0.266667 0.112500 0.262500 0.114062 0.259722 0.113281 0.255556 0.111719 0.251389 0.112500 0.243056 0.112500 0.240278 0.114844 0.236111 0.112500 0.233333 0.112500 0.230556 0.114062 0.227778 0.114062 0.225000 0.112500 0.220833 0.114062 0.222222 0.117969 0.220833 0.114062 0.215278 0.116406 0.209722 0.114062 0.205556 0.112500 0.209722 0.112500 0.204167 0.114062 0.204167 0.116406 0.200000 0.118750 0.201389 0.121094 0.197222 0.118750 0.193056 0.114844 0.193056 0.114844 0.190278 0.122656 0.187500 0.121094 0.184722 0.118750 0.181944 0.117188 0.183333 0.119531 0.180556 0.117188 0.179167 0.116406 0.169444 0.117969 0.169444 0.117969 0.165278 0.117188 0.163889 0.118750 0.159722 0.117969 0.154167 0.119531 0.150000 0.118750 0.140278 0.120313 0.138889 0.120313 0.133333 0.121094 0.131944 0.122656 0.126389 0.121094 0.125000 0.121094 0.120833 0.122656 0.119444 0.121875 0.111111 0.123438 0.109722 0.124219 0.102778 0.125000 0.090278 0.126562 0.088889 0.128125 0.088889 0.129688 0.084722 0.128906 0.084722 0.126562 0.081944 0.125000 0.077778 0.126562 0.080556 0.130469 0.084722 0.131250 0.081944 0.132812 0.080556 0.132812 0.073611 0.133594 0.070833 0.134375 0.068056 0.135156 0.075000 0.135156 0.087500 0.136719 0.088889 0.139844 0.087500 0.138281 0.083333 0.139063 0.066667 0.136719 0.062500 0.132812 0.061111 0.128906 0.056944 0.128906 0.045833 0.130469 0.037500 0.132812 0.041667
21 0.501563 0.527778 0.502344 0.530556 0.500000 0.531944 0.502344 0.531944 0.503125 0.529167 0.501563 0.527778
21 0.037500 0.009722 0.037500 0.013889 0.036719 0.015278 0.036719 0.020833 0.036719 0.016667 0.037500 0.015278 0.037500 0.009722
21 0.668750 0.002778 0.669531 0.009722 0.667188 0.016667 0.666406 0.019444 0.667188 0.016667 0.669531 0.012500 0.670312 0.009722 0.670312 0.006944 0.671875 0.004167 0.672656 0.000000 0.668750 0.002778
21 0.235156 0.000000 0.235156 0.005556 0.237500 0.005556 0.238281 0.008333 0.239844 0.008333 0.240625 0.008333 0.242188 0.012500 0.245312 0.012500 0.246875 0.009722 0.251563 0.009722 0.253125 0.009722 0.255469 0.008333 0.257812 0.005556 0.263281 0.005556 0.270313 0.002778 0.273438 0.000000 0.276562 0.000000 0.235156 0.000000
21 0.153125 0.000000 0.151562 0.004167 0.149219 0.006944 0.147656 0.009722 0.146875 0.011111 0.142969 0.013889 0.141406 0.018056 0.140625 0.018056 0.139063 0.020833 0.142969 0.020833 0.144531 0.018056 0.146875 0.018056 0.150781 0.012500 0.151562 0.012500 0.152344 0.011111 0.152344 0.009722 0.153906 0.006944 0.153125 0.004167 0.155469 0.002778 0.153125 0.000000
21 0.037500 0.000000 0.036719 0.006944 0.035156 0.013889 0.034375 0.020833 0.035156 0.029167 0.035937 0.023611 0.036719 0.029167 0.035937 0.031944 0.037500 0.033333 0.038281 0.036111 0.038281 0.041667 0.036719 0.056944 0.036719 0.065278 0.039062 0.069444 0.042188 0.070833 0.046875 0.070833 0.051562 0.073611 0.069531 0.075000 0.081250 0.075000 0.092969 0.073611 0.092188 0.068056 0.091406 0.065278 0.094531 0.062500 0.098437 0.061111 0.096875 0.059722 0.100781 0.062500 0.100781 0.065278 0.099219 0.070833 0.105469 0.073611 0.110156 0.076389 0.113281 0.072222 0.114062 0.062500 0.114062 0.056944 0.112500 0.051389 0.113281 0.048611 0.117188 0.050000 0.117188 0.052778 0.116406 0.066667 0.114844 0.072222 0.114062 0.079167 0.112500 0.102778 0.110156 0.118056 0.109375 0.126389 0.109375 0.143056 0.108594 0.150000 0.106250 0.154167 0.107031 0.162500 0.105469 0.168056 0.105469 0.177778 0.103906 0.186111 0.103906 0.184722 0.104688 0.180556 0.102344 0.180556 0.103906 0.184722 0.103906 0.186111 0.103906 0.195833 0.103125 0.205556 0.102344 0.206944 0.102344 0.209722 0.101562 0.205556 0.100781 0.211111 0.101562 0.219444 0.100000 0.225000 0.100000 0.236111 0.098437 0.244444 0.098437 0.259722 0.096094 0.270833 0.095312 0.276389 0.095312 0.283333 0.093750 0.290278 0.092969 0.297222 0.092969 0.315278 0.092188 0.319444 0.090625 0.322222 0.089844 0.326389 0.090625 0.334722 0.089844 0.336111 0.089844 0.343056 0.087500 0.348611 0.086719 0.351389 0.086719 0.363889 0.085156 0.365278 0.085156 0.368056 0.085938 0.373611 0.085156 0.380556 0.084375 0.384722 0.082031 0.388889 0.081250 0.394444 0.081250 0.401389 0.079687 0.408333 0.079687 0.415278 0.078125 0.422222 0.077344 0.430556 0.077344 0.441667 0.075781 0.447222 0.075781 0.445833 0.073438 0.447222 0.075000 0.450000 0.075781 0.445833 0.075781 0.447222 0.075781 0.454167 0.074219 0.461111 0.074219 0.469444 0.071875 0.473611 0.073438 0.477778 0.073438 0.481944 0.072656 0.488889 0.071875 0.495833 0.071094 0.500000 0.070312 0.505556 0.068750 0.508333 0.068750 0.511111 0.068750 0.516667 0.066406 0.520833 0.067187 0.522222 0.066406 0.525000 0.062500 0.527778 0.060156 0.527778 0.057813 0.515278 0.057031 0.512500 0.053125 0.505556 0.051562 0.504167 0.049219 0.504167 0.045312 0.500000 0.043750 0.498611 0.042188 0.501389 0.043750 0.498611 0.044531 0.495833 0.045312 0.493056 0.046094 0.484722 0.046094 0.473611 0.046875 0.465278 0.047656 0.459722 0.049219 0.455556 0.049219 0.450000 0.050000 0.444444 0.052344 0.441667 0.053906 0.434722 0.053906 0.423611 0.054688 0.418056 0.057031 0.408333 0.057031 0.402778 0.059375 0.394444 0.060156 0.391667 0.059375 0.388889 0.056250 0.384722 0.054688 0.377778 0.056250 0.372222 0.056250 0.368056 0.055469 0.362500 0.054688 0.359722 0.053906 0.358333 0.062500 0.337500 0.064062 0.334722 0.064844 0.334722 0.066406 0.331944 0.066406 0.327778 0.068750 0.320833 0.068750 0.316667 0.070312 0.313889 0.071094 0.305556 0.071875 0.294444 0.071875 0.288889 0.071094 0.273611 0.070312 0.269444 0.069531 0.265278 0.067969 0.262500 0.066406 0.263889 0.065625 0.266667 0.064844 0.270833 0.062500 0.288889 0.061719 0.295833 0.059375 0.318056 0.058594 0.326389 0.058594 0.329167 0.059375 0.331944 0.060156 0.333333 0.060937 0.334722 0.062500 0.337500 0.053906 0.358333 0.052344 0.356944 0.050000 0.363889 0.049219 0.368056 0.049219 0.375000 0.048438 0.381944 0.047656 0.384722 0.043750 0.394444 0.042969 0.397222 0.042188 0.402778 0.042188 0.411111 0.041406 0.413889 0.039844 0.416667 0.039062 0.419444 0.038281 0.431944 0.036719 0.456944 0.035937 0.472222 0.035937 0.491667 0.035156 0.495833 0.033594 0.498611 0.029687 0.498611 0.028906 0.497222 0.024219 0.497222 0.018750 0.494444 0.009375 0.493056 0.000000 0.493056 0.000000 0.000000 0.037500 0.000000
24 0.072656 0.983333 0.075000 0.987500 0.077344 0.987500 0.078906 0.988889 0.078906 0.991667 0.078906 0.998611 0.059375 0.998611 0.060156 0.993056 0.059375 0.991667 0.060156 0.988889 0.063281 0.984722 0.064844 0.988889 0.063281 0.993056 0.064844 0.995833 0.067187 0.993056 0.064844 0.988889 0.063281 0.984722 0.067969 0.986111 0.069531 0.986111 0.072656 0.983333
24 0.032813 0.963889 0.030469 0.966667 0.028906 0.973611 0.030469 0.975000 0.031250 0.977778 0.032813 0.979167 0.037500 0.980556 0.039062 0.979167 0.040625 0.976389 0.042969 0.975000 0.042969 0.970833 0.039844 0.972222 0.038281 0.969444 0.039062 0.968056 0.037500 0.965278 0.036719 0.965278 0.035156 0.962500 0.032813 0.963889
24 0.550000 0.737500 0.550000 0.741667 0.550781 0.743056 0.550781 0.747222 0.550781 0.741667 0.550000 0.740278 0.550000 0.737500
24 0.534375 0.723611 0.533594 0.725000 0.532031 0.725000 0.533594 0.726389 0.532031 0.727778 0.532813 0.734722 0.533594 0.740278 0.534375 0.741667 0.533594 0.745833 0.535937 0.747222 0.535937 0.744444 0.536719 0.743056 0.536719 0.733333 0.538281 0.729167 0.539062 0.723611 0.534375 0.723611
24 0.648438 0.715278 0.647656 0.719444 0.650000 0.718056 0.650781 0.719444 0.653125 0.719444 0.653125 0.716667 0.648438 0.715278
24 0.634375 0.679167 0.633594 0.681944 0.635156 0.686111 0.635938 0.683333 0.634375 0.679167
24 0.061719 0.634722 0.058594 0.637500 0.057813 0.640278 0.057031 0.645833 0.057031 0.662500 0.055469 0.669444 0.055469 0.679167 0.053125 0.686111 0.053906 0.691667 0.053906 0.694444 0.052344 0.697222 0.051562 0.702778 0.051562 0.709722 0.050000 0.716667 0.050000 0.726389 0.049219 0.731944 0.047656 0.736111 0.045312 0.741667 0.044531 0.743056 0.042969 0.744444 0.039062 0.745833 0.038281 0.751389 0.040625 0.754167 0.038281 0.758333 0.037500 0.768056 0.039062 0.772222 0.037500 0.777778 0.039844 0.779167 0.039844 0.772222 0.041406 0.769444 0.042188 0.772222 0.042969 0.776389 0.046094 0.777778 0.042188 0.779167 0.043750 0.780556 0.044531 0.786111 0.046875 0.787500 0.051562 0.787500 0.052344 0.788889 0.054688 0.788889 0.054688 0.786111 0.056250 0.784722 0.058594 0.783333 0.060156 0.780556 0.055469 0.781944 0.053125 0.779167 0.057813 0.777778 0.058594 0.776389 0.060156 0.776389 0.060156 0.773611 0.060937 0.772222 0.061719 0.766667 0.063281 0.768056 0.065625 0.766667 0.064844 0.763889 0.066406 0.759722 0.063281 0.754167 0.063281 0.748611 0.064844 0.745833 0.065625 0.741667 0.064062 0.738889 0.064844 0.733333 0.066406 0.730556 0.069531 0.729167 0.067969 0.723611 0.069531 0.722222 0.068750 0.713889 0.070312 0.709722 0.070312 0.704167 0.071875 0.698611 0.071094 0.688889 0.072656 0.684722 0.071875 0.683333 0.072656 0.680556 0.074219 0.679167 0.073438 0.675000 0.075000 0.670833 0.075781 0.658333 0.075781 0.655556 0.075781 0.652778 0.075000 0.650000 0.078906 0.643056 0.078906 0.640278 0.078125 0.638889 0.078125 0.636111 0.075781 0.636111 0.074219 0.638889 0.072656 0.636111 0.067187 0.634722 0.061719 0.634722
24 0.771875 0.633333 0.770312 0.636111 0.767969 0.641667 0.767188 0.644444 0.765625 0.652778 0.767969 0.655556 0.770312 0.656944 0.771875 0.656944 0.775000 0.654167 0.775781 0.651389 0.775781 0.644444 0.777344 0.641667 0.775781 0.640278 0.775781 0.636111 0.775000 0.633333 0.771875 0.633333
24 0.326562 0.622222 0.327344 0.625000 0.328906 0.626389 0.331250 0.626389 0.328906 0.626389 0.328125 0.623611 0.326562 0.622222
24 0.555469 0.620833 0.557031 0.623611 0.557813 0.625000 0.558594 0.627778 0.558594 0.630556 0.557813 0.633333 0.555469 0.638889 0.553906 0.643056 0.553906 0.643056 0.554688 0.638889 0.553906 0.634722 0.552344 0.631944 0.551562 0.640278 0.553906 0.643056 0.553906 0.643056 0.557031 0.648611 0.557031 0.662500 0.556250 0.665278 0.551562 0.675000 0.550781 0.680556 0.550000 0.688889 0.549219 0.698611 0.549219 0.709722 0.548438 0.711111 0.546875 0.713889 0.549219 0.718056 0.546875 0.720833 0.548438 0.723611 0.548438 0.726389 0.548438 0.729167 0.547656 0.747222 0.546875 0.756944 0.544531 0.773611 0.542969 0.779167 0.541406 0.780556 0.539844 0.780556 0.537500 0.776389 0.537500 0.769444 0.538281 0.745833 0.539844 0.737500 0.539844 0.729167 0.540625 0.722222 0.541406 0.720833 0.540625 0.715278 0.539844 0.719444 0.535937 0.719444 0.534375 0.718056 0.535937 0.715278 0.541406 0.716667 0.541406 0.709722 0.539062 0.712500 0.535156 0.711111 0.542969 0.708333 0.539844 0.702778 0.536719 0.702778 0.537500 0.698611 0.539062 0.694444 0.539062 0.691667 0.539062 0.673611 0.539844 0.670833 0.542969 0.669444 0.539844 0.668056 0.539062 0.665278 0.540625 0.658333 0.539844 0.654167 0.540625 0.651389 0.542188 0.648611 0.545312 0.648611 0.547656 0.644444 0.548438 0.637500 0.550000 0.636111 0.550000 0.630556 0.553906 0.623611 0.553906 0.622222 0.555469 0.620833
24 0.655469 0.587500 0.655469 0.591667 0.657813 0.591667 0.658594 0.588889 0.655469 0.587500
24 0.329688 0.586111 0.328125 0.587500 0.327344 0.593056 0.329688 0.597222 0.328906 0.604167 0.328125 0.609722 0.325781 0.615278 0.327344 0.618056 0.327344 0.619444 0.331250 0.620833 0.331250 0.612500 0.333594 0.608333 0.333594 0.601389 0.332031 0.601389 0.332031 0.597222 0.333594 0.594444 0.335938 0.595833 0.333594 0.598611 0.335938 0.597222 0.336719 0.593056 0.335156 0.590278 0.335156 0.587500 0.333594 0.587500 0.332813 0.586111 0.329688 0.586111
24 0.335938 0.568056 0.334375 0.570833 0.332813 0.572222 0.332031 0.576389 0.335938 0.579167 0.337500 0.584722 0.338281 0.581944 0.338281 0.569444 0.335938 0.568056
24 0.333594 0.550000 0.333594 0.554167 0.335938 0.552778 0.335938 0.550000 0.333594 0.550000
24 0.337500 0.552778 0.337500 0.550000 0.338281 0.547222 0.337500 0.552778
24 0.335938 0.525000 0.335938 0.527778 0.335156 0.529167 0.335938 0.531944 0.335938 0.525000
24 0.052344 0.358333 0.051562 0.361111 0.050781 0.363889 0.050000 0.368056 0.050000 0.375000 0.049219 0.381944 0.048438 0.384722 0.044531 0.394444 0.043750 0.397222 0.042969 0.402778 0.042969 0.411111 0.042188 0.413889 0.040625 0.416667 0.039844 0.419444 0.039062 0.431944 0.037500 0.456944 0.036719 0.472222 0.036719 0.491667 0.035937 0.495833 0.032813 0.500000 0.035937 0.504167 0.035937 0.511111 0.035156 0.513889 0.033594 0.516667 0.032813 0.519444 0.032813 0.527778 0.032031 0.531944 0.029687 0.538889 0.028906 0.543056 0.028906 0.554167 0.028125 0.561111 0.027344 0.566667 0.026562 0.570833 0.024219 0.577778 0.024219 0.584722 0.023438 0.590278 0.022656 0.594444 0.021875 0.600000 0.020313 0.602778 0.021094 0.606944 0.019531 0.609722 0.018750 0.615278 0.018750 0.623611 0.016406 0.634722 0.016406 0.641667 0.015625 0.650000 0.014063 0.654167 0.013281 0.658333 0.013281 0.670833 0.012500 0.677778 0.010937 0.683333 0.010937 0.688889 0.009375 0.693056 0.008594 0.697222 0.008594 0.706944 0.007031 0.713889 0.006250 0.716667 0.003906 0.719444 0.003906 0.725000 0.003125 0.726389 0.003125 0.736111 0.001563 0.743056 0.000000 0.743056 0.001563 0.745833 0.003125 0.743056 0.006250 0.743056 0.010156 0.744444 0.013281 0.738889 0.013281 0.731944 0.014844 0.722222 0.014844 0.709722 0.015625 0.702778 0.017188 0.695833 0.017969 0.688889 0.017969 0.680556 0.018750 0.675000 0.019531 0.669444 0.021875 0.662500 0.022656 0.652778 0.025000 0.643056 0.025781 0.636111 0.025781 0.629167 0.026562 0.623611 0.027344 0.616667 0.028125 0.613889 0.028906 0.611111 0.031250 0.606944 0.031250 0.601389 0.030469 0.583333 0.032031 0.579167 0.032031 0.572222 0.033594 0.566667 0.033594 0.556944 0.035937 0.550000 0.036719 0.541667 0.037500 0.526389 0.036719 0.516667 0.037500 0.511111 0.039062 0.504167 0.040625 0.501389 0.043750 0.500000 0.042969 0.497222 0.044531 0.493056 0.045312 0.484722 0.045312 0.473611 0.046094 0.465278 0.046875 0.459722 0.048438 0.455556 0.048438 0.450000 0.049219 0.444444 0.052344 0.440278 0.052344 0.436111 0.053125 0.434722 0.053125 0.423611 0.053906 0.418056 0.056250 0.408333 0.056250 0.402778 0.059375 0.391667 0.058594 0.388889 0.057031 0.386111 0.056250 0.386111 0.054688 0.383333 0.053906 0.377778 0.055469 0.372222 0.055469 0.368056 0.054688 0.362500 0.053906 0.359722 0.052344 0.358333
24 0.667969 0.334722 0.667188 0.334722 0.666406 0.336111 0.665625 0.338889 0.665625 0.343056 0.664062 0.347222 0.663281 0.368056 0.663281 0.372222 0.664062 0.373611 0.664062 0.379167 0.662500 0.381944 0.661719 0.387500 0.660937 0.401389 0.660156 0.408333 0.658594 0.413889 0.657813 0.419444 0.657813 0.423611 0.658594 0.436111 0.657031 0.447222 0.657031 0.461111 0.655469 0.466667 0.654687 0.472222 0.653906 0.472222 0.653125 0.476389 0.654687 0.480556 0.654687 0.483333 0.653906 0.495833 0.653125 0.508333 0.651563 0.516667 0.650781 0.534722 0.650000 0.543056 0.648438 0.552778 0.646094 0.558333 0.646875 0.566667 0.643750 0.572222 0.642969 0.577778 0.642969 0.581944 0.643750 0.593056 0.642969 0.595833 0.639844 0.601389 0.639062 0.604167 0.642188 0.606944 0.642969 0.608333 0.643750 0.611111 0.643750 0.620833 0.642188 0.626389 0.642188 0.638889 0.640625 0.641667 0.639844 0.644444 0.639062 0.654167 0.639062 0.663889 0.637500 0.666667 0.635938 0.666667 0.634375 0.668056 0.634375 0.673611 0.639062 0.675000 0.638281 0.679167 0.637500 0.693056 0.635156 0.695833 0.634375 0.698611 0.634375 0.702778 0.633594 0.705556 0.631250 0.709722 0.631250 0.718056 0.635938 0.719444 0.635156 0.712500 0.636719 0.711111 0.638281 0.713889 0.640625 0.715278 0.642188 0.715278 0.643750 0.712500 0.645312 0.708333 0.646094 0.705556 0.646875 0.694444 0.646875 0.686111 0.648438 0.676389 0.649219 0.679167 0.649219 0.673611 0.650000 0.669444 0.652344 0.663889 0.650000 0.659722 0.650000 0.654167 0.650781 0.640278 0.652344 0.633333 0.652344 0.626389 0.651563 0.625000 0.651563 0.618056 0.652344 0.613889 0.653906 0.611111 0.655469 0.612500 0.654687 0.609722 0.653906 0.605556 0.653125 0.606944 0.652344 0.598611 0.653906 0.593056 0.653125 0.586111 0.654687 0.584722 0.655469 0.581944 0.655469 0.572222 0.657813 0.563889 0.660156 0.559722 0.658594 0.556944 0.658594 0.541667 0.659375 0.526389 0.660937 0.516667 0.660937 0.502778 0.662500 0.494444 0.662500 0.479167 0.663281 0.466667 0.664844 0.451389 0.665625 0.443056 0.666406 0.433333 0.668750 0.429167 0.667969 0.426389 0.668750 0.408333 0.670312 0.400000 0.668750 0.395833 0.668750 0.391667 0.671094 0.390278 0.670312 0.384722 0.671094 0.377778 0.672656 0.376389 0.672656 0.365278 0.671094 0.361111 0.671875 0.347222 0.673438 0.343056 0.671875 0.336111 0.669531 0.333333 0.667969 0.334722
24 0.618750 0.311111 0.617969 0.313889 0.617188 0.313889 0.616406 0.316667 0.617969 0.319444 0.617969 0.329167 0.615625 0.343056 0.612500 0.356944 0.612500 0.361111 0.611719 0.362500 0.611719 0.365278 0.612500 0.366667 0.612500 0.369444 0.610938 0.376389 0.610938 0.391667 0.612500 0.394444 0.610938 0.400000 0.610156 0.401389 0.610156 0.415278 0.608594 0.418056 0.608594 0.426389 0.607812 0.431944 0.606250 0.436111 0.607812 0.443056 0.606250 0.445833 0.605469 0.450000 0.604688 0.454167 0.604688 0.465278 0.603906 0.475000 0.602344 0.483333 0.602344 0.486111 0.603906 0.488889 0.604688 0.497222 0.603906 0.508333 0.602344 0.501389 0.602344 0.504167 0.601562 0.505556 0.600781 0.513889 0.600781 0.523611 0.600000 0.531944 0.597656 0.536111 0.596875 0.545833 0.596875 0.554167 0.595313 0.562500 0.595313 0.577778 0.593750 0.583333 0.592969 0.580556 0.592969 0.583333 0.593750 0.584722 0.593750 0.588889 0.592187 0.595833 0.592187 0.606944 0.591406 0.609722 0.589063 0.615278 0.591406 0.618056 0.591406 0.620833 0.589063 0.625000 0.588281 0.625000 0.586719 0.627778 0.586719 0.634722 0.585156 0.643056 0.585938 0.644444 0.584375 0.645833 0.582812 0.647222 0.585938 0.648611 0.585156 0.655556 0.583594 0.662500 0.584375 0.675000 0.582031 0.687500 0.581250 0.698611 0.580469 0.713889 0.581250 0.722222 0.580469 0.729167 0.581250 0.731944 0.582812 0.733333 0.586719 0.731944 0.586719 0.722222 0.588281 0.720833 0.588281 0.708333 0.589844 0.698611 0.589844 0.687500 0.590625 0.680556 0.591406 0.679167 0.591406 0.675000 0.590625 0.672222 0.588281 0.673611 0.587500 0.668056 0.589063 0.666667 0.592187 0.662500 0.593750 0.662500 0.595313 0.661111 0.596094 0.659722 0.596875 0.656944 0.596875 0.654167 0.596875 0.645833 0.598437 0.647222 0.596875 0.645833 0.597656 0.616667 0.599219 0.615278 0.596875 0.613889 0.599219 0.611111 0.597656 0.609722 0.598437 0.604167 0.600000 0.593056 0.600000 0.572222 0.601562 0.565278 0.600781 0.558333 0.602344 0.551389 0.602344 0.543056 0.603906 0.540278 0.604688 0.537500 0.603125 0.530556 0.605469 0.525000 0.605469 0.522222 0.605469 0.518056 0.605469 0.515278 0.604688 0.506944 0.605469 0.502778 0.607812 0.498611 0.608594 0.495833 0.608594 0.488889 0.610156 0.481944 0.610156 0.473611 0.612500 0.465278 0.613281 0.459722 0.611719 0.458333 0.611719 0.455556 0.612500 0.447222 0.612500 0.434722 0.613281 0.438889 0.613281 0.431944 0.612500 0.430556 0.613281 0.425000 0.614062 0.427778 0.614062 0.416667 0.614062 0.413889 0.616406 0.408333 0.616406 0.404167 0.617969 0.400000 0.617969 0.390278 0.616406 0.387500 0.617969 0.384722 0.618750 0.377778 0.619531 0.370833 0.619531 0.341667 0.621094 0.333333 0.621094 0.326389 0.622656 0.325000 0.623437 0.320833 0.622656 0.316667 0.620313 0.312500 0.618750 0.311111
24 0.606250 0.286111 0.604688 0.287500 0.608594 0.288889 0.607812 0.284722 0.606250 0.286111
24 0.067187 0.263889 0.066406 0.266667 0.065625 0.270833 0.063281 0.288889 0.062500 0.295833 0.060156 0.318056 0.059375 0.326389 0.059375 0.329167 0.060156 0.331944 0.061719 0.333333 0.062500 0.336111 0.064844 0.333333 0.065625 0.327778 0.067969 0.320833 0.067969 0.316667 0.069531 0.313889 0.070312 0.305556 0.071094 0.294444 0.071094 0.288889 0.070312 0.273611 0.069531 0.269444 0.067187 0.263889
24 0.091406 0.001389 0.104688 0.000000 0.107031 0.002778 0.109375 0.004167 0.111719 0.002778 0.116406 0.005556 0.120313 0.005556 0.123438 0.004167 0.124219 0.000000 0.128906 0.000000 0.130469 0.002778 0.132031 0.002778 0.135156 0.000000 0.151562 0.000000 0.149219 0.002778 0.147656 0.005556 0.146875 0.009722 0.142969 0.012500 0.142187 0.013889 0.142187 0.015278 0.136719 0.023611 0.132812 0.026389 0.130469 0.030556 0.129688 0.034722 0.128906 0.038889 0.128125 0.044444 0.127344 0.052778 0.127344 0.056944 0.128125 0.059722 0.126562 0.059722 0.125781 0.065278 0.125781 0.072222 0.125000 0.076389 0.126562 0.083333 0.129688 0.086111 0.129688 0.088889 0.126562 0.087500 0.125000 0.088889 0.123438 0.091667 0.123438 0.102778 0.122656 0.104167 0.122656 0.109722 0.121094 0.111111 0.121875 0.119444 0.120313 0.120833 0.120313 0.125000 0.121875 0.126389 0.119531 0.133333 0.118750 0.138889 0.118750 0.150000 0.117969 0.159722 0.116406 0.163889 0.116406 0.166667 0.117969 0.166667 0.116406 0.168056 0.115625 0.177778 0.117188 0.180556 0.119531 0.181944 0.121094 0.181944 0.119531 0.181944 0.121875 0.187500 0.115625 0.187500 0.114062 0.190278 0.114062 0.193056 0.118750 0.194444 0.120313 0.197222 0.118750 0.200000 0.116406 0.198611 0.114062 0.202778 0.112500 0.202778 0.112500 0.211111 0.113281 0.206944 0.115625 0.209722 0.113281 0.213889 0.117188 0.220833 0.113281 0.219444 0.111719 0.220833 0.113281 0.225000 0.113281 0.227778 0.111719 0.230556 0.111719 0.233333 0.114062 0.236111 0.111719 0.240278 0.111719 0.243056 0.112500 0.255556 0.113281 0.259722 0.111719 0.262500 0.110156 0.266667 0.110156 0.270833 0.110156 0.277778 0.111719 0.281944 0.110156 0.283333 0.110156 0.288889 0.111719 0.290278 0.111719 0.293056 0.109375 0.300000 0.108594 0.304167 0.107813 0.319444 0.108594 0.325000 0.107813 0.329167 0.106250 0.330556 0.107031 0.333333 0.107031 0.336111 0.107031 0.350000 0.105469 0.356944 0.105469 0.363889 0.104688 0.368056 0.101562 0.377778 0.101562 0.390278 0.100781 0.393056 0.098437 0.395833 0.098437 0.400000 0.098437 0.402778 0.097656 0.406944 0.098437 0.411111 0.098437 0.413889 0.097656 0.418056 0.098437 0.422222 0.096875 0.425000 0.098437 0.427778 0.096094 0.430556 0.096875 0.437500 0.095312 0.440278 0.095312 0.443056 0.096875 0.445833 0.096094 0.448611 0.094531 0.450000 0.093750 0.451389 0.094531 0.455556 0.094531 0.458333 0.092188 0.461111 0.093750 0.463889 0.093750 0.473611 0.093750 0.486111 0.094531 0.494444 0.091406 0.495833 0.088281 0.502778 0.087500 0.490278 0.086719 0.501389 0.085938 0.511111 0.084375 0.516667 0.084375 0.531944 0.081250 0.533333 0.078906 0.537500 0.078906 0.540278 0.081250 0.541667 0.081250 0.547222 0.078906 0.550000 0.078906 0.552778 0.080469 0.555556 0.080469 0.562500 0.078906 0.563889 0.079687 0.566667 0.079687 0.568056 0.082812 0.566667 0.082812 0.558333 0.085156 0.554167 0.085938 0.548611 0.085156 0.540278 0.085156 0.537500 0.085938 0.526389 0.086719 0.523611 0.086719 0.527778 0.086719 0.540278 0.088281 0.545833 0.089063 0.561111 0.086719 0.568056 0.085938 0.568056 0.087500 0.563889 0.085156 0.562500 0.083594 0.565278 0.085938 0.568056 0.086719 0.568056 0.084375 0.573611 0.080469 0.569444 0.073438 0.568056 0.071875 0.568056 0.063281 0.570833 0.060937 0.570833 0.058594 0.566667 0.060156 0.563889 0.060937 0.559722 0.063281 0.556944 0.064062 0.554167 0.064844 0.550000 0.065625 0.545833 0.065625 0.536111 0.066406 0.527778 0.067187 0.520833 0.069531 0.516667 0.070312 0.513889 0.069531 0.511111 0.069531 0.508333 0.071094 0.505556 0.071875 0.500000 0.072656 0.495833 0.071875 0.488889 0.073438 0.488889 0.072656 0.484722 0.074219 0.481944 0.074219 0.477778 0.072656 0.473611 0.075000 0.469444 0.075000 0.461111 0.076563 0.454167 0.076563 0.447222 0.078125 0.441667 0.078125 0.430556 0.078906 0.422222 0.080469 0.415278 0.080469 0.408333 0.082031 0.401389 0.082031 0.394444 0.082812 0.388889 0.085156 0.384722 0.085938 0.380556 0.086719 0.373611 0.085938 0.368056 0.085938 0.365278 0.087500 0.363889 0.087500 0.351389 0.088281 0.348611 0.090625 0.343056 0.090625 0.336111 0.091406 0.334722 0.091406 0.329167 0.089844 0.329167 0.090625 0.326389 0.092188 0.323611 0.091406 0.322222 0.092969 0.319444 0.093750 0.315278 0.093750 0.297222 0.094531 0.290278 0.096094 0.283333 0.096094 0.276389 0.096875 0.270833 0.099219 0.259722 0.099219 0.244444 0.100781 0.236111 0.100781 0.225000 0.102344 0.219444 0.101562 0.211111 0.100781 0.213889 0.101562 0.211111 0.101562 0.206944 0.102344 0.211111 0.103906 0.205556 0.104688 0.195833 0.104688 0.186111 0.106250 0.177778 0.106250 0.168056 0.107813 0.162500 0.107031 0.154167 0.109375 0.150000 0.110156 0.143056 0.110156 0.126389 0.110937 0.118056 0.113281 0.102778 0.114844 0.079167 0.115625 0.072222 0.117188 0.066667 0.117969 0.054167 0.117188 0.048611 0.114062 0.047222 0.115625 0.047222 0.117969 0.044444 0.119531 0.041667 0.117969 0.036111 0.117969 0.031944 0.114062 0.025000 0.112500 0.023611 0.110937 0.023611 0.107031 0.016667 0.107031 0.015278 0.103906 0.009722 0.102344 0.011111 0.101562 0.008333 0.098437 0.009722 0.096875 0.008333 0.095312 0.006944 0.094531 0.002778 0.093750 0.001389 0.091406 0.001389 0.089844 0.000000 0.091406 0.001389
30 0.489844 0.611111 0.487500 0.613889 0.486719 0.613889 0.485156 0.615278 0.484375 0.616667 0.483594 0.619444 0.483594 0.630556 0.484375 0.634722 0.485938 0.638889 0.489844 0.638889 0.492188 0.636111 0.494531 0.634722 0.495312 0.631944 0.496094 0.627778 0.495312 0.620833 0.494531 0.616667 0.492969 0.613889 0.489844 0.611111
30 0.071875 0.569444 0.064062 0.570833 0.061719 0.572222 0.060156 0.573611 0.058594 0.575000 0.056250 0.579167 0.055469 0.581944 0.054688 0.584722 0.053906 0.588889 0.052344 0.601389 0.052344 0.606944 0.054688 0.619444 0.055469 0.622222 0.060156 0.631944 0.063281 0.631944 0.067969 0.634722 0.075781 0.634722 0.082031 0.629167 0.086719 0.622222 0.088281 0.619444 0.089063 0.616667 0.089844 0.613889 0.090625 0.609722 0.090625 0.598611 0.089063 0.583333 0.088281 0.579167 0.087500 0.576389 0.085938 0.575000 0.080469 0.570833 0.073438 0.569444 0.071875 0.569444
30 0.553125 0.523611 0.543750 0.525000 0.541406 0.527778 0.540625 0.530556 0.539844 0.533333 0.539062 0.537500 0.538281 0.548611 0.538281 0.552778 0.539062 0.575000 0.539844 0.584722 0.542188 0.591667 0.542969 0.595833 0.543750 0.600000 0.543750 0.608333 0.545312 0.613889 0.546094 0.616667 0.549219 0.619444 0.556250 0.619444 0.558594 0.615278 0.560937 0.613889 0.564844 0.613889 0.564063 0.611111 0.562500 0.605556 0.562500 0.600000 0.564844 0.595833 0.565625 0.591667 0.564063 0.584722 0.565625 0.581944 0.567187 0.581944 0.568750 0.579167 0.569531 0.575000 0.569531 0.568056 0.571094 0.561111 0.571875 0.554167 0.571875 0.543056 0.571094 0.534722 0.569531 0.529167 0.567187 0.527778 0.564844 0.525000 0.562500 0.523611 0.553125 0.523611
25 0.750000 0.673611 0.750000 0.676389 0.750781 0.680556 0.750000 0.679167 0.748437 0.683333 0.748437 0.690278 0.747656 0.686111 0.746875 0.691667 0.747656 0.694444 0.749219 0.695833 0.750781 0.694444 0.754687 0.687500 0.754687 0.683333 0.751563 0.677778 0.751563 0.676389 0.750000 0.673611
25 0.778125 0.650000 0.777344 0.652778 0.775781 0.652778 0.774219 0.656944 0.771875 0.658333 0.770312 0.658333 0.767969 0.656944 0.766406 0.654167 0.764062 0.654167 0.763281 0.655556 0.761719 0.655556 0.760156 0.661111 0.758594 0.658333 0.756250 0.661111 0.753906 0.662500 0.755469 0.662500 0.755469 0.665278 0.760938 0.672222 0.761719 0.676389 0.760156 0.683333 0.760156 0.690278 0.761719 0.694444 0.764844 0.700000 0.766406 0.701389 0.768750 0.702778 0.771094 0.702778 0.772656 0.701389 0.774219 0.700000 0.776563 0.697222 0.780469 0.690278 0.784375 0.686111 0.785156 0.683333 0.785156 0.669444 0.784375 0.666667 0.782813 0.663889 0.782031 0.661111 0.782031 0.652778 0.780469 0.650000 0.778125 0.650000
25 0.558594 0.616667 0.557031 0.619444 0.557031 0.622222 0.558594 0.625000 0.560156 0.630556 0.560937 0.627778 0.561719 0.626389 0.561719 0.620833 0.564844 0.615278 0.560937 0.615278 0.558594 0.616667
25 0.642969 0.612500 0.642188 0.615278 0.641406 0.613889 0.639844 0.618056 0.642969 0.616667 0.642969 0.612500
25 0.496875 0.563889 0.494531 0.568056 0.492188 0.568056 0.492188 0.572222 0.490625 0.575000 0.489063 0.575000 0.485156 0.572222 0.485156 0.573611 0.483594 0.576389 0.485938 0.577778 0.486719 0.580556 0.489063 0.576389 0.492969 0.577778 0.493750 0.573611 0.496094 0.569444 0.496875 0.566667 0.496875 0.563889
25 0.462500 0.540278 0.461719 0.543056 0.460938 0.544444 0.460156 0.550000 0.457031 0.551389 0.460938 0.551389 0.463281 0.548611 0.463281 0.543056 0.462500 0.540278
25 0.505469 0.523611 0.506250 0.525000 0.507812 0.525000 0.506250 0.526389 0.504687 0.529167 0.503125 0.534722 0.500781 0.533333 0.499219 0.536111 0.500781 0.538889 0.498437 0.541667 0.497656 0.537500 0.498437 0.526389 0.502344 0.526389 0.502344 0.526389 0.501563 0.530556 0.499219 0.531944 0.503125 0.531944 0.503906 0.529167 0.502344 0.526389 0.502344 0.526389 0.503906 0.523611 0.505469 0.523611
25 0.253125 0.531944 0.250000 0.533333 0.248438 0.536111 0.250000 0.538889 0.252344 0.540278 0.254688 0.543056 0.257812 0.543056 0.258594 0.544444 0.261719 0.543056 0.261719 0.541667 0.262500 0.538889 0.261719 0.534722 0.262500 0.533333 0.263281 0.526389 0.260156 0.520833 0.253125 0.531944
25 0.500000 0.511111 0.501563 0.520833 0.501563 0.518056 0.503906 0.518056 0.501563 0.515278 0.503125 0.512500 0.501563 0.511111 0.500000 0.511111
25 0.494531 0.511111 0.492969 0.512500 0.492969 0.519444 0.493750 0.515278 0.494531 0.519444 0.494531 0.511111
25 0.403906 0.498611 0.402344 0.500000 0.400781 0.502778 0.400781 0.506944 0.400000 0.508333 0.400000 0.512500 0.403906 0.509722 0.403906 0.505556 0.405469 0.501389 0.405469 0.498611 0.403906 0.498611
25 0.499219 0.491667 0.499219 0.500000 0.501563 0.502778 0.500781 0.508333 0.499219 0.504167 0.499219 0.506944 0.497656 0.509722 0.496094 0.509722 0.498437 0.509722 0.499219 0.508333 0.502344 0.508333 0.503125 0.504167 0.500781 0.501389 0.503125 0.500000 0.502344 0.497222 0.501563 0.495833 0.499219 0.491667
25 0.494531 0.475000 0.496094 0.477778 0.496094 0.480556 0.496875 0.477778 0.494531 0.475000
25 0.614844 0.462500 0.613281 0.465278 0.610938 0.473611 0.610938 0.481944 0.609375 0.488889 0.609375 0.495833 0.608594 0.498611 0.606250 0.502778 0.605469 0.506944 0.606250 0.515278 0.606250 0.518056 0.606250 0.522222 0.606250 0.525000 0.603906 0.530556 0.605469 0.537500 0.604688 0.540278 0.603125 0.543056 0.603125 0.551389 0.601562 0.559722 0.602344 0.565278 0.600781 0.572222 0.600781 0.593056 0.599219 0.604167 0.600000 0.608333 0.598437 0.609722 0.599219 0.613889 0.597656 0.613889 0.607031 0.613889 0.609375 0.618056 0.612500 0.618056 0.614062 0.615278 0.614062 0.613889 0.617969 0.612500 0.619531 0.613889 0.620313 0.615278 0.621094 0.619444 0.621875 0.620833 0.623437 0.622222 0.625781 0.623611 0.630469 0.623611 0.632031 0.622222 0.633594 0.619444 0.635156 0.618056 0.636719 0.618056 0.638281 0.616667 0.637500 0.608333 0.635156 0.606944 0.638281 0.605556 0.639062 0.601389 0.642188 0.595833 0.642969 0.593056 0.642188 0.581944 0.642188 0.577778 0.642969 0.572222 0.646094 0.566667 0.645312 0.558333 0.647656 0.552778 0.649219 0.543056 0.650000 0.534722 0.650781 0.516667 0.652344 0.508333 0.653125 0.495833 0.653906 0.483333 0.653906 0.480556 0.652344 0.475000 0.650781 0.473611 0.647656 0.472222 0.644531 0.472222 0.642188 0.469444 0.635938 0.468056 0.632031 0.469444 0.629687 0.469444 0.626563 0.468056 0.623437 0.466667 0.618750 0.462500 0.614844 0.462500
25 0.253906 0.461111 0.255469 0.466667 0.255469 0.461111 0.253906 0.461111
25 0.603906 0.459722 0.602344 0.461111 0.600000 0.463889 0.598437 0.466667 0.596094 0.469444 0.592187 0.470833 0.587500 0.477778 0.585156 0.479167 0.582812 0.480556 0.580469 0.480556 0.575781 0.479167 0.574219 0.476389 0.574219 0.479167 0.575781 0.480556 0.578125 0.481944 0.574219 0.486111 0.573438 0.488889 0.571875 0.488889 0.572656 0.493056 0.571875 0.495833 0.570312 0.498611 0.570312 0.493056 0.568750 0.490278 0.567969 0.493056 0.567969 0.500000 0.565625 0.502778 0.565625 0.505556 0.567969 0.502778 0.568750 0.502778 0.569531 0.501389 0.570312 0.498611 0.570312 0.509722 0.570312 0.513889 0.571094 0.527778 0.570312 0.530556 0.571875 0.534722 0.572656 0.543056 0.572656 0.554167 0.571875 0.561111 0.570312 0.568056 0.570312 0.575000 0.569531 0.579167 0.567187 0.583333 0.564844 0.584722 0.566406 0.590278 0.567187 0.587500 0.568750 0.588889 0.570312 0.591667 0.570312 0.595833 0.567969 0.600000 0.568750 0.606944 0.569531 0.608333 0.569531 0.611111 0.575781 0.609722 0.578906 0.612500 0.585156 0.612500 0.588281 0.615278 0.589844 0.612500 0.590625 0.609722 0.591406 0.606944 0.591406 0.595833 0.592969 0.588889 0.592969 0.584722 0.592187 0.583333 0.592969 0.579167 0.593750 0.581944 0.593750 0.579167 0.594531 0.577778 0.594531 0.562500 0.596094 0.554167 0.596094 0.545833 0.596875 0.536111 0.599219 0.531944 0.600000 0.523611 0.600000 0.513889 0.600781 0.505556 0.603906 0.501389 0.603906 0.506944 0.603906 0.497222 0.603125 0.488889 0.601562 0.486111 0.600781 0.481944 0.599219 0.480556 0.597656 0.479167 0.596094 0.479167 0.594531 0.477778 0.590625 0.479167 0.588281 0.480556 0.585938 0.480556 0.587500 0.477778 0.589063 0.476389 0.591406 0.475000 0.600000 0.475000 0.601562 0.473611 0.603125 0.470833 0.603906 0.465278 0.603906 0.459722
25 0.565625 0.459722 0.567187 0.466667 0.564844 0.470833 0.564063 0.475000 0.564844 0.486111 0.564844 0.488889 0.564063 0.493056 0.561719 0.500000 0.560937 0.506944 0.560937 0.512500 0.563281 0.519444 0.563281 0.522222 0.556250 0.522222 0.556250 0.511111 0.557031 0.508333 0.558594 0.508333 0.560156 0.491667 0.559375 0.484722 0.557031 0.480556 0.558594 0.476389 0.558594 0.472222 0.559375 0.469444 0.560156 0.466667 0.562500 0.462500 0.563281 0.462500 0.562500 0.465278 0.564844 0.465278 0.563281 0.462500 0.562500 0.462500 0.565625 0.459722
25 0.409375 0.431944 0.407031 0.436111 0.407031 0.438889 0.408594 0.441667 0.410156 0.443056 0.412500 0.443056 0.414062 0.438889 0.412500 0.437500 0.410938 0.437500 0.409375 0.434722 0.409375 0.431944
25 0.482031 0.388889 0.483594 0.391667 0.483594 0.393056 0.485938 0.397222 0.485938 0.401389 0.486719 0.404167 0.488281 0.409722 0.489844 0.412500 0.492188 0.413889 0.491406 0.415278 0.492969 0.420833 0.491406 0.426389 0.492188 0.429167 0.492969 0.429167 0.493750 0.431944 0.492188 0.433333 0.492969 0.436111 0.491406 0.437500 0.492969 0.438889 0.494531 0.438889 0.494531 0.441667 0.496094 0.444444 0.496875 0.438889 0.497656 0.444444 0.497656 0.448611 0.496875 0.454167 0.496094 0.450000 0.493750 0.448611 0.492969 0.445833 0.492188 0.443056 0.491406 0.440278 0.491406 0.433333 0.487500 0.433333 0.488281 0.441667 0.490625 0.444444 0.491406 0.447222 0.490625 0.451389 0.489063 0.452778 0.489063 0.456944 0.487500 0.462500 0.487500 0.466667 0.489063 0.469444 0.488281 0.473611 0.486719 0.475000 0.485156 0.472222 0.480469 0.475000 0.475781 0.475000 0.474219 0.472222 0.468750 0.470833 0.464062 0.468056 0.461719 0.468056 0.463281 0.470833 0.464844 0.472222 0.468750 0.470833 0.474219 0.472222 0.474219 0.477778 0.475781 0.475000 0.480469 0.475000 0.482031 0.477778 0.482812 0.477778 0.483594 0.481944 0.486719 0.486111 0.487500 0.488889 0.486719 0.495833 0.485156 0.500000 0.483594 0.501389 0.481250 0.502778 0.482812 0.505556 0.483594 0.506944 0.483594 0.511111 0.485156 0.513889 0.483594 0.515278 0.480469 0.516667 0.482031 0.519444 0.483594 0.515278 0.485156 0.513889 0.485938 0.513889 0.487500 0.516667 0.486719 0.519444 0.482812 0.526389 0.476562 0.525000 0.473438 0.525000 0.474219 0.520833 0.475781 0.518056 0.475781 0.515278 0.474219 0.512500 0.472656 0.515278 0.472656 0.518056 0.474219 0.520833 0.473438 0.525000 0.471094 0.527778 0.467969 0.527778 0.465625 0.523611 0.466406 0.522222 0.467969 0.519444 0.467969 0.515278 0.466406 0.512500 0.466406 0.491667 0.466406 0.486111 0.464844 0.488889 0.460156 0.488889 0.458594 0.484722 0.457031 0.487500 0.453906 0.488889 0.453906 0.484722 0.453125 0.484722 0.450000 0.487500 0.448437 0.488889 0.450781 0.491667 0.452344 0.488889 0.453906 0.488889 0.457031 0.487500 0.457031 0.490278 0.460156 0.488889 0.464844 0.488889 0.466406 0.491667 0.466406 0.512500 0.464062 0.516667 0.466406 0.522222 0.465625 0.523611 0.463281 0.522222 0.460938 0.523611 0.458594 0.519444 0.460156 0.515278 0.458594 0.512500 0.457031 0.515278 0.458594 0.519444 0.460938 0.523611 0.460156 0.529167 0.456250 0.529167 0.453906 0.530556 0.453125 0.540278 0.454688 0.541667 0.455469 0.545833 0.453906 0.547222 0.453906 0.543056 0.452344 0.540278 0.450000 0.540278 0.449219 0.547222 0.452344 0.548611 0.452344 0.551389 0.450781 0.552778 0.446875 0.548611 0.445312 0.551389 0.443750 0.551389 0.443750 0.548611 0.444531 0.541667 0.441406 0.541667 0.439063 0.537500 0.440625 0.534722 0.441406 0.531944 0.439063 0.525000 0.439844 0.522222 0.439844 0.519444 0.436719 0.513889 0.435937 0.508333 0.442188 0.493056 0.444531 0.490278 0.444531 0.486111 0.442188 0.484722 0.440625 0.487500 0.433594 0.488889 0.433594 0.486111 0.432031 0.483333 0.435156 0.466667 0.437500 0.468056 0.440625 0.463889 0.442188 0.461111 0.439063 0.461111 0.437500 0.462500 0.435156 0.466667 0.432031 0.483333 0.429688 0.481944 0.428125 0.479167 0.426563 0.480556 0.426563 0.481944 0.425000 0.484722 0.427344 0.487500 0.429688 0.491667 0.432031 0.491667 0.433594 0.488889 0.440625 0.487500 0.440625 0.490278 0.442188 0.493056 0.435937 0.508333 0.435156 0.508333 0.432812 0.508333 0.437500 0.522222 0.437500 0.530556 0.435937 0.534722 0.437500 0.537500 0.439063 0.537500 0.441406 0.541667 0.440625 0.544444 0.441406 0.547222 0.443750 0.548611 0.443750 0.551389 0.438281 0.551389 0.431250 0.551389 0.432812 0.545833 0.432812 0.540278 0.430469 0.543056 0.428906 0.543056 0.428125 0.541667 0.426563 0.541667 0.427344 0.547222 0.432812 0.545833 0.431250 0.551389 0.427344 0.554167 0.425000 0.552778 0.424219 0.550000 0.419531 0.550000 0.419531 0.547222 0.421094 0.544444 0.419531 0.541667 0.417969 0.544444 0.419531 0.547222 0.419531 0.550000 0.418750 0.552778 0.415625 0.551389 0.410938 0.555556 0.407813 0.556944 0.405469 0.552778 0.405469 0.541667 0.407031 0.537500 0.407813 0.536111 0.409375 0.538889 0.410938 0.540278 0.410938 0.531944 0.409375 0.527778 0.407813 0.525000 0.407031 0.533333 0.407813 0.536111 0.407031 0.537500 0.406250 0.534722 0.406250 0.531944 0.405469 0.529167 0.403906 0.526389 0.403125 0.526389 0.401562 0.523611 0.400781 0.519444 0.400781 0.516667 0.403906 0.518056 0.403906 0.519444 0.405469 0.522222 0.407031 0.520833 0.407813 0.518056 0.407031 0.513889 0.407813 0.509722 0.410156 0.502778 0.409375 0.493056 0.410156 0.490278 0.410938 0.488889 0.412500 0.487500 0.413281 0.486111 0.414062 0.481944 0.414062 0.480556 0.414062 0.483333 0.415625 0.486111 0.416406 0.486111 0.416406 0.490278 0.413281 0.494444 0.414844 0.498611 0.417187 0.498611 0.420312 0.493056 0.421094 0.490278 0.420312 0.487500 0.420312 0.486111 0.417969 0.484722 0.417969 0.481944 0.415625 0.477778 0.414062 0.480556 0.414062 0.481944 0.413281 0.479167 0.411719 0.476389 0.410938 0.484722 0.409375 0.487500 0.408594 0.487500 0.407031 0.491667 0.406250 0.487500 0.407813 0.484722 0.408594 0.484722 0.409375 0.480556 0.407031 0.475000 0.410938 0.472222 0.414062 0.472222 0.419531 0.473611 0.421094 0.468056 0.421094 0.465278 0.420312 0.463889 0.420312 0.459722 0.418750 0.454167 0.418750 0.451389 0.419531 0.450000 0.419531 0.447222 0.417187 0.441667 0.417187 0.438889 0.418750 0.436111 0.419531 0.436111 0.420312 0.426389 0.421875 0.422222 0.421875 0.419444 0.422656 0.423611 0.424219 0.420833 0.424219 0.419444 0.432812 0.419444 0.433594 0.416667 0.434375 0.415278 0.437500 0.411111 0.439063 0.412500 0.440625 0.411111 0.441406 0.405556 0.444531 0.402778 0.446094 0.402778 0.448437 0.400000 0.450000 0.400000 0.450781 0.404167 0.453125 0.404167 0.453125 0.402778 0.458594 0.405556 0.461719 0.404167 0.462500 0.402778 0.464062 0.402778 0.464844 0.406944 0.467187 0.401389 0.467969 0.405556 0.468750 0.402778 0.471094 0.409722 0.471875 0.411111 0.477344 0.419444 0.478906 0.416667 0.480469 0.423611 0.482812 0.426389 0.480469 0.429167 0.482031 0.430556 0.484375 0.427778 0.485938 0.427778 0.488281 0.431944 0.490625 0.430556 0.485156 0.423611 0.483594 0.420833 0.483594 0.420833 0.486719 0.425000 0.488281 0.425000 0.489844 0.422222 0.488281 0.418056 0.483594 0.420833 0.483594 0.420833 0.485156 0.412500 0.485156 0.398611 0.484375 0.395833 0.483594 0.393056 0.481250 0.390278 0.482031 0.388889
25 0.472656 0.381944 0.473438 0.384722 0.475000 0.384722 0.475781 0.386111 0.477344 0.387500 0.475781 0.386111 0.474219 0.383333 0.472656 0.381944
25 0.612500 0.355556 0.610938 0.358333 0.610938 0.363889 0.607031 0.384722 0.609375 0.393056 0.608594 0.398611 0.609375 0.400000 0.609375 0.404167 0.609375 0.401389 0.610156 0.400000 0.610156 0.391667 0.608594 0.386111 0.609375 0.377778 0.610156 0.380556 0.609375 0.377778 0.610156 0.369444 0.610938 0.362500 0.611719 0.361111 0.612500 0.355556
25 0.678906 0.331944 0.684375 0.333333 0.688281 0.334722 0.692969 0.338889 0.697656 0.338889 0.700000 0.340278 0.701562 0.341667 0.703125 0.344444 0.704688 0.345833 0.707031 0.345833 0.708594 0.347222 0.710938 0.351389 0.713281 0.352778 0.716406 0.352778 0.717969 0.355556 0.717969 0.356944 0.719531 0.359722 0.721875 0.362500 0.725781 0.365278 0.729688 0.369444 0.729688 0.372222 0.731250 0.375000 0.739844 0.381944 0.743750 0.387500 0.747656 0.388889 0.749219 0.390278 0.751563 0.394444 0.753125 0.394444 0.754687 0.395833 0.759375 0.395833 0.767188 0.404167 0.771094 0.405556 0.772656 0.406944 0.773438 0.408333 0.774219 0.411111 0.775781 0.411111 0.776563 0.413889 0.777344 0.415278 0.779687 0.416667 0.782813 0.422222 0.786719 0.426389 0.796094 0.434722 0.806250 0.443056 0.809375 0.445833 0.812500 0.445833 0.815625 0.447222 0.820312 0.455556 0.825781 0.458333 0.828906 0.463889 0.832812 0.466667 0.837500 0.473611 0.839063 0.475000 0.840625 0.476389 0.846094 0.476389 0.847656 0.477778 0.849219 0.480556 0.851562 0.480556 0.855469 0.488889 0.857031 0.491667 0.858594 0.493056 0.860156 0.493056 0.863281 0.497222 0.862500 0.509722 0.856250 0.509722 0.854688 0.512500 0.860156 0.513889 0.864062 0.516667 0.865625 0.515278 0.867188 0.515278 0.862500 0.509722 0.863281 0.497222 0.869531 0.501389 0.873437 0.501389 0.875000 0.508333 0.877344 0.512500 0.879687 0.513889 0.879687 0.515278 0.883594 0.516667 0.887500 0.519444 0.892188 0.523611 0.894531 0.527778 0.901563 0.533333 0.904687 0.536111 0.907031 0.541667 0.911719 0.544444 0.921094 0.554167 0.923438 0.555556 0.925000 0.559722 0.927344 0.562500 0.930469 0.563889 0.933594 0.568056 0.935156 0.569444 0.941406 0.572222 0.946094 0.576389 0.950781 0.581944 0.952344 0.583333 0.954688 0.583333 0.957031 0.587500 0.958594 0.588889 0.960156 0.590278 0.961719 0.590278 0.966406 0.594444 0.971094 0.601389 0.974219 0.605556 0.975781 0.605556 0.979688 0.609722 0.982812 0.615278 0.976562 0.625000 0.975000 0.622222 0.973437 0.620833 0.971094 0.620833 0.968750 0.622222 0.964844 0.629167 0.964063 0.631944 0.964844 0.637500 0.966406 0.644444 0.969531 0.650000 0.971094 0.648611 0.975000 0.641667 0.975781 0.638889 0.976562 0.636111 0.977344 0.631944 0.977344 0.627778 0.976562 0.625000 0.982812 0.615278 0.985938 0.619444 0.999219 0.619444 0.999219 0.656944 0.996875 0.654167 0.994531 0.654167 0.991406 0.658333 0.982812 0.663889 0.981250 0.666667 0.978125 0.668056 0.975000 0.668056 0.973437 0.670833 0.971094 0.670833 0.968750 0.672222 0.967187 0.675000 0.967187 0.676389 0.965625 0.679167 0.961719 0.684722 0.958594 0.691667 0.958594 0.694444 0.953906 0.695833 0.950781 0.697222 0.949219 0.698611 0.940625 0.709722 0.936719 0.713889 0.934375 0.715278 0.930469 0.716667 0.925781 0.715278 0.920312 0.711111 0.917188 0.709722 0.911719 0.709722 0.907031 0.708333 0.904687 0.706944 0.903125 0.705556 0.901563 0.704167 0.900781 0.695833 0.905469 0.687500 0.907031 0.686111 0.908594 0.684722 0.910156 0.684722 0.917188 0.684722 0.920312 0.683333 0.921875 0.681944 0.925000 0.676389 0.925000 0.672222 0.921094 0.665278 0.915625 0.658333 0.913281 0.655556 0.911719 0.654167 0.910156 0.652778 0.899219 0.654167 0.893750 0.652778 0.890625 0.655556 0.887500 0.655556 0.885938 0.654167 0.884375 0.651389 0.882812 0.651389 0.879687 0.645833 0.881250 0.631944 0.882812 0.626389 0.882812 0.623611 0.882031 0.613889 0.881250 0.612500 0.880469 0.609722 0.878906 0.615278 0.878125 0.622222 0.878125 0.627778 0.878125 0.616667 0.878906 0.615278 0.878906 0.601389 0.878125 0.598611 0.875781 0.597222 0.873437 0.594444 0.871094 0.594444 0.869531 0.597222 0.868750 0.597222 0.867188 0.595833 0.862500 0.597222 0.860938 0.602778 0.860938 0.608333 0.860156 0.611111 0.858594 0.609722 0.857031 0.609722 0.854688 0.605556 0.854688 0.598611 0.854688 0.595833 0.853125 0.593056 0.852344 0.593056 0.850781 0.590278 0.847656 0.590278 0.846094 0.587500 0.845313 0.586111 0.843750 0.579167 0.842969 0.579167 0.841406 0.576389 0.839063 0.575000 0.835938 0.570833 0.837500 0.568056 0.839063 0.566667 0.839063 0.548611 0.838281 0.543056 0.836719 0.541667 0.835938 0.537500 0.834375 0.533333 0.832812 0.531944 0.831250 0.531944 0.826562 0.533333 0.823438 0.531944 0.821094 0.529167 0.817969 0.529167 0.811719 0.531944 0.810937 0.529167 0.810156 0.529167 0.808594 0.526389 0.808594 0.522222 0.807813 0.519444 0.805469 0.515278 0.800781 0.516667 0.796875 0.519444 0.789062 0.520833 0.786719 0.522222 0.785156 0.523611 0.783594 0.526389 0.783594 0.531944 0.781250 0.530556 0.782813 0.529167 0.781250 0.526389 0.779687 0.520833 0.778125 0.518056 0.775781 0.516667 0.775000 0.515278 0.775000 0.513889 0.772656 0.512500 0.771875 0.491667 0.769531 0.488889 0.772656 0.488889 0.773438 0.477778 0.770312 0.476389 0.767969 0.472222 0.766406 0.470833 0.762500 0.470833 0.758594 0.472222 0.757031 0.473611 0.754687 0.476389 0.753906 0.480556 0.748437 0.481944 0.746094 0.484722 0.742188 0.484722 0.741406 0.487500 0.739062 0.488889 0.736719 0.487500 0.734375 0.484722 0.731250 0.484722 0.728125 0.490278 0.727344 0.493056 0.726562 0.500000 0.726562 0.498611 0.725781 0.491667 0.725000 0.490278 0.724219 0.488889 0.721875 0.486111 0.719531 0.486111 0.717969 0.487500 0.715625 0.491667 0.715625 0.500000 0.717969 0.502778 0.716406 0.504167 0.717969 0.506944 0.720313 0.518056 0.720313 0.522222 0.723437 0.525000 0.725000 0.518056 0.725781 0.509722 0.726562 0.498611 0.726562 0.500000 0.725781 0.511111 0.725000 0.522222 0.725781 0.531944 0.725781 0.534722 0.725000 0.536111 0.725000 0.538889 0.726562 0.544444 0.726562 0.551389 0.724219 0.556944 0.725781 0.559722 0.726562 0.561111 0.725781 0.565278 0.726562 0.568056 0.727344 0.568056 0.728906 0.570833 0.726562 0.570833 0.724219 0.575000 0.722656 0.573611 0.721094 0.576389 0.720313 0.581944 0.719531 0.588889 0.718750 0.597222 0.717969 0.605556 0.717969 0.620833 0.716406 0.620833 0.715625 0.616667 0.714063 0.619444 0.713281 0.619444 0.711719 0.622222 0.713281 0.625000 0.713281 0.627778 0.710938 0.625000 0.707812 0.627778 0.707812 0.625000 0.704688 0.623611 0.696875 0.623611 0.688281 0.626389 0.683594 0.625000 0.682031 0.626389 0.677344 0.625000 0.676562 0.623611 0.674219 0.620833 0.672656 0.625000 0.671094 0.623611 0.669531 0.627778 0.665625 0.625000 0.663281 0.627778 0.660156 0.625000 0.657813 0.625000 0.655469 0.620833 0.653906 0.620833 0.652344 0.619444 0.653125 0.616667 0.653125 0.613889 0.655469 0.613889 0.655469 0.609722 0.655469 0.606944 0.653125 0.605556 0.653125 0.598611 0.654687 0.593056 0.654687 0.591667 0.658594 0.591667 0.659375 0.588889 0.657813 0.586111 0.655469 0.586111 0.654687 0.591667 0.654687 0.593056 0.653906 0.586111 0.656250 0.581944 0.656250 0.572222 0.659375 0.562500 0.660937 0.559722 0.659375 0.556944 0.659375 0.541667 0.660156 0.526389 0.661719 0.516667 0.661719 0.502778 0.662500 0.495833 0.663281 0.493056 0.664844 0.495833 0.665625 0.501389 0.664844 0.504167 0.663281 0.513889 0.663281 0.518056 0.664844 0.523611 0.664062 0.525000 0.669531 0.525000 0.671094 0.529167 0.671875 0.533333 0.673438 0.534722 0.676562 0.531944 0.680469 0.525000 0.682031 0.515278 0.682031 0.515278 0.683594 0.519444 0.684375 0.523611 0.685937 0.519444 0.685156 0.515278 0.682031 0.515278 0.682031 0.515278 0.683594 0.512500 0.683594 0.511111 0.686719 0.511111 0.686719 0.502778 0.687500 0.500000 0.688281 0.500000 0.689063 0.495833 0.690625 0.493056 0.690625 0.488889 0.691406 0.486111 0.694531 0.480556 0.696875 0.479167 0.699219 0.473611 0.701562 0.466667 0.702344 0.465278 0.703125 0.462500 0.700781 0.459722 0.701562 0.456944 0.700781 0.455556 0.701562 0.451389 0.703125 0.447222 0.707031 0.440278 0.704688 0.436111 0.700781 0.434722 0.698438 0.430556 0.695312 0.429167 0.691406 0.423611 0.689063 0.422222 0.686719 0.420833 0.678906 0.420833 0.673438 0.422222 0.669531 0.429167 0.669531 0.408333 0.671094 0.401389 0.669531 0.395833 0.669531 0.391667 0.671094 0.391667 0.670312 0.387500 0.671094 0.384722 0.671875 0.377778 0.673438 0.376389 0.673438 0.365278 0.671875 0.362500 0.672656 0.347222 0.674219 0.344444 0.672656 0.338889 0.672656 0.336111 0.670312 0.333333 0.673438 0.330556 0.678906 0.331944
25 0.650000 0.327778 0.650781 0.333333 0.650000 0.337500 0.647656 0.341667 0.642969 0.344444 0.642188 0.341667 0.639062 0.341667 0.638281 0.345833 0.634375 0.347222 0.635156 0.350000 0.632812 0.351389 0.632031 0.354167 0.630469 0.354167 0.628125 0.358333 0.625000 0.359722 0.622656 0.363889 0.621875 0.362500 0.620313 0.363889 0.620313 0.370833 0.619531 0.377778 0.618750 0.384722 0.617188 0.387500 0.618750 0.390278 0.619531 0.400000 0.622656 0.402778 0.624219 0.401389 0.626563 0.402778 0.628906 0.404167 0.634375 0.406944 0.636719 0.409722 0.639844 0.409722 0.642969 0.406944 0.644531 0.406944 0.646875 0.408333 0.647656 0.411111 0.650781 0.412500 0.654687 0.415278 0.657031 0.419444 0.657813 0.413889 0.659375 0.408333 0.660156 0.401389 0.660937 0.387500 0.661719 0.381944 0.663281 0.379167 0.663281 0.373611 0.662500 0.372222 0.662500 0.368056 0.663281 0.347222 0.664844 0.343056 0.664844 0.338889 0.665625 0.336111 0.667969 0.331944 0.666406 0.330556 0.664062 0.329167 0.661719 0.327778 0.654687 0.329167 0.651563 0.327778 0.650000 0.327778
25 0.997656 0.108333 0.993750 0.113889 0.992188 0.116667 0.992188 0.120833 0.988281 0.126389 0.987500 0.127778 0.987500 0.129167 0.985938 0.131944 0.985938 0.134722 0.982031 0.141667 0.982031 0.148611 0.976562 0.159722 0.975781 0.163889 0.974219 0.165278 0.970313 0.166667 0.968750 0.169444 0.968750 0.175000 0.967969 0.179167 0.965625 0.183333 0.964844 0.188889 0.964063 0.191667 0.960156 0.198611 0.958594 0.205556 0.955469 0.205556 0.952344 0.211111 0.951562 0.213889 0.950000 0.222222 0.950000 0.227778 0.951562 0.233333 0.952344 0.233333 0.953906 0.236111 0.960156 0.240278 0.961719 0.243056 0.963281 0.244444 0.967969 0.244444 0.973437 0.241667 0.978125 0.243056 0.979688 0.243056 0.982031 0.240278 0.985156 0.236111 0.989062 0.233333 0.991406 0.231944 0.993750 0.230556 0.999219 0.230556 0.999219 0.108333 0.997656 0.108333
25 0.778125 0.093056 0.772656 0.094444 0.775781 0.097222 0.781250 0.106944 0.787500 0.108333 0.790625 0.111111 0.792188 0.112500 0.792969 0.116667 0.792188 0.118056 0.792188 0.120833 0.795312 0.123611 0.796875 0.120833 0.796875 0.118056 0.795312 0.113889 0.796875 0.112500 0.796094 0.109722 0.792188 0.104167 0.792188 0.102778 0.789844 0.095833 0.785937 0.094444 0.783594 0.095833 0.782031 0.097222 0.781250 0.094444 0.779687 0.093056 0.778125 0.093056
25 0.818750 0.090278 0.821094 0.090278 0.821875 0.088889 0.825000 0.090278 0.831250 0.088889 0.835938 0.090278 0.839844 0.091667 0.842187 0.094444 0.840625 0.101389 0.837500 0.100000 0.835938 0.102778 0.836719 0.108333 0.837500 0.105556 0.839063 0.102778 0.840625 0.101389 0.842187 0.094444 0.844531 0.095833 0.848437 0.097222 0.853125 0.097222 0.859375 0.102778 0.860938 0.104167 0.862500 0.112500 0.862500 0.122222 0.862500 0.125000 0.861719 0.134722 0.860156 0.137500 0.857031 0.140278 0.853125 0.138889 0.851562 0.141667 0.850781 0.144444 0.850781 0.148611 0.849219 0.150000 0.847656 0.150000 0.846875 0.148611 0.844531 0.148611 0.843750 0.150000 0.842187 0.150000 0.842187 0.144444 0.840625 0.141667 0.838281 0.140278 0.834375 0.136111 0.834375 0.133333 0.832031 0.134722 0.829688 0.136111 0.826562 0.137500 0.823438 0.143056 0.822656 0.148611 0.821094 0.148611 0.818750 0.144444 0.816406 0.144444 0.817187 0.138889 0.819531 0.138889 0.821875 0.134722 0.823438 0.130556 0.824219 0.127778 0.813281 0.126389 0.811719 0.125000 0.810156 0.120833 0.810156 0.109722 0.810937 0.104167 0.813281 0.097222 0.814063 0.093056 0.815625 0.091667 0.817969 0.093056 0.817187 0.088889 0.818750 0.090278
26 0.693750 0.812500 0.692187 0.813889 0.689844 0.816667 0.685156 0.831944 0.682031 0.831944 0.684375 0.834722 0.689844 0.836111 0.694531 0.840278 0.695312 0.837500 0.696094 0.841667 0.698438 0.843056 0.699219 0.840278 0.701562 0.841667 0.700000 0.844444 0.702344 0.844444 0.704688 0.847222 0.711719 0.848611 0.711719 0.851389 0.713281 0.844444 0.714844 0.847222 0.717187 0.837500 0.716406 0.831944 0.717969 0.825000 0.718750 0.827778 0.720313 0.827778 0.719531 0.823611 0.714844 0.823611 0.713281 0.819444 0.710938 0.823611 0.707812 0.823611 0.705469 0.822222 0.703906 0.819444 0.702344 0.822222 0.697656 0.818056 0.695312 0.813889 0.693750 0.812500
26 0.996875 0.655556 0.999219 0.658333 0.999219 0.730556 0.991406 0.731944 0.989844 0.731944 0.961719 0.730556 0.939063 0.727778 0.932813 0.727778 0.927344 0.729167 0.926562 0.730556 0.925000 0.731944 0.928125 0.737500 0.931250 0.738889 0.930469 0.748611 0.928906 0.752778 0.930469 0.756944 0.929688 0.763889 0.933594 0.766667 0.935937 0.762500 0.937500 0.763889 0.937500 0.759722 0.936719 0.756944 0.937500 0.759722 0.940625 0.765278 0.942969 0.766667 0.944531 0.763889 0.947656 0.762500 0.949219 0.765278 0.954688 0.766667 0.955469 0.765278 0.958594 0.772222 0.960156 0.772222 0.961719 0.775000 0.963281 0.776389 0.965625 0.777778 0.977344 0.777778 0.980469 0.781944 0.982031 0.783333 0.983594 0.783333 0.984375 0.781944 0.986719 0.781944 0.989844 0.786111 0.993750 0.786111 0.996094 0.788889 0.999219 0.788889 0.999219 0.851389 0.993750 0.851389 0.985156 0.850000 0.982812 0.847222 0.978906 0.847222 0.972656 0.843056 0.962500 0.843056 0.956250 0.840278 0.950000 0.840278 0.944531 0.838889 0.938281 0.837500 0.935156 0.834722 0.928906 0.834722 0.925000 0.833333 0.921875 0.831944 0.918750 0.829167 0.915625 0.827778 0.907813 0.827778 0.904687 0.823611 0.900781 0.822222 0.897656 0.820833 0.882812 0.819444 0.875781 0.816667 0.872656 0.813889 0.868750 0.812500 0.864844 0.811111 0.860156 0.811111 0.856250 0.809722 0.850781 0.805556 0.847656 0.804167 0.843750 0.804167 0.841406 0.802778 0.837500 0.798611 0.833594 0.797222 0.820312 0.791667 0.816406 0.790278 0.811719 0.788889 0.807031 0.787500 0.801562 0.787500 0.787500 0.783333 0.783594 0.781944 0.781250 0.780556 0.779687 0.777778 0.776563 0.776389 0.769531 0.775000 0.766406 0.773611 0.764062 0.770833 0.753906 0.766667 0.750000 0.765278 0.743750 0.765278 0.739062 0.763889 0.735938 0.761111 0.732812 0.761111 0.729688 0.758333 0.726562 0.758333 0.723437 0.756944 0.717969 0.754167 0.715625 0.752778 0.713281 0.750000 0.710938 0.748611 0.705469 0.747222 0.702344 0.745833 0.700781 0.743056 0.703906 0.736111 0.705469 0.734722 0.705469 0.733333 0.705469 0.730556 0.707031 0.729167 0.707812 0.725000 0.702344 0.725000 0.699219 0.729167 0.700781 0.730556 0.701562 0.733333 0.702344 0.733333 0.703906 0.736111 0.700781 0.743056 0.695312 0.743056 0.692187 0.741667 0.688281 0.737500 0.684375 0.737500 0.680469 0.733333 0.678125 0.731944 0.675000 0.731944 0.671875 0.729167 0.667969 0.729167 0.667188 0.727778 0.665625 0.727778 0.667188 0.726389 0.668750 0.725000 0.671875 0.723611 0.679688 0.722222 0.669531 0.720833 0.666406 0.723611 0.661719 0.725000 0.660156 0.723611 0.658594 0.722222 0.660156 0.720833 0.667969 0.720833 0.675000 0.719444 0.678906 0.716667 0.681250 0.716667 0.683594 0.718056 0.685156 0.720833 0.687500 0.722222 0.689063 0.722222 0.692187 0.716667 0.692187 0.715278 0.694531 0.715278 0.696094 0.718056 0.697656 0.718056 0.704688 0.716667 0.707812 0.713889 0.703125 0.713889 0.701562 0.713889 0.700781 0.712500 0.698438 0.712500 0.697656 0.713889 0.694531 0.715278 0.692187 0.715278 0.696094 0.708333 0.697656 0.706944 0.707031 0.706944 0.720313 0.709722 0.734375 0.709722 0.736719 0.709722 0.739062 0.708333 0.740625 0.706944 0.742188 0.704167 0.743750 0.698611 0.746875 0.694444 0.748437 0.697222 0.750781 0.695833 0.755469 0.687500 0.755469 0.683333 0.752344 0.677778 0.751563 0.672222 0.750000 0.672222 0.751563 0.670833 0.752344 0.665278 0.755469 0.663889 0.760156 0.672222 0.760938 0.675000 0.759375 0.683333 0.759375 0.690278 0.760938 0.694444 0.764844 0.701389 0.766406 0.702778 0.768750 0.704167 0.771094 0.704167 0.772656 0.702778 0.774219 0.701389 0.776563 0.698611 0.780469 0.691667 0.783594 0.687500 0.785156 0.687500 0.785937 0.691667 0.789844 0.698611 0.792188 0.701389 0.798438 0.706944 0.802344 0.709722 0.804688 0.711111 0.809375 0.712500 0.811719 0.715278 0.814844 0.713889 0.820312 0.718056 0.827344 0.720833 0.836719 0.720833 0.839844 0.723611 0.843750 0.723611 0.853125 0.722222 0.855469 0.720833 0.857812 0.718056 0.861719 0.716667 0.865625 0.715278 0.874219 0.715278 0.878906 0.713889 0.886719 0.708333 0.891406 0.705556 0.899219 0.704167 0.900781 0.704167 0.904687 0.708333 0.907031 0.709722 0.911719 0.711111 0.917188 0.711111 0.920312 0.712500 0.925781 0.716667 0.929688 0.718056 0.934375 0.716667 0.936719 0.715278 0.940625 0.711111 0.949219 0.700000 0.950781 0.698611 0.953906 0.697222 0.957812 0.697222 0.959375 0.694444 0.959375 0.691667 0.962500 0.686111 0.962500 0.684722 0.964844 0.680556 0.965625 0.680556 0.967969 0.675000 0.971094 0.672222 0.973437 0.672222 0.975000 0.669444 0.978125 0.669444 0.981250 0.668056 0.982812 0.665278 0.991406 0.659722 0.994531 0.655556 0.996875 0.655556
26 0.677344 0.647222 0.678906 0.650000 0.678125 0.654167 0.680469 0.655556 0.683594 0.655556 0.683594 0.651389 0.681250 0.652778 0.679688 0.651389 0.677344 0.647222
26 0.492188 0.637500 0.490625 0.638889 0.489844 0.640278 0.487500 0.641667 0.489063 0.643056 0.491406 0.643056 0.489844 0.640278 0.492188 0.637500
26 0.474219 0.634722 0.475000 0.636111 0.473438 0.638889 0.475000 0.640278 0.475000 0.641667 0.477344 0.643056 0.478125 0.641667 0.479687 0.641667 0.478906 0.638889 0.478906 0.636111 0.477344 0.633333 0.474219 0.634722
26 0.653906 0.622222 0.655469 0.622222 0.657813 0.626389 0.660156 0.626389 0.661719 0.627778 0.662500 0.629167 0.663281 0.631944 0.663281 0.636111 0.664844 0.638889 0.667969 0.640278 0.668750 0.637500 0.668750 0.643056 0.671875 0.644444 0.674219 0.645833 0.675781 0.647222 0.675000 0.648611 0.674219 0.645833 0.671094 0.645833 0.667969 0.648611 0.660937 0.648611 0.659375 0.650000 0.656250 0.655556 0.654687 0.656944 0.651563 0.658333 0.653125 0.659722 0.652344 0.662500 0.650781 0.659722 0.650781 0.654167 0.651563 0.640278 0.653906 0.638889 0.654687 0.641667 0.656250 0.638889 0.655469 0.636111 0.653906 0.638889 0.651563 0.640278 0.653125 0.633333 0.652344 0.625000 0.652344 0.620833 0.653906 0.622222
26 0.482812 0.619444 0.482031 0.622222 0.482031 0.623611 0.480469 0.625000 0.482031 0.626389 0.477344 0.627778 0.475781 0.629167 0.481250 0.629167 0.482812 0.625000 0.482812 0.619444
26 0.227344 0.618056 0.229687 0.618056 0.230469 0.619444 0.234375 0.619444 0.235156 0.618056 0.239063 0.618056 0.227344 0.618056
26 0.212500 0.615278 0.221875 0.615278 0.219531 0.615278 0.218750 0.613889 0.212500 0.615278
26 0.638281 0.606944 0.638281 0.618056 0.636719 0.619444 0.635156 0.619444 0.633594 0.620833 0.632031 0.623611 0.630469 0.625000 0.625781 0.625000 0.623437 0.623611 0.622656 0.622222 0.621094 0.620833 0.624219 0.626389 0.623437 0.630556 0.621094 0.631944 0.618750 0.636111 0.617188 0.636111 0.616406 0.634722 0.614844 0.634722 0.614844 0.643056 0.610938 0.643056 0.609375 0.640278 0.609375 0.637500 0.608594 0.634722 0.606250 0.631944 0.603125 0.636111 0.602344 0.633333 0.601562 0.631944 0.599219 0.630556 0.597656 0.626389 0.597656 0.622222 0.596875 0.648611 0.599219 0.650000 0.597656 0.654167 0.598437 0.651389 0.607812 0.650000 0.610156 0.647222 0.612500 0.647222 0.618750 0.650000 0.632031 0.650000 0.634375 0.652778 0.639062 0.652778 0.639062 0.644444 0.639844 0.641667 0.641406 0.638889 0.641406 0.626389 0.642969 0.620833 0.642969 0.618056 0.639844 0.619444 0.639062 0.616667 0.642188 0.613889 0.642969 0.611111 0.642188 0.608333 0.640625 0.606944 0.638281 0.606944
26 0.032031 0.604167 0.032031 0.608333 0.036719 0.608333 0.037500 0.606944 0.039062 0.606944 0.037500 0.604167 0.032813 0.606944 0.032031 0.604167
26 0.232031 0.566667 0.235937 0.568056 0.247656 0.579167 0.251563 0.581944 0.253906 0.581944 0.257812 0.586111 0.259375 0.586111 0.260156 0.587500 0.261719 0.587500 0.259375 0.590278 0.257812 0.590278 0.256250 0.593056 0.259375 0.594444 0.259375 0.597222 0.260156 0.598611 0.260937 0.602778 0.260156 0.601389 0.257812 0.600000 0.257031 0.602778 0.260156 0.601389 0.260937 0.602778 0.259375 0.602778 0.258594 0.605556 0.253125 0.604167 0.248438 0.605556 0.243750 0.608333 0.239844 0.612500 0.232813 0.613889 0.226562 0.613889 0.223438 0.612500 0.219531 0.608333 0.214844 0.606944 0.211719 0.605556 0.211719 0.598611 0.212500 0.577778 0.211719 0.572222 0.210938 0.570833 0.210156 0.568056 0.217969 0.569444 0.226562 0.566667 0.232031 0.566667
26 0.160938 0.538889 0.159375 0.540278 0.157812 0.541667 0.162500 0.541667 0.162500 0.538889 0.160938 0.538889
26 0.225000 0.451389 0.227344 0.452778 0.228906 0.455556 0.230469 0.455556 0.230469 0.459722 0.233594 0.459722 0.234375 0.456944 0.235937 0.455556 0.239063 0.452778 0.244531 0.452778 0.246094 0.454167 0.247656 0.455556 0.248438 0.459722 0.250000 0.461111 0.253125 0.461111 0.253125 0.465278 0.254688 0.468056 0.258594 0.469444 0.260156 0.470833 0.260156 0.484722 0.258594 0.490278 0.259375 0.494444 0.258594 0.497222 0.260156 0.500000 0.260156 0.515278 0.259375 0.519444 0.253125 0.530556 0.251563 0.531944 0.250000 0.531944 0.247656 0.536111 0.246094 0.537500 0.244531 0.537500 0.242969 0.540278 0.239063 0.540278 0.235937 0.541667 0.234375 0.543056 0.231250 0.548611 0.228125 0.550000 0.225781 0.551389 0.217969 0.550000 0.214062 0.550000 0.205469 0.551389 0.203125 0.547222 0.201563 0.545833 0.196875 0.544444 0.194531 0.547222 0.189062 0.547222 0.189844 0.544444 0.189062 0.540278 0.182812 0.540278 0.180469 0.544444 0.178906 0.544444 0.177344 0.544444 0.177344 0.541667 0.177344 0.538889 0.178125 0.536111 0.178906 0.534722 0.180469 0.533333 0.181250 0.537500 0.182812 0.540278 0.183594 0.519444 0.182812 0.516667 0.180469 0.515278 0.177344 0.520833 0.176563 0.523611 0.175781 0.527778 0.175781 0.533333 0.175000 0.536111 0.168750 0.537500 0.165625 0.533333 0.164062 0.533333 0.161719 0.530556 0.161719 0.527778 0.157812 0.520833 0.155469 0.519444 0.154688 0.518056 0.154688 0.516667 0.153125 0.513889 0.150000 0.513889 0.148438 0.512500 0.147656 0.511111 0.145313 0.505556 0.141406 0.501389 0.135156 0.490278 0.136719 0.488889 0.138281 0.493056 0.139844 0.488889 0.143750 0.488889 0.145313 0.491667 0.146875 0.491667 0.147656 0.487500 0.146094 0.484722 0.143750 0.488889 0.139844 0.488889 0.138281 0.486111 0.136719 0.488889 0.135156 0.490278 0.135156 0.477778 0.142969 0.480556 0.148438 0.479167 0.150781 0.479167 0.154688 0.481944 0.156250 0.481944 0.160156 0.479167 0.174219 0.479167 0.177344 0.481944 0.180469 0.481944 0.181250 0.480556 0.185156 0.480556 0.185938 0.479167 0.187500 0.477778 0.185938 0.476389 0.187500 0.472222 0.189062 0.472222 0.190625 0.470833 0.192188 0.468056 0.193750 0.466667 0.197656 0.468056 0.203906 0.465278 0.207813 0.465278 0.213281 0.465278 0.214062 0.461111 0.217969 0.458333 0.219531 0.455556 0.220312 0.451389 0.225000 0.451389
19 0.064062 0.990278 0.064844 0.994444 0.066406 0.993056 0.064062 0.990278
19 0.078125 0.987500 0.079687 0.988889 0.078906 0.993056 0.079687 0.998611 0.085156 0.998611 0.082812 0.998611 0.081250 0.995833 0.080469 0.993056 0.082031 0.990278 0.085938 0.988889 0.080469 0.988889 0.079687 0.986111 0.078125 0.987500
19 0.926562 0.984722 0.925781 0.988889 0.925781 0.993056 0.925781 0.995833 0.926562 0.998611 0.941406 0.998611 0.939844 0.997222 0.938281 0.994444 0.937500 0.994444 0.936719 0.988889 0.935156 0.988889 0.932031 0.986111 0.926562 0.984722
19 0.982812 0.983333 0.981250 0.984722 0.980469 0.987500 0.978125 0.988889 0.976562 0.986111 0.975000 0.984722 0.972656 0.990278 0.971875 0.998611 0.997656 0.997222 0.996875 0.994444 0.999219 0.991667 0.999219 0.988889 0.995313 0.990278 0.993750 0.990278 0.991406 0.988889 0.987500 0.984722 0.985156 0.983333 0.982812 0.983333
19 0.967969 0.979167 0.966406 0.980556 0.965625 0.981944 0.961719 0.990278 0.960156 0.990278 0.960938 0.998611 0.968750 0.998611 0.968750 0.993056 0.969531 0.990278 0.971094 0.987500 0.971094 0.984722 0.972656 0.981944 0.970313 0.977778 0.967969 0.979167
19 0.843750 0.936111 0.842187 0.937500 0.836719 0.943056 0.834375 0.945833 0.832031 0.948611 0.830469 0.951389 0.829688 0.954167 0.828906 0.956944 0.828906 0.966667 0.829688 0.969444 0.833594 0.976389 0.836719 0.977778 0.840625 0.979167 0.849219 0.980556 0.857812 0.980556 0.859375 0.981944 0.860156 0.987500 0.858594 0.993056 0.858594 0.998611 0.913281 0.998611 0.913281 0.995833 0.912500 0.975000 0.909375 0.973611 0.902344 0.970833 0.900000 0.969444 0.898438 0.966667 0.895312 0.966667 0.893750 0.963889 0.890625 0.962500 0.885938 0.961111 0.883594 0.959722 0.881250 0.955556 0.882812 0.954167 0.885156 0.956944 0.889844 0.958333 0.890625 0.959722 0.902344 0.966667 0.904687 0.966667 0.906250 0.968056 0.904687 0.965278 0.903906 0.961111 0.893750 0.961111 0.890625 0.959722 0.888281 0.958333 0.885938 0.956944 0.884375 0.955556 0.881250 0.951389 0.878906 0.950000 0.871094 0.948611 0.868750 0.950000 0.866406 0.948611 0.861719 0.945833 0.860156 0.943056 0.858594 0.944444 0.858594 0.941667 0.856250 0.944444 0.855469 0.941667 0.852344 0.940278 0.847656 0.938889 0.845313 0.936111 0.843750 0.936111
19 0.685156 0.936111 0.686719 0.937500 0.688281 0.938889 0.686719 0.936111 0.685156 0.936111
19 0.674219 0.929167 0.677344 0.930556 0.678906 0.931944 0.677344 0.929167 0.674219 0.929167
19 0.000000 0.927778 0.000000 0.998611 0.058594 0.998611 0.059375 0.993056 0.057031 0.990278 0.058594 0.987500 0.060937 0.987500 0.062500 0.984722 0.060937 0.984722 0.057813 0.981944 0.055469 0.977778 0.052344 0.975000 0.050000 0.972222 0.043750 0.972222 0.043750 0.975000 0.042188 0.977778 0.040625 0.977778 0.039062 0.980556 0.037500 0.981944 0.032813 0.980556 0.031250 0.979167 0.030469 0.977778 0.029687 0.976389 0.028125 0.973611 0.030469 0.965278 0.031250 0.965278 0.034375 0.961111 0.025000 0.943056 0.016406 0.940278 0.010937 0.930556 0.009375 0.930556 0.008594 0.931944 0.004687 0.933333 0.002344 0.929167 0.000000 0.927778
19 0.027344 0.923611 0.028125 0.926389 0.029687 0.926389 0.027344 0.923611
19 0.192188 0.852778 0.190625 0.854167 0.190625 0.859722 0.192188 0.865278 0.191406 0.870833 0.192969 0.872222 0.193750 0.868056 0.195312 0.865278 0.197656 0.862500 0.196875 0.859722 0.194531 0.856944 0.193750 0.852778 0.192188 0.852778
19 0.554688 0.837500 0.556250 0.838889 0.557813 0.840278 0.556250 0.837500 0.554688 0.837500
19 0.183594 0.808333 0.185156 0.811111 0.186719 0.815278 0.185938 0.811111 0.185156 0.808333 0.183594 0.808333
19 0.516406 0.804167 0.517969 0.806944 0.518750 0.806944 0.521094 0.809722 0.519531 0.808333 0.516406 0.804167
19 0.000000 0.797222 0.000000 0.801389 0.010937 0.801389 0.011719 0.800000 0.014063 0.800000 0.011719 0.800000 0.010937 0.798611 0.004687 0.798611 0.000000 0.797222
19 0.507812 0.793056 0.509375 0.795833 0.511719 0.797222 0.514062 0.800000 0.510938 0.797222 0.507812 0.793056
19 0.493750 0.768056 0.492188 0.770833 0.495312 0.776389 0.497656 0.776389 0.500000 0.777778 0.501563 0.780556 0.501563 0.781944 0.503125 0.784722 0.504687 0.786111 0.506250 0.787500 0.507812 0.787500 0.503125 0.780556 0.501563 0.773611 0.503125 0.772222 0.501563 0.770833 0.500781 0.769444 0.498437 0.768056 0.493750 0.768056
19 0.094531 0.768056 0.096094 0.769444 0.101562 0.770833 0.099219 0.766667 0.094531 0.768056
19 0.067187 0.758333 0.066406 0.761111 0.068750 0.761111 0.070312 0.759722 0.067187 0.758333
19 0.075781 0.755556 0.074219 0.756944 0.072656 0.758333 0.076563 0.758333 0.075781 0.755556
19 0.521094 0.756944 0.517969 0.759722 0.516406 0.763889 0.517969 0.761111 0.518750 0.761111 0.523438 0.754167 0.521094 0.756944
19 0.000000 0.754167 0.007031 0.754167 0.007812 0.752778 0.010937 0.752778 0.000000 0.754167
19 0.620313 0.741667 0.617969 0.748611 0.619531 0.745833 0.620313 0.741667
19 0.597656 0.737500 0.600781 0.737500 0.603125 0.738889 0.605469 0.740278 0.607031 0.741667 0.605469 0.740278 0.604688 0.738889 0.602344 0.737500 0.597656 0.737500
19 0.000000 0.730556 0.000000 0.741667 0.001563 0.741667 0.001563 0.737500 0.002344 0.736111 0.002344 0.731944 0.000000 0.730556
19 0.669531 0.722222 0.666406 0.725000 0.662500 0.726389 0.664844 0.727778 0.668750 0.723611 0.671875 0.722222 0.678906 0.722222 0.669531 0.722222
19 0.698438 0.713889 0.697656 0.715278 0.695312 0.715278 0.697656 0.716667 0.698438 0.715278 0.704688 0.715278 0.705469 0.713889 0.707031 0.713889 0.703906 0.713889 0.703125 0.715278 0.701562 0.715278 0.700781 0.713889 0.698438 0.713889
19 0.652344 0.658333 0.653906 0.658333 0.655469 0.661111 0.650781 0.669444 0.650000 0.673611 0.649219 0.680556 0.648438 0.677778 0.648438 0.684722 0.647656 0.686111 0.647656 0.694444 0.646875 0.705556 0.646094 0.708333 0.644531 0.712500 0.642188 0.716667 0.640625 0.716667 0.638281 0.715278 0.635938 0.712500 0.636719 0.719444 0.642188 0.718056 0.644531 0.718056 0.645312 0.719444 0.647656 0.718056 0.648438 0.713889 0.653906 0.716667 0.653125 0.718056 0.661719 0.718056 0.667969 0.719444 0.675000 0.718056 0.678906 0.715278 0.681250 0.715278 0.683594 0.716667 0.685156 0.719444 0.687500 0.720833 0.689063 0.720833 0.691406 0.716667 0.696094 0.706944 0.697656 0.705556 0.707031 0.705556 0.721094 0.708333 0.734375 0.708333 0.736719 0.708333 0.739062 0.706944 0.740625 0.705556 0.741406 0.704167 0.741406 0.702778 0.742969 0.698611 0.746094 0.693056 0.747656 0.684722 0.748437 0.688889 0.747656 0.681944 0.749219 0.679167 0.749219 0.672222 0.749219 0.669444 0.739062 0.669444 0.736719 0.666667 0.728125 0.666667 0.726562 0.665278 0.725000 0.661111 0.724219 0.663889 0.712500 0.663889 0.708594 0.661111 0.700000 0.662500 0.696875 0.659722 0.692969 0.661111 0.686719 0.658333 0.675781 0.658333 0.655469 0.659722 0.654687 0.658333 0.652344 0.658333
19 0.612500 0.648611 0.618750 0.651389 0.632031 0.651389 0.634375 0.654167 0.638281 0.654167 0.638281 0.663889 0.635938 0.665278 0.634375 0.666667 0.633594 0.673611 0.638281 0.673611 0.636719 0.676389 0.637500 0.679167 0.635938 0.680556 0.634375 0.677778 0.633594 0.680556 0.632812 0.681944 0.632812 0.684722 0.634375 0.687500 0.635938 0.686111 0.636719 0.683333 0.635938 0.680556 0.637500 0.679167 0.637500 0.691667 0.634375 0.695833 0.633594 0.698611 0.633594 0.702778 0.632812 0.705556 0.630469 0.709722 0.630469 0.715278 0.628906 0.715278 0.625781 0.720833 0.625000 0.723611 0.625000 0.726389 0.624219 0.729167 0.622656 0.731944 0.619531 0.733333 0.612500 0.731944 0.606250 0.727778 0.603125 0.726389 0.600000 0.726389 0.595313 0.727778 0.591406 0.725000 0.589063 0.731944 0.586719 0.733333 0.587500 0.722222 0.589063 0.720833 0.589063 0.708333 0.590625 0.698611 0.590625 0.687500 0.591406 0.680556 0.592187 0.679167 0.592187 0.675000 0.591406 0.672222 0.588281 0.672222 0.587500 0.669444 0.589063 0.668056 0.592187 0.666667 0.591406 0.665278 0.595313 0.662500 0.596875 0.659722 0.597656 0.655556 0.599219 0.652778 0.596875 0.651389 0.598437 0.650000 0.607812 0.651389 0.610156 0.648611 0.612500 0.648611
19 0.557813 0.640278 0.556250 0.643056 0.554688 0.643056 0.557813 0.648611 0.557813 0.662500 0.557031 0.665278 0.552344 0.675000 0.551562 0.680556 0.550781 0.688889 0.550000 0.698611 0.550000 0.709722 0.547656 0.713889 0.550000 0.718056 0.547656 0.720833 0.549219 0.723611 0.549219 0.726389 0.549219 0.729167 0.548438 0.744444 0.550000 0.743056 0.550000 0.736111 0.550781 0.740278 0.551562 0.743056 0.555469 0.741667 0.564063 0.736111 0.567969 0.734722 0.572656 0.733333 0.578125 0.733333 0.578906 0.731944 0.580469 0.731944 0.580469 0.720833 0.579688 0.713889 0.580469 0.698611 0.581250 0.687500 0.583594 0.675000 0.582812 0.662500 0.584375 0.655556 0.585156 0.648611 0.578125 0.647222 0.576562 0.647222 0.568750 0.650000 0.563281 0.650000 0.561719 0.647222 0.564063 0.645833 0.561719 0.644444 0.563281 0.641667 0.563281 0.638889 0.557813 0.640278
19 0.409375 0.633333 0.410938 0.633333 0.411719 0.634722 0.413281 0.634722 0.414062 0.633333 0.417187 0.633333 0.409375 0.633333
19 0.267969 0.619444 0.265625 0.622222 0.271875 0.622222 0.269531 0.622222 0.267969 0.619444
19 0.306250 0.616667 0.302344 0.619444 0.298438 0.619444 0.297656 0.620833 0.295312 0.620833 0.303906 0.623611 0.307812 0.623611 0.318750 0.620833 0.326562 0.620833 0.334375 0.623611 0.344531 0.625000 0.353906 0.623611 0.356250 0.623611 0.357031 0.625000 0.360156 0.625000 0.362500 0.627778 0.366406 0.629167 0.369531 0.630556 0.373437 0.630556 0.375781 0.627778 0.384375 0.627778 0.380469 0.627778 0.379688 0.626389 0.370312 0.626389 0.362500 0.623611 0.339062 0.622222 0.343750 0.620833 0.342187 0.619444 0.340625 0.618056 0.332031 0.619444 0.331250 0.622222 0.328125 0.622222 0.326562 0.618056 0.306250 0.616667
19 0.170313 0.611111 0.171875 0.612500 0.175000 0.613889 0.181250 0.613889 0.182031 0.612500 0.185156 0.612500 0.177344 0.612500 0.176563 0.611111 0.170313 0.611111
19 0.031250 0.608333 0.029687 0.611111 0.028906 0.613889 0.028125 0.616667 0.027344 0.623611 0.026562 0.629167 0.026562 0.636111 0.025781 0.643056 0.023438 0.652778 0.022656 0.662500 0.020313 0.669444 0.019531 0.675000 0.018750 0.680556 0.018750 0.688889 0.017969 0.695833 0.016406 0.702778 0.015625 0.709722 0.014844 0.723611 0.014844 0.726389 0.017969 0.726389 0.018750 0.727778 0.025000 0.727778 0.028906 0.729167 0.033594 0.731944 0.035937 0.737500 0.033594 0.736111 0.030469 0.733333 0.026562 0.733333 0.023438 0.730556 0.018750 0.730556 0.016406 0.733333 0.014063 0.731944 0.012500 0.740278 0.014063 0.738889 0.018750 0.740278 0.020313 0.741667 0.021094 0.743056 0.025781 0.744444 0.031250 0.744444 0.037500 0.747222 0.039062 0.744444 0.042969 0.743056 0.044531 0.741667 0.046875 0.736111 0.048438 0.731944 0.049219 0.726389 0.049219 0.716667 0.050781 0.709722 0.050781 0.702778 0.051562 0.697222 0.053125 0.694444 0.053125 0.691667 0.052344 0.686111 0.054688 0.679167 0.054688 0.669444 0.056250 0.662500 0.056250 0.645833 0.057031 0.640278 0.057813 0.637500 0.059375 0.634722 0.061719 0.633333 0.063281 0.633333 0.059375 0.631944 0.054688 0.622222 0.053906 0.619444 0.052344 0.609722 0.043750 0.611111 0.031250 0.608333
19 0.005469 0.598611 0.004687 0.600000 0.000000 0.600000 0.000000 0.726389 0.003125 0.725000 0.003906 0.718056 0.005469 0.716667 0.006250 0.713889 0.007812 0.706944 0.007812 0.697222 0.008594 0.693056 0.010156 0.688889 0.010156 0.683333 0.011719 0.677778 0.012500 0.670833 0.012500 0.658333 0.013281 0.654167 0.014844 0.650000 0.015625 0.641667 0.015625 0.634722 0.017969 0.623611 0.017969 0.615278 0.018750 0.609722 0.020313 0.606944 0.017188 0.606944 0.015625 0.604167 0.015625 0.602778 0.014063 0.600000 0.012500 0.598611 0.005469 0.598611
19 0.100781 0.598611 0.105469 0.597222 0.105469 0.600000 0.107031 0.602778 0.105469 0.601389 0.102344 0.601389 0.093750 0.601389 0.091406 0.606944 0.102344 0.606944 0.106250 0.609722 0.110937 0.608333 0.113281 0.608333 0.122656 0.611111 0.128906 0.609722 0.135156 0.611111 0.142969 0.615278 0.149219 0.613889 0.156250 0.616667 0.181250 0.618056 0.192969 0.616667 0.197656 0.620833 0.203125 0.620833 0.205469 0.619444 0.209375 0.615278 0.210156 0.613889 0.210938 0.609722 0.211719 0.606944 0.214062 0.606944 0.219531 0.609722 0.223438 0.613889 0.222656 0.615278 0.218750 0.612500 0.212500 0.612500 0.211719 0.615278 0.222656 0.615278 0.223438 0.613889 0.226562 0.615278 0.232813 0.615278 0.239063 0.612500 0.243750 0.615278 0.250781 0.615278 0.251563 0.616667 0.253125 0.618056 0.241406 0.618056 0.240625 0.616667 0.226562 0.618056 0.230469 0.620833 0.234375 0.620833 0.235156 0.619444 0.239063 0.619444 0.244531 0.622222 0.250000 0.620833 0.251563 0.620833 0.253906 0.625000 0.255469 0.626389 0.261719 0.627778 0.267188 0.629167 0.272656 0.627778 0.282813 0.629167 0.292969 0.630556 0.300000 0.633333 0.307031 0.633333 0.321094 0.630556 0.317969 0.627778 0.313281 0.627778 0.325781 0.626389 0.328125 0.626389 0.335156 0.629167 0.349219 0.629167 0.346094 0.629167 0.345313 0.630556 0.341406 0.631944 0.350781 0.633333 0.352344 0.630556 0.353906 0.630556 0.357031 0.634722 0.360938 0.634722 0.361719 0.637500 0.364844 0.638889 0.371875 0.640278 0.373437 0.638889 0.374219 0.638889 0.375000 0.634722 0.376563 0.633333 0.379688 0.636111 0.381250 0.636111 0.384375 0.633333 0.389062 0.634722 0.389844 0.631944 0.391406 0.630556 0.393750 0.630556 0.400000 0.630556 0.405469 0.631944 0.407031 0.633333 0.404687 0.633333 0.403906 0.634722 0.398438 0.634722 0.389062 0.634722 0.390625 0.637500 0.392188 0.638889 0.398438 0.637500 0.401562 0.637500 0.403906 0.638889 0.405469 0.641667 0.407031 0.643056 0.412500 0.640278 0.425781 0.638889 0.424219 0.636111 0.421875 0.637500 0.420312 0.636111 0.420312 0.633333 0.422656 0.636111 0.425000 0.636111 0.433594 0.636111 0.435937 0.638889 0.439844 0.638889 0.443750 0.636111 0.440625 0.634722 0.450781 0.634722 0.457813 0.631944 0.460156 0.634722 0.457813 0.637500 0.453906 0.638889 0.459375 0.640278 0.462500 0.643056 0.475781 0.644444 0.477344 0.644444 0.479687 0.643056 0.479687 0.638889 0.479687 0.636111 0.477344 0.631944 0.475000 0.631944 0.473438 0.633333 0.471875 0.637500 0.464062 0.637500 0.461719 0.634722 0.460156 0.634722 0.457813 0.631944 0.470313 0.631944 0.482812 0.629167 0.483594 0.631944 0.483594 0.634722 0.485156 0.637500 0.485156 0.638889 0.485938 0.640278 0.486719 0.641667 0.487500 0.643056 0.489063 0.644444 0.492188 0.643056 0.490625 0.640278 0.493750 0.637500 0.495312 0.634722 0.496094 0.630556 0.498437 0.630556 0.500000 0.627778 0.499219 0.623611 0.500781 0.622222 0.501563 0.625000 0.502344 0.626389 0.503125 0.627778 0.504687 0.627778 0.505469 0.634722 0.506250 0.630556 0.508594 0.630556 0.510156 0.630556 0.514062 0.629167 0.514062 0.620833 0.515625 0.620833 0.515625 0.629167 0.517969 0.633333 0.517188 0.643056 0.517969 0.645833 0.521875 0.647222 0.523438 0.650000 0.525000 0.645833 0.526563 0.643056 0.527344 0.637500 0.528125 0.637500 0.529687 0.634722 0.528125 0.633333 0.525781 0.631944 0.527344 0.631944 0.529687 0.634722 0.535156 0.633333 0.532031 0.633333 0.530469 0.636111 0.531250 0.637500 0.530469 0.640278 0.532031 0.643056 0.535937 0.644444 0.546875 0.643056 0.545312 0.647222 0.544531 0.644444 0.537500 0.644444 0.532813 0.647222 0.530469 0.647222 0.529687 0.645833 0.527344 0.645833 0.525781 0.647222 0.536719 0.651389 0.537500 0.654167 0.539062 0.654167 0.539844 0.658333 0.538281 0.665278 0.539062 0.668056 0.542188 0.669444 0.539062 0.670833 0.538281 0.673611 0.539062 0.688889 0.538281 0.691667 0.538281 0.694444 0.536719 0.698611 0.535937 0.702778 0.539844 0.704167 0.540625 0.705556 0.542969 0.705556 0.535937 0.706944 0.534375 0.709722 0.539062 0.713889 0.540625 0.713889 0.541406 0.711111 0.541406 0.715278 0.541406 0.715278 0.535937 0.713889 0.534375 0.715278 0.534375 0.719444 0.535937 0.720833 0.539844 0.720833 0.541406 0.715278 0.541406 0.715278 0.540625 0.716667 0.539844 0.722222 0.539062 0.729167 0.539062 0.737500 0.538281 0.744444 0.536719 0.745833 0.537500 0.733333 0.539062 0.729167 0.539844 0.723611 0.534375 0.722222 0.531250 0.725000 0.532813 0.726389 0.532031 0.729167 0.529687 0.729167 0.523438 0.734722 0.521094 0.737500 0.517969 0.741667 0.511719 0.751389 0.508594 0.751389 0.508594 0.754167 0.506250 0.755556 0.497656 0.752778 0.492969 0.752778 0.491406 0.754167 0.490625 0.756944 0.489063 0.762500 0.488281 0.768056 0.489844 0.775000 0.490625 0.777778 0.496875 0.788889 0.498437 0.788889 0.500000 0.795833 0.501563 0.798611 0.503125 0.800000 0.505469 0.800000 0.507812 0.805556 0.510938 0.808333 0.514844 0.815278 0.517188 0.816667 0.518750 0.819444 0.522656 0.818056 0.522656 0.820833 0.525000 0.822222 0.525781 0.820833 0.528125 0.820833 0.528125 0.823611 0.531250 0.827778 0.533594 0.830556 0.535937 0.831944 0.538281 0.831944 0.541406 0.836111 0.545312 0.837500 0.549219 0.841667 0.550000 0.844444 0.551562 0.844444 0.553906 0.847222 0.556250 0.848611 0.564063 0.848611 0.566406 0.850000 0.570312 0.852778 0.574219 0.855556 0.576562 0.858333 0.578906 0.861111 0.582031 0.866667 0.583594 0.868056 0.586719 0.869444 0.588281 0.872222 0.589844 0.873611 0.592969 0.873611 0.593750 0.876389 0.596094 0.877778 0.598437 0.877778 0.600781 0.879167 0.604688 0.881944 0.606250 0.884722 0.608594 0.884722 0.610938 0.887500 0.614844 0.887500 0.617969 0.888889 0.623437 0.894444 0.625781 0.895833 0.630469 0.897222 0.635156 0.901389 0.637500 0.904167 0.639844 0.909722 0.640625 0.911111 0.643750 0.915278 0.646875 0.916667 0.649219 0.916667 0.650000 0.919444 0.651563 0.918056 0.653125 0.919444 0.654687 0.922222 0.659375 0.923611 0.661719 0.925000 0.663281 0.926389 0.664844 0.927778 0.665625 0.929167 0.665625 0.930556 0.667188 0.933333 0.668750 0.930556 0.673438 0.934722 0.676562 0.940278 0.680469 0.944444 0.682031 0.945833 0.685156 0.945833 0.688281 0.950000 0.692187 0.951389 0.696875 0.950000 0.700000 0.951389 0.701562 0.952778 0.703125 0.955556 0.707031 0.956944 0.708594 0.958333 0.710156 0.961111 0.711719 0.962500 0.712500 0.959722 0.713281 0.966667 0.717969 0.965278 0.718750 0.962500 0.721094 0.961111 0.725781 0.965278 0.727344 0.966667 0.725781 0.965278 0.722656 0.962500 0.721094 0.962500 0.719531 0.963889 0.717969 0.965278 0.720313 0.966667 0.721875 0.969444 0.721875 0.970833 0.723437 0.973611 0.728125 0.973611 0.730469 0.975000 0.732812 0.977778 0.734375 0.980556 0.734375 0.981944 0.735156 0.983333 0.736719 0.984722 0.743750 0.988889 0.746875 0.988889 0.746094 0.998611 0.106250 0.998611 0.111719 0.997222 0.116406 0.994444 0.125000 0.993056 0.130469 0.994444 0.133594 0.991667 0.136719 0.991667 0.140625 0.988889 0.142187 0.986111 0.146094 0.986111 0.147656 0.984722 0.150000 0.979167 0.154688 0.979167 0.155469 0.975000 0.157031 0.973611 0.161719 0.973611 0.164844 0.970833 0.167969 0.970833 0.169531 0.966667 0.171094 0.969444 0.173437 0.965278 0.179688 0.961111 0.181250 0.958333 0.183594 0.958333 0.185156 0.956944 0.186719 0.954167 0.187500 0.951389 0.187500 0.947222 0.189062 0.945833 0.192188 0.945833 0.195312 0.941667 0.197656 0.937500 0.196875 0.934722 0.198437 0.934722 0.203125 0.927778 0.208594 0.922222 0.210156 0.922222 0.210938 0.920833 0.212500 0.919444 0.210938 0.918056 0.211719 0.915278 0.216406 0.913889 0.217969 0.911111 0.218750 0.908333 0.221875 0.906944 0.224219 0.904167 0.225781 0.901389 0.227344 0.895833 0.227344 0.891667 0.228125 0.888889 0.229687 0.888889 0.231250 0.887500 0.232813 0.881944 0.233594 0.872222 0.233594 0.859722 0.232813 0.854167 0.228906 0.847222 0.228125 0.845833 0.222656 0.836111 0.221094 0.833333 0.218750 0.831944 0.214844 0.826389 0.213281 0.825000 0.209375 0.823611 0.208594 0.820833 0.206250 0.819444 0.203906 0.819444 0.202344 0.822222 0.200000 0.820833 0.199219 0.818056 0.197656 0.816667 0.196094 0.816667 0.195312 0.811111 0.192969 0.805556 0.191406 0.801389 0.189844 0.798611 0.189062 0.798611 0.186719 0.794444 0.182812 0.790278 0.178125 0.786111 0.176563 0.786111 0.178125 0.786111 0.178906 0.787500 0.181250 0.788889 0.183594 0.788889 0.184375 0.790278 0.185938 0.790278 0.190625 0.787500 0.185938 0.780556 0.183594 0.779167 0.179688 0.776389 0.177344 0.775000 0.172656 0.775000 0.170313 0.776389 0.167187 0.780556 0.160156 0.780556 0.156250 0.779167 0.153125 0.776389 0.150000 0.776389 0.147656 0.773611 0.145313 0.773611 0.142969 0.770833 0.139844 0.770833 0.131250 0.765278 0.127344 0.765278 0.121875 0.762500 0.115625 0.759722 0.112500 0.758333 0.110937 0.755556 0.107031 0.752778 0.103906 0.751389 0.098437 0.751389 0.093750 0.747222 0.091406 0.743056 0.087500 0.740278 0.084375 0.734722 0.078906 0.733333 0.070312 0.734722 0.069531 0.733333 0.064844 0.731944 0.066406 0.731944 0.067969 0.731944 0.068750 0.730556 0.070312 0.729167 0.068750 0.723611 0.070312 0.722222 0.069531 0.713889 0.071094 0.709722 0.071094 0.704167 0.072656 0.698611 0.071875 0.690278 0.073438 0.684722 0.072656 0.683333 0.073438 0.680556 0.075000 0.679167 0.075781 0.670833 0.076563 0.658333 0.076563 0.655556 0.076563 0.652778 0.079687 0.643056 0.079687 0.640278 0.078906 0.636111 0.076563 0.634722 0.078125 0.633333 0.082031 0.630556 0.086719 0.623611 0.089063 0.619444 0.089844 0.616667 0.090625 0.613889 0.091406 0.609722 0.092188 0.601389 0.091406 0.598611 0.099219 0.597222 0.100781 0.598611
19 0.973437 0.243056 0.976562 0.247222 0.973437 0.252778 0.976562 0.252778 0.978125 0.250000 0.978906 0.247222 0.978906 0.244444 0.977344 0.243056 0.973437 0.243056
19 0.833594 0.140278 0.832031 0.141667 0.832031 0.145833 0.833594 0.147222 0.835156 0.148611 0.837500 0.150000 0.841406 0.150000 0.840625 0.143056 0.839063 0.141667 0.837500 0.140278 0.833594 0.140278
19 0.829688 0.137500 0.828906 0.138889 0.826562 0.138889 0.824219 0.143056 0.823438 0.145833 0.824219 0.150000 0.827344 0.148611 0.827344 0.145833 0.828906 0.140278 0.831250 0.137500 0.829688 0.137500
27 0.570312 0.475000 0.570312 0.477778 0.572656 0.479167 0.573438 0.481944 0.574219 0.481944 0.575000 0.484722 0.577344 0.481944 0.574219 0.480556 0.571875 0.477778 0.570312 0.475000
27 0.603125 0.472222 0.600000 0.476389 0.591406 0.476389 0.589063 0.477778 0.588281 0.479167 0.586719 0.480556 0.588281 0.479167 0.590625 0.477778 0.595313 0.476389 0.596875 0.476389 0.598437 0.477778 0.600781 0.480556 0.601562 0.483333 0.602344 0.476389 0.603125 0.475000 0.603125 0.472222
27 0.618750 0.400000 0.617188 0.404167 0.617188 0.408333 0.614844 0.413889 0.614844 0.416667 0.614062 0.429167 0.613281 0.426389 0.613281 0.430556 0.614062 0.431944 0.613281 0.440278 0.612500 0.436111 0.612500 0.445833 0.613281 0.447222 0.612500 0.455556 0.612500 0.458333 0.614844 0.461111 0.618750 0.461111 0.623437 0.465278 0.629687 0.468056 0.632031 0.468056 0.635938 0.466667 0.642188 0.468056 0.644531 0.470833 0.648438 0.472222 0.651563 0.473611 0.653906 0.470833 0.654687 0.468056 0.655469 0.465278 0.656250 0.461111 0.656250 0.447222 0.657813 0.436111 0.657813 0.425000 0.657031 0.420833 0.654687 0.416667 0.652344 0.415278 0.649219 0.412500 0.647656 0.412500 0.646875 0.409722 0.644531 0.408333 0.642969 0.408333 0.639844 0.411111 0.636719 0.411111 0.634375 0.408333 0.628906 0.405556 0.626563 0.404167 0.624219 0.402778 0.622656 0.404167 0.618750 0.400000
27 0.610156 0.377778 0.609375 0.386111 0.610156 0.387500 0.610156 0.390278 0.610156 0.377778
27 0.611719 0.366667 0.610938 0.369444 0.610938 0.375000 0.610938 0.370833 0.611719 0.369444 0.611719 0.366667
27 0.623437 0.318056 0.624219 0.323611 0.621875 0.326389 0.621875 0.333333 0.620313 0.341667 0.620313 0.362500 0.621875 0.361111 0.622656 0.362500 0.625000 0.358333 0.627344 0.358333 0.630469 0.352778 0.632031 0.352778 0.632812 0.350000 0.634375 0.350000 0.633594 0.347222 0.635156 0.344444 0.638281 0.344444 0.638281 0.341667 0.641406 0.340278 0.642188 0.340278 0.642969 0.343056 0.645312 0.341667 0.647656 0.340278 0.649219 0.337500 0.650000 0.333333 0.650000 0.330556 0.649219 0.327778 0.647656 0.327778 0.646875 0.326389 0.642969 0.325000 0.638281 0.323611 0.633594 0.323611 0.629687 0.322222 0.626563 0.320833 0.623437 0.318056
27 0.993750 0.231944 0.991406 0.233333 0.989062 0.234722 0.985156 0.237500 0.981250 0.241667 0.979688 0.244444 0.977344 0.252778 0.978125 0.255556 0.978906 0.258333 0.982031 0.259722 0.985156 0.256944 0.989844 0.256944 0.992188 0.261111 0.994531 0.262500 0.999219 0.262500 0.999219 0.231944 0.993750 0.231944
27 0.357031 0.219444 0.357812 0.222222 0.359375 0.225000 0.360156 0.227778 0.360156 0.236111 0.364063 0.234722 0.365625 0.233333 0.361719 0.231944 0.360938 0.229167 0.360156 0.226389 0.360156 0.220833 0.358594 0.219444 0.357031 0.219444
27 0.611719 0.193056 0.611719 0.195833 0.610938 0.197222 0.610938 0.201389 0.610156 0.202778 0.610156 0.205556 0.610156 0.202778 0.611719 0.198611 0.611719 0.193056
27 0.328125 0.187500 0.329688 0.188889 0.332031 0.193056 0.333594 0.194444 0.332031 0.191667 0.331250 0.191667 0.329688 0.188889 0.328125 0.187500
27 0.314063 0.169444 0.316406 0.173611 0.317969 0.175000 0.316406 0.172222 0.315625 0.172222 0.314063 0.169444
27 0.265625 0.156944 0.267188 0.159722 0.270313 0.159722 0.267969 0.159722 0.267188 0.158333 0.265625 0.156944
27 0.181250 0.100000 0.179688 0.101389 0.184375 0.101389 0.181250 0.100000
27 0.642969 0.098611 0.642188 0.100000 0.639844 0.100000 0.638281 0.101389 0.635938 0.105556 0.638281 0.101389 0.642969 0.100000 0.643750 0.098611 0.645312 0.098611 0.642969 0.098611
27 0.164062 0.098611 0.162500 0.101389 0.162500 0.108333 0.164844 0.102778 0.165625 0.098611 0.164062 0.098611
27 0.140625 0.088889 0.139063 0.091667 0.138281 0.090278 0.138281 0.094444 0.139063 0.094444 0.140625 0.097222 0.150781 0.105556 0.153906 0.109722 0.156250 0.112500 0.159375 0.112500 0.157812 0.111111 0.154688 0.108333 0.153125 0.108333 0.151562 0.106944 0.145313 0.100000 0.142187 0.094444 0.142187 0.091667 0.140625 0.088889
27 0.665625 0.084722 0.668750 0.088889 0.668750 0.091667 0.671094 0.095833 0.670312 0.098611 0.666406 0.100000 0.670312 0.100000 0.672656 0.095833 0.672656 0.093056 0.669531 0.086111 0.667188 0.084722 0.665625 0.084722
27 0.128125 0.052778 0.128125 0.056944 0.128906 0.059722 0.127344 0.059722 0.127344 0.063889 0.126562 0.065278 0.125781 0.073611 0.128906 0.077778 0.130469 0.080556 0.130469 0.083333 0.132031 0.080556 0.132031 0.073611 0.132812 0.070833 0.133594 0.068056 0.135937 0.068056 0.135937 0.075000 0.135156 0.086111 0.136719 0.087500 0.139063 0.087500 0.138281 0.081944 0.138281 0.066667 0.136719 0.063889 0.130469 0.063889 0.128906 0.061111 0.128125 0.056944 0.128125 0.052778
27 0.673438 0.000000 0.672656 0.004167 0.671094 0.008333 0.672656 0.005556 0.673438 0.005556 0.674219 0.004167 0.674219 0.002778 0.675000 0.000000 0.673438 0.000000
27 0.234375 0.000000 0.234375 0.005556 0.237500 0.008333 0.239063 0.008333 0.240625 0.009722 0.241406 0.011111 0.241406 0.012500 0.245312 0.013889 0.246875 0.011111 0.251563 0.011111 0.253125 0.011111 0.255469 0.009722 0.257812 0.006944 0.263281 0.006944 0.270313 0.004167 0.273438 0.001389 0.277344 0.000000 0.668750 0.000000 0.667969 0.002778 0.668750 0.009722 0.666406 0.015278 0.665625 0.018056 0.666406 0.020833 0.667969 0.018056 0.667969 0.016667 0.669531 0.013889 0.668750 0.016667 0.667188 0.022222 0.666406 0.029167 0.664062 0.034722 0.662500 0.040278 0.660937 0.040278 0.660156 0.043056 0.659375 0.044444 0.660156 0.050000 0.660937 0.047222 0.661719 0.045833 0.660937 0.040278 0.662500 0.040278 0.661719 0.051389 0.660937 0.056944 0.660156 0.059722 0.657813 0.065278 0.657813 0.073611 0.658594 0.076389 0.661719 0.081944 0.664062 0.083333 0.662500 0.083333 0.661719 0.081944 0.660156 0.081944 0.658594 0.080556 0.657031 0.077778 0.656250 0.075000 0.655469 0.070833 0.653906 0.079167 0.654687 0.083333 0.656250 0.086111 0.659375 0.086111 0.657813 0.091667 0.655469 0.086111 0.653906 0.086111 0.650000 0.091667 0.647656 0.093056 0.643750 0.093056 0.640625 0.094444 0.638281 0.095833 0.636719 0.097222 0.634375 0.100000 0.631250 0.106944 0.628906 0.108333 0.625000 0.115278 0.624219 0.120833 0.622656 0.122222 0.622656 0.125000 0.620313 0.129167 0.617969 0.137500 0.616406 0.144444 0.614844 0.150000 0.612500 0.163889 0.611719 0.175000 0.609375 0.183333 0.608594 0.190278 0.607812 0.195833 0.607031 0.204167 0.606250 0.213889 0.605469 0.229167 0.605469 0.231944 0.606250 0.233333 0.606250 0.236111 0.605469 0.254167 0.603906 0.270833 0.603906 0.276389 0.604688 0.277778 0.605469 0.280556 0.607031 0.272222 0.607812 0.276389 0.607812 0.283333 0.606250 0.284722 0.603906 0.286111 0.604688 0.283333 0.604688 0.279167 0.602344 0.283333 0.602344 0.287500 0.604688 0.291667 0.604688 0.291667 0.606250 0.294444 0.607812 0.293056 0.606250 0.290278 0.604688 0.291667 0.604688 0.291667 0.605469 0.288889 0.607812 0.288889 0.609375 0.291667 0.609375 0.293056 0.612500 0.297222 0.613281 0.298611 0.616406 0.305556 0.617188 0.308333 0.614844 0.305556 0.614062 0.301389 0.610156 0.294444 0.609375 0.298611 0.609375 0.301389 0.610156 0.304167 0.611719 0.305556 0.614062 0.311111 0.615625 0.315278 0.617188 0.319444 0.617188 0.329167 0.614844 0.343056 0.614062 0.347222 0.613281 0.351389 0.612500 0.354167 0.610156 0.358333 0.610156 0.363889 0.607031 0.380556 0.606250 0.384722 0.608594 0.391667 0.607812 0.398611 0.609375 0.405556 0.609375 0.411111 0.610156 0.413889 0.608594 0.413889 0.607812 0.418056 0.607031 0.427778 0.607031 0.431944 0.607812 0.433333 0.607812 0.437500 0.607031 0.431944 0.605469 0.436111 0.607031 0.443056 0.605469 0.445833 0.604688 0.450000 0.603906 0.454167 0.603906 0.458333 0.603906 0.455556 0.600781 0.462500 0.600000 0.462500 0.596094 0.468056 0.592187 0.469444 0.591406 0.472222 0.589844 0.473611 0.587500 0.476389 0.585938 0.476389 0.582812 0.476389 0.579688 0.475000 0.577344 0.473611 0.573438 0.470833 0.572656 0.466667 0.571094 0.465278 0.569531 0.466667 0.569531 0.463889 0.568750 0.459722 0.566406 0.459722 0.567187 0.465278 0.567969 0.468056 0.567187 0.465278 0.566406 0.459722 0.568750 0.456944 0.566406 0.454167 0.566406 0.450000 0.563281 0.444444 0.562500 0.441667 0.562500 0.438889 0.561719 0.436111 0.560937 0.433333 0.557813 0.427778 0.553906 0.422222 0.550000 0.416667 0.548438 0.416667 0.546094 0.416667 0.548438 0.420833 0.557813 0.434722 0.560937 0.441667 0.561719 0.444444 0.562500 0.447222 0.561719 0.450000 0.563281 0.452778 0.564063 0.456944 0.563281 0.461111 0.561719 0.462500 0.563281 0.459722 0.563281 0.454167 0.559375 0.447222 0.558594 0.447222 0.555469 0.440278 0.556250 0.434722 0.554688 0.431944 0.553125 0.433333 0.552344 0.436111 0.552344 0.440278 0.546875 0.429167 0.543750 0.425000 0.539844 0.419444 0.536719 0.418056 0.536719 0.415278 0.531250 0.413889 0.530469 0.415278 0.525781 0.415278 0.522656 0.413889 0.518750 0.411111 0.517188 0.408333 0.515625 0.406944 0.512500 0.405556 0.510156 0.405556 0.510156 0.402778 0.509375 0.401389 0.509375 0.397222 0.506250 0.394444 0.503906 0.398611 0.503906 0.401389 0.502344 0.401389 0.500781 0.387500 0.499219 0.391667 0.499219 0.388889 0.496094 0.398611 0.494531 0.400000 0.491406 0.400000 0.491406 0.397222 0.489063 0.391667 0.493750 0.391667 0.492188 0.390278 0.489063 0.391667 0.491406 0.397222 0.485156 0.394444 0.482031 0.387500 0.478125 0.387500 0.476562 0.384722 0.475781 0.384722 0.475781 0.375000 0.475781 0.372222 0.475781 0.370833 0.476562 0.372222 0.476562 0.373611 0.478125 0.376389 0.478125 0.379167 0.479687 0.381944 0.484375 0.381944 0.487500 0.379167 0.485938 0.376389 0.479687 0.372222 0.478125 0.369444 0.475000 0.363889 0.474219 0.361111 0.474219 0.358333 0.473438 0.355556 0.470313 0.350000 0.470313 0.343056 0.471875 0.338889 0.472656 0.333333 0.472656 0.329167 0.469531 0.330556 0.469531 0.337500 0.467969 0.345833 0.467969 0.351389 0.468750 0.355556 0.471094 0.359722 0.471875 0.365278 0.472656 0.368056 0.473438 0.369444 0.475781 0.370833 0.475781 0.372222 0.474219 0.369444 0.471094 0.369444 0.469531 0.366667 0.467969 0.366667 0.467969 0.341667 0.469531 0.326389 0.469531 0.322222 0.469531 0.322222 0.470313 0.326389 0.471094 0.322222 0.471094 0.319444 0.469531 0.316667 0.467969 0.319444 0.469531 0.322222 0.469531 0.322222 0.467969 0.319444 0.468750 0.316667 0.465625 0.313889 0.467187 0.313889 0.464844 0.311111 0.464062 0.313889 0.462500 0.312500 0.460938 0.308333 0.464062 0.309722 0.463281 0.304167 0.459375 0.304167 0.458594 0.301389 0.457031 0.302778 0.457031 0.305556 0.454688 0.302778 0.455469 0.301389 0.453906 0.298611 0.453125 0.301389 0.450000 0.298611 0.453125 0.298611 0.450781 0.294444 0.448437 0.297222 0.440625 0.297222 0.439844 0.294444 0.435937 0.293056 0.431250 0.293056 0.432812 0.290278 0.429688 0.287500 0.428125 0.280556 0.425000 0.275000 0.424219 0.279167 0.425000 0.280556 0.425781 0.286111 0.425781 0.293056 0.425781 0.290278 0.425000 0.288889 0.425000 0.280556 0.422656 0.275000 0.420312 0.276389 0.418750 0.272222 0.413281 0.270833 0.406250 0.270833 0.404687 0.269444 0.404687 0.266667 0.404687 0.265278 0.407813 0.268056 0.412500 0.269444 0.416406 0.270833 0.419531 0.270833 0.421094 0.268056 0.419531 0.265278 0.416406 0.263889 0.410938 0.263889 0.408594 0.262500 0.407031 0.261111 0.405469 0.259722 0.403906 0.254167 0.403125 0.245833 0.401562 0.243056 0.400000 0.245833 0.401562 0.248611 0.400781 0.255556 0.401562 0.258333 0.403125 0.262500 0.404687 0.265278 0.404687 0.266667 0.400781 0.265278 0.402344 0.262500 0.399219 0.258333 0.388281 0.258333 0.387500 0.255556 0.384375 0.255556 0.383594 0.252778 0.376563 0.248611 0.370312 0.247222 0.370312 0.244444 0.367969 0.248611 0.364844 0.248611 0.363281 0.247222 0.363281 0.244444 0.364844 0.243056 0.364844 0.238889 0.368750 0.240278 0.370312 0.238889 0.371875 0.234722 0.370312 0.238889 0.371094 0.241667 0.374219 0.245833 0.376563 0.247222 0.381250 0.250000 0.387500 0.251389 0.388281 0.252778 0.389844 0.252778 0.390625 0.255556 0.392188 0.254167 0.391406 0.251389 0.394531 0.247222 0.392969 0.245833 0.389844 0.244444 0.385937 0.245833 0.383594 0.245833 0.382031 0.244444 0.380469 0.243056 0.376563 0.238889 0.376563 0.236111 0.375000 0.234722 0.375000 0.231944 0.372656 0.227778 0.368750 0.227778 0.365625 0.226389 0.364063 0.225000 0.363281 0.223611 0.359375 0.215278 0.357812 0.213889 0.356250 0.213889 0.354687 0.211111 0.353125 0.211111 0.350781 0.208333 0.346094 0.204167 0.344531 0.200000 0.342969 0.201389 0.342187 0.198611 0.340625 0.198611 0.339062 0.197222 0.337500 0.194444 0.333594 0.186111 0.329688 0.183333 0.327344 0.177778 0.325781 0.176389 0.324219 0.175000 0.322656 0.175000 0.321094 0.173611 0.319531 0.172222 0.314844 0.165278 0.310937 0.162500 0.309375 0.163889 0.310937 0.166667 0.312500 0.168056 0.309375 0.166667 0.305469 0.163889 0.300781 0.163889 0.300000 0.165278 0.295312 0.165278 0.294531 0.163889 0.289062 0.163889 0.288281 0.162500 0.283594 0.162500 0.297656 0.161111 0.306250 0.162500 0.308594 0.161111 0.307031 0.159722 0.306250 0.158333 0.303125 0.156944 0.296094 0.158333 0.285156 0.156944 0.280469 0.154167 0.271875 0.155556 0.270313 0.155556 0.267969 0.154167 0.264844 0.150000 0.263281 0.148611 0.260937 0.148611 0.259375 0.147222 0.255469 0.143056 0.253906 0.140278 0.251563 0.143056 0.251563 0.143056 0.250781 0.137500 0.248438 0.138889 0.250000 0.140278 0.251563 0.143056 0.251563 0.143056 0.253125 0.145833 0.254688 0.147222 0.255469 0.147222 0.256250 0.148611 0.258594 0.150000 0.260156 0.152778 0.258594 0.151389 0.257812 0.151389 0.256250 0.148611 0.253906 0.147222 0.251563 0.144444 0.248438 0.138889 0.249219 0.136111 0.246094 0.134722 0.244531 0.134722 0.246094 0.134722 0.242969 0.133333 0.242969 0.130556 0.238281 0.125000 0.238281 0.123611 0.236719 0.120833 0.233594 0.120833 0.232031 0.118056 0.231250 0.115278 0.230469 0.118056 0.228906 0.112500 0.225781 0.106944 0.225000 0.106944 0.222656 0.108333 0.221875 0.105556 0.220312 0.104167 0.214062 0.102778 0.213281 0.105556 0.209375 0.102778 0.201563 0.104167 0.200781 0.100000 0.196094 0.101389 0.194531 0.101389 0.192188 0.101389 0.191406 0.098611 0.187500 0.097222 0.184375 0.095833 0.179688 0.094444 0.175781 0.095833 0.168750 0.093056 0.161719 0.093056 0.160156 0.093056 0.159375 0.094444 0.157812 0.094444 0.153906 0.088889 0.151562 0.093056 0.149219 0.093056 0.142187 0.081944 0.141406 0.079167 0.141406 0.069444 0.139063 0.061111 0.138281 0.058333 0.139844 0.055556 0.139844 0.050000 0.137500 0.045833 0.136719 0.045833 0.133594 0.040278 0.132812 0.040278 0.130469 0.036111 0.131250 0.033333 0.131250 0.030556 0.132812 0.027778 0.138281 0.022222 0.143750 0.020833 0.142187 0.019444 0.143750 0.020833 0.146875 0.019444 0.149219 0.016667 0.151562 0.013889 0.153125 0.011111 0.154688 0.006944 0.153906 0.004167 0.155469 0.004167 0.154688 0.000000 0.234375 0.000000
27 0.129688 0.000000 0.132031 0.001389 0.132812 0.000000 0.134375 0.000000 0.129688 0.000000
27 0.105469 0.000000 0.109375 0.002778 0.111719 0.001389 0.116406 0.004167 0.120313 0.004167 0.121094 0.002778 0.123438 0.002778 0.123438 0.000000 0.105469 0.000000
27 0.039062 0.005556 0.039844 0.000000 0.089844 0.001389 0.091406 0.000000 0.092969 0.001389 0.094531 0.004167 0.095312 0.008333 0.096875 0.009722 0.098437 0.011111 0.101562 0.009722 0.102344 0.012500 0.103906 0.011111 0.106250 0.015278 0.110937 0.025000 0.112500 0.025000 0.114062 0.026389 0.117188 0.031944 0.117188 0.036111 0.117969 0.038889 0.118750 0.041667 0.117969 0.038889 0.116406 0.041667 0.114062 0.043056 0.114062 0.044444 0.115625 0.048611 0.113281 0.047222 0.111719 0.051389 0.113281 0.056944 0.113281 0.062500 0.112500 0.072222 0.110937 0.075000 0.105469 0.072222 0.100000 0.072222 0.101562 0.066667 0.100781 0.063889 0.101562 0.062500 0.100000 0.059722 0.098437 0.059722 0.094531 0.061111 0.092969 0.062500 0.090625 0.065278 0.091406 0.068056 0.092969 0.072222 0.082031 0.072222 0.081250 0.073611 0.069531 0.073611 0.051562 0.072222 0.046875 0.069444 0.042188 0.069444 0.039062 0.068056 0.037500 0.065278 0.037500 0.056944 0.039062 0.041667 0.039062 0.036111 0.036719 0.031944 0.035937 0.022222 0.036719 0.022222 0.038281 0.015278 0.037500 0.008333 0.035937 0.015278 0.036719 0.022222 0.035937 0.022222 0.035156 0.027778 0.035156 0.020833 0.035937 0.013889 0.036719 0.008333 0.037500 0.006944 0.037500 0.002778 0.038281 0.000000 0.039062 0.005556
20 0.997656 0.994444 0.997656 0.998611 0.999219 0.998611 0.999219 0.993056 0.997656 0.994444
20 0.984375 0.981944 0.985938 0.983333 0.987500 0.983333 0.991406 0.987500 0.993750 0.988889 0.995313 0.988889 0.999219 0.987500 0.999219 0.983333 0.996875 0.983333 0.994531 0.980556 0.989844 0.979167 0.984375 0.981944
20 0.684375 0.827778 0.682813 0.830556 0.685156 0.830556 0.684375 0.827778
20 0.069531 0.734722 0.078125 0.734722 0.084375 0.736111 0.087500 0.741667 0.091406 0.744444 0.093750 0.748611 0.098437 0.752778 0.099219 0.765278 0.098437 0.769444 0.101562 0.769444 0.099219 0.765278 0.098437 0.752778 0.103906 0.752778 0.107031 0.754167 0.110937 0.756944 0.112500 0.759722 0.115625 0.761111 0.121875 0.763889 0.127344 0.766667 0.131250 0.766667 0.139844 0.772222 0.142969 0.772222 0.145313 0.775000 0.147656 0.775000 0.150000 0.777778 0.153125 0.777778 0.156250 0.780556 0.160156 0.781944 0.167187 0.781944 0.170313 0.777778 0.172656 0.776389 0.177344 0.776389 0.179688 0.777778 0.183594 0.780556 0.185938 0.781944 0.189844 0.788889 0.192188 0.790278 0.196094 0.795833 0.201563 0.806944 0.202344 0.808333 0.206250 0.812500 0.209375 0.812500 0.211719 0.813889 0.214844 0.815278 0.220312 0.825000 0.224219 0.834722 0.225781 0.838889 0.225781 0.843056 0.226562 0.845833 0.227344 0.847222 0.228125 0.848611 0.228906 0.850000 0.232031 0.854167 0.232813 0.859722 0.232813 0.872222 0.232031 0.881944 0.231250 0.883333 0.231250 0.886111 0.229687 0.887500 0.227344 0.888889 0.226562 0.891667 0.226562 0.895833 0.225781 0.898611 0.225000 0.901389 0.224219 0.902778 0.221094 0.904167 0.221094 0.906944 0.218750 0.906944 0.217188 0.908333 0.217188 0.911111 0.212500 0.912500 0.210938 0.915278 0.210156 0.918056 0.212500 0.918056 0.210938 0.919444 0.210156 0.920833 0.208594 0.920833 0.203125 0.926389 0.198437 0.933333 0.196094 0.934722 0.196875 0.937500 0.195312 0.940278 0.194531 0.940278 0.192188 0.944444 0.189062 0.944444 0.187500 0.945833 0.186719 0.951389 0.185938 0.954167 0.185156 0.955556 0.183594 0.956944 0.181250 0.956944 0.179688 0.959722 0.176563 0.961111 0.175000 0.962500 0.173437 0.963889 0.172656 0.965278 0.172656 0.966667 0.169531 0.965278 0.167969 0.969444 0.164844 0.969444 0.161719 0.972222 0.157031 0.972222 0.155469 0.973611 0.154688 0.975000 0.153906 0.979167 0.150781 0.977778 0.149219 0.979167 0.147656 0.983333 0.146094 0.984722 0.142187 0.984722 0.140625 0.987500 0.136719 0.990278 0.133594 0.990278 0.130469 0.993056 0.125000 0.991667 0.116406 0.993056 0.112500 0.994444 0.107813 0.995833 0.107031 0.998611 0.064844 0.998611 0.056250 0.995833 0.047656 0.995833 0.041406 0.994444 0.031250 0.991667 0.026562 0.988889 0.021875 0.987500 0.019531 0.991667 0.016406 0.991667 0.014063 0.987500 0.014063 0.984722 0.012500 0.981944 0.010937 0.980556 0.008594 0.980556 0.007031 0.979167 0.005469 0.977778 0.003125 0.973611 0.002344 0.970833 0.000781 0.963889 0.000000 0.947222 0.027344 0.926389 0.030469 0.926389 0.028906 0.923611 0.027344 0.926389 0.000000 0.947222 0.000000 0.755556 0.007031 0.755556 0.011719 0.752778 0.000000 0.751389 0.000000 0.744444 0.001563 0.747222 0.003125 0.744444 0.006250 0.744444 0.008594 0.747222 0.010937 0.744444 0.010937 0.743056 0.014063 0.740278 0.017969 0.740278 0.017969 0.743056 0.021094 0.744444 0.025781 0.744444 0.027344 0.741667 0.040625 0.741667 0.042969 0.745833 0.042969 0.751389 0.040625 0.755556 0.039062 0.755556 0.037500 0.758333 0.036719 0.768056 0.038281 0.772222 0.036719 0.777778 0.038281 0.779167 0.041406 0.770833 0.040625 0.773611 0.042969 0.777778 0.045312 0.777778 0.041406 0.779167 0.042969 0.780556 0.042969 0.784722 0.044531 0.787500 0.046875 0.788889 0.052344 0.790278 0.055469 0.788889 0.058594 0.784722 0.060937 0.780556 0.055469 0.780556 0.053906 0.779167 0.057813 0.779167 0.060156 0.777778 0.061719 0.772222 0.061719 0.768056 0.062500 0.766667 0.062500 0.763889 0.061719 0.744444 0.065625 0.737500 0.065625 0.734722 0.069531 0.734722
20 0.014844 0.727778 0.014844 0.731944 0.016406 0.731944 0.018750 0.729167 0.023438 0.729167 0.026562 0.731944 0.030469 0.731944 0.033594 0.734722 0.035937 0.736111 0.034375 0.734722 0.028906 0.730556 0.025000 0.729167 0.017969 0.727778 0.014844 0.727778
20 0.000000 0.727778 0.000781 0.730556 0.002344 0.730556 0.002344 0.727778 0.000000 0.727778
20 0.622656 0.715278 0.625781 0.720833 0.625781 0.727778 0.625000 0.730556 0.624219 0.733333 0.620313 0.741667 0.617969 0.747222 0.612500 0.766667 0.611719 0.772222 0.612500 0.776389 0.614844 0.780556 0.616406 0.781944 0.617969 0.781944 0.619531 0.783333 0.621875 0.787500 0.624219 0.787500 0.627344 0.794444 0.630469 0.794444 0.632031 0.795833 0.633594 0.798611 0.635156 0.800000 0.636719 0.800000 0.638281 0.802778 0.641406 0.804167 0.649219 0.806944 0.655469 0.813889 0.659375 0.813889 0.662500 0.819444 0.664062 0.820833 0.665625 0.822222 0.667969 0.822222 0.669531 0.825000 0.671875 0.826389 0.674219 0.826389 0.675000 0.829167 0.675781 0.827778 0.678125 0.831944 0.679688 0.833333 0.682813 0.833333 0.684375 0.836111 0.689844 0.837500 0.692187 0.840278 0.693750 0.841667 0.695312 0.838889 0.696094 0.843056 0.696875 0.843056 0.699219 0.841667 0.700781 0.841667 0.702344 0.845833 0.704688 0.848611 0.710938 0.848611 0.711719 0.852778 0.712500 0.845833 0.711719 0.852778 0.714063 0.856944 0.716406 0.859722 0.717969 0.861111 0.719531 0.862500 0.725000 0.866667 0.728906 0.866667 0.730469 0.868056 0.733594 0.872222 0.735156 0.873611 0.739062 0.873611 0.741406 0.875000 0.747656 0.879167 0.750781 0.883333 0.754687 0.886111 0.757812 0.887500 0.765625 0.888889 0.767969 0.890278 0.772656 0.894444 0.774219 0.893056 0.775000 0.895833 0.777344 0.894444 0.779687 0.895833 0.782813 0.900000 0.789844 0.904167 0.797656 0.908333 0.801562 0.908333 0.808594 0.911111 0.811719 0.912500 0.814844 0.913889 0.816406 0.916667 0.817969 0.916667 0.819531 0.919444 0.821094 0.922222 0.822656 0.923611 0.827344 0.923611 0.829688 0.926389 0.835156 0.927778 0.838281 0.930556 0.840625 0.930556 0.842187 0.931944 0.840625 0.933333 0.843750 0.937500 0.850000 0.937500 0.855469 0.938889 0.858594 0.941667 0.862500 0.941667 0.869531 0.945833 0.880469 0.956944 0.882812 0.956944 0.884375 0.959722 0.889062 0.961111 0.891406 0.965278 0.895312 0.966667 0.897656 0.970833 0.900000 0.972222 0.902344 0.975000 0.904687 0.975000 0.907031 0.979167 0.909375 0.980556 0.912500 0.980556 0.913281 0.975000 0.914844 0.975000 0.917188 0.977778 0.920312 0.977778 0.924219 0.980556 0.925000 0.984722 0.925781 0.984722 0.927344 0.987500 0.932031 0.988889 0.936719 0.990278 0.941406 0.988889 0.939063 0.984722 0.938281 0.984722 0.937500 0.981944 0.939063 0.980556 0.944531 0.981944 0.945312 0.980556 0.950000 0.980556 0.951562 0.983333 0.953906 0.984722 0.955469 0.988889 0.957812 0.988889 0.959375 0.990278 0.960156 0.998611 0.951562 0.997222 0.949219 0.997222 0.907813 0.998611 0.906250 0.995833 0.903906 0.995833 0.893750 0.995833 0.890625 0.995833 0.887500 0.998611 0.746875 0.998611 0.747656 0.990278 0.749219 0.990278 0.750781 0.993056 0.751563 0.988889 0.750000 0.986111 0.749219 0.990278 0.747656 0.990278 0.743750 0.987500 0.739062 0.984722 0.736719 0.983333 0.735156 0.981944 0.732812 0.976389 0.730469 0.973611 0.728125 0.972222 0.722656 0.970833 0.720313 0.965278 0.717969 0.963889 0.717969 0.963889 0.720313 0.963889 0.718750 0.961111 0.718750 0.961111 0.720313 0.962500 0.721094 0.963889 0.723437 0.962500 0.721875 0.961111 0.721094 0.959722 0.718750 0.961111 0.718750 0.961111 0.717969 0.963889 0.717969 0.963889 0.714063 0.965278 0.712500 0.963889 0.710938 0.959722 0.708594 0.956944 0.707031 0.955556 0.703125 0.954167 0.701562 0.951389 0.700000 0.950000 0.696875 0.948611 0.692187 0.950000 0.688281 0.948611 0.685156 0.944444 0.685937 0.937500 0.688281 0.937500 0.686719 0.934722 0.684375 0.936111 0.685937 0.937500 0.685156 0.944444 0.682031 0.944444 0.680469 0.943056 0.676562 0.938889 0.673438 0.933333 0.675000 0.930556 0.675781 0.931944 0.677344 0.931944 0.679688 0.931944 0.677344 0.927778 0.673438 0.929167 0.675000 0.930556 0.673438 0.933333 0.670312 0.930556 0.668750 0.929167 0.667969 0.931944 0.666406 0.930556 0.666406 0.929167 0.664844 0.926389 0.661719 0.923611 0.659375 0.922222 0.654687 0.920833 0.653125 0.918056 0.651563 0.916667 0.650000 0.918056 0.649219 0.915278 0.643750 0.913889 0.640625 0.909722 0.637500 0.902778 0.635156 0.900000 0.630469 0.895833 0.625781 0.894444 0.623437 0.893056 0.617969 0.887500 0.614844 0.886111 0.610938 0.886111 0.608594 0.883333 0.606250 0.883333 0.604688 0.880556 0.600781 0.877778 0.598437 0.876389 0.596094 0.876389 0.595313 0.875000 0.593750 0.875000 0.592969 0.872222 0.589844 0.872222 0.588281 0.870833 0.586719 0.868056 0.583594 0.866667 0.582031 0.865278 0.578906 0.859722 0.576562 0.856944 0.574219 0.854167 0.566406 0.848611 0.564063 0.847222 0.556250 0.847222 0.553906 0.845833 0.550000 0.843056 0.545312 0.836111 0.541406 0.834722 0.538281 0.830556 0.535937 0.830556 0.533594 0.829167 0.531250 0.826389 0.528906 0.820833 0.525781 0.819444 0.525000 0.820833 0.523438 0.820833 0.522656 0.816667 0.519531 0.818056 0.518750 0.816667 0.521094 0.813889 0.518750 0.812500 0.518750 0.816667 0.519531 0.818056 0.517188 0.815278 0.514844 0.813889 0.510938 0.806944 0.507812 0.804167 0.506250 0.801389 0.506250 0.800000 0.503125 0.798611 0.501563 0.797222 0.500781 0.795833 0.500000 0.793056 0.500000 0.790278 0.498437 0.787500 0.496875 0.787500 0.491406 0.777778 0.490625 0.775000 0.489844 0.770833 0.489063 0.768056 0.489844 0.762500 0.492188 0.754167 0.496875 0.745833 0.504687 0.733333 0.507031 0.731944 0.509375 0.730556 0.517969 0.726389 0.522656 0.723611 0.528906 0.725000 0.535937 0.723611 0.538281 0.727778 0.539062 0.736111 0.539062 0.755556 0.537500 0.758333 0.536719 0.769444 0.536719 0.776389 0.539844 0.781944 0.541406 0.781944 0.542969 0.780556 0.544531 0.777778 0.545312 0.773611 0.547656 0.756944 0.547656 0.748611 0.549219 0.744444 0.548438 0.731944 0.548438 0.726389 0.550781 0.722222 0.553906 0.722222 0.567969 0.723611 0.581250 0.725000 0.583594 0.729167 0.583594 0.733333 0.587500 0.734722 0.589063 0.733333 0.589844 0.731944 0.589844 0.730556 0.591406 0.727778 0.595313 0.729167 0.596875 0.729167 0.598437 0.726389 0.600000 0.725000 0.605469 0.720833 0.610156 0.720833 0.613281 0.718056 0.617188 0.718056 0.619531 0.715278 0.622656 0.715278
20 0.653125 0.661111 0.653125 0.663889 0.654687 0.661111 0.653125 0.661111
20 0.734375 0.652778 0.734375 0.655556 0.732812 0.656944 0.732812 0.658333 0.731250 0.661111 0.728906 0.661111 0.728125 0.662500 0.726562 0.663889 0.728125 0.665278 0.736719 0.665278 0.739062 0.668056 0.749219 0.668056 0.749219 0.670833 0.750781 0.669444 0.751563 0.666667 0.750781 0.665278 0.752344 0.661111 0.746875 0.659722 0.745313 0.656944 0.743750 0.656944 0.742188 0.661111 0.741406 0.655556 0.738281 0.655556 0.737500 0.659722 0.735938 0.655556 0.736719 0.652778 0.734375 0.652778
20 0.671094 0.647222 0.667969 0.650000 0.660937 0.650000 0.659375 0.651389 0.655469 0.658333 0.675781 0.656944 0.686719 0.656944 0.693750 0.659722 0.696875 0.658333 0.700781 0.661111 0.708594 0.659722 0.712500 0.662500 0.724219 0.662500 0.720313 0.662500 0.716406 0.659722 0.714063 0.659722 0.713281 0.662500 0.710938 0.658333 0.710938 0.655556 0.710156 0.652778 0.707812 0.652778 0.706250 0.656944 0.705469 0.652778 0.703906 0.650000 0.703125 0.652778 0.696875 0.652778 0.684375 0.651389 0.683594 0.656944 0.680469 0.656944 0.677344 0.654167 0.678125 0.650000 0.676562 0.647222 0.675000 0.650000 0.671094 0.647222
20 0.537500 0.645833 0.532813 0.648611 0.530469 0.648611 0.529687 0.647222 0.527344 0.647222 0.525781 0.650000 0.536719 0.650000 0.537500 0.652778 0.540625 0.652778 0.542188 0.647222 0.544531 0.645833 0.537500 0.645833
20 0.567187 0.634722 0.562500 0.644444 0.564844 0.645833 0.562500 0.647222 0.564844 0.647222 0.569531 0.648611 0.576562 0.645833 0.578125 0.645833 0.582031 0.647222 0.585156 0.644444 0.585156 0.641667 0.585156 0.638889 0.584375 0.636111 0.575000 0.637500 0.570312 0.637500 0.567187 0.634722
20 0.472656 0.637500 0.464062 0.638889 0.461719 0.636111 0.460156 0.636111 0.457813 0.638889 0.454688 0.638889 0.460156 0.638889 0.462500 0.641667 0.474219 0.640278 0.472656 0.637500 0.474219 0.636111 0.472656 0.637500
20 0.551562 0.633333 0.551562 0.638889 0.553906 0.641667 0.553906 0.638889 0.553125 0.637500 0.551562 0.633333
20 0.518750 0.633333 0.517969 0.643056 0.518750 0.645833 0.521875 0.645833 0.524219 0.648611 0.524219 0.645833 0.525781 0.643056 0.525781 0.638889 0.527344 0.636111 0.528906 0.634722 0.527344 0.633333 0.518750 0.633333
20 0.562500 0.626389 0.561719 0.629167 0.560156 0.631944 0.559375 0.630556 0.557031 0.636111 0.556250 0.638889 0.556250 0.641667 0.560156 0.640278 0.563281 0.637500 0.562500 0.626389
20 0.357812 0.626389 0.359375 0.627778 0.357812 0.630556 0.354687 0.630556 0.356250 0.631944 0.357031 0.633333 0.360938 0.633333 0.361719 0.636111 0.364063 0.636111 0.364844 0.637500 0.372656 0.638889 0.374219 0.637500 0.375000 0.633333 0.376563 0.631944 0.379688 0.634722 0.381250 0.634722 0.385156 0.631944 0.389062 0.633333 0.390625 0.636111 0.392188 0.637500 0.398438 0.636111 0.401562 0.636111 0.403906 0.637500 0.405469 0.640278 0.407813 0.641667 0.412500 0.638889 0.425000 0.638889 0.421875 0.638889 0.419531 0.636111 0.420312 0.634722 0.417969 0.633333 0.417187 0.634722 0.413281 0.636111 0.411719 0.636111 0.408594 0.634722 0.407031 0.634722 0.404687 0.634722 0.398438 0.636111 0.389844 0.630556 0.391406 0.629167 0.393750 0.629167 0.399219 0.630556 0.392188 0.627778 0.385156 0.627778 0.375781 0.629167 0.373437 0.631944 0.369531 0.631944 0.366406 0.630556 0.362500 0.629167 0.360156 0.626389 0.357812 0.626389
20 0.545312 0.620833 0.543750 0.622222 0.541406 0.626389 0.539062 0.626389 0.539844 0.630556 0.539062 0.633333 0.531250 0.636111 0.531250 0.638889 0.532031 0.641667 0.535937 0.643056 0.546094 0.643056 0.547656 0.640278 0.547656 0.637500 0.549219 0.636111 0.549219 0.631944 0.546875 0.631944 0.546875 0.627778 0.548438 0.625000 0.547656 0.622222 0.549219 0.620833 0.545312 0.620833
20 0.156250 0.612500 0.155469 0.613889 0.150781 0.613889 0.155469 0.613889 0.156250 0.615278 0.180469 0.615278 0.181250 0.616667 0.192188 0.616667 0.189844 0.616667 0.186719 0.613889 0.182031 0.613889 0.175000 0.615278 0.171094 0.612500 0.163281 0.611111 0.156250 0.612500
20 0.274219 0.604167 0.278125 0.602778 0.275000 0.601389 0.278125 0.600000 0.282031 0.602778 0.283594 0.601389 0.287500 0.602778 0.292187 0.605556 0.296094 0.608333 0.299219 0.612500 0.303906 0.612500 0.304688 0.613889 0.307812 0.613889 0.307812 0.616667 0.306250 0.615278 0.302344 0.618056 0.298438 0.618056 0.294531 0.620833 0.296094 0.623611 0.303906 0.625000 0.307812 0.625000 0.318750 0.622222 0.324219 0.622222 0.325000 0.623611 0.326562 0.625000 0.312500 0.627778 0.317969 0.629167 0.318750 0.630556 0.320312 0.630556 0.307031 0.631944 0.300000 0.631944 0.292969 0.629167 0.282813 0.627778 0.272656 0.626389 0.272656 0.622222 0.269531 0.620833 0.267969 0.618056 0.265625 0.619444 0.272656 0.622222 0.272656 0.626389 0.267188 0.627778 0.261719 0.626389 0.255469 0.625000 0.253906 0.623611 0.251563 0.619444 0.250000 0.619444 0.244531 0.620833 0.243750 0.619444 0.239844 0.619444 0.241406 0.619444 0.253906 0.618056 0.252344 0.615278 0.250781 0.613889 0.243750 0.613889 0.241406 0.612500 0.242969 0.611111 0.243750 0.609722 0.246094 0.608333 0.248438 0.606944 0.252344 0.605556 0.258594 0.606944 0.259375 0.604167 0.261719 0.606944 0.263281 0.605556 0.264844 0.601389 0.267188 0.604167 0.269531 0.604167 0.268750 0.600000 0.274219 0.604167
20 0.057031 0.570833 0.054688 0.579167 0.050781 0.586111 0.050781 0.590278 0.050000 0.593056 0.047656 0.597222 0.046094 0.598611 0.039062 0.604167 0.039062 0.608333 0.037500 0.608333 0.042969 0.608333 0.043750 0.609722 0.052344 0.608333 0.051562 0.601389 0.053125 0.588889 0.053906 0.584722 0.054688 0.581944 0.055469 0.579167 0.058594 0.573611 0.060937 0.572222 0.060156 0.569444 0.057031 0.570833
2 0.614844 0.613889 0.612500 0.619444 0.609375 0.619444 0.607031 0.615278 0.600000 0.616667 0.600000 0.620833 0.599219 0.625000 0.599219 0.629167 0.601562 0.630556 0.603125 0.634722 0.607031 0.630556 0.609375 0.634722 0.610938 0.641667 0.614844 0.641667 0.614844 0.633333 0.616406 0.633333 0.617188 0.634722 0.618750 0.634722 0.621094 0.630556 0.623437 0.629167 0.623437 0.626389 0.620313 0.620833 0.620313 0.618056 0.619531 0.615278 0.617969 0.613889 0.614844 0.613889
2 0.567187 0.612500 0.562500 0.620833 0.562500 0.625000 0.563281 0.636111 0.564063 0.640278 0.566406 0.636111 0.566406 0.634722 0.567969 0.633333 0.570312 0.636111 0.575000 0.636111 0.585156 0.634722 0.585938 0.631944 0.585938 0.627778 0.589063 0.623611 0.590625 0.620833 0.590625 0.618056 0.589063 0.616667 0.587500 0.616667 0.585156 0.613889 0.579688 0.612500 0.573438 0.613889 0.572656 0.612500 0.567187 0.612500
2 0.156250 0.544444 0.153906 0.547222 0.149219 0.548611 0.145313 0.548611 0.142187 0.550000 0.140625 0.551389 0.138281 0.556944 0.136719 0.558333 0.134375 0.559722 0.123438 0.563889 0.119531 0.565278 0.114844 0.565278 0.112500 0.566667 0.110937 0.568056 0.109375 0.569444 0.107031 0.572222 0.107031 0.579167 0.105469 0.586111 0.106250 0.600000 0.108594 0.604167 0.110937 0.606944 0.114062 0.608333 0.123438 0.609722 0.128906 0.608333 0.135156 0.609722 0.139063 0.611111 0.142969 0.613889 0.148438 0.613889 0.153906 0.612500 0.156250 0.609722 0.176563 0.609722 0.185156 0.611111 0.189844 0.615278 0.193750 0.615278 0.197656 0.619444 0.203125 0.619444 0.205469 0.618056 0.207031 0.615278 0.209375 0.613889 0.210156 0.611111 0.210938 0.608333 0.211719 0.597222 0.211719 0.577778 0.210938 0.572222 0.209375 0.565278 0.208594 0.562500 0.204687 0.555556 0.202344 0.555556 0.199219 0.551389 0.196094 0.550000 0.185156 0.545833 0.176563 0.544444 0.156250 0.544444
2 0.042969 0.501389 0.039844 0.504167 0.039844 0.506944 0.038281 0.511111 0.037500 0.516667 0.038281 0.526389 0.037500 0.541667 0.036719 0.550000 0.034375 0.556944 0.034375 0.566667 0.032813 0.572222 0.032813 0.579167 0.031250 0.583333 0.031250 0.600000 0.032813 0.605556 0.036719 0.604167 0.039062 0.602778 0.046094 0.597222 0.047656 0.595833 0.049219 0.593056 0.050000 0.590278 0.050000 0.586111 0.053906 0.579167 0.055469 0.575000 0.057813 0.568056 0.057813 0.551389 0.058594 0.544444 0.060937 0.536111 0.060156 0.529167 0.059375 0.525000 0.057031 0.515278 0.056250 0.512500 0.053125 0.506944 0.051562 0.505556 0.049219 0.505556 0.045312 0.501389 0.042969 0.501389
2 0.000000 0.494444 0.000000 0.598611 0.004687 0.598611 0.012500 0.597222 0.014063 0.598611 0.017188 0.605556 0.018750 0.604167 0.021094 0.600000 0.021875 0.594444 0.022656 0.590278 0.023438 0.584722 0.023438 0.577778 0.025781 0.570833 0.026562 0.566667 0.027344 0.561111 0.028125 0.554167 0.028125 0.543056 0.028906 0.538889 0.031250 0.531944 0.032031 0.527778 0.032031 0.519444 0.032813 0.516667 0.034375 0.513889 0.035156 0.511111 0.035156 0.504167 0.033594 0.501389 0.032031 0.500000 0.028906 0.498611 0.023438 0.497222 0.018750 0.495833 0.009375 0.494444 0.000000 0.494444
